doc_id,id1,id2,relation,subject,score,system,mode
19016528,2828273,3587,Positive_Correlation,3587,0.4186971335,AISKGConstrainedTransfer,full_document
19016528,2828273,6774,Association,,0.4798354917,AISKGConstrainedTransfer,full_document
19016528,3586,3587,Positive_Correlation,3587,0.4763696029,AISKGConstrainedTransfer,full_document
19016528,3586,3588,Association,,0.5113288421,AISKGConstrainedTransfer,full_document
19016528,3586,6774,Positive_Correlation,6774,0.4568025865,AISKGConstrainedTransfer,full_document
19016528,3587,6774,Association,,0.6398067858,AISKGConstrainedTransfer,full_document
19016528,3587,9021,Association,,0.4055539297,AISKGConstrainedTransfer,full_document
24722316,24413,4313,Association,,0.4597120347,AISKGConstrainedTransfer,full_document
24722316,24413,4318,Association,,0.4323549325,AISKGConstrainedTransfer,full_document
24722316,24413,81686,Association,,0.4597120347,AISKGConstrainedTransfer,full_document
24722316,24413,81687,Association,,0.4323549325,AISKGConstrainedTransfer,full_document
24722316,24413,D003907,Negative_Correlation,D003907,0.6045508552,AISKGConstrainedTransfer,full_document
24722316,24413,D004487,Association,24413,0.7347379642,AISKGConstrainedTransfer,full_document
24722316,24413,D015735,Negative_Correlation,D015735,0.6295666854,AISKGConstrainedTransfer,full_document
24722316,24413,D055371,Association,24413,0.7365299315,AISKGConstrainedTransfer,full_document
24722316,2908,4313,Association,,0.4597120347,AISKGConstrainedTransfer,full_document
24722316,2908,4318,Association,,0.4323549325,AISKGConstrainedTransfer,full_document
24722316,2908,81686,Association,,0.4597120347,AISKGConstrainedTransfer,full_document
24722316,2908,81687,Association,,0.4323549325,AISKGConstrainedTransfer,full_document
24722316,2908,D003907,Negative_Correlation,D003907,0.6045508552,AISKGConstrainedTransfer,full_document
24722316,2908,D004487,Association,2908,0.7347379642,AISKGConstrainedTransfer,full_document
24722316,2908,D015735,Negative_Correlation,D015735,0.6295666854,AISKGConstrainedTransfer,full_document
24722316,2908,D055371,Association,2908,0.7365299315,AISKGConstrainedTransfer,full_document
24722316,4313,D003907,Negative_Correlation,D003907,0.4429364487,AISKGConstrainedTransfer,full_document
24722316,4313,D004318,Positive_Correlation,D004318,0.4272931464,AISKGConstrainedTransfer,full_document
24722316,4313,D004487,Association,4313,0.8103642962,AISKGConstrainedTransfer,full_document
24722316,4313,D006862,Positive_Correlation,D006862,0.4739826668,AISKGConstrainedTransfer,full_document
24722316,4313,D055371,Association,4313,0.8215265616,AISKGConstrainedTransfer,full_document
24722316,4318,D003907,Negative_Correlation,D003907,0.3939311774,AISKGConstrainedTransfer,full_document
24722316,4318,D004318,Positive_Correlation,D004318,0.4498317124,AISKGConstrainedTransfer,full_document
24722316,4318,D004487,Association,4318,0.8039109914,AISKGConstrainedTransfer,full_document
24722316,4318,D006862,Negative_Correlation,D006862,0.5120095658,AISKGConstrainedTransfer,full_document
24722316,4318,D055371,Association,4318,0.8215265616,AISKGConstrainedTransfer,full_document
24722316,81686,D003907,Negative_Correlation,D003907,0.4429364487,AISKGConstrainedTransfer,full_document
24722316,81686,D004318,Positive_Correlation,D004318,0.5800781598,AISKGConstrainedTransfer,full_document
24722316,81686,D004487,Association,81686,0.8103642962,AISKGConstrainedTransfer,full_document
24722316,81686,D006862,Positive_Correlation,D006862,0.4739826668,AISKGConstrainedTransfer,full_document
24722316,81686,D055371,Association,81686,0.8215265616,AISKGConstrainedTransfer,full_document
24722316,81687,D003907,Negative_Correlation,D003907,0.3939311774,AISKGConstrainedTransfer,full_document
24722316,81687,D004318,Positive_Correlation,D004318,0.5800781598,AISKGConstrainedTransfer,full_document
24722316,81687,D004487,Association,81687,0.8039109914,AISKGConstrainedTransfer,full_document
24722316,81687,D006862,Negative_Correlation,D006862,0.5120095658,AISKGConstrainedTransfer,full_document
24722316,81687,D055371,Association,81687,0.8215265616,AISKGConstrainedTransfer,full_document
24722316,C025451,D055371,Positive_Correlation,C025451,0.5037176152,AISKGConstrainedTransfer,full_document
24722316,D003907,D004487,Positive_Correlation,D003907,0.5210500009,AISKGConstrainedTransfer,full_document
24722316,D003907,D006862,Negative_Correlation,D006862,0.4596631845,AISKGConstrainedTransfer,full_document
24722316,D003907,D015735,Negative_Correlation,D015735,0.7798445899,AISKGConstrainedTransfer,full_document
24722316,D003907,D055371,Positive_Correlation,D003907,0.6795459504,AISKGConstrainedTransfer,full_document
24722316,D004487,D006862,Positive_Correlation,D004487,0.5263668983,AISKGConstrainedTransfer,full_document
24722316,D006862,D055371,Positive_Correlation,D006862,0.5748055745,AISKGConstrainedTransfer,full_document
26115796,3939,673,Positive_Correlation,673,0.516093101,AISKGConstrainedTransfer,full_document
26115796,5609,673,Negative_Correlation,673,0.4144654374,AISKGConstrainedTransfer,full_document
26115796,5609,D000074324,Negative_Correlation,D000074324,0.6810137637,AISKGConstrainedTransfer,full_document
26115796,5609,D008545,Association,5609,0.7666430819,AISKGConstrainedTransfer,full_document
26115796,673,D000074324,Negative_Correlation,D000074324,0.7073895014,AISKGConstrainedTransfer,full_document
26115796,673,D008545,Association,673,0.7707461142,AISKGConstrainedTransfer,full_document
26115796,C582435,D000074324,Negative_Correlation,D000074324,0.460012987,AISKGConstrainedTransfer,full_document
26115796,C582435,D000077204,Negative_Correlation,D000077204,0.4901816466,AISKGConstrainedTransfer,full_document
26115796,C582435,D000740,Positive_Correlation,C582435,0.4558500279,AISKGConstrainedTransfer,full_document
26115796,C582435,D001068,Positive_Correlation,C582435,0.4621091062,AISKGConstrainedTransfer,full_document
26115796,C582435,D003092,Positive_Correlation,C582435,0.428158447,AISKGConstrainedTransfer,full_document
26115796,C582435,D003606,Negative_Correlation,D003606,0.4901816466,AISKGConstrainedTransfer,full_document
26115796,C582435,D003967,Positive_Correlation,C582435,0.4289276964,AISKGConstrainedTransfer,full_document
26115796,C582435,D004487,Positive_Correlation,C582435,0.4284526856,AISKGConstrainedTransfer,full_document
26115796,C582435,D005221,Positive_Correlation,C582435,0.5711568197,AISKGConstrainedTransfer,full_document
26115796,C582435,D007010,Positive_Correlation,C582435,0.4289276964,AISKGConstrainedTransfer,full_document
26115796,C582435,D007018,Positive_Correlation,C582435,0.4558500279,AISKGConstrainedTransfer,full_document
26115796,C582435,D007970,Positive_Correlation,C582435,0.3948585479,AISKGConstrainedTransfer,full_document
26115796,C582435,D008545,Positive_Correlation,C582435,0.4150075191,AISKGConstrainedTransfer,full_document
26115796,C582435,D009503,Positive_Correlation,C582435,0.4282094971,AISKGConstrainedTransfer,full_document
26115796,C582435,D011014,Positive_Correlation,C582435,0.4322618845,AISKGConstrainedTransfer,full_document
26115796,C582435,D016190,Negative_Correlation,D016190,0.4901816466,AISKGConstrainedTransfer,full_document
26115796,C582435,D017239,Negative_Correlation,D017239,0.515522485,AISKGConstrainedTransfer,full_document
26115796,C582435,D063806,Positive_Correlation,C582435,0.4289276964,AISKGConstrainedTransfer,full_document
26115796,D000074324,D008545,Positive_Correlation,D000074324,0.4619505508,AISKGConstrainedTransfer,full_document
26115796,D000077204,D003606,Negative_Correlation,D003606,0.4694926245,AISKGConstrainedTransfer,full_document
26115796,D000077204,D016190,Negative_Correlation,D016190,0.4980884041,AISKGConstrainedTransfer,full_document
26115796,D000077204,D017239,Negative_Correlation,D017239,0.515522485,AISKGConstrainedTransfer,full_document
26115796,D003606,D016190,Negative_Correlation,D016190,0.4694926245,AISKGConstrainedTransfer,full_document
26115796,D003606,D017239,Negative_Correlation,D017239,0.4877580905,AISKGConstrainedTransfer,full_document
26115796,D016190,D017239,Negative_Correlation,D017239,0.4877580905,AISKGConstrainedTransfer,full_document
27374774,28976,51300,Association,,0.4787801212,AISKGConstrainedTransfer,full_document
27374774,28976,55863,Association,,0.4824223097,AISKGConstrainedTransfer,full_document
27374774,51103,55863,Association,,0.4824223097,AISKGConstrainedTransfer,full_document
27374774,51295,55863,Association,,0.4824223097,AISKGConstrainedTransfer,full_document
27374774,51300,55863,Association,,0.4824223097,AISKGConstrainedTransfer,full_document
27374774,55863,C537475,Association,55863,0.7579714766,AISKGConstrainedTransfer,full_document
27374774,55863,D007676,Association,55863,0.5090162202,AISKGConstrainedTransfer,full_document
27374774,55863,D009135,Association,55863,0.5790888081,AISKGConstrainedTransfer,full_document
27374774,55863,D009202,Association,55863,0.5508033562,AISKGConstrainedTransfer,full_document
27374774,55863,D028361,Association,55863,0.7831265438,AISKGConstrainedTransfer,full_document
27374774,D028361,p|FS|N|134|I|2,Positive_Correlation,,0.7291107386,AISKGConstrainedTransfer,full_document
27374774,D028361,rs141542003,Positive_Correlation,,0.7132778761,AISKGConstrainedTransfer,full_document
27374774,D028361,rs886037835,Positive_Correlation,,0.7102769505,AISKGConstrainedTransfer,full_document
27623776,20191,C536334,Association,20191,0.8237998663,AISKGConstrainedTransfer,full_document
27623776,20191,D000068577,Negative_Correlation,D000068577,0.4208848117,AISKGConstrainedTransfer,full_document
27623776,20191,D002118,Negative_Correlation,D002118,0.4815965101,AISKGConstrainedTransfer,full_document
27623776,20191,D002413,Negative_Correlation,D002413,0.4815965101,AISKGConstrainedTransfer,full_document
27623776,20191,D017180,Association,20191,0.9098152605,AISKGConstrainedTransfer,full_document
27623776,4843,D000068577,Negative_Correlation,D000068577,0.6360012202,AISKGConstrainedTransfer,full_document
27623776,4843,D006632,Negative_Correlation,D006632,0.6208973041,AISKGConstrainedTransfer,full_document
27623776,4843,D015232,Negative_Correlation,D015232,0.6787531588,AISKGConstrainedTransfer,full_document
27623776,4843,D019331,Negative_Correlation,D019331,0.5854362423,AISKGConstrainedTransfer,full_document
27623776,6262,C536334,Association,6262,0.8684585985,AISKGConstrainedTransfer,full_document
27623776,6262,D000068577,Negative_Correlation,D000068577,0.4208848117,AISKGConstrainedTransfer,full_document
27623776,6262,D002118,Negative_Correlation,D002118,0.4815965101,AISKGConstrainedTransfer,full_document
27623776,6262,D002413,Negative_Correlation,D002413,0.4815965101,AISKGConstrainedTransfer,full_document
27623776,6262,D017180,Association,6262,0.9098152605,AISKGConstrainedTransfer,full_document
27623776,C536334,D000068577,Positive_Correlation,C536334,0.4822704519,AISKGConstrainedTransfer,full_document
27623776,C536334,D000077261,Positive_Correlation,C536334,0.4296255114,AISKGConstrainedTransfer,full_document
27623776,C536334,D002118,Positive_Correlation,C536334,0.4895232606,AISKGConstrainedTransfer,full_document
27623776,C536334,D002413,Positive_Correlation,C536334,0.4895232606,AISKGConstrainedTransfer,full_document
27623776,C536334,p|SUB|R|4496|C,Positive_Correlation,,0.5429482741,AISKGConstrainedTransfer,full_document
27623776,D000068577,D000077261,Negative_Correlation,D000077261,0.5104170189,AISKGConstrainedTransfer,full_document
27623776,D000068577,D001145,Positive_Correlation,D000068577,0.4381215861,AISKGConstrainedTransfer,full_document
27623776,D000068577,D002118,Negative_Correlation,D002118,0.5648484556,AISKGConstrainedTransfer,full_document
27623776,D000068577,D002413,Negative_Correlation,D002413,0.5648484556,AISKGConstrainedTransfer,full_document
27623776,D000068577,D015232,Negative_Correlation,D015232,0.4300306445,AISKGConstrainedTransfer,full_document
27623776,D000068577,D017180,Positive_Correlation,D000068577,0.4164353776,AISKGConstrainedTransfer,full_document
27623776,D000068577,D019331,Cotreatment,,0.5514168942,AISKGConstrainedTransfer,full_document
27623776,D000068577,p|SUB|R|4496|C,Association,p|SUB|R|4496|C,0.492183725,AISKGConstrainedTransfer,full_document
27623776,D000077261,D002118,Negative_Correlation,D002118,0.46908703,AISKGConstrainedTransfer,full_document
27623776,D000077261,D002413,Negative_Correlation,D002413,0.46908703,AISKGConstrainedTransfer,full_document
27623776,D000077261,D017180,Positive_Correlation,D000077261,0.4164133803,AISKGConstrainedTransfer,full_document
27623776,D000077261,p|SUB|R|4496|C,Association,p|SUB|R|4496|C,0.492183725,AISKGConstrainedTransfer,full_document
27623776,D001145,D002118,Positive_Correlation,D001145,0.4575510225,AISKGConstrainedTransfer,full_document
27623776,D001145,D002413,Positive_Correlation,D001145,0.4575510225,AISKGConstrainedTransfer,full_document
27623776,D002118,p|SUB|R|4496|C,Association,p|SUB|R|4496|C,0.497580134,AISKGConstrainedTransfer,full_document
27623776,D002413,p|SUB|R|4496|C,Association,p|SUB|R|4496|C,0.497580134,AISKGConstrainedTransfer,full_document
27623776,D006632,D015232,Cotreatment,,0.5845485091,AISKGConstrainedTransfer,full_document
27784654,116590,C093973,Negative_Correlation,C093973,0.620059325,AISKGConstrainedTransfer,full_document
27784654,116590,D014409,Negative_Correlation,D014409,0.620059325,AISKGConstrainedTransfer,full_document
27784654,171519,C093973,Negative_Correlation,C093973,0.5600771242,AISKGConstrainedTransfer,full_document
27784654,171519,D005317,Association,171519,0.8444211476,AISKGConstrainedTransfer,full_document
27784654,171519,D011225,Association,171519,0.8358251569,AISKGConstrainedTransfer,full_document
27784654,171519,D014409,Negative_Correlation,D014409,0.5031380166,AISKGConstrainedTransfer,full_document
27784654,25026,D014409,Negative_Correlation,D014409,0.4150613885,AISKGConstrainedTransfer,full_document
27784654,25029,56820,Positive_Correlation,56820,0.6047373907,AISKGConstrainedTransfer,full_document
27784654,25029,58966,Positive_Correlation,58966,0.6047373907,AISKGConstrainedTransfer,full_document
27784654,25029,C093973,Negative_Correlation,C093973,0.4783929714,AISKGConstrainedTransfer,full_document
27784654,25029,D005317,Association,25029,0.8444211476,AISKGConstrainedTransfer,full_document
27784654,25029,D011225,Association,25029,0.8358251569,AISKGConstrainedTransfer,full_document
27784654,399475,D014409,Negative_Correlation,D014409,0.5199327046,AISKGConstrainedTransfer,full_document
27784654,50689,C093973,Negative_Correlation,C093973,0.5188929894,AISKGConstrainedTransfer,full_document
27784654,50689,D014409,Negative_Correlation,D014409,0.5891070685,AISKGConstrainedTransfer,full_document
27784654,56820,58965,Positive_Correlation,58965,0.6180739848,AISKGConstrainedTransfer,full_document
27784654,58965,C093973,Negative_Correlation,C093973,0.4783929714,AISKGConstrainedTransfer,full_document
27784654,58965,D005317,Association,58965,0.8444211476,AISKGConstrainedTransfer,full_document
27784654,58965,D011225,Association,58965,0.8358251569,AISKGConstrainedTransfer,full_document
27784654,C093973,D014409,Negative_Correlation,D014409,0.5766806122,AISKGConstrainedTransfer,full_document
27784654,D005317,D014409,Positive_Correlation,D005317,0.6276788804,AISKGConstrainedTransfer,full_document
27784654,D011225,D014409,Positive_Correlation,D011225,0.5672497033,AISKGConstrainedTransfer,full_document
27897268,1950,2212,Association,,0.6066585678,AISKGConstrainedTransfer,full_document
27897268,1950,2214,Association,,0.6066585678,AISKGConstrainedTransfer,full_document
27897268,1950,3576,Association,,0.5888313618,AISKGConstrainedTransfer,full_document
27897268,1950,3845,Association,,0.6099963718,AISKGConstrainedTransfer,full_document
27897268,1950,595,Association,,0.6066585678,AISKGConstrainedTransfer,full_document
27897268,1950,7422,Association,,0.5700500604,AISKGConstrainedTransfer,full_document
27897268,1956,2212,Association,,0.6291098957,AISKGConstrainedTransfer,full_document
27897268,1956,2214,Association,,0.6291098957,AISKGConstrainedTransfer,full_document
27897268,1956,3576,Association,,0.6087128223,AISKGConstrainedTransfer,full_document
27897268,1956,3845,Association,,0.6267592432,AISKGConstrainedTransfer,full_document
27897268,1956,4513,Association,,0.6223528458,AISKGConstrainedTransfer,full_document
27897268,1956,595,Association,,0.6291098957,AISKGConstrainedTransfer,full_document
27897268,1956,7422,Association,,0.5893274599,AISKGConstrainedTransfer,full_document
27897268,1956,D009369,Association,1956,0.7654150034,AISKGConstrainedTransfer,full_document
27897268,1956,D015179,Association,1956,0.5713973018,AISKGConstrainedTransfer,full_document
27897268,2212,2214,Association,,0.4032256437,AISKGConstrainedTransfer,full_document
27897268,2212,3576,Association,,0.625110687,AISKGConstrainedTransfer,full_document
27897268,2212,3845,Association,,0.6466912074,AISKGConstrainedTransfer,full_document
27897268,2212,4513,Association,,0.6076987748,AISKGConstrainedTransfer,full_document
27897268,2212,595,Association,,0.5777927221,AISKGConstrainedTransfer,full_document
27897268,2212,7422,Association,,0.6142571869,AISKGConstrainedTransfer,full_document
27897268,2214,3576,Association,,0.4243390624,AISKGConstrainedTransfer,full_document
27897268,2214,3845,Association,,0.6466912074,AISKGConstrainedTransfer,full_document
27897268,2214,4513,Association,,0.571223495,AISKGConstrainedTransfer,full_document
27897268,2214,595,Association,,0.5777927221,AISKGConstrainedTransfer,full_document
27897268,2214,7422,Association,,0.6142571869,AISKGConstrainedTransfer,full_document
27897268,3576,3845,Association,,0.4633010335,AISKGConstrainedTransfer,full_document
27897268,3576,4513,Association,,0.5744826671,AISKGConstrainedTransfer,full_document
27897268,3576,595,Association,,0.5805618684,AISKGConstrainedTransfer,full_document
27897268,3576,7422,Association,,0.6126242026,AISKGConstrainedTransfer,full_document
27897268,3845,4513,Association,,0.6823828381,AISKGConstrainedTransfer,full_document
27897268,3845,595,Association,,0.6895171211,AISKGConstrainedTransfer,full_document
27897268,3845,7422,Association,,0.5414771183,AISKGConstrainedTransfer,full_document
27897268,4513,595,Association,,0.4027794214,AISKGConstrainedTransfer,full_document
27897268,4513,7422,Association,,0.570582079,AISKGConstrainedTransfer,full_document
27897268,595,7422,Association,,0.5777927221,AISKGConstrainedTransfer,full_document
28053271,51010,854023,Association,,0.3968516995,AISKGConstrainedTransfer,full_document
28053271,51010,C580383,Association,51010,0.8875597559,AISKGConstrainedTransfer,full_document
28053271,51010,D009422,Association,51010,0.7924528895,AISKGConstrainedTransfer,full_document
28053271,51010,D016472,Association,51010,0.8944013843,AISKGConstrainedTransfer,full_document
28053271,854023,C580383,Association,854023,0.8917788905,AISKGConstrainedTransfer,full_document
28053271,854023,D009422,Association,854023,0.892215256,AISKGConstrainedTransfer,full_document
28053271,854023,D016472,Association,854023,0.8944013843,AISKGConstrainedTransfer,full_document
28053271,D009422,c|SUB|G|148|C,Association,,0.6138511415,AISKGConstrainedTransfer,full_document
28053271,D009422,c|SUB|G|8|A,Association,,0.6138511415,AISKGConstrainedTransfer,full_document
28053271,D009422,p|SUB|W|195|R,Association,,0.6138511415,AISKGConstrainedTransfer,full_document
28053271,D009422,rs387907196,Association,,0.6138511415,AISKGConstrainedTransfer,full_document
28053271,D009422,rs672601332,Association,,0.6138511415,AISKGConstrainedTransfer,full_document
28053271,D009422,rs730882145,Association,,0.6138511415,AISKGConstrainedTransfer,full_document
28270517,852258,D009841,Association,D009841,0.4317937264,AISKGConstrainedTransfer,full_document
28270517,852258,D009844,Association,D009844,0.4317937264,AISKGConstrainedTransfer,full_document
28270517,854656,D009841,Association,D009841,0.4317937264,AISKGConstrainedTransfer,full_document
28270517,854656,D009844,Association,D009844,0.4317937264,AISKGConstrainedTransfer,full_document
28270517,D009841,D009844,Drug_Interaction,,0.4466934056,AISKGConstrainedTransfer,full_document
28430993,5428,D001927,Association,5428,0.76852155,AISKGConstrainedTransfer,full_document
28430993,5428,D002386,Association,5428,0.8908626904,AISKGConstrainedTransfer,full_document
28430993,5428,D002549,Association,5428,0.7759182435,AISKGConstrainedTransfer,full_document
28430993,5428,D006319,Association,5428,0.8787720396,AISKGConstrainedTransfer,full_document
28430993,5428,D009135,Association,5428,0.881658891,AISKGConstrainedTransfer,full_document
28430993,5428,D017093,Association,5428,0.8539323086,AISKGConstrainedTransfer,full_document
28430993,5428,D017246,Association,5428,0.7529683925,AISKGConstrainedTransfer,full_document
28430993,5428,D028361,Association,5428,0.8447051326,AISKGConstrainedTransfer,full_document
28430993,D002386,rs113994099,Positive_Correlation,,0.5374906935,AISKGConstrainedTransfer,full_document
28430993,D006319,rs113994099,Positive_Correlation,,0.5560759785,AISKGConstrainedTransfer,full_document
28430993,D009135,rs113994099,Positive_Correlation,,0.5735126088,AISKGConstrainedTransfer,full_document
28430993,D017093,rs113994099,Positive_Correlation,,0.569288439,AISKGConstrainedTransfer,full_document
28430993,D028361,rs113994099,Positive_Correlation,,0.6358891234,AISKGConstrainedTransfer,full_document
29218329,18999,23957,Negative_Correlation,23957,0.5586571129,AISKGConstrainedTransfer,full_document
29218329,18999,387146,Negative_Correlation,387146,0.5307464126,AISKGConstrainedTransfer,full_document
29218329,18999,C000594653,Negative_Correlation,C000594653,0.7389280015,AISKGConstrainedTransfer,full_document
29218329,20674,23957,Negative_Correlation,23957,0.5247115814,AISKGConstrainedTransfer,full_document
29218329,20674,387146,Negative_Correlation,387146,0.5247115814,AISKGConstrainedTransfer,full_document
29218329,20674,C000594653,Negative_Correlation,C000594653,0.7180305646,AISKGConstrainedTransfer,full_document
29218329,23957,387146,Negative_Correlation,387146,0.5213469821,AISKGConstrainedTransfer,full_document
29218329,23957,97165,Positive_Correlation,97165,0.4143539298,AISKGConstrainedTransfer,full_document
29218329,23957,C000594653,Negative_Correlation,C000594653,0.6966484651,AISKGConstrainedTransfer,full_document
29218329,23957,D009369,Association,23957,0.7605850157,AISKGConstrainedTransfer,full_document
29218329,3148,D006528,Association,3148,0.7959704639,AISKGConstrainedTransfer,full_document
29218329,387146,97165,Positive_Correlation,97165,0.4143539298,AISKGConstrainedTransfer,full_document
29218329,387146,C000594653,Negative_Correlation,C000594653,0.6966484651,AISKGConstrainedTransfer,full_document
29218329,387146,D008113,Association,387146,0.8618274667,AISKGConstrainedTransfer,full_document
29218329,387146,D009369,Association,387146,0.7605850157,AISKGConstrainedTransfer,full_document
29218329,97165,C000594653,Negative_Correlation,C000594653,0.7143378911,AISKGConstrainedTransfer,full_document
29218329,97165,D008113,Association,97165,0.8649784713,AISKGConstrainedTransfer,full_document
29218329,97165,D009369,Association,97165,0.806346395,AISKGConstrainedTransfer,full_document
29379364,1789,D004314,Association,1789,0.8891149636,AISKGConstrainedTransfer,full_document
29379364,1789,D005492,Association,D005492,0.54235944,AISKGConstrainedTransfer,full_document
29379364,1789,D012436,Association,D012436,0.5203704022,AISKGConstrainedTransfer,full_document
29379364,D004314,D005492,Positive_Correlation,D004314,0.5246387862,AISKGConstrainedTransfer,full_document
29379364,D004314,rs2424913,Positive_Correlation,,0.4400709478,AISKGConstrainedTransfer,full_document
29379364,D005492,D012436,Association,D005492,0.5374318506,AISKGConstrainedTransfer,full_document
29595509,D003643,D012293,Positive_Correlation,D003643,0.3970523119,AISKGConstrainedTransfer,full_document
29595509,D004977,D014376,Negative_Correlation,D004977,0.543662117,AISKGConstrainedTransfer,full_document
29595509,D004977,D014397,Negative_Correlation,D004977,0.5503891385,AISKGConstrainedTransfer,full_document
29595509,D007538,D012293,Negative_Correlation,D012293,0.4378285425,AISKGConstrainedTransfer,full_document
29595509,D007538,D013307,Negative_Correlation,D013307,0.490214424,AISKGConstrainedTransfer,full_document
29595509,D007538,D014376,Positive_Correlation,D007538,0.5360574091,AISKGConstrainedTransfer,full_document
29595509,D011718,D014376,Negative_Correlation,D011718,0.543662117,AISKGConstrainedTransfer,full_document
29595509,D011718,D014397,Negative_Correlation,D011718,0.5503891385,AISKGConstrainedTransfer,full_document
29595509,D012293,D014376,Positive_Correlation,D012293,0.4821835208,AISKGConstrainedTransfer,full_document
29595509,D012293,D014397,Negative_Correlation,D012293,0.5503891385,AISKGConstrainedTransfer,full_document
29595509,D013307,D014376,Negative_Correlation,D013307,0.5474478635,AISKGConstrainedTransfer,full_document
29595509,D013307,D014397,Negative_Correlation,D013307,0.5556019397,AISKGConstrainedTransfer,full_document
29595509,D013307,D024841,Negative_Correlation,D024841,0.5001184735,AISKGConstrainedTransfer,full_document
29595509,D014376,D024841,Negative_Correlation,D014376,0.5068903842,AISKGConstrainedTransfer,full_document
29595509,D014397,D024841,Negative_Correlation,D014397,0.5114909861,AISKGConstrainedTransfer,full_document
31193310,112476,C537180,Association,112476,0.8698829538,AISKGConstrainedTransfer,full_document
31193310,112476,C580065,Association,112476,0.838134473,AISKGConstrainedTransfer,full_document
31193310,112476,D004827,Association,112476,0.8257596893,AISKGConstrainedTransfer,full_document
31193310,112476,D020325,Association,112476,0.8503719773,AISKGConstrainedTransfer,full_document
31193310,112476,D020936,Association,112476,0.8369266065,AISKGConstrainedTransfer,full_document
31193310,C580065,rs587778771,Positive_Correlation,,0.5228270162,AISKGConstrainedTransfer,full_document
31193310,C580065,rs727504111,Positive_Correlation,,0.5128761134,AISKGConstrainedTransfer,full_document
31193310,D002819,rs587778771,Positive_Correlation,,0.5546463218,AISKGConstrainedTransfer,full_document
31193310,D002819,rs727504111,Positive_Correlation,,0.5433097493,AISKGConstrainedTransfer,full_document
31193310,D004831,rs587778771,Positive_Correlation,,0.5488812595,AISKGConstrainedTransfer,full_document
31193310,D004831,rs727504111,Positive_Correlation,,0.5489286801,AISKGConstrainedTransfer,full_document
31193310,D013226,rs587778771,Positive_Correlation,,0.5186203372,AISKGConstrainedTransfer,full_document
31298765,4976,D029241,Association,4976,0.8464239881,AISKGConstrainedTransfer,full_document
31298765,550504,D009896,Association,550504,0.8501664056,AISKGConstrainedTransfer,full_document
31298765,550504,D012162,Association,550504,0.7333124613,AISKGConstrainedTransfer,full_document
31298765,550504,D029241,Association,550504,0.8542424126,AISKGConstrainedTransfer,full_document
31298765,D012162,rs1799652893,Positive_Correlation,,0.6146247552,AISKGConstrainedTransfer,full_document
31298765,D012162,rs1799747454,Positive_Correlation,,0.6182652868,AISKGConstrainedTransfer,full_document
31298765,D012162,rs28936415,Positive_Correlation,,0.6146247552,AISKGConstrainedTransfer,full_document
31298765,D029241,rs1799652893,Positive_Correlation,,0.6206633053,AISKGConstrainedTransfer,full_document
31298765,D029241,rs1799747454,Positive_Correlation,,0.6296126024,AISKGConstrainedTransfer,full_document
31298765,D029241,rs28936415,Positive_Correlation,,0.689175145,AISKGConstrainedTransfer,full_document
31416966,125061,4609,Positive_Correlation,4609,0.4069366014,AISKGConstrainedTransfer,full_document
31416966,125061,D007737,Association,D007737,0.4545724749,AISKGConstrainedTransfer,full_document
31416966,125061,D009369,Association,125061,0.764963962,AISKGConstrainedTransfer,full_document
31416966,125061,D014364,Association,D014364,0.5093010395,AISKGConstrainedTransfer,full_document
31416966,125061,D015179,Association,125061,0.7736945883,AISKGConstrainedTransfer,full_document
31416966,196,C511621,Positive_Correlation,C511621,0.4568063215,AISKGConstrainedTransfer,full_document
31416966,196,D007737,Positive_Correlation,D007737,0.5134096605,AISKGConstrainedTransfer,full_document
31416966,196,D015179,Association,196,0.8291549966,AISKGConstrainedTransfer,full_document
31416966,4609,6510,Positive_Correlation,6510,0.4402792683,AISKGConstrainedTransfer,full_document
31416966,4609,8140,Positive_Correlation,8140,0.4402792683,AISKGConstrainedTransfer,full_document
31416966,4609,D005973,Positive_Correlation,D005973,0.4170819559,AISKGConstrainedTransfer,full_document
31416966,4609,D007737,Positive_Correlation,D007737,0.3931639331,AISKGConstrainedTransfer,full_document
31416966,4609,D009369,Association,4609,0.8206855989,AISKGConstrainedTransfer,full_document
31416966,4609,D014364,Positive_Correlation,D014364,0.423256548,AISKGConstrainedTransfer,full_document
31416966,4609,D015179,Association,4609,0.8299910096,AISKGConstrainedTransfer,full_document
31416966,6510,D009369,Association,6510,0.764963962,AISKGConstrainedTransfer,full_document
31416966,6510,D014364,Association,D014364,0.520336917,AISKGConstrainedTransfer,full_document
31416966,6510,D015179,Association,6510,0.8139159066,AISKGConstrainedTransfer,full_document
31416966,8140,D009369,Association,8140,0.764963962,AISKGConstrainedTransfer,full_document
31416966,8140,D014364,Association,D014364,0.4197206335,AISKGConstrainedTransfer,full_document
31416966,8140,D015179,Association,8140,0.8139159066,AISKGConstrainedTransfer,full_document
31416966,C511621,D015179,Positive_Correlation,C511621,0.5035138293,AISKGConstrainedTransfer,full_document
31416966,D005973,D009369,Positive_Correlation,D005973,0.4005213693,AISKGConstrainedTransfer,full_document
31416966,D007737,D009369,Positive_Correlation,D007737,0.414499951,AISKGConstrainedTransfer,full_document
31416966,D007737,D014364,Conversion,D014364,0.6459229553,AISKGConstrainedTransfer,full_document
31416966,D007737,D015179,Positive_Correlation,D007737,0.496123439,AISKGConstrainedTransfer,full_document
31416966,D014364,D015179,Negative_Correlation,D014364,0.4171783817,AISKGConstrainedTransfer,full_document
31484706,467,468,Positive_Correlation,468,0.3959334257,AISKGConstrainedTransfer,full_document
31484706,467,5366,Positive_Correlation,5366,0.4052242086,AISKGConstrainedTransfer,full_document
31484706,467,D017313,Positive_Correlation,D017313,0.4002067446,AISKGConstrainedTransfer,full_document
31484706,467,D017382,Positive_Correlation,D017382,0.4607019003,AISKGConstrainedTransfer,full_document
31484706,468,5366,Positive_Correlation,5366,0.4052242086,AISKGConstrainedTransfer,full_document
31484706,468,D017313,Positive_Correlation,D017313,0.4002067446,AISKGConstrainedTransfer,full_document
31484706,468,D017382,Positive_Correlation,D017382,0.4607019003,AISKGConstrainedTransfer,full_document
31484706,5366,596,Association,,0.4463697819,AISKGConstrainedTransfer,full_document
31484706,5366,C579720,Positive_Correlation,C579720,0.4422691346,AISKGConstrainedTransfer,full_document
31484706,5366,D009447,Association,5366,0.8080292628,AISKGConstrainedTransfer,full_document
31484706,5366,D017382,Positive_Correlation,D017382,0.5010749125,AISKGConstrainedTransfer,full_document
31484706,596,D009447,Association,596,0.7882556959,AISKGConstrainedTransfer,full_document
31484706,596,D012176,Negative_Correlation,D012176,0.6863845297,AISKGConstrainedTransfer,full_document
31484706,596,D017313,Negative_Correlation,D017313,0.3962321487,AISKGConstrainedTransfer,full_document
31484706,C579720,D003520,Association,C579720,0.3931500233,AISKGConstrainedTransfer,full_document
31484706,C579720,D009447,Negative_Correlation,C579720,0.4919355158,AISKGConstrainedTransfer,full_document
31484706,C579720,D012176,Negative_Correlation,D012176,0.6729906705,AISKGConstrainedTransfer,full_document
31484706,C579720,D019772,Negative_Correlation,D019772,0.5229055398,AISKGConstrainedTransfer,full_document
31484706,D003520,D017313,Negative_Correlation,D017313,0.4321628445,AISKGConstrainedTransfer,full_document
31484706,D003520,D019772,Negative_Correlation,D019772,0.4252544808,AISKGConstrainedTransfer,full_document
31484706,D009447,D012176,Negative_Correlation,D009447,0.5175323178,AISKGConstrainedTransfer,full_document
31484706,D012176,D017313,Negative_Correlation,D017313,0.5735659134,AISKGConstrainedTransfer,full_document
31484706,D017313,D019772,Negative_Correlation,D019772,0.5229055398,AISKGConstrainedTransfer,full_document
31488414,D012004,rs17026425,Positive_Correlation,,0.5269665171,AISKGConstrainedTransfer,full_document
31488414,D012004,rs17057166,Positive_Correlation,,0.481661853,AISKGConstrainedTransfer,full_document
31488414,D012004,rs1728400,Positive_Correlation,,0.481661853,AISKGConstrainedTransfer,full_document
31488414,D012004,rs17693104,Positive_Correlation,,0.481661853,AISKGConstrainedTransfer,full_document
31488414,D012004,rs202280,Positive_Correlation,,0.481661853,AISKGConstrainedTransfer,full_document
31488414,D012004,rs6797464,Positive_Correlation,,0.481661853,AISKGConstrainedTransfer,full_document
31488414,D012004,rs6854845,Positive_Correlation,,0.5269665171,AISKGConstrainedTransfer,full_document
31488414,D012004,rs823920,Association,,0.4823859213,AISKGConstrainedTransfer,full_document
31488414,D015179,rs17026425,Positive_Correlation,,0.4860025037,AISKGConstrainedTransfer,full_document
31488414,D015179,rs17057166,Association,,0.5007520779,AISKGConstrainedTransfer,full_document
31488414,D015179,rs1728400,Association,,0.5007520779,AISKGConstrainedTransfer,full_document
31488414,D015179,rs17693104,Association,,0.5007520779,AISKGConstrainedTransfer,full_document
31488414,D015179,rs202280,Association,,0.5007520779,AISKGConstrainedTransfer,full_document
31488414,D015179,rs6797464,Association,,0.5007520779,AISKGConstrainedTransfer,full_document
31488414,D015179,rs6854845,Association,,0.5007520779,AISKGConstrainedTransfer,full_document
31488414,D015179,rs823920,Positive_Correlation,,0.4860025037,AISKGConstrainedTransfer,full_document
31614143,1956,C079087,Association,C079087,0.4926758187,AISKGConstrainedTransfer,full_document
31614143,1956,D000077341,Negative_Correlation,D000077341,0.5650138131,AISKGConstrainedTransfer,full_document
31614143,1956,D002289,Association,1956,0.8151324678,AISKGConstrainedTransfer,full_document
31614143,2064,4922,Association,,0.4692784166,AISKGConstrainedTransfer,full_document
31614143,2064,C079087,Association,C079087,0.4382558047,AISKGConstrainedTransfer,full_document
31614143,2064,D000077341,Negative_Correlation,D000077341,0.6097878423,AISKGConstrainedTransfer,full_document
31614143,2064,D002289,Association,2064,0.7811673186,AISKGConstrainedTransfer,full_document
31614143,4922,5594,Positive_Correlation,5594,0.4077653715,AISKGConstrainedTransfer,full_document
31614143,4922,C079087,Negative_Correlation,C079087,0.6023246104,AISKGConstrainedTransfer,full_document
31614143,4922,D000077341,Negative_Correlation,D000077341,0.6094272729,AISKGConstrainedTransfer,full_document
31614143,4922,D002289,Association,4922,0.7513275673,AISKGConstrainedTransfer,full_document
31614143,4922,D008175,Association,4922,0.8429322562,AISKGConstrainedTransfer,full_document
31614143,4922,D017382,Negative_Correlation,D017382,0.3903399612,AISKGConstrainedTransfer,full_document
31614143,4923,D000077341,Negative_Correlation,D000077341,0.4599082461,AISKGConstrainedTransfer,full_document
31614143,4923,D002289,Association,4923,0.9020804214,AISKGConstrainedTransfer,full_document
31614143,4923,D008175,Association,4923,0.7850605345,AISKGConstrainedTransfer,full_document
31614143,4923,D017382,Association,D017382,0.4274843063,AISKGConstrainedTransfer,full_document
31614143,50506,C007517,Negative_Correlation,C007517,0.4284748629,AISKGConstrainedTransfer,full_document
31614143,50506,C079087,Negative_Correlation,C079087,0.4328163858,AISKGConstrainedTransfer,full_document
31614143,50506,D014013,Negative_Correlation,D014013,0.4328163858,AISKGConstrainedTransfer,full_document
31614143,50506,D017382,Positive_Correlation,D017382,0.4265483382,AISKGConstrainedTransfer,full_document
31614143,50507,D017382,Positive_Correlation,D017382,0.409297862,AISKGConstrainedTransfer,full_document
31614143,5594,C007517,Negative_Correlation,C007517,0.3970981223,AISKGConstrainedTransfer,full_document
31614143,5594,C079087,Association,C079087,0.3964574178,AISKGConstrainedTransfer,full_document
31614143,5594,D014013,Negative_Correlation,D014013,0.3970981223,AISKGConstrainedTransfer,full_document
31614143,7294,C007517,Negative_Correlation,C007517,0.6117330099,AISKGConstrainedTransfer,full_document
31614143,7294,C079087,Negative_Correlation,C079087,0.6117330099,AISKGConstrainedTransfer,full_document
31614143,7294,D000077341,Negative_Correlation,D000077341,0.603678889,AISKGConstrainedTransfer,full_document
31614143,7294,D002289,Association,7294,0.7462042964,AISKGConstrainedTransfer,full_document
31614143,C007517,C079087,Negative_Correlation,C079087,0.4905325349,AISKGConstrainedTransfer,full_document
31614143,C007517,D000077341,Negative_Correlation,D000077341,0.4905325349,AISKGConstrainedTransfer,full_document
31614143,C007517,D002289,Negative_Correlation,C007517,0.5363455986,AISKGConstrainedTransfer,full_document
31614143,C079087,D000077341,Negative_Correlation,D000077341,0.4905325349,AISKGConstrainedTransfer,full_document
31614143,C079087,D002289,Negative_Correlation,C079087,0.5363455986,AISKGConstrainedTransfer,full_document
31614143,D000077341,D002289,Negative_Correlation,D000077341,0.5363455986,AISKGConstrainedTransfer,full_document
31661889,24505,D001786,Positive_Correlation,D001786,0.4564588064,AISKGConstrainedTransfer,full_document
31661889,24505,D002784,Positive_Correlation,D002784,0.3925904693,AISKGConstrainedTransfer,full_document
31661889,24505,D008076,Positive_Correlation,D008076,0.4868286271,AISKGConstrainedTransfer,full_document
31661889,24505,D008078,Positive_Correlation,D008078,0.4207679937,AISKGConstrainedTransfer,full_document
31661889,24505,D014280,Positive_Correlation,D014280,0.4496292733,AISKGConstrainedTransfer,full_document
31661889,24890,D007249,Association,24890,0.7848112366,AISKGConstrainedTransfer,full_document
31661889,24890,D008055,Association,D008055,0.4979800187,AISKGConstrainedTransfer,full_document
31661889,25294,D007249,Association,25294,0.7602585341,AISKGConstrainedTransfer,full_document
31661889,25294,D008055,Association,D008055,0.4811510732,AISKGConstrainedTransfer,full_document
31661889,25330,D007249,Association,25330,0.7611112123,AISKGConstrainedTransfer,full_document
31661889,25330,D008055,Association,D008055,0.5135570094,AISKGConstrainedTransfer,full_document
31661889,29260,D007249,Association,29260,0.7380693225,AISKGConstrainedTransfer,full_document
31661889,361676,D007249,Association,361676,0.7569133313,AISKGConstrainedTransfer,full_document
31661889,361676,D008055,Association,D008055,0.5284043495,AISKGConstrainedTransfer,full_document
31661889,50671,D007249,Association,50671,0.7506421301,AISKGConstrainedTransfer,full_document
31661889,50671,D008055,Association,D008055,0.4415474508,AISKGConstrainedTransfer,full_document
31661889,60581,D007249,Association,60581,0.7602585341,AISKGConstrainedTransfer,full_document
31661889,60581,D008055,Association,D008055,0.5128315768,AISKGConstrainedTransfer,full_document
31661889,78968,D007249,Association,78968,0.7602585341,AISKGConstrainedTransfer,full_document
31661889,78968,D008055,Association,D008055,0.4389968468,AISKGConstrainedTransfer,full_document
31661889,81736,D007249,Association,81736,0.7912780578,AISKGConstrainedTransfer,full_document
31661889,C006780,D052439,Positive_Correlation,C006780,0.5660121909,AISKGConstrainedTransfer,full_document
31661889,D001786,D002784,Negative_Correlation,D002784,0.3937308245,AISKGConstrainedTransfer,full_document
31661889,D005632,D052439,Positive_Correlation,D005632,0.5178053934,AISKGConstrainedTransfer,full_document
31829566,D005690,D011134,Association,D005690,0.4871628096,AISKGConstrainedTransfer,full_document
31829566,D005690,D012794,Cotreatment,,0.3989652561,AISKGConstrainedTransfer,full_document
32141127,12608,93692,Association,,0.6469974851,AISKGConstrainedTransfer,full_document
32141127,93692,D003545,Association,D003545,0.4093890631,AISKGConstrainedTransfer,full_document
32141127,93692,D005978,Association,D005978,0.3906351423,AISKGConstrainedTransfer,full_document
32141127,93692,D009765,Association,93692,0.8866152266,AISKGConstrainedTransfer,full_document
32141127,D003545,D005978,Negative_Correlation,D005978,0.4002784356,AISKGConstrainedTransfer,full_document
32141127,D009765,D017382,Positive_Correlation,D009765,0.4517893198,AISKGConstrainedTransfer,full_document
32491001,153,D003643,Association,153,0.7693610945,AISKGConstrainedTransfer,full_document
32491001,153,D006333,Association,153,0.9082789367,AISKGConstrainedTransfer,full_document
32491001,D003643,rs1801252,Positive_Correlation,,0.5985928038,AISKGConstrainedTransfer,full_document
32491001,D006333,rs1801252,Positive_Correlation,,0.5051689164,AISKGConstrainedTransfer,full_document
32543048,3035,D002607,Association,3035,0.8690683408,AISKGConstrainedTransfer,full_document
32543048,3035,D003513,Negative_Correlation,D003513,0.5354910486,AISKGConstrainedTransfer,full_document
32543048,3035,D006641,Negative_Correlation,D006641,0.5354910486,AISKGConstrainedTransfer,full_document
32543048,3035,D009422,Association,3035,0.8942110121,AISKGConstrainedTransfer,full_document
32543048,4803,D010673,Association,4803,0.874767886,AISKGConstrainedTransfer,full_document
32543048,502531,D002607,Association,502531,0.8936000052,AISKGConstrainedTransfer,full_document
32543048,D002607,rs1239341211,Positive_Correlation,,0.5159765215,AISKGConstrainedTransfer,full_document
32543048,D002607,rs1246368348,Positive_Correlation,,0.5159765215,AISKGConstrainedTransfer,full_document
32543048,D002607,rs191391414,Positive_Correlation,,0.5159765215,AISKGConstrainedTransfer,full_document
32543048,D003513,D006641,Negative_Correlation,D006641,0.5371558902,AISKGConstrainedTransfer,full_document
32577690,2539,D000086382,Association,2539,0.9193001488,AISKGConstrainedTransfer,full_document
32577690,2539,D002738,Association,D002738,0.4089439287,AISKGConstrainedTransfer,full_document
32577690,2539,D005955,Association,2539,0.8707135138,AISKGConstrainedTransfer,full_document
32577690,2539,D006886,Association,D006886,0.4394135014,AISKGConstrainedTransfer,full_document
32577690,D000086382,D002738,Negative_Correlation,D000086382,0.3980693649,AISKGConstrainedTransfer,full_document
32577690,D000086382,D006886,Positive_Correlation,D000086382,0.4643764381,AISKGConstrainedTransfer,full_document
32577690,D002738,D006886,Comparison,,0.4857426078,AISKGConstrainedTransfer,full_document
32577690,D005955,rs1050828,Positive_Correlation,,0.6085958279,AISKGConstrainedTransfer,full_document
32789836,7276,C567782,Association,7276,0.8722842658,AISKGConstrainedTransfer,full_document
32789836,C567782,D015609,Positive_Correlation,C567782,0.4054122792,AISKGConstrainedTransfer,full_document
32789836,C567782,p|SUB|E|109|K,Positive_Correlation,,0.608849761,AISKGConstrainedTransfer,full_document
32789836,C567782,rs121918068,Positive_Correlation,,0.7158758586,AISKGConstrainedTransfer,full_document
32789836,C567782,rs1377503416,Positive_Correlation,,0.608849761,AISKGConstrainedTransfer,full_document
32789836,D006333,rs121918068,Positive_Correlation,,0.5574581392,AISKGConstrainedTransfer,full_document
32789836,D020521,rs1377503416,Positive_Correlation,,0.5092495247,AISKGConstrainedTransfer,full_document
32862188,100041286,17242,Association,,0.643508795,AISKGConstrainedTransfer,full_document
32862188,100041286,26413,Association,,0.643508795,AISKGConstrainedTransfer,full_document
32862188,100041286,D000083242,Association,100041286,0.8858908458,AISKGConstrainedTransfer,full_document
32862188,100041286,D009410,Association,100041286,0.8744436217,AISKGConstrainedTransfer,full_document
32862188,100041286,D020244,Association,100041286,0.8410545905,AISKGConstrainedTransfer,full_document
32862188,17242,26413,Association,,0.4194754017,AISKGConstrainedTransfer,full_document
32862188,17242,387135,Association,,0.643508795,AISKGConstrainedTransfer,full_document
32862188,17242,55985,Association,,0.4194754017,AISKGConstrainedTransfer,full_document
32862188,17242,C113580,Negative_Correlation,C113580,0.5134541569,AISKGConstrainedTransfer,full_document
32862188,17242,D000083242,Association,17242,0.8858908458,AISKGConstrainedTransfer,full_document
32862188,17242,D009410,Association,17242,0.8896864409,AISKGConstrainedTransfer,full_document
32862188,26413,387135,Positive_Correlation,387135,0.4468060384,AISKGConstrainedTransfer,full_document
32862188,26413,55985,Association,,0.4194754017,AISKGConstrainedTransfer,full_document
32862188,26413,C113580,Negative_Correlation,C113580,0.5134541569,AISKGConstrainedTransfer,full_document
32862188,26413,D000083242,Association,26413,0.8858908458,AISKGConstrainedTransfer,full_document
32862188,26413,D009410,Association,26413,0.8896864409,AISKGConstrainedTransfer,full_document
32862188,285958,D000083242,Association,285958,0.8870701644,AISKGConstrainedTransfer,full_document
32862188,285958,D009410,Association,285958,0.8626679285,AISKGConstrainedTransfer,full_document
32862188,387135,55985,Association,,0.4136958254,AISKGConstrainedTransfer,full_document
32862188,387135,D000083242,Association,387135,0.8842533126,AISKGConstrainedTransfer,full_document
32862188,387135,D009410,Association,387135,0.8760970284,AISKGConstrainedTransfer,full_document
32862188,387135,D020244,Association,387135,0.8410545905,AISKGConstrainedTransfer,full_document
32862188,55985,D000083242,Association,55985,0.8863412607,AISKGConstrainedTransfer,full_document
32862188,55985,D009410,Association,55985,0.8773817308,AISKGConstrainedTransfer,full_document
32862188,55985,D020244,Association,55985,0.8410545905,AISKGConstrainedTransfer,full_document
33038514,1956,2064,Positive_Correlation,2064,0.453081022,AISKGConstrainedTransfer,full_document
33038514,1956,D000077192,Association,1956,0.8107910425,AISKGConstrainedTransfer,full_document
33038514,1956,D008175,Association,1956,0.7361353853,AISKGConstrainedTransfer,full_document
33038514,2064,C000596361,Negative_Correlation,C000596361,0.5168319963,AISKGConstrainedTransfer,full_document
33038514,2064,D008175,Association,2064,0.7022370709,AISKGConstrainedTransfer,full_document
33038514,4170,C000596361,Negative_Correlation,C000596361,0.5168319963,AISKGConstrainedTransfer,full_document
33038514,C000596361,rs121913444,Association,rs121913444,0.552454613,AISKGConstrainedTransfer,full_document
33038514,D000077192,rs121913444,Positive_Correlation,,0.6548811645,AISKGConstrainedTransfer,full_document
33038514,D008175,rs121913444,Positive_Correlation,,0.5110548619,AISKGConstrainedTransfer,full_document
33054111,2153,5054,Positive_Correlation,5054,0.5272669732,AISKGConstrainedTransfer,full_document
33054111,2153,7066,Positive_Correlation,7066,0.5272669732,AISKGConstrainedTransfer,full_document
33054111,2623,C564050,Association,2623,0.8690461235,AISKGConstrainedTransfer,full_document
33054111,2623,C564526,Association,2623,0.8690854186,AISKGConstrainedTransfer,full_document
33054111,2623,D006474,Association,2623,0.8753320202,AISKGConstrainedTransfer,full_document
33054111,2623,D017086,Association,2623,0.8932039953,AISKGConstrainedTransfer,full_document
33054111,340146,D006474,Association,340146,0.9064627202,AISKGConstrainedTransfer,full_document
33054111,5054,7066,Positive_Correlation,7066,0.6174033596,AISKGConstrainedTransfer,full_document
33054111,5742,D006474,Association,5742,0.9064627202,AISKGConstrainedTransfer,full_document
33054111,C564050,rs104894809,Positive_Correlation,,0.5468228775,AISKGConstrainedTransfer,full_document
33054111,C564526,rs104894809,Positive_Correlation,,0.5453590691,AISKGConstrainedTransfer,full_document
33054111,D006470,rs104894809,Positive_Correlation,,0.4901227956,AISKGConstrainedTransfer,full_document
33054111,D006474,rs104894809,Positive_Correlation,,0.5453590691,AISKGConstrainedTransfer,full_document
33054111,D013921,rs104894809,Positive_Correlation,,0.416207605,AISKGConstrainedTransfer,full_document
33054111,D017086,rs104894809,Positive_Correlation,,0.5291303881,AISKGConstrainedTransfer,full_document
33060108,16653,22059,Positive_Correlation,22059,0.4126976741,AISKGConstrainedTransfer,full_document
33060108,16653,D021441,Association,16653,0.7284142729,AISKGConstrainedTransfer,full_document
33060108,22059,D021441,Association,22059,0.8556262027,AISKGConstrainedTransfer,full_document
33060108,D009369,D012330,Positive_Correlation,D009369,0.6180937513,AISKGConstrainedTransfer,full_document
33060108,D021441,rs121913529,Positive_Correlation,,0.5946155681,AISKGConstrainedTransfer,full_document
33069768,4193,D009369,Association,4193,0.869048939,AISKGConstrainedTransfer,full_document
33069768,55109,D009369,Association,55109,0.6658072092,AISKGConstrainedTransfer,full_document
33069768,7157,D009369,Association,7157,0.7735874989,AISKGConstrainedTransfer,full_document
33069768,D009369,p|SUB|N|483|T,Positive_Correlation,,0.5772365089,AISKGConstrainedTransfer,full_document
33069768,D009369,p|SUB|Q|467|H,Positive_Correlation,,0.6553578032,AISKGConstrainedTransfer,full_document
33069768,D009369,p|SUB|Y|469|N,Positive_Correlation,,0.5871735247,AISKGConstrainedTransfer,full_document
33144263,114757,3043,Association,,0.5084308455,AISKGConstrainedTransfer,full_document
33144263,114757,4151,Association,,0.5144594091,AISKGConstrainedTransfer,full_document
33144263,114757,D006861,Association,D006861,0.3960615085,AISKGConstrainedTransfer,full_document
33144263,114757,D008055,Association,D008055,0.4472439868,AISKGConstrainedTransfer,full_document
33144263,114757,D009569,Association,D009569,0.4006412667,AISKGConstrainedTransfer,full_document
33144263,D003486,D006418,Negative_Correlation,D006418,0.4662564819,AISKGConstrainedTransfer,full_document
33144263,D006418,p|Allele|C|38,Association,p|Allele|C|38,0.604926533,AISKGConstrainedTransfer,full_document
33144263,D006418,p|Allele|C|83,Association,p|Allele|C|83,0.604926533,AISKGConstrainedTransfer,full_document
33148508,12393,17260,Bind,12393,0.4373444672,AISKGConstrainedTransfer,full_document
33148508,12393,19227,Association,,0.4215665202,AISKGConstrainedTransfer,full_document
33148508,12393,208727,Association,,0.397151229,AISKGConstrainedTransfer,full_document
33148508,15184,208727,Positive_Correlation,208727,0.438458701,AISKGConstrainedTransfer,full_document
33148508,15184,D006984,Association,15184,0.8368449351,AISKGConstrainedTransfer,full_document
33148508,17260,19227,Association,,0.4310554994,AISKGConstrainedTransfer,full_document
33148508,17260,208727,Bind,17260,0.4514124006,AISKGConstrainedTransfer,full_document
33148508,17691,18747,Positive_Correlation,18747,0.4903751412,AISKGConstrainedTransfer,full_document
33148508,17691,19227,Positive_Correlation,19227,0.4903751412,AISKGConstrainedTransfer,full_document
33148508,17691,235344,Positive_Correlation,235344,0.5276184428,AISKGConstrainedTransfer,full_document
33148508,17691,70661,Positive_Correlation,70661,0.4903751412,AISKGConstrainedTransfer,full_document
33148508,18747,235344,Positive_Correlation,235344,0.4903751412,AISKGConstrainedTransfer,full_document
33148508,18747,70661,Positive_Correlation,70661,0.5276184428,AISKGConstrainedTransfer,full_document
33148508,19227,235344,Positive_Correlation,235344,0.5276184428,AISKGConstrainedTransfer,full_document
33148508,19227,70661,Positive_Correlation,70661,0.4903751412,AISKGConstrainedTransfer,full_document
33148508,19227,D006984,Association,19227,0.8204982121,AISKGConstrainedTransfer,full_document
33148508,208727,55948,Association,,0.4574228354,AISKGConstrainedTransfer,full_document
33148508,208727,70661,Association,,0.4574228354,AISKGConstrainedTransfer,full_document
33148508,208727,D006984,Association,208727,0.8364676933,AISKGConstrainedTransfer,full_document
33148508,235344,70661,Positive_Correlation,70661,0.4903751412,AISKGConstrainedTransfer,full_document
33148508,55948,70661,Association,,0.5930825518,AISKGConstrainedTransfer,full_document
33161775,24770,D007249,Association,24770,0.8280659341,AISKGConstrainedTransfer,full_document
33161775,25361,D007249,Association,25361,0.8051923001,AISKGConstrainedTransfer,full_document
33161775,292155,D007249,Association,292155,0.8742891584,AISKGConstrainedTransfer,full_document
33161775,292155,D014657,Association,292155,0.8627242846,AISKGConstrainedTransfer,full_document
33161775,64017,D007249,Association,64017,0.9140885429,AISKGConstrainedTransfer,full_document
33161775,64017,D014657,Association,64017,0.8715733701,AISKGConstrainedTransfer,full_document
33161775,C067883,D007249,Positive_Correlation,C067883,0.4407392744,AISKGConstrainedTransfer,full_document
33161775,D006973,D017673,Positive_Correlation,D006973,0.5071235586,AISKGConstrainedTransfer,full_document
33161775,D007249,D017382,Positive_Correlation,D007249,0.5105652192,AISKGConstrainedTransfer,full_document
33161775,D007249,D017673,Positive_Correlation,D007249,0.5101129577,AISKGConstrainedTransfer,full_document
33161775,D012965,rs106982173,Association,rs106982173,0.4296999997,AISKGConstrainedTransfer,full_document
33161775,D012965,rs13453786,Association,rs13453786,0.435009006,AISKGConstrainedTransfer,full_document
33161775,D012965,rs65057186,Association,rs65057186,0.4296999997,AISKGConstrainedTransfer,full_document
33161775,D012965,rs66377062,Association,rs66377062,0.435009006,AISKGConstrainedTransfer,full_document
33161775,D014657,D017673,Positive_Correlation,D014657,0.5292441507,AISKGConstrainedTransfer,full_document
33278357,12370,14082,Positive_Correlation,14082,0.5361385891,AISKGConstrainedTransfer,full_document
33278357,12370,15978,Positive_Correlation,15978,0.4503774147,AISKGConstrainedTransfer,full_document
33278357,12370,16362,Positive_Correlation,16362,0.5269056759,AISKGConstrainedTransfer,full_document
33278357,12370,16452,Positive_Correlation,16452,0.5269056759,AISKGConstrainedTransfer,full_document
33278357,12370,20846,Positive_Correlation,20846,0.5269056759,AISKGConstrainedTransfer,full_document
33278357,12370,21926,Association,,0.451374561,AISKGConstrainedTransfer,full_document
33278357,14082,15978,Positive_Correlation,15978,0.4503774147,AISKGConstrainedTransfer,full_document
33278357,14082,16362,Positive_Correlation,16362,0.5269056759,AISKGConstrainedTransfer,full_document
33278357,14082,16452,Positive_Correlation,16452,0.5269056759,AISKGConstrainedTransfer,full_document
33278357,14082,20846,Positive_Correlation,20846,0.5269056759,AISKGConstrainedTransfer,full_document
33278357,14082,21926,Association,,0.451374561,AISKGConstrainedTransfer,full_document
33278357,15978,16362,Positive_Correlation,16362,0.5043691129,AISKGConstrainedTransfer,full_document
33278357,15978,16452,Positive_Correlation,16452,0.5043691129,AISKGConstrainedTransfer,full_document
33278357,15978,20846,Positive_Correlation,20846,0.5043691129,AISKGConstrainedTransfer,full_document
33278357,15978,D000080424,Association,15978,0.8465421327,AISKGConstrainedTransfer,full_document
33278357,15978,D000086382,Association,15978,0.8553335426,AISKGConstrainedTransfer,full_document
33278357,15978,D003643,Association,15978,0.8639126743,AISKGConstrainedTransfer,full_document
33278357,15978,D007249,Association,15978,0.714708448,AISKGConstrainedTransfer,full_document
33278357,15978,D018805,Association,15978,0.8603916527,AISKGConstrainedTransfer,full_document
33278357,15978,D051359,Association,15978,0.8718767037,AISKGConstrainedTransfer,full_document
33278357,16362,16452,Positive_Correlation,16452,0.5361385891,AISKGConstrainedTransfer,full_document
33278357,16362,20846,Positive_Correlation,20846,0.5361385891,AISKGConstrainedTransfer,full_document
33278357,16452,20846,Positive_Correlation,20846,0.5361385891,AISKGConstrainedTransfer,full_document
33278357,21926,D000080424,Association,21926,0.8628375477,AISKGConstrainedTransfer,full_document
33278357,21926,D000086382,Association,21926,0.793024493,AISKGConstrainedTransfer,full_document
33278357,21926,D003643,Association,21926,0.8605861892,AISKGConstrainedTransfer,full_document
33278357,21926,D007249,Association,21926,0.8412858197,AISKGConstrainedTransfer,full_document
33278357,21926,D018805,Association,21926,0.8610906288,AISKGConstrainedTransfer,full_document
33278357,21926,D051359,Association,21926,0.8502685085,AISKGConstrainedTransfer,full_document
33303340,1312,D010146,Association,1312,0.8764825586,AISKGConstrainedTransfer,full_document
33303340,1312,D059373,Association,1312,0.8937113268,AISKGConstrainedTransfer,full_document
33303340,5021,D006930,Association,5021,0.7234143101,AISKGConstrainedTransfer,full_document
33303340,5021,D010146,Association,5021,0.8614548918,AISKGConstrainedTransfer,full_document
33303340,5021,D059373,Association,5021,0.8119124262,AISKGConstrainedTransfer,full_document
33303340,D006930,rs2254298,Positive_Correlation,,0.4496169533,AISKGConstrainedTransfer,full_document
33303340,D006930,rs53576,Positive_Correlation,,0.550531552,AISKGConstrainedTransfer,full_document
33303340,D010146,rs2254298,Association,,0.4895230666,AISKGConstrainedTransfer,full_document
33303340,D010146,rs4633,Association,,0.4622108189,AISKGConstrainedTransfer,full_document
33303340,D010146,rs4680,Association,,0.4895230666,AISKGConstrainedTransfer,full_document
33303340,D010146,rs4818,Association,,0.4622108189,AISKGConstrainedTransfer,full_document
33303340,D010146,rs53576,Association,,0.4895230666,AISKGConstrainedTransfer,full_document
33303340,D010146,rs6269,Association,,0.4622108189,AISKGConstrainedTransfer,full_document
33303340,D059373,rs2254298,Positive_Correlation,,0.4506971283,AISKGConstrainedTransfer,full_document
33303340,D059373,rs4633,Positive_Correlation,,0.4506971283,AISKGConstrainedTransfer,full_document
33303340,D059373,rs4680,Positive_Correlation,,0.4506971283,AISKGConstrainedTransfer,full_document
33303340,D059373,rs4818,Positive_Correlation,,0.4506971283,AISKGConstrainedTransfer,full_document
33303340,D059373,rs53576,Positive_Correlation,,0.5335575905,AISKGConstrainedTransfer,full_document
33303340,D059373,rs6269,Positive_Correlation,,0.4506971283,AISKGConstrainedTransfer,full_document
33306506,80339,D008103,Association,80339,0.8371604026,AISKGConstrainedTransfer,full_document
33306506,80339,D065626,Association,80339,0.8633986343,AISKGConstrainedTransfer,full_document
33306506,D002241,D008103,Positive_Correlation,D002241,0.483004774,AISKGConstrainedTransfer,full_document
33306506,D002241,rs738409,Association,rs738409,0.5002570376,AISKGConstrainedTransfer,full_document
33306506,D002794,D008103,Positive_Correlation,D002794,0.5629407543,AISKGConstrainedTransfer,full_document
33306506,D002794,rs738409,Association,rs738409,0.4970257515,AISKGConstrainedTransfer,full_document
33306506,D007529,D008103,Positive_Correlation,D007529,0.5324708071,AISKGConstrainedTransfer,full_document
33306506,D007529,rs738409,Association,rs738409,0.4970257515,AISKGConstrainedTransfer,full_document
33306506,D008103,D008715,Positive_Correlation,D008103,0.5178619224,AISKGConstrainedTransfer,full_document
33306506,D008103,D015525,Positive_Correlation,D008103,0.5160196391,AISKGConstrainedTransfer,full_document
33306506,D008103,rs738409,Positive_Correlation,,0.6527305839,AISKGConstrainedTransfer,full_document
33306506,D008715,rs738409,Association,rs738409,0.5132645073,AISKGConstrainedTransfer,full_document
33306506,D015525,rs738409,Association,rs738409,0.4872267041,AISKGConstrainedTransfer,full_document
33306506,D065626,rs738409,Positive_Correlation,,0.5101724211,AISKGConstrainedTransfer,full_document
33316326,55869,9126,Association,,0.5958490416,AISKGConstrainedTransfer,full_document
33316326,55869,D003635,Association,55869,0.8674247604,AISKGConstrainedTransfer,full_document
33319124,43740570,64398,Association,,0.5415115324,AISKGConstrainedTransfer,full_document
33319124,43740570,D000086382,Association,43740570,0.874590073,AISKGConstrainedTransfer,full_document
33319124,64398,D000086382,Association,64398,0.8809715376,AISKGConstrainedTransfer,full_document
33319124,D000086382,p|SUB|V|25|A,Association,,0.4196247437,AISKGConstrainedTransfer,full_document
33325691,140,5465,Association,,0.5081451861,AISKGConstrainedTransfer,full_document
33325691,140,D000077154,Association,D000077154,0.4432485421,AISKGConstrainedTransfer,full_document
33325691,140,D000241,Association,D000241,0.4279150953,AISKGConstrainedTransfer,full_document
33325691,5467,C567258,Association,5467,0.8013406586,AISKGConstrainedTransfer,full_document
33325691,5467,D000077154,Association,D000077154,0.4432485421,AISKGConstrainedTransfer,full_document
33325691,5467,D000241,Association,D000241,0.405696407,AISKGConstrainedTransfer,full_document
33325691,5467,D008659,Association,5467,0.7869949334,AISKGConstrainedTransfer,full_document
33325691,5467,D009369,Association,5467,0.7611943344,AISKGConstrainedTransfer,full_document
33325691,5468,C567258,Association,5468,0.7903757942,AISKGConstrainedTransfer,full_document
33325691,5468,D000077154,Association,D000077154,0.4432485421,AISKGConstrainedTransfer,full_document
33325691,5468,D000241,Association,D000241,0.405696407,AISKGConstrainedTransfer,full_document
33325691,5468,D008659,Association,5468,0.7746858426,AISKGConstrainedTransfer,full_document
33325691,5468,D009369,Association,5468,0.7548994942,AISKGConstrainedTransfer,full_document
33325691,9370,C567258,Association,9370,0.7594921168,AISKGConstrainedTransfer,full_document
33325691,9370,D008659,Association,9370,0.7601978868,AISKGConstrainedTransfer,full_document
33325691,9370,D009369,Association,9370,0.7324508883,AISKGConstrainedTransfer,full_document
33325691,D000077154,D009705,Association,D000077154,0.3929810849,AISKGConstrainedTransfer,full_document
33357452,26563,C117307,Association,,0.5909316189,AISKGConstrainedTransfer,full_document
33357452,26563,C495901,Association,,0.5796487126,AISKGConstrainedTransfer,full_document
33357452,26563,D000077192,Association,26563,0.8565771336,AISKGConstrainedTransfer,full_document
33357452,26563,D003520,Negative_Correlation,D003520,0.4342402174,AISKGConstrainedTransfer,full_document
33357452,26563,D009369,Association,26563,0.827851966,AISKGConstrainedTransfer,full_document
33357452,4919,D001943,Association,4919,0.8028276418,AISKGConstrainedTransfer,full_document
33357452,4919,D008175,Association,4919,0.8028276418,AISKGConstrainedTransfer,full_document
33357452,4919,D009369,Association,4919,0.8878321927,AISKGConstrainedTransfer,full_document
33357452,60533,D000077150,Negative_Correlation,D000077150,0.6077056782,AISKGConstrainedTransfer,full_document
33357452,60533,D003520,Negative_Correlation,D003520,0.6077056782,AISKGConstrainedTransfer,full_document
33357452,60533,D009369,Association,60533,0.8127043936,AISKGConstrainedTransfer,full_document
33357452,C117307,D000077192,Association,C117307,0.8565771336,AISKGConstrainedTransfer,full_document
33357452,C495901,D000077192,Association,C495901,0.8565771336,AISKGConstrainedTransfer,full_document
33357452,D000077150,D009369,Positive_Correlation,D000077150,0.4921220833,AISKGConstrainedTransfer,full_document
33357452,D000077192,p|SUB|G|12|D,Positive_Correlation,,0.4993065543,AISKGConstrainedTransfer,full_document
33357452,D003520,D009369,Negative_Correlation,D003520,0.5499863191,AISKGConstrainedTransfer,full_document
33384558,116554,C108475,Negative_Correlation,C108475,0.4456086501,AISKGConstrainedTransfer,full_document
33384558,116554,C432165,Negative_Correlation,C432165,0.4919744459,AISKGConstrainedTransfer,full_document
33384558,116554,D000069604,Negative_Correlation,D000069604,0.5207664105,AISKGConstrainedTransfer,full_document
33384558,116554,D001930,Association,116554,0.8464261503,AISKGConstrainedTransfer,full_document
33384558,116554,D002955,Negative_Correlation,D002955,0.452592027,AISKGConstrainedTransfer,full_document
33384558,116554,D004949,Negative_Correlation,D004949,0.4456086501,AISKGConstrainedTransfer,full_document
33384558,116554,D015427,Association,116554,0.8288322141,AISKGConstrainedTransfer,full_document
33384558,116554,D019636,Association,116554,0.8311815957,AISKGConstrainedTransfer,full_document
33384558,116554,D020078,Association,116554,0.7270471624,AISKGConstrainedTransfer,full_document
33384558,116554,D020244,Association,116554,0.8252981753,AISKGConstrainedTransfer,full_document
33384558,24835,D020078,Association,24835,0.7927839954,AISKGConstrainedTransfer,full_document
33384558,24835,D020244,Association,24835,0.8001143661,AISKGConstrainedTransfer,full_document
33384558,25272,D000069604,Positive_Correlation,D000069604,0.4313043515,AISKGConstrainedTransfer,full_document
33384558,25272,D000083242,Association,25272,0.8843102761,AISKGConstrainedTransfer,full_document
33384558,25272,D004949,Positive_Correlation,D004949,0.4313043515,AISKGConstrainedTransfer,full_document
33384558,25272,D009410,Association,25272,0.8599586655,AISKGConstrainedTransfer,full_document
33384558,25272,D020078,Association,25272,0.7777003458,AISKGConstrainedTransfer,full_document
33384558,25272,D020244,Association,25272,0.7755824355,AISKGConstrainedTransfer,full_document
33384558,309165,D020078,Association,309165,0.7217994889,AISKGConstrainedTransfer,full_document
33384558,309165,D020244,Association,309165,0.7956785328,AISKGConstrainedTransfer,full_document
33384558,C108475,C432165,Negative_Correlation,C432165,0.4455019204,AISKGConstrainedTransfer,full_document
33384558,C108475,D000083242,Positive_Correlation,C108475,0.5836111737,AISKGConstrainedTransfer,full_document
33384558,C108475,D002545,Positive_Correlation,C108475,0.5684629154,AISKGConstrainedTransfer,full_document
33384558,C108475,D009461,Positive_Correlation,C108475,0.5101873264,AISKGConstrainedTransfer,full_document
33384558,C108475,D020244,Negative_Correlation,C108475,0.4650212462,AISKGConstrainedTransfer,full_document
33384558,C432165,D000069604,Negative_Correlation,D000069604,0.5039285556,AISKGConstrainedTransfer,full_document
33384558,C432165,D002955,Negative_Correlation,D002955,0.4672399227,AISKGConstrainedTransfer,full_document
33384558,C432165,D004949,Negative_Correlation,D004949,0.5039285556,AISKGConstrainedTransfer,full_document
33384558,C432165,D020244,Negative_Correlation,C432165,0.4048848224,AISKGConstrainedTransfer,full_document
33384558,D000069604,D000083242,Positive_Correlation,D000069604,0.5836111737,AISKGConstrainedTransfer,full_document
33384558,D000069604,D002545,Positive_Correlation,D000069604,0.4617383773,AISKGConstrainedTransfer,full_document
33384558,D000069604,D009461,Positive_Correlation,D000069604,0.5101873264,AISKGConstrainedTransfer,full_document
33384558,D000069604,D020244,Negative_Correlation,D000069604,0.4048848224,AISKGConstrainedTransfer,full_document
33384558,D000083242,D002955,Positive_Correlation,D000083242,0.576690993,AISKGConstrainedTransfer,full_document
33384558,D000083242,D004949,Positive_Correlation,D000083242,0.5719441554,AISKGConstrainedTransfer,full_document
33384558,D002545,D002955,Positive_Correlation,D002545,0.4463232987,AISKGConstrainedTransfer,full_document
33384558,D002545,D004949,Positive_Correlation,D002545,0.4443911521,AISKGConstrainedTransfer,full_document
33384558,D002955,D020244,Positive_Correlation,D002955,0.4029683299,AISKGConstrainedTransfer,full_document
33384558,D004949,D009461,Positive_Correlation,D004949,0.5101873264,AISKGConstrainedTransfer,full_document
33384558,D004949,D020244,Negative_Correlation,D004949,0.4048848224,AISKGConstrainedTransfer,full_document
33412145,D000068079,D007501,Positive_Correlation,D000068079,0.4678396145,AISKGConstrainedTransfer,full_document
33412145,D000535,D001151,Negative_Correlation,D001151,0.5304800501,AISKGConstrainedTransfer,full_document
33412145,D000535,D001729,Negative_Correlation,D001729,0.5727734186,AISKGConstrainedTransfer,full_document
33412145,D000535,D002104,Negative_Correlation,D002104,0.5727734186,AISKGConstrainedTransfer,full_document
33412145,D000535,D003300,Negative_Correlation,D003300,0.5727734186,AISKGConstrainedTransfer,full_document
33412145,D000535,D007501,Association,D000535,0.4616623254,AISKGConstrainedTransfer,full_document
33412145,D000535,D007854,Negative_Correlation,D007854,0.5022647857,AISKGConstrainedTransfer,full_document
33412145,D000535,D008345,Negative_Correlation,D008345,0.5126296662,AISKGConstrainedTransfer,full_document
33412145,D000535,D008628,Negative_Correlation,D008628,0.5097223116,AISKGConstrainedTransfer,full_document
33412145,D000535,D009532,Negative_Correlation,D009532,0.5225037945,AISKGConstrainedTransfer,full_document
33412145,D000535,D015032,Negative_Correlation,D015032,0.5618232362,AISKGConstrainedTransfer,full_document
33412145,D000535,D019216,Negative_Correlation,D019216,0.5495926041,AISKGConstrainedTransfer,full_document
33412145,D000535,D019636,Negative_Correlation,D000535,0.4991183253,AISKGConstrainedTransfer,full_document
33412145,D000535,D020258,Negative_Correlation,D000535,0.4923363434,AISKGConstrainedTransfer,full_document
33412145,D000544,D007501,Positive_Correlation,D000544,0.5526686204,AISKGConstrainedTransfer,full_document
33412145,D000690,D007501,Positive_Correlation,D000690,0.4378510386,AISKGConstrainedTransfer,full_document
33412145,D001151,D001729,Negative_Correlation,D001729,0.5304800501,AISKGConstrainedTransfer,full_document
33412145,D001151,D002104,Negative_Correlation,D002104,0.4985968022,AISKGConstrainedTransfer,full_document
33412145,D001151,D003300,Negative_Correlation,D003300,0.4985968022,AISKGConstrainedTransfer,full_document
33412145,D001151,D007501,Association,D001151,0.4880919061,AISKGConstrainedTransfer,full_document
33412145,D001151,D007854,Negative_Correlation,D007854,0.5301495469,AISKGConstrainedTransfer,full_document
33412145,D001151,D008345,Negative_Correlation,D008345,0.4941315056,AISKGConstrainedTransfer,full_document
33412145,D001151,D008628,Negative_Correlation,D008628,0.4941315056,AISKGConstrainedTransfer,full_document
33412145,D001151,D009532,Negative_Correlation,D009532,0.5304800501,AISKGConstrainedTransfer,full_document
33412145,D001151,D015032,Negative_Correlation,D015032,0.4896501724,AISKGConstrainedTransfer,full_document
33412145,D001151,D019216,Negative_Correlation,D019216,0.5170783157,AISKGConstrainedTransfer,full_document
33412145,D001151,D019636,Negative_Correlation,D001151,0.4744755014,AISKGConstrainedTransfer,full_document
33412145,D001151,D020258,Negative_Correlation,D001151,0.4675547653,AISKGConstrainedTransfer,full_document
33412145,D001729,D002104,Negative_Correlation,D002104,0.5126296662,AISKGConstrainedTransfer,full_document
33412145,D001729,D003300,Negative_Correlation,D003300,0.5126296662,AISKGConstrainedTransfer,full_document
33412145,D001729,D007501,Association,D001729,0.4844073438,AISKGConstrainedTransfer,full_document
33412145,D001729,D007854,Negative_Correlation,D007854,0.4809772883,AISKGConstrainedTransfer,full_document
33412145,D001729,D008345,Negative_Correlation,D008345,0.5394964019,AISKGConstrainedTransfer,full_document
33412145,D001729,D008628,Negative_Correlation,D008628,0.5499708095,AISKGConstrainedTransfer,full_document
33412145,D001729,D009532,Negative_Correlation,D009532,0.5126296662,AISKGConstrainedTransfer,full_document
33412145,D001729,D015032,Negative_Correlation,D015032,0.529864617,AISKGConstrainedTransfer,full_document
33412145,D001729,D019216,Negative_Correlation,D019216,0.51927209,AISKGConstrainedTransfer,full_document
33412145,D001729,D019636,Negative_Correlation,D001729,0.4871831607,AISKGConstrainedTransfer,full_document
33412145,D001729,D020258,Negative_Correlation,D001729,0.4656232189,AISKGConstrainedTransfer,full_document
33412145,D002104,D003300,Negative_Correlation,D003300,0.5126296662,AISKGConstrainedTransfer,full_document
33412145,D002104,D007501,Association,D002104,0.4844073438,AISKGConstrainedTransfer,full_document
33412145,D002104,D007854,Negative_Correlation,D007854,0.5270077758,AISKGConstrainedTransfer,full_document
33412145,D002104,D008345,Negative_Correlation,D008345,0.5394964019,AISKGConstrainedTransfer,full_document
33412145,D002104,D008628,Negative_Correlation,D008628,0.5499708095,AISKGConstrainedTransfer,full_document
33412145,D002104,D009532,Negative_Correlation,D009532,0.5126296662,AISKGConstrainedTransfer,full_document
33412145,D002104,D015032,Negative_Correlation,D015032,0.5072645868,AISKGConstrainedTransfer,full_document
33412145,D002104,D019216,Negative_Correlation,D019216,0.51927209,AISKGConstrainedTransfer,full_document
33412145,D002104,D019636,Negative_Correlation,D002104,0.472043517,AISKGConstrainedTransfer,full_document
33412145,D002104,D020258,Negative_Correlation,D002104,0.4656232189,AISKGConstrainedTransfer,full_document
33412145,D003072,D007501,Positive_Correlation,D003072,0.4678396145,AISKGConstrainedTransfer,full_document
33412145,D003300,D007854,Negative_Correlation,D007854,0.5270077758,AISKGConstrainedTransfer,full_document
33412145,D003300,D008345,Negative_Correlation,D008345,0.5063731079,AISKGConstrainedTransfer,full_document
33412145,D003300,D008628,Negative_Correlation,D008628,0.5499708095,AISKGConstrainedTransfer,full_document
33412145,D003300,D009532,Negative_Correlation,D009532,0.5394964019,AISKGConstrainedTransfer,full_document
33412145,D003300,D015032,Negative_Correlation,D015032,0.5072645868,AISKGConstrainedTransfer,full_document
33412145,D003300,D019216,Negative_Correlation,D019216,0.51927209,AISKGConstrainedTransfer,full_document
33412145,D003300,D019636,Negative_Correlation,D003300,0.472043517,AISKGConstrainedTransfer,full_document
33412145,D003300,D020258,Negative_Correlation,D003300,0.4656232189,AISKGConstrainedTransfer,full_document
33412145,D005680,D019216,Negative_Correlation,D019216,0.4277869122,AISKGConstrainedTransfer,full_document
33412145,D005973,D019216,Negative_Correlation,D019216,0.4277869122,AISKGConstrainedTransfer,full_document
33412145,D007501,D007854,Association,D007501,0.4688442555,AISKGConstrainedTransfer,full_document
33412145,D007501,D008345,Association,D007501,0.4424555775,AISKGConstrainedTransfer,full_document
33412145,D007501,D008628,Association,D007501,0.4266756293,AISKGConstrainedTransfer,full_document
33412145,D007501,D009532,Association,D007501,0.4414606554,AISKGConstrainedTransfer,full_document
33412145,D007501,D010300,Negative_Correlation,D007501,0.4516795347,AISKGConstrainedTransfer,full_document
33412145,D007501,D019216,Association,D007501,0.4447838389,AISKGConstrainedTransfer,full_document
33412145,D007501,D019636,Negative_Correlation,D007501,0.472043517,AISKGConstrainedTransfer,full_document
33412145,D007501,D020258,Negative_Correlation,D007501,0.4700548069,AISKGConstrainedTransfer,full_document
33412145,D007854,D008345,Negative_Correlation,D008345,0.5392511968,AISKGConstrainedTransfer,full_document
33412145,D007854,D008628,Negative_Correlation,D008628,0.4950619647,AISKGConstrainedTransfer,full_document
33412145,D007854,D009532,Negative_Correlation,D009532,0.4549302253,AISKGConstrainedTransfer,full_document
33412145,D007854,D015032,Negative_Correlation,D015032,0.4761256597,AISKGConstrainedTransfer,full_document
33412145,D007854,D019216,Negative_Correlation,D019216,0.5493667294,AISKGConstrainedTransfer,full_document
33412145,D007854,D019636,Negative_Correlation,D007854,0.4357453417,AISKGConstrainedTransfer,full_document
33412145,D007854,D020258,Negative_Correlation,D007854,0.4287644749,AISKGConstrainedTransfer,full_document
33412145,D008345,D008628,Negative_Correlation,D008628,0.5126296662,AISKGConstrainedTransfer,full_document
33412145,D008345,D009532,Negative_Correlation,D009532,0.5394964019,AISKGConstrainedTransfer,full_document
33412145,D008345,D015032,Negative_Correlation,D015032,0.4974048241,AISKGConstrainedTransfer,full_document
33412145,D008345,D019216,Negative_Correlation,D019216,0.5495926041,AISKGConstrainedTransfer,full_document
33412145,D008345,D019636,Negative_Correlation,D008345,0.4871831607,AISKGConstrainedTransfer,full_document
33412145,D008345,D020258,Negative_Correlation,D008345,0.4802539871,AISKGConstrainedTransfer,full_document
33412145,D008628,D009532,Negative_Correlation,D009532,0.5499708095,AISKGConstrainedTransfer,full_document
33412145,D008628,D015032,Negative_Correlation,D015032,0.5051966698,AISKGConstrainedTransfer,full_document
33412145,D008628,D019216,Negative_Correlation,D019216,0.5495926041,AISKGConstrainedTransfer,full_document
33412145,D008628,D019636,Negative_Correlation,D008628,0.4876821311,AISKGConstrainedTransfer,full_document
33412145,D008628,D020258,Negative_Correlation,D008628,0.4808789839,AISKGConstrainedTransfer,full_document
33412145,D009532,D015032,Negative_Correlation,D015032,0.529864617,AISKGConstrainedTransfer,full_document
33412145,D009532,D019216,Negative_Correlation,D019216,0.51927209,AISKGConstrainedTransfer,full_document
33412145,D009532,D019636,Negative_Correlation,D009532,0.4871831607,AISKGConstrainedTransfer,full_document
33412145,D009532,D020258,Negative_Correlation,D009532,0.4656232189,AISKGConstrainedTransfer,full_document
33412145,D015032,D019216,Negative_Correlation,D019216,0.5327206444,AISKGConstrainedTransfer,full_document
33412145,D015032,D019636,Negative_Correlation,D015032,0.472043517,AISKGConstrainedTransfer,full_document
33412145,D015032,D020258,Negative_Correlation,D015032,0.4656232189,AISKGConstrainedTransfer,full_document
33412145,D018698,D019216,Negative_Correlation,D019216,0.4309502467,AISKGConstrainedTransfer,full_document
33412145,D019216,D019636,Negative_Correlation,D019216,0.4705261672,AISKGConstrainedTransfer,full_document
33412145,D019216,D020258,Positive_Correlation,D019216,0.4894453789,AISKGConstrainedTransfer,full_document
33484482,20740,C020243,Negative_Correlation,C020243,0.412374724,AISKGConstrainedTransfer,full_document
33484482,226025,C020243,Negative_Correlation,C020243,0.398417847,AISKGConstrainedTransfer,full_document
33484482,226025,D002386,Association,226025,0.8268444603,AISKGConstrainedTransfer,full_document
33484482,226025,D008850,Association,226025,0.8739750288,AISKGConstrainedTransfer,full_document
33484482,58,D002114,Association,58,0.7939422138,AISKGConstrainedTransfer,full_document
33484482,58,D005128,Association,58,0.7746152606,AISKGConstrainedTransfer,full_document
33484482,58,D007905,Association,58,0.7939422138,AISKGConstrainedTransfer,full_document
33484482,80036,D002114,Association,80036,0.7943003881,AISKGConstrainedTransfer,full_document
33484482,80036,D002118,Negative_Correlation,D002118,0.4448474288,AISKGConstrainedTransfer,full_document
33484482,80036,D002386,Association,80036,0.8656792325,AISKGConstrainedTransfer,full_document
33484482,80036,D005124,Association,80036,0.8066694009,AISKGConstrainedTransfer,full_document
33484482,80036,D005128,Association,80036,0.730124848,AISKGConstrainedTransfer,full_document
33484482,80036,D007905,Association,80036,0.7943003881,AISKGConstrainedTransfer,full_document
33484482,968,D002114,Association,968,0.7907182863,AISKGConstrainedTransfer,full_document
33484482,968,D005128,Association,968,0.7298504164,AISKGConstrainedTransfer,full_document
33484482,968,D007905,Association,968,0.7907182863,AISKGConstrainedTransfer,full_document
33484482,D002386,p|SUB|I|65|M,Positive_Correlation,,0.5114077035,AISKGConstrainedTransfer,full_document
33484482,D002386,p|SUB|I||M,Positive_Correlation,,0.607979181,AISKGConstrainedTransfer,full_document
33491092,1432,3605,Association,,0.4152476337,AISKGConstrainedTransfer,full_document
33491092,1432,56300,Association,,0.4240871974,AISKGConstrainedTransfer,full_document
33491092,1432,7124,Association,,0.4152476337,AISKGConstrainedTransfer,full_document
33491092,3605,4790,Association,,0.6326290349,AISKGConstrainedTransfer,full_document
33491092,3605,5594,Association,,0.4778568217,AISKGConstrainedTransfer,full_document
33491092,3605,5595,Association,,0.4778568217,AISKGConstrainedTransfer,full_document
33491092,3605,56300,Association,,0.5306443124,AISKGConstrainedTransfer,full_document
33491092,3605,64332,Association,,0.4612282928,AISKGConstrainedTransfer,full_document
33491092,3605,7124,Association,,0.5306443124,AISKGConstrainedTransfer,full_document
33491092,3605,D011565,Association,3605,0.8692860241,AISKGConstrainedTransfer,full_document
33491092,4790,5594,Association,,0.549945565,AISKGConstrainedTransfer,full_document
33491092,4790,5595,Association,,0.549945565,AISKGConstrainedTransfer,full_document
33491092,4790,56300,Association,,0.6601814147,AISKGConstrainedTransfer,full_document
33491092,4790,7124,Association,,0.6601814147,AISKGConstrainedTransfer,full_document
33491092,5594,56300,Association,,0.483500578,AISKGConstrainedTransfer,full_document
33491092,5594,7124,Association,,0.483500578,AISKGConstrainedTransfer,full_document
33491092,5595,56300,Association,,0.483500578,AISKGConstrainedTransfer,full_document
33491092,5595,7124,Association,,0.483500578,AISKGConstrainedTransfer,full_document
33491092,56300,7124,Association,,0.5306443124,AISKGConstrainedTransfer,full_document
33491092,56300,D011565,Association,56300,0.8788654907,AISKGConstrainedTransfer,full_document
33491092,64332,7124,Association,,0.45430711,AISKGConstrainedTransfer,full_document
33491092,64332,D011565,Association,64332,0.8788654907,AISKGConstrainedTransfer,full_document
33491092,7124,D011565,Association,7124,0.8830844888,AISKGConstrainedTransfer,full_document
33539617,3684,D007249,Association,3684,0.817923156,AISKGConstrainedTransfer,full_document
33539617,3684,D011225,Association,3684,0.8932229602,AISKGConstrainedTransfer,full_document
33539617,3687,718,Bind,3687,0.4315157114,AISKGConstrainedTransfer,full_document
33539617,3687,D007249,Association,3687,0.817923156,AISKGConstrainedTransfer,full_document
33539617,3687,D011225,Association,3687,0.8570007764,AISKGConstrainedTransfer,full_document
33539617,3689,718,Bind,3689,0.4315157114,AISKGConstrainedTransfer,full_document
33539617,3689,D007249,Association,3689,0.817923156,AISKGConstrainedTransfer,full_document
33539617,3689,D011225,Association,3689,0.8932229602,AISKGConstrainedTransfer,full_document
33539617,718,D011225,Association,718,0.7919655968,AISKGConstrainedTransfer,full_document
33539617,D011225,rs1143680,Positive_Correlation,,0.6250511174,AISKGConstrainedTransfer,full_document
33539617,D011225,rs2230428,Positive_Correlation,,0.6129498484,AISKGConstrainedTransfer,full_document
33598942,D000069461,D000077866,Negative_Correlation,D000077866,0.534655396,AISKGConstrainedTransfer,full_document
33598942,D000069461,D003907,Negative_Correlation,D003907,0.5304552168,AISKGConstrainedTransfer,full_document
33598942,D000069461,D005047,Negative_Correlation,D005047,0.4561388664,AISKGConstrainedTransfer,full_document
33598942,D000069461,D019337,Negative_Correlation,D000069461,0.5109453939,AISKGConstrainedTransfer,full_document
33598942,D000077866,D003520,Negative_Correlation,D003520,0.4282681536,AISKGConstrainedTransfer,full_document
33598942,D000077866,D003907,Cotreatment,,0.4687424315,AISKGConstrainedTransfer,full_document
33598942,D000077866,D019337,Negative_Correlation,D000077866,0.5109453939,AISKGConstrainedTransfer,full_document
33598942,D003520,D019337,Negative_Correlation,D003520,0.438026541,AISKGConstrainedTransfer,full_document
33598942,D003907,D019337,Negative_Correlation,D003907,0.5154824332,AISKGConstrainedTransfer,full_document
33598942,D005047,D019337,Negative_Correlation,D005047,0.4608108843,AISKGConstrainedTransfer,full_document
33604927,20273,D000080485,Association,20273,0.8410889139,AISKGConstrainedTransfer,full_document
33604927,20273,D001049,Association,20273,0.8714390577,AISKGConstrainedTransfer,full_document
33604927,20273,D003643,Association,20273,0.8442546695,AISKGConstrainedTransfer,full_document
33604927,20273,D004829,Association,20273,0.8907144587,AISKGConstrainedTransfer,full_document
33604927,20273,D012640,Association,20273,0.8550350535,AISKGConstrainedTransfer,full_document
33604927,6334,D001049,Association,6334,0.8197911504,AISKGConstrainedTransfer,full_document
33604927,6334,D004827,Association,6334,0.8221738546,AISKGConstrainedTransfer,full_document
33604927,6334,D004829,Association,6334,0.8342929955,AISKGConstrainedTransfer,full_document
33604927,6334,D012640,Association,6334,0.8123770296,AISKGConstrainedTransfer,full_document
33604927,D000080485,D010433,Positive_Correlation,D000080485,0.5681413485,AISKGConstrainedTransfer,full_document
33604927,D000080485,rs202151337,Positive_Correlation,,0.6239916843,AISKGConstrainedTransfer,full_document
33604927,D000080485,rs796053228,Positive_Correlation,,0.6113822886,AISKGConstrainedTransfer,full_document
33604927,D001049,rs1064794782,Positive_Correlation,,0.5157169378,AISKGConstrainedTransfer,full_document
33604927,D003643,D010433,Positive_Correlation,D003643,0.6428517769,AISKGConstrainedTransfer,full_document
33604927,D003643,rs202151337,Positive_Correlation,,0.6758073485,AISKGConstrainedTransfer,full_document
33604927,D003643,rs796053228,Positive_Correlation,,0.6641031001,AISKGConstrainedTransfer,full_document
33604927,D004827,rs1064794782,Positive_Correlation,,0.5905487821,AISKGConstrainedTransfer,full_document
33604927,D004829,rs1064794782,Positive_Correlation,,0.5899513824,AISKGConstrainedTransfer,full_document
33604927,D010433,D012640,Positive_Correlation,D010433,0.6209057245,AISKGConstrainedTransfer,full_document
33604927,D012640,rs1064794782,Positive_Correlation,,0.5120865809,AISKGConstrainedTransfer,full_document
33604927,D012640,rs202151337,Positive_Correlation,,0.6502051086,AISKGConstrainedTransfer,full_document
33604927,D012640,rs796053228,Positive_Correlation,,0.6381407403,AISKGConstrainedTransfer,full_document
33619369,5478,D009101,Association,5478,0.7756145,AISKGConstrainedTransfer,full_document
33619369,5478,D009369,Association,5478,0.7696997531,AISKGConstrainedTransfer,full_document
33619369,5478,D016572,Negative_Correlation,D016572,0.6102142359,AISKGConstrainedTransfer,full_document
33619369,C524865,D000069286,Negative_Correlation,D000069286,0.4018285161,AISKGConstrainedTransfer,full_document
33619369,C524865,D009101,Negative_Correlation,C524865,0.4394869543,AISKGConstrainedTransfer,full_document
33619369,C556306,D000069286,Negative_Correlation,D000069286,0.4018285161,AISKGConstrainedTransfer,full_document
33619369,C556306,D003907,Negative_Correlation,D003907,0.4127331448,AISKGConstrainedTransfer,full_document
33619369,C556306,D009101,Negative_Correlation,C556306,0.4394869543,AISKGConstrainedTransfer,full_document
33619369,D000069286,D000077269,Negative_Correlation,D000077269,0.4018285161,AISKGConstrainedTransfer,full_document
33619369,D000069286,D009101,Negative_Correlation,D000069286,0.4394869543,AISKGConstrainedTransfer,full_document
33619369,D000077269,D009101,Negative_Correlation,D000077269,0.4394869543,AISKGConstrainedTransfer,full_document
33619369,D003907,D009101,Negative_Correlation,D003907,0.4869527722,AISKGConstrainedTransfer,full_document
33619369,D009101,D016572,Negative_Correlation,D009101,0.5319293577,AISKGConstrainedTransfer,full_document
33636222,21924,D002118,Positive_Correlation,D002118,0.478110519,AISKGConstrainedTransfer,full_document
33636222,21924,D002311,Association,21924,0.853199273,AISKGConstrainedTransfer,full_document
33636222,21924,D002312,Association,21924,0.8902991313,AISKGConstrainedTransfer,full_document
33636222,D002118,D002311,Positive_Correlation,D002118,0.5344737798,AISKGConstrainedTransfer,full_document
33636222,D002118,D002312,Positive_Correlation,D002118,0.6098129696,AISKGConstrainedTransfer,full_document
33636222,D002118,p|SUB|I|61|Q,Association,p|SUB|I|61|Q,0.4291711942,AISKGConstrainedTransfer,full_document
33636222,D002118,rs200720341,Association,rs200720341,0.4291711942,AISKGConstrainedTransfer,full_document
33636222,D002311,p|SUB|I|61|Q,Positive_Correlation,,0.7105012392,AISKGConstrainedTransfer,full_document
33636222,D002311,rs200720341,Positive_Correlation,,0.7105012392,AISKGConstrainedTransfer,full_document
33636222,D002312,p|SUB|I|61|Q,Positive_Correlation,,0.720840382,AISKGConstrainedTransfer,full_document
33636222,D002312,rs200720341,Positive_Correlation,,0.720840382,AISKGConstrainedTransfer,full_document
33660564,1793,5879,Association,,0.6214862144,AISKGConstrainedTransfer,full_document
33660564,1793,D006160,Association,D006160,0.4630670518,AISKGConstrainedTransfer,full_document
33660564,1794,5879,Association,,0.6214862144,AISKGConstrainedTransfer,full_document
33660564,1795,5879,Association,,0.6214862144,AISKGConstrainedTransfer,full_document
33660564,5879,79767,Association,,0.5775525087,AISKGConstrainedTransfer,full_document
33660564,5879,80005,Association,,0.6214862144,AISKGConstrainedTransfer,full_document
33660564,5879,9732,Association,,0.6214862144,AISKGConstrainedTransfer,full_document
33660564,5879,D008607,Association,5879,0.838237543,AISKGConstrainedTransfer,full_document
33660564,79767,D000067877,Association,79767,0.8873290424,AISKGConstrainedTransfer,full_document
33660564,79767,D002658,Association,79767,0.7832012112,AISKGConstrainedTransfer,full_document
33660564,79767,D006160,Association,D006160,0.4611974211,AISKGConstrainedTransfer,full_document
33660564,79767,D008607,Association,79767,0.838237543,AISKGConstrainedTransfer,full_document
33660564,79767,D065886,Association,79767,0.8827124183,AISKGConstrainedTransfer,full_document
33660564,D000067877,rs183146864,Positive_Correlation,,0.4737185026,AISKGConstrainedTransfer,full_document
33660564,D000067877,rs375983845,Positive_Correlation,,0.4788070009,AISKGConstrainedTransfer,full_document
33660564,D002658,rs183146864,Positive_Correlation,,0.5269529144,AISKGConstrainedTransfer,full_document
33660564,D002658,rs375983845,Positive_Correlation,,0.5596502378,AISKGConstrainedTransfer,full_document
33662365,C006584,C030242,Cotreatment,,0.4827281965,AISKGConstrainedTransfer,full_document
33662365,C006584,C546216,Cotreatment,,0.6250880767,AISKGConstrainedTransfer,full_document
33662365,C006584,D000086382,Positive_Correlation,C006584,0.498659571,AISKGConstrainedTransfer,full_document
33662365,C006584,D019815,Cotreatment,,0.4912312334,AISKGConstrainedTransfer,full_document
33662365,C008757,C517078,Association,C008757,0.5025596387,AISKGConstrainedTransfer,full_document
33662365,C008757,D000086382,Positive_Correlation,C008757,0.4343905153,AISKGConstrainedTransfer,full_document
33662365,C008757,D002784,Association,C008757,0.5509641643,AISKGConstrainedTransfer,full_document
33662365,C008757,D009952,Cotreatment,,0.4484873124,AISKGConstrainedTransfer,full_document
33662365,C008757,D019301,Cotreatment,,0.4095278175,AISKGConstrainedTransfer,full_document
33662365,C008757,D019802,Association,C008757,0.5077605505,AISKGConstrainedTransfer,full_document
33662365,C008757,D020155,Association,C008757,0.5077605505,AISKGConstrainedTransfer,full_document
33662365,C030242,D000086382,Positive_Correlation,C030242,0.5163175673,AISKGConstrainedTransfer,full_document
33662365,C030242,D019815,Cotreatment,,0.6300064476,AISKGConstrainedTransfer,full_document
33662365,C031570,D000086382,Positive_Correlation,C031570,0.4489390491,AISKGConstrainedTransfer,full_document
33662365,C031570,D002784,Association,C031570,0.5356818489,AISKGConstrainedTransfer,full_document
33662365,C031570,D010649,Cotreatment,,0.4256116684,AISKGConstrainedTransfer,full_document
33662365,C031570,D012694,Association,C031570,0.4056168156,AISKGConstrainedTransfer,full_document
33662365,C031570,D018698,Cotreatment,,0.4015362476,AISKGConstrainedTransfer,full_document
33662365,C031570,D019344,Association,C031570,0.4966263683,AISKGConstrainedTransfer,full_document
33662365,C031570,D020148,Cotreatment,,0.4015362476,AISKGConstrainedTransfer,full_document
33662365,C114956,D000086382,Positive_Correlation,C114956,0.4923196789,AISKGConstrainedTransfer,full_document
33662365,C517078,D000086382,Positive_Correlation,C517078,0.4301484073,AISKGConstrainedTransfer,full_document
33662365,C517078,D002784,Association,C517078,0.5509641643,AISKGConstrainedTransfer,full_document
33662365,C517078,D009952,Association,C517078,0.4515463923,AISKGConstrainedTransfer,full_document
33662365,C517078,D019301,Association,C517078,0.5249797472,AISKGConstrainedTransfer,full_document
33662365,C517078,D019802,Association,C517078,0.5077605505,AISKGConstrainedTransfer,full_document
33662365,C517078,D020155,Cotreatment,,0.4342030111,AISKGConstrainedTransfer,full_document
33662365,C546216,D000086382,Positive_Correlation,C546216,0.4583362541,AISKGConstrainedTransfer,full_document
33662365,C546216,D019815,Cotreatment,,0.4147722396,AISKGConstrainedTransfer,full_document
33662365,D000086382,D002784,Positive_Correlation,D000086382,0.5433819182,AISKGConstrainedTransfer,full_document
33662365,D000086382,D005632,Positive_Correlation,D000086382,0.4281679413,AISKGConstrainedTransfer,full_document
33662365,D000086382,D009952,Positive_Correlation,D000086382,0.4705298971,AISKGConstrainedTransfer,full_document
33662365,D000086382,D010649,Positive_Correlation,D000086382,0.5258845558,AISKGConstrainedTransfer,full_document
33662365,D000086382,D012694,Positive_Correlation,D000086382,0.5258845558,AISKGConstrainedTransfer,full_document
33662365,D000086382,D018698,Positive_Correlation,D000086382,0.5246227037,AISKGConstrainedTransfer,full_document
33662365,D000086382,D019301,Positive_Correlation,D000086382,0.4402440089,AISKGConstrainedTransfer,full_document
33662365,D000086382,D019343,Positive_Correlation,D000086382,0.3974399665,AISKGConstrainedTransfer,full_document
33662365,D000086382,D019344,Positive_Correlation,D000086382,0.5120179835,AISKGConstrainedTransfer,full_document
33662365,D000086382,D019815,Positive_Correlation,D000086382,0.4767422438,AISKGConstrainedTransfer,full_document
33662365,D000086382,D020148,Positive_Correlation,D000086382,0.4750316761,AISKGConstrainedTransfer,full_document
33662365,D000086382,D020155,Positive_Correlation,D000086382,0.4562136688,AISKGConstrainedTransfer,full_document
33662365,D002784,D009952,Cotreatment,,0.4461284116,AISKGConstrainedTransfer,full_document
33662365,D002784,D018698,Association,D002784,0.3922763421,AISKGConstrainedTransfer,full_document
33662365,D002784,D019301,Association,D002784,0.4898586614,AISKGConstrainedTransfer,full_document
33662365,D002784,D019344,Drug_Interaction,,0.4901736053,AISKGConstrainedTransfer,full_document
33662365,D002784,D019802,Cotreatment,,0.4476643714,AISKGConstrainedTransfer,full_document
33662365,D002784,D020148,Association,D002784,0.4048308699,AISKGConstrainedTransfer,full_document
33662365,D002784,D020155,Cotreatment,,0.4476643714,AISKGConstrainedTransfer,full_document
33662365,D009952,D019301,Cotreatment,,0.4373716006,AISKGConstrainedTransfer,full_document
33662365,D009952,D019802,Cotreatment,,0.4583099025,AISKGConstrainedTransfer,full_document
33662365,D009952,D020155,Association,D009952,0.4515824718,AISKGConstrainedTransfer,full_document
33662365,D010649,D012694,Cotreatment,,0.4601032227,AISKGConstrainedTransfer,full_document
33662365,D010649,D018698,Cotreatment,,0.441959975,AISKGConstrainedTransfer,full_document
33662365,D010649,D019344,Cotreatment,,0.4078931159,AISKGConstrainedTransfer,full_document
33662365,D010649,D020148,Association,D010649,0.3985613168,AISKGConstrainedTransfer,full_document
33662365,D012694,D018698,Cotreatment,,0.441959975,AISKGConstrainedTransfer,full_document
33662365,D012694,D019344,Cotreatment,,0.4078931159,AISKGConstrainedTransfer,full_document
33662365,D012694,D020148,Association,D012694,0.3985613168,AISKGConstrainedTransfer,full_document
33662365,D018698,D019344,Association,D018698,0.4966263683,AISKGConstrainedTransfer,full_document
33662365,D018698,D020148,Association,D018698,0.4742575719,AISKGConstrainedTransfer,full_document
33662365,D019301,D019802,Cotreatment,,0.4216156308,AISKGConstrainedTransfer,full_document
33662365,D019301,D020155,Association,D019301,0.517254323,AISKGConstrainedTransfer,full_document
33662365,D019344,D020148,Association,D019344,0.4854831194,AISKGConstrainedTransfer,full_document
33662365,D019802,D020155,Cotreatment,,0.4342030111,AISKGConstrainedTransfer,full_document
33664057,1977,7157,Bind,1977,0.4415358088,AISKGConstrainedTransfer,full_document
33664057,22059,D002908,Association,22059,0.7497711018,AISKGConstrainedTransfer,full_document
33664057,22059,D005234,Association,22059,0.7917892927,AISKGConstrainedTransfer,full_document
33664057,22059,D007249,Association,22059,0.7497711018,AISKGConstrainedTransfer,full_document
33664057,22059,D009369,Association,22059,0.7993863286,AISKGConstrainedTransfer,full_document
33664057,55544,7157,Association,,0.5172484061,AISKGConstrainedTransfer,full_document
33664057,7157,D009369,Association,7157,0.8865626967,AISKGConstrainedTransfer,full_document
33664057,D002908,rs774859528,Positive_Correlation,,0.5595835684,AISKGConstrainedTransfer,full_document
33664057,D005234,rs774859528,Positive_Correlation,,0.6070695312,AISKGConstrainedTransfer,full_document
33664057,D007249,rs774859528,Positive_Correlation,,0.5595835684,AISKGConstrainedTransfer,full_document
33664057,D009369,rs774859528,Positive_Correlation,,0.5851909396,AISKGConstrainedTransfer,full_document
33686748,3620,D007737,Positive_Correlation,D007737,0.4189472561,AISKGConstrainedTransfer,full_document
33686748,3620,D009536,Positive_Correlation,D009536,0.4226645937,AISKGConstrainedTransfer,full_document
33686748,3620,D014364,Positive_Correlation,D014364,0.4490149246,AISKGConstrainedTransfer,full_document
33686748,C018613,D000086382,Negative_Correlation,C018613,0.448869787,AISKGConstrainedTransfer,full_document
33686748,C018613,D007538,Negative_Correlation,D007538,0.4970543897,AISKGConstrainedTransfer,full_document
33686748,C018613,D009536,Negative_Correlation,D009536,0.5923330008,AISKGConstrainedTransfer,full_document
33686748,C018613,D018805,Negative_Correlation,C018613,0.4747706475,AISKGConstrainedTransfer,full_document
33686748,D000086382,D007538,Positive_Correlation,D000086382,0.4856892871,AISKGConstrainedTransfer,full_document
33686748,D000086382,D009536,Negative_Correlation,D000086382,0.4507567105,AISKGConstrainedTransfer,full_document
33686748,D000086382,D009537,Positive_Correlation,D000086382,0.4857709657,AISKGConstrainedTransfer,full_document
33686748,D007538,D009536,Negative_Correlation,D009536,0.5924636321,AISKGConstrainedTransfer,full_document
33686748,D007538,D018805,Positive_Correlation,D007538,0.4637650971,AISKGConstrainedTransfer,full_document
33686748,D007737,D009536,Association,D007737,0.4348483976,AISKGConstrainedTransfer,full_document
33686748,D009243,D009536,Negative_Correlation,D009536,0.4610591501,AISKGConstrainedTransfer,full_document
33686748,D009536,D009537,Negative_Correlation,D009537,0.530228943,AISKGConstrainedTransfer,full_document
33686748,D009536,D014364,Association,D009536,0.5000958977,AISKGConstrainedTransfer,full_document
33686748,D009536,D018805,Negative_Correlation,D009536,0.4588400251,AISKGConstrainedTransfer,full_document
33686748,D009537,D018805,Negative_Correlation,D009537,0.4747706475,AISKGConstrainedTransfer,full_document
33774023,1803,D000086382,Association,1803,0.7993448409,AISKGConstrainedTransfer,full_document
33774023,59272,D000086382,Association,59272,0.8712255228,AISKGConstrainedTransfer,full_document
33774023,D000086382,rs3788979,Positive_Correlation,,0.509521991,AISKGConstrainedTransfer,full_document
33789164,25,3717,Association,,0.3905736108,AISKGConstrainedTransfer,full_document
33789164,25,4352,Association,,0.3905736108,AISKGConstrainedTransfer,full_document
33789164,25,613,Association,,0.4276692869,AISKGConstrainedTransfer,full_document
33789164,25,811,Association,,0.3905736108,AISKGConstrainedTransfer,full_document
33789164,25,D009196,Association,25,0.8723027427,AISKGConstrainedTransfer,full_document
33789164,25,D011087,Association,25,0.9333616869,AISKGConstrainedTransfer,full_document
33789164,25,D013920,Association,25,0.921837738,AISKGConstrainedTransfer,full_document
33789164,25,D055728,Association,25,0.9277693118,AISKGConstrainedTransfer,full_document
33789164,3717,4352,Association,,0.3905736108,AISKGConstrainedTransfer,full_document
33789164,3717,613,Association,,0.3905736108,AISKGConstrainedTransfer,full_document
33789164,3717,D009196,Association,3717,0.9299133049,AISKGConstrainedTransfer,full_document
33789164,3717,D011087,Association,3717,0.8533508837,AISKGConstrainedTransfer,full_document
33789164,3717,D013920,Association,3717,0.921837738,AISKGConstrainedTransfer,full_document
33789164,3717,D055728,Association,3717,0.9044637671,AISKGConstrainedTransfer,full_document
33789164,4352,613,Association,,0.3905736108,AISKGConstrainedTransfer,full_document
33789164,4352,D009196,Association,4352,0.9267997324,AISKGConstrainedTransfer,full_document
33789164,4352,D011087,Association,4352,0.9374218252,AISKGConstrainedTransfer,full_document
33789164,4352,D013920,Association,4352,0.9064737775,AISKGConstrainedTransfer,full_document
33789164,4352,D055728,Association,4352,0.9032741954,AISKGConstrainedTransfer,full_document
33789164,613,811,Association,,0.3905736108,AISKGConstrainedTransfer,full_document
33789164,613,D009196,Association,613,0.8723027427,AISKGConstrainedTransfer,full_document
33789164,613,D011087,Association,613,0.9333616869,AISKGConstrainedTransfer,full_document
33789164,613,D013920,Association,613,0.921837738,AISKGConstrainedTransfer,full_document
33789164,613,D055728,Association,613,0.9277693118,AISKGConstrainedTransfer,full_document
33789164,811,D009196,Association,811,0.8782631705,AISKGConstrainedTransfer,full_document
33789164,811,D011087,Association,811,0.9374218252,AISKGConstrainedTransfer,full_document
33789164,811,D013920,Association,811,0.832557496,AISKGConstrainedTransfer,full_document
33789164,811,D055728,Association,811,0.8199328523,AISKGConstrainedTransfer,full_document
33878394,1019,C500026,Negative_Correlation,C500026,0.629886205,AISKGConstrainedTransfer,full_document
33878394,1019,D000077195,Association,1019,0.7772019862,AISKGConstrainedTransfer,full_document
33878394,1019,D000077716,Negative_Correlation,D000077716,0.629886205,AISKGConstrainedTransfer,full_document
33878394,1019,D007971,Association,1019,0.8300009704,AISKGConstrainedTransfer,full_document
33878394,1019,D009369,Association,1019,0.8342712985,AISKGConstrainedTransfer,full_document
33878394,1021,C500026,Negative_Correlation,C500026,0.629886205,AISKGConstrainedTransfer,full_document
33878394,1021,D000077195,Association,1021,0.7772019862,AISKGConstrainedTransfer,full_document
33878394,1021,D000077716,Negative_Correlation,D000077716,0.629886205,AISKGConstrainedTransfer,full_document
33878394,1021,D007971,Association,1021,0.8300009704,AISKGConstrainedTransfer,full_document
33878394,1021,D009369,Association,1021,0.8342712985,AISKGConstrainedTransfer,full_document
33878394,16664,D009369,Association,16664,0.7426206683,AISKGConstrainedTransfer,full_document
33878394,1956,C500026,Negative_Correlation,C500026,0.6033553647,AISKGConstrainedTransfer,full_document
33878394,1956,D000077195,Association,1956,0.8533491981,AISKGConstrainedTransfer,full_document
33878394,1956,D000077716,Negative_Correlation,D000077716,0.629886205,AISKGConstrainedTransfer,full_document
33878394,1956,D007971,Association,1956,0.870630682,AISKGConstrainedTransfer,full_document
33878394,1956,D009369,Association,1956,0.8699425972,AISKGConstrainedTransfer,full_document
33878394,20104,C500026,Negative_Correlation,C500026,0.627162998,AISKGConstrainedTransfer,full_document
33878394,20104,D000077195,Association,20104,0.7480312164,AISKGConstrainedTransfer,full_document
33878394,20104,D000077716,Negative_Correlation,D000077716,0.6059572889,AISKGConstrainedTransfer,full_document
33878394,3845,D009369,Association,3845,0.7311912755,AISKGConstrainedTransfer,full_document
33878394,595,D000077195,Association,595,0.7680456171,AISKGConstrainedTransfer,full_document
33878394,595,D007971,Association,595,0.8176163184,AISKGConstrainedTransfer,full_document
33878394,595,D009369,Association,595,0.8226696985,AISKGConstrainedTransfer,full_document
33878394,6194,C500026,Negative_Correlation,C500026,0.627162998,AISKGConstrainedTransfer,full_document
33878394,6194,D000077195,Association,6194,0.7480312164,AISKGConstrainedTransfer,full_document
33878394,6194,D000077716,Negative_Correlation,D000077716,0.6059572889,AISKGConstrainedTransfer,full_document
33878394,6194,D007971,Association,6194,0.8389392565,AISKGConstrainedTransfer,full_document
33878394,6194,D009369,Association,6194,0.8377790797,AISKGConstrainedTransfer,full_document
33878394,7157,D009369,Association,7157,0.7311912755,AISKGConstrainedTransfer,full_document
33878394,C500026,D000077195,Negative_Correlation,C500026,0.5670532916,AISKGConstrainedTransfer,full_document
33878394,C500026,D000077716,Negative_Correlation,D000077716,0.4679625616,AISKGConstrainedTransfer,full_document
33878394,D000077195,D000077716,Negative_Correlation,D000077195,0.5449548232,AISKGConstrainedTransfer,full_document
33878394,D009369,p|SUB|R|172|H,Positive_Correlation,,0.6115921942,AISKGConstrainedTransfer,full_document
33878394,D009369,rs121913529,Positive_Correlation,,0.6115921942,AISKGConstrainedTransfer,full_document
33878394,D014233,D017382,Negative_Correlation,D017382,0.4302444908,AISKGConstrainedTransfer,full_document
33905892,43740568,43740577,Association,,0.6426920773,AISKGConstrainedTransfer,full_document
33905892,43740568,D000086382,Association,43740568,0.8272476427,AISKGConstrainedTransfer,full_document
33905892,43740568,D007239,Association,43740568,0.8514845958,AISKGConstrainedTransfer,full_document
33905892,D000086382,p|SUB|T|1117|I,Positive_Correlation,,0.5390927069,AISKGConstrainedTransfer,full_document
33905892,D007239,p|SUB|T|1117|I,Positive_Correlation,,0.4799276637,AISKGConstrainedTransfer,full_document
33987320,4166,D003317,Association,4166,0.9203084425,AISKGConstrainedTransfer,full_document
33987320,4166,D003318,Association,4166,0.7611026197,AISKGConstrainedTransfer,full_document
33987320,4166,D014786,Association,4166,0.7629401158,AISKGConstrainedTransfer,full_document
33987320,4166,D030342,Association,4166,0.7578668733,AISKGConstrainedTransfer,full_document
33987320,D003316,rs1465389120,Positive_Correlation,,0.480854345,AISKGConstrainedTransfer,full_document
33987320,D003317,rs1465389120,Positive_Correlation,,0.5282778375,AISKGConstrainedTransfer,full_document
33987320,D003317,rs771397083,Positive_Correlation,,0.4876532871,AISKGConstrainedTransfer,full_document
33987320,D003318,rs1465389120,Positive_Correlation,,0.4799183045,AISKGConstrainedTransfer,full_document
33992693,43740568,59272,Association,,0.4458594418,AISKGConstrainedTransfer,full_document
34000358,1906,59272,Association,,0.405651179,AISKGConstrainedTransfer,full_document
34000358,1906,8862,Association,,0.405651179,AISKGConstrainedTransfer,full_document
34000358,1906,D000086382,Association,1906,0.8258130115,AISKGConstrainedTransfer,full_document
34000358,1906,D003920,Association,1906,0.8203885054,AISKGConstrainedTransfer,full_document
34000358,1906,D006333,Association,1906,0.8100303001,AISKGConstrainedTransfer,full_document
34000358,1906,D007249,Association,1906,0.8617004005,AISKGConstrainedTransfer,full_document
34000358,1906,D058186,Association,1906,0.8537118754,AISKGConstrainedTransfer,full_document
34000358,1906,D059347,Association,1906,0.8907339164,AISKGConstrainedTransfer,full_document
34000358,246787,C529054,Negative_Correlation,C529054,0.3959619913,AISKGConstrainedTransfer,full_document
34000358,246787,D003920,Association,246787,0.8708948703,AISKGConstrainedTransfer,full_document
34000358,246787,D005355,Association,246787,0.8687780332,AISKGConstrainedTransfer,full_document
34000358,30878,C529054,Negative_Correlation,C529054,0.3959619913,AISKGConstrainedTransfer,full_document
34000358,30878,D003920,Association,30878,0.8708948703,AISKGConstrainedTransfer,full_document
34000358,30878,D005355,Association,30878,0.8687780332,AISKGConstrainedTransfer,full_document
34000358,3553,3569,Positive_Correlation,3569,0.5095221412,AISKGConstrainedTransfer,full_document
34000358,3553,3605,Positive_Correlation,3605,0.5122622501,AISKGConstrainedTransfer,full_document
34000358,3553,59272,Positive_Correlation,59272,0.5138390708,AISKGConstrainedTransfer,full_document
34000358,3553,7124,Positive_Correlation,7124,0.6558700624,AISKGConstrainedTransfer,full_document
34000358,3553,D007249,Association,3553,0.8020891258,AISKGConstrainedTransfer,full_document
34000358,3569,3605,Positive_Correlation,3605,0.4445277133,AISKGConstrainedTransfer,full_document
34000358,3569,7124,Positive_Correlation,7124,0.616626457,AISKGConstrainedTransfer,full_document
34000358,3569,D007249,Association,3569,0.8271718804,AISKGConstrainedTransfer,full_document
34000358,3586,D007249,Association,3586,0.8342518849,AISKGConstrainedTransfer,full_document
34000358,3605,7124,Positive_Correlation,7124,0.5995304968,AISKGConstrainedTransfer,full_document
34000358,3605,D007249,Association,3605,0.825009803,AISKGConstrainedTransfer,full_document
34000358,59272,7124,Positive_Correlation,7124,0.560195465,AISKGConstrainedTransfer,full_document
34000358,59272,D000086382,Association,59272,0.8925777921,AISKGConstrainedTransfer,full_document
34000358,59272,D003920,Association,59272,0.8209365121,AISKGConstrainedTransfer,full_document
34000358,59272,D006333,Association,59272,0.8121829595,AISKGConstrainedTransfer,full_document
34000358,59272,D007249,Association,59272,0.8138008221,AISKGConstrainedTransfer,full_document
34000358,59272,D058186,Association,59272,0.8519592422,AISKGConstrainedTransfer,full_document
34000358,59272,D059347,Association,59272,0.8913547597,AISKGConstrainedTransfer,full_document
34000358,6524,8862,Positive_Correlation,8862,0.4854490289,AISKGConstrainedTransfer,full_document
34000358,6524,D000086382,Association,6524,0.8925777921,AISKGConstrainedTransfer,full_document
34000358,6524,D003920,Association,6524,0.8209365121,AISKGConstrainedTransfer,full_document
34000358,6524,D006333,Association,6524,0.8121829595,AISKGConstrainedTransfer,full_document
34000358,6524,D007249,Association,6524,0.8770212047,AISKGConstrainedTransfer,full_document
34000358,6524,D058186,Association,6524,0.8519592422,AISKGConstrainedTransfer,full_document
34000358,6524,D059347,Association,6524,0.8003296401,AISKGConstrainedTransfer,full_document
34000358,6648,D007249,Association,6648,0.8288451211,AISKGConstrainedTransfer,full_document
34000358,70008,C529054,Negative_Correlation,C529054,0.3959619913,AISKGConstrainedTransfer,full_document
34000358,70008,D003920,Association,70008,0.8708948703,AISKGConstrainedTransfer,full_document
34000358,70008,D005355,Association,70008,0.8687780332,AISKGConstrainedTransfer,full_document
34000358,7124,D007249,Association,7124,0.7561433933,AISKGConstrainedTransfer,full_document
34000358,847,D007249,Association,847,0.8324882983,AISKGConstrainedTransfer,full_document
34000358,8862,D000086382,Association,8862,0.8925777921,AISKGConstrainedTransfer,full_document
34000358,8862,D003920,Association,8862,0.8209365121,AISKGConstrainedTransfer,full_document
34000358,8862,D006333,Association,8862,0.8121829595,AISKGConstrainedTransfer,full_document
34000358,8862,D007249,Association,8862,0.8770212047,AISKGConstrainedTransfer,full_document
34000358,8862,D058186,Association,8862,0.8519592422,AISKGConstrainedTransfer,full_document
34000358,8862,D059347,Association,8862,0.8913547597,AISKGConstrainedTransfer,full_document
34000358,C529054,D003920,Positive_Correlation,C529054,0.5050172381,AISKGConstrainedTransfer,full_document
34000358,C529054,D005355,Positive_Correlation,C529054,0.5488019825,AISKGConstrainedTransfer,full_document
34016879,2875,D005183,Association,2875,0.8562042422,AISKGConstrainedTransfer,full_document
34016879,2875,D013921,Association,2875,0.8393714504,AISKGConstrainedTransfer,full_document
34016879,5205,8714,Positive_Correlation,8714,0.4277108707,AISKGConstrainedTransfer,full_document
34016879,5205,D002780,Association,5205,0.7273797786,AISKGConstrainedTransfer,full_document
34016879,5205,D005183,Association,5205,0.8667982183,AISKGConstrainedTransfer,full_document
34016879,5205,D011537,Association,5205,0.7969022494,AISKGConstrainedTransfer,full_document
34016879,5205,D013921,Association,5205,0.8489775338,AISKGConstrainedTransfer,full_document
34016879,5244,D002780,Association,5244,0.7273797786,AISKGConstrainedTransfer,full_document
34016879,8647,D002780,Association,8647,0.7092269001,AISKGConstrainedTransfer,full_document
34016879,8647,D005183,Association,8647,0.8456783407,AISKGConstrainedTransfer,full_document
34016879,8647,D011537,Association,8647,0.7969022494,AISKGConstrainedTransfer,full_document
34016879,8647,D013921,Association,8647,0.8272513432,AISKGConstrainedTransfer,full_document
34016879,8714,D002780,Association,8714,0.7392140388,AISKGConstrainedTransfer,full_document
34016879,8714,D005183,Association,8714,0.8667982183,AISKGConstrainedTransfer,full_document
34016879,8714,D013921,Association,8714,0.8272513432,AISKGConstrainedTransfer,full_document
34102393,207,2475,Association,,0.4131789435,AISKGConstrainedTransfer,full_document
34102393,207,5290,Association,,0.4432001624,AISKGConstrainedTransfer,full_document
34102393,207,D005910,Association,207,0.8904479402,AISKGConstrainedTransfer,full_document
34102393,2475,5290,Association,,0.4131789435,AISKGConstrainedTransfer,full_document
34102393,2475,D005910,Association,2475,0.8907528586,AISKGConstrainedTransfer,full_document
34102393,5290,D004827,Association,5290,0.7250099378,AISKGConstrainedTransfer,full_document
34102393,5290,D005910,Association,5290,0.7931664764,AISKGConstrainedTransfer,full_document
34102393,D004827,rs121913273,Positive_Correlation,,0.4944337562,AISKGConstrainedTransfer,full_document
34102393,D004827,rs121913279,Positive_Correlation,,0.4944337562,AISKGConstrainedTransfer,full_document
34102393,D004827,rs121913287,Positive_Correlation,,0.4944337562,AISKGConstrainedTransfer,full_document
34102393,D004827,rs587777790,Positive_Correlation,,0.4944337562,AISKGConstrainedTransfer,full_document
34102393,D005910,rs121913279,Positive_Correlation,,0.4190008536,AISKGConstrainedTransfer,full_document
34102393,D012640,rs121913279,Positive_Correlation,,0.5242905853,AISKGConstrainedTransfer,full_document
34103301,1019,2322,Association,,0.4538126703,AISKGConstrainedTransfer,full_document
34103301,1019,896,Association,,0.5068158698,AISKGConstrainedTransfer,full_document
34103301,1019,D015470,Association,1019,0.908541793,AISKGConstrainedTransfer,full_document
34103301,1021,2322,Association,,0.4538126703,AISKGConstrainedTransfer,full_document
34103301,1021,896,Association,,0.5068158698,AISKGConstrainedTransfer,full_document
34103301,1021,D015470,Association,1021,0.908541793,AISKGConstrainedTransfer,full_document
34103301,2322,C000600259,Negative_Correlation,C000600259,0.5024761135,AISKGConstrainedTransfer,full_document
34103301,2322,D012008,Association,2322,0.7898626057,AISKGConstrainedTransfer,full_document
34103301,2322,D015470,Association,2322,0.8027092146,AISKGConstrainedTransfer,full_document
34103301,896,D015470,Association,896,0.908541793,AISKGConstrainedTransfer,full_document
34103301,C000600259,D012008,Negative_Correlation,C000600259,0.4821610471,AISKGConstrainedTransfer,full_document
34103301,C000600259,D015470,Negative_Correlation,C000600259,0.5447909062,AISKGConstrainedTransfer,full_document
34103301,C000600259,p|SUB|Q|276|-,Association,p|SUB|Q|276|-,0.4819709088,AISKGConstrainedTransfer,full_document
34103301,C000600259,p|SUB|T|283|A,Association,p|SUB|T|283|A,0.5296988642,AISKGConstrainedTransfer,full_document
34105970,4625,8625606,Association,,0.4848400875,AISKGConstrainedTransfer,full_document
34105970,4625,D000255,Association,D000255,0.3960714967,AISKGConstrainedTransfer,full_document
34105970,4625,D009202,Association,4625,0.8899151613,AISKGConstrainedTransfer,full_document
34105970,8625606,D000255,Association,D000255,0.4131423787,AISKGConstrainedTransfer,full_document
34105970,D000244,D000255,Association,D000244,0.4056972727,AISKGConstrainedTransfer,full_document
34105970,D000244,D010710,Association,D000244,0.4319667474,AISKGConstrainedTransfer,full_document
34105970,D000255,D009202,Positive_Correlation,D000255,0.4877241175,AISKGConstrainedTransfer,full_document
34105970,D000255,D010710,Association,D000255,0.4288736145,AISKGConstrainedTransfer,full_document
34105970,D000255,p|SUB|I|467|T,Association,p|SUB|I|467|T,0.6145682053,AISKGConstrainedTransfer,full_document
34105970,D009202,p|SUB|I|457|T,Positive_Correlation,,0.5351422169,AISKGConstrainedTransfer,full_document
34105970,D009202,p|SUB|I|467|T,Positive_Correlation,,0.5351422169,AISKGConstrainedTransfer,full_document
34105970,D009202,p|SUB|R|453|C,Positive_Correlation,,0.6135301763,AISKGConstrainedTransfer,full_document
34107326,43740568,43740569,Association,,0.6746383928,AISKGConstrainedTransfer,full_document
34107326,43740568,43740575,Association,,0.5179203944,AISKGConstrainedTransfer,full_document
34107326,43740568,43740578,Association,,0.6746383928,AISKGConstrainedTransfer,full_document
34107326,43740568,D000084063,Association,43740568,0.8838330265,AISKGConstrainedTransfer,full_document
34107326,43740568,D000086382,Association,43740568,0.8838330265,AISKGConstrainedTransfer,full_document
34107326,43740569,43740575,Association,,0.4745929477,AISKGConstrainedTransfer,full_document
34107326,43740569,43740578,Association,,0.4745929477,AISKGConstrainedTransfer,full_document
34107326,43740569,D000084063,Association,43740569,0.92855577,AISKGConstrainedTransfer,full_document
34107326,43740569,D000086382,Association,43740569,0.92855577,AISKGConstrainedTransfer,full_document
34107326,43740575,43740578,Association,,0.4745929477,AISKGConstrainedTransfer,full_document
34107326,43740575,D000084063,Association,43740575,0.8838330265,AISKGConstrainedTransfer,full_document
34107326,43740575,D000086382,Association,43740575,0.8838330265,AISKGConstrainedTransfer,full_document
34107326,43740578,D000084063,Association,43740578,0.92855577,AISKGConstrainedTransfer,full_document
34107326,43740578,D000086382,Association,43740578,0.92855577,AISKGConstrainedTransfer,full_document
34107326,D000084063,c|DEL|141_143|,Positive_Correlation,,0.5022951492,AISKGConstrainedTransfer,full_document
34107326,D000084063,p|INS|215|AGY,Positive_Correlation,,0.5145735396,AISKGConstrainedTransfer,full_document
34107326,D000084063,p|SUB|D|215|A,Positive_Correlation,,0.5145735396,AISKGConstrainedTransfer,full_document
34107326,D000084063,p|SUB|D|614|G,Positive_Correlation,,0.5145735396,AISKGConstrainedTransfer,full_document
34107326,D000084063,p|SUB|L|452|R,Association,,0.4977428315,AISKGConstrainedTransfer,full_document
34107326,D000086382,c|DEL|141_143|,Positive_Correlation,,0.5022951492,AISKGConstrainedTransfer,full_document
34107326,D000086382,p|INS|215|AGY,Positive_Correlation,,0.5145735396,AISKGConstrainedTransfer,full_document
34107326,D000086382,p|SUB|D|215|A,Positive_Correlation,,0.5145735396,AISKGConstrainedTransfer,full_document
34107326,D000086382,p|SUB|D|614|G,Positive_Correlation,,0.5145735396,AISKGConstrainedTransfer,full_document
34107326,D000086382,p|SUB|L|452|R,Positive_Correlation,,0.5145735396,AISKGConstrainedTransfer,full_document
34111421,4292,D015179,Association,4292,0.7106931415,AISKGConstrainedTransfer,full_document
34111421,4436,D015179,Association,4436,0.7230826459,AISKGConstrainedTransfer,full_document
34111421,D015179,rs193922376,Positive_Correlation,,0.5293928963,AISKGConstrainedTransfer,full_document
34115511,D002118,p|SUB|D|94|S,Association,p|SUB|D|94|S,0.452479728,AISKGConstrainedTransfer,full_document
34115511,D002118,p|SUB|E|59|D,Association,p|SUB|E|59|D,0.5221743311,AISKGConstrainedTransfer,full_document
34115511,D002118,p|SUB|G|98|E,Association,p|SUB|G|98|E,0.452479728,AISKGConstrainedTransfer,full_document
34115511,D002118,p|SUB|S|55|D,Association,p|SUB|S|55|D,0.5916888245,AISKGConstrainedTransfer,full_document
34115511,D006859,D010100,Association,D006859,0.5950886293,AISKGConstrainedTransfer,full_document
34115511,D008274,p|SUB|D|94|S,Association,p|SUB|D|94|S,0.681064853,AISKGConstrainedTransfer,full_document
34115511,D008274,p|SUB|E|59|D,Association,p|SUB|E|59|D,0.681064853,AISKGConstrainedTransfer,full_document
34115511,D008274,p|SUB|G|98|E,Association,p|SUB|G|98|E,0.681064853,AISKGConstrainedTransfer,full_document
34115511,D008274,p|SUB|S|55|D,Association,p|SUB|S|55|D,0.681064853,AISKGConstrainedTransfer,full_document
34143713,1293,3913,Association,,0.7126442483,AISKGConstrainedTransfer,full_document
34143713,1293,7057,Association,,0.6660462457,AISKGConstrainedTransfer,full_document
34143713,1293,D009798,Association,1293,0.9212704275,AISKGConstrainedTransfer,full_document
34143713,3913,7057,Association,,0.4559073579,AISKGConstrainedTransfer,full_document
34143713,7057,D005901,Association,7057,0.9025419387,AISKGConstrainedTransfer,full_document
34143713,7057,D009798,Association,7057,0.9212704275,AISKGConstrainedTransfer,full_document
34143713,D005901,rs2228262,Positive_Correlation,,0.4965442908,AISKGConstrainedTransfer,full_document
34143713,D009798,rs2228262,Positive_Correlation,,0.5679413891,AISKGConstrainedTransfer,full_document
34151866,23576,D001997,Association,23576,0.9109398186,AISKGConstrainedTransfer,full_document
34151866,23576,D006976,Association,23576,0.8028190831,AISKGConstrainedTransfer,full_document
34151866,23576,D009573,Negative_Correlation,D009573,0.3909629346,AISKGConstrainedTransfer,full_document
34151866,4843,D009569,Negative_Correlation,D009569,0.4279346153,AISKGConstrainedTransfer,full_document
34151866,C018524,D009569,Conversion,D009569,0.5749081211,AISKGConstrainedTransfer,full_document
34151866,C018524,D009573,Conversion,D009573,0.622105338,AISKGConstrainedTransfer,full_document
34151866,D001997,D009569,Positive_Correlation,D001997,0.5060558444,AISKGConstrainedTransfer,full_document
34151866,D001997,rs480414,Positive_Correlation,,0.5554602444,AISKGConstrainedTransfer,full_document
34151866,D002956,D009569,Conversion,D009569,0.5749081211,AISKGConstrainedTransfer,full_document
34151866,D002956,D009573,Conversion,D009573,0.622105338,AISKGConstrainedTransfer,full_document
34151866,D006976,D009569,Positive_Correlation,D006976,0.4676385989,AISKGConstrainedTransfer,full_document
34151866,D006976,rs480414,Positive_Correlation,,0.5506081835,AISKGConstrainedTransfer,full_document
34151866,D009569,D009573,Conversion,D009573,0.5995428136,AISKGConstrainedTransfer,full_document
34151866,D009569,rs480414,Association,rs480414,0.5755323616,AISKGConstrainedTransfer,full_document
34157861,104797223,25202,Negative_Correlation,25202,0.4087628164,AISKGConstrainedTransfer,full_document
34157861,104797223,25206,Negative_Correlation,25206,0.4087628164,AISKGConstrainedTransfer,full_document
34157861,104797223,497757,Negative_Correlation,497757,0.4087628164,AISKGConstrainedTransfer,full_document
34157861,104797223,66012,Negative_Correlation,66012,0.4087628164,AISKGConstrainedTransfer,full_document
34157861,104797223,C116890,Negative_Correlation,C116890,0.6985169198,AISKGConstrainedTransfer,full_document
34157861,104797223,C570240,Negative_Correlation,C570240,0.7191891858,AISKGConstrainedTransfer,full_document
34157861,104797223,D003920,Association,104797223,0.4846297447,AISKGConstrainedTransfer,full_document
34157861,104797223,D005947,Negative_Correlation,D005947,0.4284928789,AISKGConstrainedTransfer,full_document
34157861,104797223,D006152,Negative_Correlation,D006152,0.4459065745,AISKGConstrainedTransfer,full_document
34157861,104797223,D006333,Association,104797223,0.8776393183,AISKGConstrainedTransfer,full_document
34157861,104797223,D006976,Association,104797223,0.8285035928,AISKGConstrainedTransfer,full_document
34157861,104797223,D007328,Negative_Correlation,D007328,0.5094759701,AISKGConstrainedTransfer,full_document
34157861,104797223,D009765,Association,104797223,0.7079868631,AISKGConstrainedTransfer,full_document
34157861,104797223,D014652,Association,104797223,0.8417905401,AISKGConstrainedTransfer,full_document
34157861,104797223,D017382,Negative_Correlation,D017382,0.3962274536,AISKGConstrainedTransfer,full_document
34157861,104797223,D024821,Association,104797223,0.8609903345,AISKGConstrainedTransfer,full_document
34157861,24536,C116890,Negative_Correlation,C116890,0.5353859881,AISKGConstrainedTransfer,full_document
34157861,24536,D006333,Association,24536,0.7091965281,AISKGConstrainedTransfer,full_document
34157861,24536,D006976,Association,24536,0.7038896833,AISKGConstrainedTransfer,full_document
34157861,24536,D009765,Association,24536,0.7215850958,AISKGConstrainedTransfer,full_document
34157861,25202,574455,Negative_Correlation,574455,0.4087628164,AISKGConstrainedTransfer,full_document
34157861,25202,64522,Association,,0.49412058,AISKGConstrainedTransfer,full_document
34157861,25202,C116890,Negative_Correlation,C116890,0.4760961208,AISKGConstrainedTransfer,full_document
34157861,25202,C570240,Negative_Correlation,C570240,0.6985169198,AISKGConstrainedTransfer,full_document
34157861,25202,D003920,Association,25202,0.4846297447,AISKGConstrainedTransfer,full_document
34157861,25202,D005947,Negative_Correlation,D005947,0.4284928789,AISKGConstrainedTransfer,full_document
34157861,25202,D006152,Negative_Correlation,D006152,0.4981845745,AISKGConstrainedTransfer,full_document
34157861,25202,D006333,Association,25202,0.8655284915,AISKGConstrainedTransfer,full_document
34157861,25202,D006976,Association,25202,0.6616978739,AISKGConstrainedTransfer,full_document
34157861,25202,D007328,Negative_Correlation,D007328,0.4535861184,AISKGConstrainedTransfer,full_document
34157861,25202,D009765,Association,25202,0.836906644,AISKGConstrainedTransfer,full_document
34157861,25202,D014652,Association,25202,0.8586699876,AISKGConstrainedTransfer,full_document
34157861,25202,D017382,Positive_Correlation,D017382,0.4140338913,AISKGConstrainedTransfer,full_document
34157861,25202,D024821,Association,25202,0.8677815845,AISKGConstrainedTransfer,full_document
34157861,25206,574455,Negative_Correlation,574455,0.4087628164,AISKGConstrainedTransfer,full_document
34157861,25206,C116890,Negative_Correlation,C116890,0.6985169198,AISKGConstrainedTransfer,full_document
34157861,25206,C570240,Negative_Correlation,C570240,0.6985169198,AISKGConstrainedTransfer,full_document
34157861,25206,D006333,Association,25206,0.8655284915,AISKGConstrainedTransfer,full_document
34157861,25206,D006976,Association,25206,0.6616978739,AISKGConstrainedTransfer,full_document
34157861,25206,D009765,Association,25206,0.7079868631,AISKGConstrainedTransfer,full_document
34157861,25206,D014652,Association,25206,0.8586699876,AISKGConstrainedTransfer,full_document
34157861,25206,D017382,Negative_Correlation,D017382,0.6479576998,AISKGConstrainedTransfer,full_document
34157861,25206,D024821,Association,25206,0.8677815845,AISKGConstrainedTransfer,full_document
34157861,29508,C116890,Negative_Correlation,C116890,0.4935741151,AISKGConstrainedTransfer,full_document
34157861,29508,C570240,Negative_Correlation,C570240,0.6985169198,AISKGConstrainedTransfer,full_document
34157861,29508,D003920,Association,29508,0.5261427952,AISKGConstrainedTransfer,full_document
34157861,29508,D006333,Association,29508,0.8776393183,AISKGConstrainedTransfer,full_document
34157861,29508,D006976,Association,29508,0.6616978739,AISKGConstrainedTransfer,full_document
34157861,29508,D009765,Association,29508,0.8510205109,AISKGConstrainedTransfer,full_document
34157861,29508,D014652,Association,29508,0.8310478396,AISKGConstrainedTransfer,full_document
34157861,29508,D017382,Negative_Correlation,D017382,0.3962274536,AISKGConstrainedTransfer,full_document
34157861,29508,D024821,Association,29508,0.8677815845,AISKGConstrainedTransfer,full_document
34157861,4800,C116890,Negative_Correlation,C116890,0.6985169198,AISKGConstrainedTransfer,full_document
34157861,4800,C570240,Negative_Correlation,C570240,0.6985169198,AISKGConstrainedTransfer,full_document
34157861,4800,D003920,Association,4800,0.5261427952,AISKGConstrainedTransfer,full_document
34157861,4800,D006333,Association,4800,0.8776393183,AISKGConstrainedTransfer,full_document
34157861,4800,D006976,Association,4800,0.6616978739,AISKGConstrainedTransfer,full_document
34157861,4800,D009765,Association,4800,0.7079868631,AISKGConstrainedTransfer,full_document
34157861,4800,D014652,Association,4800,0.8310478396,AISKGConstrainedTransfer,full_document
34157861,4800,D017382,Negative_Correlation,D017382,0.3962274536,AISKGConstrainedTransfer,full_document
34157861,4800,D024821,Association,4800,0.8677815845,AISKGConstrainedTransfer,full_document
34157861,497757,574455,Negative_Correlation,574455,0.4087628164,AISKGConstrainedTransfer,full_document
34157861,497757,C116890,Negative_Correlation,C116890,0.6985169198,AISKGConstrainedTransfer,full_document
34157861,497757,C570240,Negative_Correlation,C570240,0.6985169198,AISKGConstrainedTransfer,full_document
34157861,497757,D006333,Association,497757,0.8655284915,AISKGConstrainedTransfer,full_document
34157861,497757,D006976,Association,497757,0.6616978739,AISKGConstrainedTransfer,full_document
34157861,497757,D009765,Association,497757,0.7079868631,AISKGConstrainedTransfer,full_document
34157861,497757,D014652,Association,497757,0.8586699876,AISKGConstrainedTransfer,full_document
34157861,497757,D017382,Negative_Correlation,D017382,0.6479576998,AISKGConstrainedTransfer,full_document
34157861,497757,D024821,Association,497757,0.8677815845,AISKGConstrainedTransfer,full_document
34157861,574455,66012,Negative_Correlation,66012,0.4087628164,AISKGConstrainedTransfer,full_document
34157861,574455,C116890,Negative_Correlation,C116890,0.6985169198,AISKGConstrainedTransfer,full_document
34157861,574455,C570240,Negative_Correlation,C570240,0.7191891858,AISKGConstrainedTransfer,full_document
34157861,574455,D003920,Association,574455,0.4846297447,AISKGConstrainedTransfer,full_document
34157861,574455,D005947,Negative_Correlation,D005947,0.4284928789,AISKGConstrainedTransfer,full_document
34157861,574455,D006152,Negative_Correlation,D006152,0.4459065745,AISKGConstrainedTransfer,full_document
34157861,574455,D006333,Association,574455,0.8776393183,AISKGConstrainedTransfer,full_document
34157861,574455,D006976,Association,574455,0.8285035928,AISKGConstrainedTransfer,full_document
34157861,574455,D007328,Negative_Correlation,D007328,0.5094759701,AISKGConstrainedTransfer,full_document
34157861,574455,D009765,Association,574455,0.7079868631,AISKGConstrainedTransfer,full_document
34157861,574455,D014652,Association,574455,0.8417905401,AISKGConstrainedTransfer,full_document
34157861,574455,D017382,Negative_Correlation,D017382,0.3962274536,AISKGConstrainedTransfer,full_document
34157861,574455,D024821,Association,574455,0.8609903345,AISKGConstrainedTransfer,full_document
34157861,64522,D006152,Negative_Correlation,D006152,0.4003188184,AISKGConstrainedTransfer,full_document
34157861,64522,D006976,Association,64522,0.8052953194,AISKGConstrainedTransfer,full_document
34157861,66012,C116890,Negative_Correlation,C116890,0.6985169198,AISKGConstrainedTransfer,full_document
34157861,66012,C570240,Negative_Correlation,C570240,0.6985169198,AISKGConstrainedTransfer,full_document
34157861,66012,D006333,Association,66012,0.8655284915,AISKGConstrainedTransfer,full_document
34157861,66012,D006976,Association,66012,0.6616978739,AISKGConstrainedTransfer,full_document
34157861,66012,D009765,Association,66012,0.7079868631,AISKGConstrainedTransfer,full_document
34157861,66012,D014652,Association,66012,0.8586699876,AISKGConstrainedTransfer,full_document
34157861,66012,D017382,Negative_Correlation,D017382,0.6479576998,AISKGConstrainedTransfer,full_document
34157861,66012,D024821,Association,66012,0.8677815845,AISKGConstrainedTransfer,full_document
34157861,C116890,C570240,Cotreatment,,0.5914730345,AISKGConstrainedTransfer,full_document
34157861,C116890,D006333,Negative_Correlation,C116890,0.4633146248,AISKGConstrainedTransfer,full_document
34157861,C116890,D006976,Negative_Correlation,C116890,0.4624990846,AISKGConstrainedTransfer,full_document
34157861,C116890,D009765,Negative_Correlation,C116890,0.4601247441,AISKGConstrainedTransfer,full_document
34157861,C116890,D017382,Negative_Correlation,D017382,0.7170866623,AISKGConstrainedTransfer,full_document
34157861,C116890,D024821,Negative_Correlation,C116890,0.5810924467,AISKGConstrainedTransfer,full_document
34157861,C570240,D006976,Negative_Correlation,C570240,0.5735276368,AISKGConstrainedTransfer,full_document
34157861,C570240,D009765,Negative_Correlation,C570240,0.4796632187,AISKGConstrainedTransfer,full_document
34157861,C570240,D017382,Negative_Correlation,D017382,0.7170866623,AISKGConstrainedTransfer,full_document
34157861,C570240,D024821,Negative_Correlation,C570240,0.4710640482,AISKGConstrainedTransfer,full_document
34157861,D003920,D005947,Negative_Correlation,D003920,0.4605019852,AISKGConstrainedTransfer,full_document
34157861,D003920,D006152,Negative_Correlation,D003920,0.4481803373,AISKGConstrainedTransfer,full_document
34157861,D003920,D007328,Negative_Correlation,D003920,0.467685688,AISKGConstrainedTransfer,full_document
34157861,D003920,D017382,Negative_Correlation,D003920,0.4190878721,AISKGConstrainedTransfer,full_document
34157861,D003920,D019308,Negative_Correlation,D003920,0.4480764017,AISKGConstrainedTransfer,full_document
34157861,D004280,D009765,Positive_Correlation,D004280,0.542645501,AISKGConstrainedTransfer,full_document
34157861,D005947,D009765,Negative_Correlation,D005947,0.4572223322,AISKGConstrainedTransfer,full_document
34157861,D006152,D006976,Positive_Correlation,D006152,0.4424574228,AISKGConstrainedTransfer,full_document
34157861,D006333,D017382,Positive_Correlation,D006333,0.3912110573,AISKGConstrainedTransfer,full_document
34157861,D006976,D017382,Positive_Correlation,D006976,0.5692049534,AISKGConstrainedTransfer,full_document
34157861,D007328,D009765,Negative_Correlation,D007328,0.4604879849,AISKGConstrainedTransfer,full_document
34157861,D009765,D017382,Positive_Correlation,D009765,0.5401524804,AISKGConstrainedTransfer,full_document
34157861,D009765,D019308,Negative_Correlation,D009765,0.425646512,AISKGConstrainedTransfer,full_document
34157861,D014652,D017382,Positive_Correlation,D014652,0.5171792682,AISKGConstrainedTransfer,full_document
34157861,D017382,D024821,Positive_Correlation,D017382,0.4432541618,AISKGConstrainedTransfer,full_document
34215679,12608,21926,Association,,0.5290519842,AISKGConstrainedTransfer,full_document
34215679,12608,257630,Positive_Correlation,257630,0.4501945174,AISKGConstrainedTransfer,full_document
34215679,12608,D001327,Association,12608,0.7582918684,AISKGConstrainedTransfer,full_document
34215679,12608,D007674,Association,12608,0.7582918684,AISKGConstrainedTransfer,full_document
34215679,12609,16171,Positive_Correlation,16171,0.4375135579,AISKGConstrainedTransfer,full_document
34215679,12609,21926,Association,,0.5290519842,AISKGConstrainedTransfer,full_document
34215679,12609,257630,Positive_Correlation,257630,0.4501945174,AISKGConstrainedTransfer,full_document
34215679,12609,D001327,Association,12609,0.7582918684,AISKGConstrainedTransfer,full_document
34215679,12609,D007674,Association,12609,0.7582918684,AISKGConstrainedTransfer,full_document
34215679,16171,21926,Bind,16171,0.4160598247,AISKGConstrainedTransfer,full_document
34215679,16171,257630,Positive_Correlation,257630,0.5188766354,AISKGConstrainedTransfer,full_document
34215679,16171,C010223,Association,C010223,0.3973447975,AISKGConstrainedTransfer,full_document
34215679,16171,D001327,Association,16171,0.8300102383,AISKGConstrainedTransfer,full_document
34215679,16171,D007249,Association,16171,0.8300102383,AISKGConstrainedTransfer,full_document
34215679,16171,D007674,Association,16171,0.7544485109,AISKGConstrainedTransfer,full_document
34215679,16819,D001327,Association,16819,0.7016160991,AISKGConstrainedTransfer,full_document
34215679,16819,D005921,Association,16819,0.8687259541,AISKGConstrainedTransfer,full_document
34215679,16819,D007674,Association,16819,0.7016160991,AISKGConstrainedTransfer,full_document
34215679,21926,319765,Association,,0.6105290494,AISKGConstrainedTransfer,full_document
34215679,21926,D001327,Association,21926,0.8348415675,AISKGConstrainedTransfer,full_document
34215679,21926,D007249,Association,21926,0.8348415675,AISKGConstrainedTransfer,full_document
34215679,319765,D001327,Association,319765,0.8166049239,AISKGConstrainedTransfer,full_document
34215679,319765,D005921,Association,319765,0.8687259541,AISKGConstrainedTransfer,full_document
34215679,319765,D007249,Association,319765,0.8166049239,AISKGConstrainedTransfer,full_document
34215679,319765,D007674,Association,319765,0.7582918684,AISKGConstrainedTransfer,full_document
34215679,C010223,D001327,Positive_Correlation,C010223,0.4190706802,AISKGConstrainedTransfer,full_document
34215679,C010223,D007249,Positive_Correlation,C010223,0.4190706802,AISKGConstrainedTransfer,full_document
34224748,5566,D003480,Association,5566,0.8942005784,AISKGConstrainedTransfer,full_document
34224748,5566,D006854,Association,D006854,0.5520100018,AISKGConstrainedTransfer,full_document
34224748,5566,D018246,Association,5566,0.9293310537,AISKGConstrainedTransfer,full_document
34224748,D003480,p|SUB|E|31|V,Positive_Correlation,,0.6474009146,AISKGConstrainedTransfer,full_document
34224748,D003480,p|SUB|L|205|R,Positive_Correlation,,0.5865765374,AISKGConstrainedTransfer,full_document
34224748,D003480,p|SUB|W|196|R,Positive_Correlation,,0.5865765374,AISKGConstrainedTransfer,full_document
34224748,D006854,D018246,Positive_Correlation,D006854,0.5587283651,AISKGConstrainedTransfer,full_document
34244312,11148,925,Association,,0.5059626539,AISKGConstrainedTransfer,full_document
34244312,11148,D009369,Association,11148,0.8827559145,AISKGConstrainedTransfer,full_document
34244312,115653,207,Association,,0.5227215648,AISKGConstrainedTransfer,full_document
34244312,115653,4684,Association,,0.5311476424,AISKGConstrainedTransfer,full_document
34244312,115653,4790,Positive_Correlation,4790,0.4335267947,AISKGConstrainedTransfer,full_document
34244312,115653,5594,Association,,0.438032107,AISKGConstrainedTransfer,full_document
34244312,115653,5595,Association,,0.438032107,AISKGConstrainedTransfer,full_document
34244312,115653,5777,Positive_Correlation,5777,0.4976905679,AISKGConstrainedTransfer,full_document
34244312,115653,5781,Association,,0.423605271,AISKGConstrainedTransfer,full_document
34244312,115653,7409,Association,,0.423605271,AISKGConstrainedTransfer,full_document
34244312,115653,D009369,Association,115653,0.7917583422,AISKGConstrainedTransfer,full_document
34244312,207,4790,Positive_Correlation,4790,0.4177526299,AISKGConstrainedTransfer,full_document
34244312,207,5777,Association,,0.5011310161,AISKGConstrainedTransfer,full_document
34244312,207,5781,Association,,0.4899878116,AISKGConstrainedTransfer,full_document
34244312,4684,925,Association,,0.5311476424,AISKGConstrainedTransfer,full_document
34244312,4790,5594,Positive_Correlation,5594,0.390752095,AISKGConstrainedTransfer,full_document
34244312,4790,5595,Positive_Correlation,5595,0.390752095,AISKGConstrainedTransfer,full_document
34244312,4790,5777,Association,,0.4958435189,AISKGConstrainedTransfer,full_document
34244312,4790,5781,Association,,0.4873678975,AISKGConstrainedTransfer,full_document
34244312,4790,7409,Positive_Correlation,7409,0.4086375215,AISKGConstrainedTransfer,full_document
34244312,5594,5777,Association,,0.4525588603,AISKGConstrainedTransfer,full_document
34244312,5594,5781,Positive_Correlation,5781,0.4012076989,AISKGConstrainedTransfer,full_document
34244312,5594,7409,Positive_Correlation,7409,0.4012076989,AISKGConstrainedTransfer,full_document
34244312,5595,5777,Association,,0.4525588603,AISKGConstrainedTransfer,full_document
34244312,5595,5781,Positive_Correlation,5781,0.4012076989,AISKGConstrainedTransfer,full_document
34244312,5595,7409,Positive_Correlation,7409,0.4012076989,AISKGConstrainedTransfer,full_document
34244312,5777,5781,Positive_Correlation,5781,0.4782030539,AISKGConstrainedTransfer,full_document
34244312,5777,7409,Association,,0.4317399474,AISKGConstrainedTransfer,full_document
34244312,5781,7409,Positive_Correlation,7409,0.4398633193,AISKGConstrainedTransfer,full_document
34244312,925,D009369,Association,925,0.8745866935,AISKGConstrainedTransfer,full_document
34265624,2166,5465,Association,,0.5896225385,AISKGConstrainedTransfer,full_document
34265624,2166,7098,Association,,0.6200628427,AISKGConstrainedTransfer,full_document
34265624,2166,C005958,Negative_Correlation,C005958,0.466162429,AISKGConstrainedTransfer,full_document
34265624,2166,C078814,Negative_Correlation,C078814,0.466162429,AISKGConstrainedTransfer,full_document
34265624,2166,C088155,Negative_Correlation,C088155,0.4796489187,AISKGConstrainedTransfer,full_document
34265624,2166,C488250,Negative_Correlation,C488250,0.4327820235,AISKGConstrainedTransfer,full_document
34265624,2166,D000084462,Association,2166,0.9164231554,AISKGConstrainedTransfer,full_document
34265624,2166,D000090862,Association,2166,0.9070370073,AISKGConstrainedTransfer,full_document
34265624,2166,D002186,Negative_Correlation,D002186,0.4177627857,AISKGConstrainedTransfer,full_document
34265624,2166,D007249,Association,2166,0.7536868299,AISKGConstrainedTransfer,full_document
34265624,2166,D011070,Negative_Correlation,D011070,0.4592002769,AISKGConstrainedTransfer,full_document
34265624,3553,C005958,Negative_Correlation,C005958,0.4641126841,AISKGConstrainedTransfer,full_document
34265624,3553,C488250,Negative_Correlation,C488250,0.5238012928,AISKGConstrainedTransfer,full_document
34265624,3553,D000084462,Association,3553,0.8197291864,AISKGConstrainedTransfer,full_document
34265624,3659,C005958,Positive_Correlation,C005958,0.4057852029,AISKGConstrainedTransfer,full_document
34265624,4513,7098,Association,,0.4104390352,AISKGConstrainedTransfer,full_document
34265624,4513,C005958,Negative_Correlation,C005958,0.4621872201,AISKGConstrainedTransfer,full_document
34265624,4513,C488250,Negative_Correlation,C488250,0.5241525821,AISKGConstrainedTransfer,full_document
34265624,4513,D000084462,Association,4513,0.8243284462,AISKGConstrainedTransfer,full_document
34265624,4790,C005958,Positive_Correlation,C005958,0.3947306729,AISKGConstrainedTransfer,full_document
34265624,4843,7098,Association,,0.4564352946,AISKGConstrainedTransfer,full_document
34265624,4843,C005958,Negative_Correlation,C005958,0.4276326004,AISKGConstrainedTransfer,full_document
34265624,4843,C488250,Negative_Correlation,C488250,0.4947480102,AISKGConstrainedTransfer,full_document
34265624,4843,D000084462,Association,4843,0.8399423788,AISKGConstrainedTransfer,full_document
34265624,5465,7098,Association,,0.4138554077,AISKGConstrainedTransfer,full_document
34265624,5465,C022203,Association,C022203,0.3962121308,AISKGConstrainedTransfer,full_document
34265624,5465,D000084462,Association,5465,0.9164231554,AISKGConstrainedTransfer,full_document
34265624,5465,D000090862,Association,5465,0.8594149324,AISKGConstrainedTransfer,full_document
34265624,5465,D007249,Association,5465,0.9302033328,AISKGConstrainedTransfer,full_document
34265624,7098,9536,Association,,0.4128819871,AISKGConstrainedTransfer,full_document
34265624,7098,C005958,Positive_Correlation,C005958,0.4739226303,AISKGConstrainedTransfer,full_document
34265624,7098,C078814,Negative_Correlation,C078814,0.4796489187,AISKGConstrainedTransfer,full_document
34265624,7098,C488250,Negative_Correlation,C488250,0.5257874307,AISKGConstrainedTransfer,full_document
34265624,7098,D000084462,Association,7098,0.8789336433,AISKGConstrainedTransfer,full_document
34265624,7098,D000090862,Association,7098,0.8902459657,AISKGConstrainedTransfer,full_document
34265624,7098,D002186,Negative_Correlation,D002186,0.4451502279,AISKGConstrainedTransfer,full_document
34265624,7098,D007249,Association,7098,0.8407576838,AISKGConstrainedTransfer,full_document
34265624,7098,D011070,Negative_Correlation,D011070,0.448612745,AISKGConstrainedTransfer,full_document
34265624,9536,C005958,Negative_Correlation,C005958,0.4664806969,AISKGConstrainedTransfer,full_document
34265624,9536,C488250,Negative_Correlation,C488250,0.4664806969,AISKGConstrainedTransfer,full_document
34265624,9536,D000084462,Association,9536,0.8226127026,AISKGConstrainedTransfer,full_document
34265624,C005958,C078814,Negative_Correlation,C078814,0.4493629109,AISKGConstrainedTransfer,full_document
34265624,C005958,C088155,Negative_Correlation,C088155,0.4986638256,AISKGConstrainedTransfer,full_document
34265624,C005958,C488250,Negative_Correlation,C488250,0.4493629109,AISKGConstrainedTransfer,full_document
34265624,C005958,D000084462,Negative_Correlation,C005958,0.4807292588,AISKGConstrainedTransfer,full_document
34265624,C005958,D007249,Positive_Correlation,C005958,0.4831652886,AISKGConstrainedTransfer,full_document
34265624,C005958,D011070,Negative_Correlation,D011070,0.4520946013,AISKGConstrainedTransfer,full_document
34265624,C022203,D000084462,Positive_Correlation,C022203,0.3922759232,AISKGConstrainedTransfer,full_document
34265624,C022203,D000090862,Positive_Correlation,C022203,0.4150366331,AISKGConstrainedTransfer,full_document
34265624,C078814,C088155,Negative_Correlation,C088155,0.4493629109,AISKGConstrainedTransfer,full_document
34265624,C078814,C488250,Negative_Correlation,C488250,0.4986638256,AISKGConstrainedTransfer,full_document
34265624,C078814,D000084462,Positive_Correlation,C078814,0.490719977,AISKGConstrainedTransfer,full_document
34265624,C078814,D007249,Positive_Correlation,C078814,0.4831652886,AISKGConstrainedTransfer,full_document
34265624,C078814,D011070,Negative_Correlation,D011070,0.4520946013,AISKGConstrainedTransfer,full_document
34265624,C088155,C488250,Negative_Correlation,C488250,0.4986638256,AISKGConstrainedTransfer,full_document
34265624,C088155,D000084462,Positive_Correlation,C088155,0.5473279538,AISKGConstrainedTransfer,full_document
34265624,C088155,D007249,Positive_Correlation,C088155,0.4831652886,AISKGConstrainedTransfer,full_document
34265624,C088155,D011070,Negative_Correlation,D011070,0.4520946013,AISKGConstrainedTransfer,full_document
34265624,C488250,D000084462,Negative_Correlation,C488250,0.5016311033,AISKGConstrainedTransfer,full_document
34265624,C488250,D000090862,Positive_Correlation,C488250,0.4520277674,AISKGConstrainedTransfer,full_document
34265624,C488250,D007249,Positive_Correlation,C488250,0.4705926042,AISKGConstrainedTransfer,full_document
34265624,C488250,D011070,Negative_Correlation,D011070,0.4520946013,AISKGConstrainedTransfer,full_document
34265624,D000084462,D011070,Positive_Correlation,D000084462,0.4808349149,AISKGConstrainedTransfer,full_document
34265624,D007249,D011070,Positive_Correlation,D007249,0.4824294658,AISKGConstrainedTransfer,full_document
34279042,10664,150223,Association,,0.502863875,AISKGConstrainedTransfer,full_document
34279042,10664,7332,Positive_Correlation,7332,0.4853449425,AISKGConstrainedTransfer,full_document
34279042,10664,7528,Positive_Correlation,7528,0.5259966686,AISKGConstrainedTransfer,full_document
34279042,10664,D001327,Association,10664,0.7697636094,AISKGConstrainedTransfer,full_document
34279042,150223,7332,Positive_Correlation,7332,0.520293849,AISKGConstrainedTransfer,full_document
34279042,150223,7528,Positive_Correlation,7528,0.6241098262,AISKGConstrainedTransfer,full_document
34279042,150223,D001327,Association,150223,0.7677070302,AISKGConstrainedTransfer,full_document
34279042,4790,D001327,Association,4790,0.8128174364,AISKGConstrainedTransfer,full_document
34279042,7332,7528,Positive_Correlation,7528,0.6241098262,AISKGConstrainedTransfer,full_document
34279042,7332,D001327,Association,7332,0.7677070302,AISKGConstrainedTransfer,full_document
34279042,7528,D001327,Association,7528,0.7952661089,AISKGConstrainedTransfer,full_document
34289528,154,D007545,Positive_Correlation,D007545,0.5201201883,AISKGConstrainedTransfer,full_document
34289528,1674,5581,Association,,0.4254664315,AISKGConstrainedTransfer,full_document
34289528,1674,9659,Positive_Correlation,9659,0.4605382213,AISKGConstrainedTransfer,full_document
34289528,1674,D000242,Association,D000242,0.402182659,AISKGConstrainedTransfer,full_document
34289528,1674,D001145,Association,1674,0.8442525934,AISKGConstrainedTransfer,full_document
34289528,1674,D001281,Association,1674,0.7770095077,AISKGConstrainedTransfer,full_document
34289528,1674,D002311,Association,1674,0.8104626614,AISKGConstrainedTransfer,full_document
34289528,1674,D006327,Association,1674,0.9011318383,AISKGConstrainedTransfer,full_document
34289528,1674,D007545,Positive_Correlation,D007545,0.5540981037,AISKGConstrainedTransfer,full_document
34289528,5144,D000242,Positive_Correlation,D000242,0.4436825122,AISKGConstrainedTransfer,full_document
34289528,5144,D007545,Positive_Correlation,D007545,0.5012091871,AISKGConstrainedTransfer,full_document
34289528,5566,D007545,Positive_Correlation,D007545,0.5201201883,AISKGConstrainedTransfer,full_document
34289528,5581,D001281,Association,5581,0.8379632111,AISKGConstrainedTransfer,full_document
34289528,5581,D002311,Association,5581,0.816478201,AISKGConstrainedTransfer,full_document
34289528,5581,D006327,Association,5581,0.8189020811,AISKGConstrainedTransfer,full_document
34289528,9659,D001145,Association,9659,0.898481472,AISKGConstrainedTransfer,full_document
34289528,9659,D001281,Association,9659,0.8443103985,AISKGConstrainedTransfer,full_document
34289528,9659,D006327,Association,9659,0.8788759389,AISKGConstrainedTransfer,full_document
34289528,9659,D007545,Positive_Correlation,D007545,0.5187265677,AISKGConstrainedTransfer,full_document
34289528,D001281,rs376048590,Positive_Correlation,,0.5055558254,AISKGConstrainedTransfer,full_document
34289528,D001281,rs62636495,Positive_Correlation,,0.5546615849,AISKGConstrainedTransfer,full_document
34289528,D001281,rs782597157,Positive_Correlation,,0.5235123626,AISKGConstrainedTransfer,full_document
34289528,D002311,rs62636495,Positive_Correlation,,0.550846221,AISKGConstrainedTransfer,full_document
34289528,D006327,rs376048590,Positive_Correlation,,0.5472091723,AISKGConstrainedTransfer,full_document
34289528,D006327,rs62636495,Positive_Correlation,,0.582866895,AISKGConstrainedTransfer,full_document
34289528,D006327,rs782597157,Positive_Correlation,,0.5774678731,AISKGConstrainedTransfer,full_document
34329577,D000079963,D006689,Negative_Correlation,D000079963,0.6277881139,AISKGConstrainedTransfer,full_document
34329577,D000079963,D009369,Positive_Correlation,D000079963,0.4306471009,AISKGConstrainedTransfer,full_document
34329577,D000079963,D012008,Negative_Correlation,D000079963,0.5424812967,AISKGConstrainedTransfer,full_document
34329577,D005047,D006689,Negative_Correlation,D005047,0.6277881139,AISKGConstrainedTransfer,full_document
34329577,D005047,D009369,Positive_Correlation,D005047,0.4306471009,AISKGConstrainedTransfer,full_document
34329577,D005047,D012008,Negative_Correlation,D005047,0.5234567956,AISKGConstrainedTransfer,full_document
34329577,D006689,D007069,Negative_Correlation,D006689,0.6267055011,AISKGConstrainedTransfer,full_document
34329577,D006689,D016190,Negative_Correlation,D006689,0.6267055011,AISKGConstrainedTransfer,full_document
34329577,D007069,D009369,Positive_Correlation,D007069,0.4306471009,AISKGConstrainedTransfer,full_document
34329577,D007069,D012008,Negative_Correlation,D007069,0.5065490688,AISKGConstrainedTransfer,full_document
34329577,D009369,D016190,Positive_Correlation,D009369,0.4660939112,AISKGConstrainedTransfer,full_document
34329577,D012008,D016190,Negative_Correlation,D012008,0.4838666104,AISKGConstrainedTransfer,full_document
34368951,12156,12393,Association,,0.5434563538,AISKGConstrainedTransfer,full_document
34368951,12156,17125,Association,,0.6106347288,AISKGConstrainedTransfer,full_document
34368951,12156,17126,Association,,0.5571933494,AISKGConstrainedTransfer,full_document
34368951,12156,17127,Association,,0.5571933494,AISKGConstrainedTransfer,full_document
34368951,12156,17129,Association,,0.6106347288,AISKGConstrainedTransfer,full_document
34368951,12156,20516,Association,,0.5609048797,AISKGConstrainedTransfer,full_document
34368951,12156,55994,Association,,0.6106347288,AISKGConstrainedTransfer,full_document
34368951,12156,D002114,Association,12156,0.8658268315,AISKGConstrainedTransfer,full_document
34368951,12156,D061205,Association,12156,0.898805411,AISKGConstrainedTransfer,full_document
34368951,12393,17125,Association,,0.6035041836,AISKGConstrainedTransfer,full_document
34368951,12393,17126,Association,,0.5517182686,AISKGConstrainedTransfer,full_document
34368951,12393,17127,Association,,0.5517182686,AISKGConstrainedTransfer,full_document
34368951,12393,17129,Association,,0.6035041836,AISKGConstrainedTransfer,full_document
34368951,12393,55994,Association,,0.6035041836,AISKGConstrainedTransfer,full_document
34368951,12393,D002114,Association,12393,0.9286097312,AISKGConstrainedTransfer,full_document
34368951,12393,D002762,Association,D002762,0.4339074605,AISKGConstrainedTransfer,full_document
34368951,12393,D061205,Association,12393,0.9299336171,AISKGConstrainedTransfer,full_document
34368951,13717,16591,Association,,0.5146672147,AISKGConstrainedTransfer,full_document
34368951,13717,D061205,Association,13717,0.8453787655,AISKGConstrainedTransfer,full_document
34368951,16591,17125,Association,,0.6037814505,AISKGConstrainedTransfer,full_document
34368951,16591,17126,Association,,0.5571933494,AISKGConstrainedTransfer,full_document
34368951,16591,17127,Association,,0.5571933494,AISKGConstrainedTransfer,full_document
34368951,16591,17129,Association,,0.6037814505,AISKGConstrainedTransfer,full_document
34368951,16591,20516,Association,,0.5609048797,AISKGConstrainedTransfer,full_document
34368951,16591,55994,Association,,0.6037814505,AISKGConstrainedTransfer,full_document
34368951,16591,D002114,Association,16591,0.8255936824,AISKGConstrainedTransfer,full_document
34368951,16591,D010710,Association,D010710,0.429068012,AISKGConstrainedTransfer,full_document
34368951,16591,D054559,Association,16591,0.8947909513,AISKGConstrainedTransfer,full_document
34368951,16591,D061205,Association,16591,0.8388327632,AISKGConstrainedTransfer,full_document
34368951,17125,20516,Association,,0.4865819584,AISKGConstrainedTransfer,full_document
34368951,17125,D002114,Association,17125,0.9214798838,AISKGConstrainedTransfer,full_document
34368951,17125,D002762,Association,D002762,0.4097695753,AISKGConstrainedTransfer,full_document
34368951,17126,17129,Association,,0.4353713989,AISKGConstrainedTransfer,full_document
34368951,17126,20516,Association,,0.5342008619,AISKGConstrainedTransfer,full_document
34368951,17126,55994,Association,,0.4353713989,AISKGConstrainedTransfer,full_document
34368951,17126,D002114,Association,17126,0.9261103642,AISKGConstrainedTransfer,full_document
34368951,17126,D002762,Association,D002762,0.4261205987,AISKGConstrainedTransfer,full_document
34368951,17127,17129,Association,,0.4353713989,AISKGConstrainedTransfer,full_document
34368951,17127,20516,Association,,0.5342008619,AISKGConstrainedTransfer,full_document
34368951,17127,55994,Association,,0.4353713989,AISKGConstrainedTransfer,full_document
34368951,17127,D002114,Association,17127,0.9261103642,AISKGConstrainedTransfer,full_document
34368951,17127,D002762,Association,D002762,0.4261205987,AISKGConstrainedTransfer,full_document
34368951,17129,20516,Association,,0.4865819584,AISKGConstrainedTransfer,full_document
34368951,17129,D002114,Association,17129,0.9214798838,AISKGConstrainedTransfer,full_document
34368951,17129,D002762,Association,D002762,0.4097695753,AISKGConstrainedTransfer,full_document
34368951,20516,55994,Association,,0.6106347288,AISKGConstrainedTransfer,full_document
34368951,20516,D002114,Association,20516,0.9260788174,AISKGConstrainedTransfer,full_document
34368951,20516,D002762,Association,D002762,0.4376430816,AISKGConstrainedTransfer,full_document
34368951,55994,D002114,Association,55994,0.9214798838,AISKGConstrainedTransfer,full_document
34368951,55994,D002762,Association,D002762,0.4097695753,AISKGConstrainedTransfer,full_document
34368951,D002114,D002762,Positive_Correlation,D002114,0.4859624817,AISKGConstrainedTransfer,full_document
34368951,D002114,D010710,Positive_Correlation,D002114,0.4012335087,AISKGConstrainedTransfer,full_document
34368951,D010710,D054559,Positive_Correlation,D010710,0.4521952046,AISKGConstrainedTransfer,full_document
34368951,D010710,D061205,Positive_Correlation,D010710,0.4708860802,AISKGConstrainedTransfer,full_document
34376578,1019,1029,Association,,0.4064941703,AISKGConstrainedTransfer,full_document
34376578,1019,673,Association,,0.5125080436,AISKGConstrainedTransfer,full_document
34376578,1019,C500026,Negative_Correlation,C500026,0.394034695,AISKGConstrainedTransfer,full_document
34376578,1019,C560077,Negative_Correlation,C560077,0.394034695,AISKGConstrainedTransfer,full_document
34376578,1019,D008545,Association,1019,0.847710119,AISKGConstrainedTransfer,full_document
34376578,1019,D009369,Association,1019,0.7571119001,AISKGConstrainedTransfer,full_document
34376578,1021,1029,Association,,0.4064941703,AISKGConstrainedTransfer,full_document
34376578,1021,673,Association,,0.5125080436,AISKGConstrainedTransfer,full_document
34376578,1021,C500026,Negative_Correlation,C500026,0.394034695,AISKGConstrainedTransfer,full_document
34376578,1021,C560077,Negative_Correlation,C560077,0.394034695,AISKGConstrainedTransfer,full_document
34376578,1021,D008545,Association,1021,0.847710119,AISKGConstrainedTransfer,full_document
34376578,1021,D009369,Association,1021,0.7571119001,AISKGConstrainedTransfer,full_document
34376578,1029,5609,Association,,0.5266109061,AISKGConstrainedTransfer,full_document
34376578,1029,673,Positive_Correlation,673,0.4264032499,AISKGConstrainedTransfer,full_document
34376578,1029,D008545,Association,1029,0.6943248386,AISKGConstrainedTransfer,full_document
34376578,1029,D009369,Association,1029,0.584681481,AISKGConstrainedTransfer,full_document
34376578,4893,D008545,Association,4893,0.6923148375,AISKGConstrainedTransfer,full_document
34376578,4893,D009369,Association,4893,0.5832231228,AISKGConstrainedTransfer,full_document
34376578,5594,D008545,Association,5594,0.7787229947,AISKGConstrainedTransfer,full_document
34376578,5594,D009369,Association,5594,0.6425826593,AISKGConstrainedTransfer,full_document
34376578,5609,C500026,Negative_Correlation,C500026,0.4074843625,AISKGConstrainedTransfer,full_document
34376578,5609,C560077,Negative_Correlation,C560077,0.4010575804,AISKGConstrainedTransfer,full_document
34376578,5609,D008545,Association,5609,0.8204002388,AISKGConstrainedTransfer,full_document
34376578,5609,D009369,Association,5609,0.7528511366,AISKGConstrainedTransfer,full_document
34376578,673,D008545,Association,673,0.647913777,AISKGConstrainedTransfer,full_document
34376578,673,D009369,Association,673,0.7528511366,AISKGConstrainedTransfer,full_document
34376578,C500026,D009369,Negative_Correlation,C500026,0.4923106535,AISKGConstrainedTransfer,full_document
34376578,C560077,D009369,Negative_Correlation,C560077,0.4923106535,AISKGConstrainedTransfer,full_document
34376578,D009369,rs113488022,Association,,0.4092663802,AISKGConstrainedTransfer,full_document
34386973,336252,D001569,Negative_Correlation,D001569,0.5756369478,AISKGConstrainedTransfer,full_document
34386973,336252,D003975,Negative_Correlation,D003975,0.5360909027,AISKGConstrainedTransfer,full_document
34386973,336252,D005442,Negative_Correlation,D005442,0.5756369478,AISKGConstrainedTransfer,full_document
34386973,336252,D005479,Negative_Correlation,D005479,0.5756369478,AISKGConstrainedTransfer,full_document
34386973,336252,D005680,Negative_Correlation,D005680,0.5756369478,AISKGConstrainedTransfer,full_document
34386973,336252,D008874,Negative_Correlation,D008874,0.5375739453,AISKGConstrainedTransfer,full_document
34386973,553402,D001569,Bind,D001569,0.4419605613,AISKGConstrainedTransfer,full_document
34386973,553402,D005442,Negative_Correlation,D005442,0.4454235901,AISKGConstrainedTransfer,full_document
34386973,553402,D005479,Negative_Correlation,D005479,0.5910570631,AISKGConstrainedTransfer,full_document
34386973,553402,D005680,Negative_Correlation,D005680,0.5756369478,AISKGConstrainedTransfer,full_document
34386973,553402,D008874,Negative_Correlation,D008874,0.4272466674,AISKGConstrainedTransfer,full_document
34386973,566922,D001569,Bind,D001569,0.4419605613,AISKGConstrainedTransfer,full_document
34386973,566922,D005442,Negative_Correlation,D005442,0.4454235901,AISKGConstrainedTransfer,full_document
34386973,566922,D005479,Negative_Correlation,D005479,0.5910570631,AISKGConstrainedTransfer,full_document
34386973,566922,D005680,Negative_Correlation,D005680,0.5756369478,AISKGConstrainedTransfer,full_document
34386973,566922,D008874,Negative_Correlation,D008874,0.4272466674,AISKGConstrainedTransfer,full_document
34386973,768183,D001569,Bind,D001569,0.4419605613,AISKGConstrainedTransfer,full_document
34386973,768183,D005442,Negative_Correlation,D005442,0.4454235901,AISKGConstrainedTransfer,full_document
34386973,768183,D005479,Negative_Correlation,D005479,0.5910570631,AISKGConstrainedTransfer,full_document
34386973,768183,D005680,Negative_Correlation,D005680,0.5756369478,AISKGConstrainedTransfer,full_document
34386973,768183,D008874,Negative_Correlation,D008874,0.4272466674,AISKGConstrainedTransfer,full_document
34386973,D001569,D003975,Negative_Correlation,D003975,0.6051684972,AISKGConstrainedTransfer,full_document
34386973,D001569,D005479,Negative_Correlation,D005479,0.6534940112,AISKGConstrainedTransfer,full_document
34386973,D001569,D005680,Negative_Correlation,D005680,0.6534940112,AISKGConstrainedTransfer,full_document
34386973,D001569,D008874,Negative_Correlation,D008874,0.6347760088,AISKGConstrainedTransfer,full_document
34386973,D003975,D005479,Negative_Correlation,D005479,0.5293926998,AISKGConstrainedTransfer,full_document
34386973,D003975,D005680,Negative_Correlation,D005680,0.6569609524,AISKGConstrainedTransfer,full_document
34386973,D003975,D008874,Negative_Correlation,D008874,0.4101085129,AISKGConstrainedTransfer,full_document
34386973,D003975,p|SUB|N|265|M,Association,p|SUB|N|265|M,0.4459818323,AISKGConstrainedTransfer,full_document
34386973,D003975,p|SUB|S|270|I,Association,p|SUB|S|270|I,0.4459818323,AISKGConstrainedTransfer,full_document
34386973,D005442,D005680,Negative_Correlation,D005680,0.6112969408,AISKGConstrainedTransfer,full_document
34386973,D005442,p|SUB|N|265|M,Association,p|SUB|N|265|M,0.4520014116,AISKGConstrainedTransfer,full_document
34386973,D005442,p|SUB|S|270|I,Association,p|SUB|S|270|I,0.4520014116,AISKGConstrainedTransfer,full_document
34386973,D005479,D005680,Negative_Correlation,D005680,0.6534940112,AISKGConstrainedTransfer,full_document
34386973,D005680,D008874,Negative_Correlation,D008874,0.6347760088,AISKGConstrainedTransfer,full_document
34386973,D008874,p|SUB|N|265|M,Association,p|SUB|N|265|M,0.4966065164,AISKGConstrainedTransfer,full_document
34386973,D008874,p|SUB|S|270|I,Association,p|SUB|S|270|I,0.4732800923,AISKGConstrainedTransfer,full_document
34529977,854068,D000431,Association,D000431,0.4735197669,AISKGConstrainedTransfer,full_document
34529977,854068,D015032,Association,D015032,0.4766352376,AISKGConstrainedTransfer,full_document
34529977,D000079,D000431,Negative_Correlation,D000431,0.3994118166,AISKGConstrainedTransfer,full_document
34529977,D000079,c|SUB|T|45|G,Association,c|SUB|T|45|G,0.5046323306,AISKGConstrainedTransfer,full_document
34529977,D000431,D015032,Association,D000431,0.4016268954,AISKGConstrainedTransfer,full_document
34529977,D009243,c|SUB|T|45|G,Association,c|SUB|T|45|G,0.48677657,AISKGConstrainedTransfer,full_document
34529977,D010100,D015032,Association,D010100,0.4947763392,AISKGConstrainedTransfer,full_document
34555226,14825,D012769,Association,14825,0.8942709116,AISKGConstrainedTransfer,full_document
34555226,14825,D014947,Association,14825,0.8942709116,AISKGConstrainedTransfer,full_document
34555226,154,3576,Association,,0.4839248252,AISKGConstrainedTransfer,full_document
34555226,24176,25638,Association,,0.4982657674,AISKGConstrainedTransfer,full_document
34555226,24176,3576,Association,,0.4237155917,AISKGConstrainedTransfer,full_document
34555226,24176,5141,Association,,0.4136791397,AISKGConstrainedTransfer,full_document
34555226,24176,81503,Association,,0.6646457063,AISKGConstrainedTransfer,full_document
34555226,24176,D000242,Negative_Correlation,D000242,0.5684283166,AISKGConstrainedTransfer,full_document
34555226,24176,D012128,Association,24176,0.9273277437,AISKGConstrainedTransfer,full_document
34555226,24176,D020889,Negative_Correlation,D020889,0.6187704751,AISKGConstrainedTransfer,full_document
34555226,25638,81503,Association,,0.5360583401,AISKGConstrainedTransfer,full_document
34555226,25638,D012128,Association,25638,0.9283263458,AISKGConstrainedTransfer,full_document
34555226,3576,5141,Bind,3576,0.5062932534,AISKGConstrainedTransfer,full_document
34555226,3576,D000242,Association,D000242,0.426387959,AISKGConstrainedTransfer,full_document
34555226,5141,81503,Association,,0.4614204457,AISKGConstrainedTransfer,full_document
34555226,5141,D000242,Negative_Correlation,D000242,0.527175051,AISKGConstrainedTransfer,full_document
34555226,5141,D012140,Association,5141,0.8189472241,AISKGConstrainedTransfer,full_document
34555226,5141,D020889,Negative_Correlation,D020889,0.5764459046,AISKGConstrainedTransfer,full_document
34555226,81503,D000242,Negative_Correlation,D000242,0.527175051,AISKGConstrainedTransfer,full_document
34555226,81503,D012128,Association,81503,0.9286955974,AISKGConstrainedTransfer,full_document
34555226,81503,D020889,Negative_Correlation,D020889,0.5313726961,AISKGConstrainedTransfer,full_document
34555226,D000242,D012140,Positive_Correlation,D000242,0.5522031133,AISKGConstrainedTransfer,full_document
34555226,D000242,D020889,Negative_Correlation,D020889,0.610176116,AISKGConstrainedTransfer,full_document
34555226,D012769,D020889,Positive_Correlation,D012769,0.4467033206,AISKGConstrainedTransfer,full_document
34555226,D014947,D020889,Positive_Correlation,D014947,0.4467033206,AISKGConstrainedTransfer,full_document
34642815,22884,23241,Positive_Correlation,23241,0.4879540043,AISKGConstrainedTransfer,full_document
34642815,22884,55690,Positive_Correlation,55690,0.4879540043,AISKGConstrainedTransfer,full_document
34642815,22884,D013577,Association,22884,0.8788241846,AISKGConstrainedTransfer,full_document
34642815,23241,55690,Positive_Correlation,55690,0.4879540043,AISKGConstrainedTransfer,full_document
34652576,10381,C580012,Association,10381,0.8452096695,AISKGConstrainedTransfer,full_document
34652576,10381,D001480,Association,10381,0.8577969475,AISKGConstrainedTransfer,full_document
34652576,10381,D003286,Association,10381,0.8844806254,AISKGConstrainedTransfer,full_document
34652576,10381,D005158,Association,10381,0.8606001216,AISKGConstrainedTransfer,full_document
34652576,10381,D009421,Association,10381,0.8624448815,AISKGConstrainedTransfer,full_document
34652576,10381,D010523,Association,10381,0.8540541389,AISKGConstrainedTransfer,full_document
34652576,10381,D020233,Association,10381,0.8361727881,AISKGConstrainedTransfer,full_document
34652576,10381,D054220,Association,10381,0.8900262217,AISKGConstrainedTransfer,full_document
34652576,C580012,rs864321716,Positive_Correlation,,0.5688932224,AISKGConstrainedTransfer,full_document
34652576,D001480,rs267607165,Association,,0.5258003059,AISKGConstrainedTransfer,full_document
34652576,D001480,rs864321716,Association,,0.5258003059,AISKGConstrainedTransfer,full_document
34652576,D003286,rs267607165,Association,,0.502169373,AISKGConstrainedTransfer,full_document
34652576,D003286,rs864321716,Positive_Correlation,,0.5554177241,AISKGConstrainedTransfer,full_document
34652576,D005158,rs864321716,Positive_Correlation,,0.5584284124,AISKGConstrainedTransfer,full_document
34652576,D010523,rs267607165,Association,,0.4958356081,AISKGConstrainedTransfer,full_document
34652576,D010523,rs864321716,Positive_Correlation,,0.5616689523,AISKGConstrainedTransfer,full_document
34652576,D020233,rs267607165,Association,,0.4325695677,AISKGConstrainedTransfer,full_document
34652576,D020233,rs864321716,Association,,0.4325695677,AISKGConstrainedTransfer,full_document
34652576,D054220,rs864321716,Positive_Correlation,,0.4099835427,AISKGConstrainedTransfer,full_document
34655925,1956,2064,Association,,0.5826020754,AISKGConstrainedTransfer,full_document
34655925,1956,3845,Association,,0.534398771,AISKGConstrainedTransfer,full_document
34655925,1956,5979,Association,,0.5674983294,AISKGConstrainedTransfer,full_document
34655925,1956,C561943,Association,C561943,0.6089976508,AISKGConstrainedTransfer,full_document
34655925,1956,D009369,Association,1956,0.8840818873,AISKGConstrainedTransfer,full_document
34655925,2064,3845,Association,,0.5863075827,AISKGConstrainedTransfer,full_document
34655925,2064,5979,Association,,0.5590645266,AISKGConstrainedTransfer,full_document
34655925,2064,C561943,Association,C561943,0.5853702413,AISKGConstrainedTransfer,full_document
34655925,2064,D009369,Association,2064,0.8900568334,AISKGConstrainedTransfer,full_document
34655925,3320,C561943,Negative_Correlation,C561943,0.5544248879,AISKGConstrainedTransfer,full_document
34655925,3320,D002289,Association,3320,0.8152466199,AISKGConstrainedTransfer,full_document
34655925,3320,D008175,Association,3320,0.6574728005,AISKGConstrainedTransfer,full_document
34655925,3320,D016190,Negative_Correlation,D016190,0.5314873261,AISKGConstrainedTransfer,full_document
34655925,3320,D017239,Negative_Correlation,D017239,0.5298460138,AISKGConstrainedTransfer,full_document
34655925,3320,D055752,Association,3320,0.8152466199,AISKGConstrainedTransfer,full_document
34655925,3845,5979,Association,,0.6220716843,AISKGConstrainedTransfer,full_document
34655925,3845,C561943,Association,C561943,0.6370680797,AISKGConstrainedTransfer,full_document
34655925,3845,D009369,Association,3845,0.8829550877,AISKGConstrainedTransfer,full_document
34655925,5979,C561943,Association,C561943,0.5819295579,AISKGConstrainedTransfer,full_document
34655925,5979,D009369,Association,5979,0.886603541,AISKGConstrainedTransfer,full_document
34655925,C561943,D002289,Positive_Correlation,C561943,0.4717560572,AISKGConstrainedTransfer,full_document
34655925,C561943,D008175,Negative_Correlation,C561943,0.6336068676,AISKGConstrainedTransfer,full_document
34655925,C561943,D009369,Positive_Correlation,C561943,0.466100919,AISKGConstrainedTransfer,full_document
34655925,D008175,D016190,Negative_Correlation,D008175,0.509042154,AISKGConstrainedTransfer,full_document
34655925,D008175,D017239,Negative_Correlation,D008175,0.5200836672,AISKGConstrainedTransfer,full_document
34655925,D009369,D016190,Negative_Correlation,D009369,0.3933346726,AISKGConstrainedTransfer,full_document
34659572,144501,2113,Association,,0.5229120956,AISKGConstrainedTransfer,full_document
34659572,144501,D009369,Association,144501,0.8463086501,AISKGConstrainedTransfer,full_document
34659572,144501,D010051,Association,144501,0.8134664656,AISKGConstrainedTransfer,full_document
34659572,2113,5594,Association,,0.5275390115,AISKGConstrainedTransfer,full_document
34659572,2113,5609,Association,,0.5275390115,AISKGConstrainedTransfer,full_document
34659572,2113,D009369,Association,2113,0.8703247786,AISKGConstrainedTransfer,full_document
34659572,2113,D010051,Association,2113,0.7410266192,AISKGConstrainedTransfer,full_document
34659572,406989,5594,Association,,0.5275390115,AISKGConstrainedTransfer,full_document
34659572,406989,5609,Association,,0.5275390115,AISKGConstrainedTransfer,full_document
34659572,406989,D009369,Association,406989,0.8703247786,AISKGConstrainedTransfer,full_document
34659572,406989,D010051,Association,406989,0.7800794762,AISKGConstrainedTransfer,full_document
34659572,5594,D009369,Association,5594,0.8590609794,AISKGConstrainedTransfer,full_document
34659572,5594,D010051,Association,5594,0.8477887346,AISKGConstrainedTransfer,full_document
34659572,5609,D009369,Association,5609,0.8590609794,AISKGConstrainedTransfer,full_document
34659572,5609,D010051,Association,5609,0.8477887346,AISKGConstrainedTransfer,full_document
34670407,14257,18033,Association,,0.456737856,AISKGConstrainedTransfer,full_document
34670407,14257,26413,Association,,0.4993191932,AISKGConstrainedTransfer,full_document
34670407,14257,26417,Association,,0.4993191932,AISKGConstrainedTransfer,full_document
34670407,14257,56426,Association,,0.4205251567,AISKGConstrainedTransfer,full_document
34670407,14257,D008232,Association,14257,0.7809583165,AISKGConstrainedTransfer,full_document
34670407,14257,D020786,Association,14257,0.8072058155,AISKGConstrainedTransfer,full_document
34670407,14257,D044148,Association,14257,0.7809583165,AISKGConstrainedTransfer,full_document
34670407,18033,56426,Association,,0.4569875236,AISKGConstrainedTransfer,full_document
34670407,26413,56426,Association,,0.4205251567,AISKGConstrainedTransfer,full_document
34670407,26413,D008232,Association,26413,0.9016805158,AISKGConstrainedTransfer,full_document
34670407,26413,D020786,Association,26413,0.8072058155,AISKGConstrainedTransfer,full_document
34670407,26413,D044148,Association,26413,0.7809583165,AISKGConstrainedTransfer,full_document
34670407,26417,56426,Association,,0.4205251567,AISKGConstrainedTransfer,full_document
34670407,26417,D008232,Association,26417,0.9016805158,AISKGConstrainedTransfer,full_document
34670407,26417,D020786,Association,26417,0.8072058155,AISKGConstrainedTransfer,full_document
34670407,26417,D044148,Association,26417,0.7809583165,AISKGConstrainedTransfer,full_document
34670407,56426,C015219,Negative_Correlation,C015219,0.4258631294,AISKGConstrainedTransfer,full_document
34670407,56426,D008232,Association,56426,0.7809583165,AISKGConstrainedTransfer,full_document
34670407,56426,D020786,Association,56426,0.8701188949,AISKGConstrainedTransfer,full_document
34670407,56426,D044148,Association,56426,0.7809583165,AISKGConstrainedTransfer,full_document
34670407,83605,D020786,Association,83605,0.8701188949,AISKGConstrainedTransfer,full_document
34670407,889,D020786,Association,889,0.8207516452,AISKGConstrainedTransfer,full_document
34670865,142,C000720937,Negative_Correlation,C000720937,0.6353363359,AISKGConstrainedTransfer,full_document
34670865,142,C080625,Negative_Correlation,C080625,0.4999119749,AISKGConstrainedTransfer,full_document
34670865,142,C531550,Negative_Correlation,C531550,0.7038905158,AISKGConstrainedTransfer,full_document
34670865,142,D009369,Association,142,0.7824565231,AISKGConstrainedTransfer,full_document
34670865,142,D010051,Association,142,0.8536733158,AISKGConstrainedTransfer,full_document
34670865,142,D010984,Negative_Correlation,D010984,0.4861980379,AISKGConstrainedTransfer,full_document
34670865,2621,C000720937,Negative_Correlation,C000720937,0.4346867023,AISKGConstrainedTransfer,full_document
34670865,2621,D009369,Association,2621,0.8553714567,AISKGConstrainedTransfer,full_document
34670865,2621,D010051,Association,2621,0.8536733158,AISKGConstrainedTransfer,full_document
34670865,2621,D010984,Negative_Correlation,D010984,0.4346814896,AISKGConstrainedTransfer,full_document
34670865,2621,D016190,Negative_Correlation,D016190,0.425959077,AISKGConstrainedTransfer,full_document
34670865,2621,D018284,Association,2621,0.8340126881,AISKGConstrainedTransfer,full_document
34670865,558,C000720937,Negative_Correlation,C000720937,0.4237574767,AISKGConstrainedTransfer,full_document
34670865,558,D009369,Association,558,0.7731034006,AISKGConstrainedTransfer,full_document
34670865,558,D010051,Association,558,0.8536733158,AISKGConstrainedTransfer,full_document
34670865,5888,C000720937,Negative_Correlation,C000720937,0.6105550939,AISKGConstrainedTransfer,full_document
34670865,5888,D004247,Negative_Correlation,D004247,0.6071620236,AISKGConstrainedTransfer,full_document
34670865,5888,D016190,Negative_Correlation,D016190,0.6105550939,AISKGConstrainedTransfer,full_document
34670865,C000720937,C531550,Negative_Correlation,C531550,0.4542024922,AISKGConstrainedTransfer,full_document
34670865,C000720937,D004247,Negative_Correlation,D004247,0.6214257224,AISKGConstrainedTransfer,full_document
34670865,C000720937,D009369,Negative_Correlation,C000720937,0.4392817317,AISKGConstrainedTransfer,full_document
34670865,C000720937,D010051,Negative_Correlation,C000720937,0.5827371072,AISKGConstrainedTransfer,full_document
34670865,C000720937,D010984,Negative_Correlation,D010984,0.4501102009,AISKGConstrainedTransfer,full_document
34670865,C000720937,D016190,Negative_Correlation,D016190,0.416567772,AISKGConstrainedTransfer,full_document
34670865,C000720937,D017239,Negative_Correlation,D017239,0.5969539986,AISKGConstrainedTransfer,full_document
34670865,C000720937,D018284,Positive_Correlation,C000720937,0.4578388563,AISKGConstrainedTransfer,full_document
34670865,C531550,D009369,Negative_Correlation,C531550,0.5723228366,AISKGConstrainedTransfer,full_document
34670865,C531550,D010051,Positive_Correlation,C531550,0.484766746,AISKGConstrainedTransfer,full_document
34670865,D004247,D010051,Positive_Correlation,D004247,0.4926175795,AISKGConstrainedTransfer,full_document
34670865,D004247,D016190,Cotreatment,,0.4334442666,AISKGConstrainedTransfer,full_document
34670865,D009369,D016190,Positive_Correlation,D009369,0.4251981499,AISKGConstrainedTransfer,full_document
34670865,D009369,D017239,Negative_Correlation,D009369,0.4327317662,AISKGConstrainedTransfer,full_document
34670865,D010051,D010984,Positive_Correlation,D010051,0.4566770602,AISKGConstrainedTransfer,full_document
34670865,D010051,D016190,Positive_Correlation,D010051,0.4704723204,AISKGConstrainedTransfer,full_document
34670865,D010051,D017239,Positive_Correlation,D010051,0.4834300674,AISKGConstrainedTransfer,full_document
34670865,D010984,D016190,Negative_Correlation,D016190,0.4501102009,AISKGConstrainedTransfer,full_document
34670865,D010984,D018284,Positive_Correlation,D010984,0.4578388563,AISKGConstrainedTransfer,full_document
34670865,D016190,D018284,Positive_Correlation,D016190,0.4578388563,AISKGConstrainedTransfer,full_document
34759319,3845,4609,Association,,0.568562344,AISKGConstrainedTransfer,full_document
34759319,3845,4893,Association,,0.4517648814,AISKGConstrainedTransfer,full_document
34759319,3845,5594,Association,,0.5094522864,AISKGConstrainedTransfer,full_document
34759319,3845,C000706028,Negative_Correlation,C000706028,0.5607119912,AISKGConstrainedTransfer,full_document
34759319,3845,D008175,Association,3845,0.8464508278,AISKGConstrainedTransfer,full_document
34759319,4609,4893,Association,,0.4642821295,AISKGConstrainedTransfer,full_document
34759319,4893,5594,Association,,0.3928071087,AISKGConstrainedTransfer,full_document
34759319,5594,673,Association,,0.4099035772,AISKGConstrainedTransfer,full_document
34759319,C000706028,rs121913530,Negative_Correlation,,0.5815676088,AISKGConstrainedTransfer,full_document
34759319,D008175,rs121913530,Positive_Correlation,,0.5061144922,AISKGConstrainedTransfer,full_document
34777640,24211,D001971,Negative_Correlation,D001971,0.415025072,AISKGConstrainedTransfer,full_document
34777640,24211,D007674,Association,24211,0.7861135662,AISKGConstrainedTransfer,full_document
34777640,24318,D000077465,Negative_Correlation,D000077465,0.5833279423,AISKGConstrainedTransfer,full_document
34777640,24318,D001971,Negative_Correlation,D001971,0.5169715196,AISKGConstrainedTransfer,full_document
34777640,24318,D006943,Association,24318,0.6816022661,AISKGConstrainedTransfer,full_document
34777640,24318,D006966,Association,24318,0.661003082,AISKGConstrainedTransfer,full_document
34777640,24318,D009202,Association,24318,0.716062534,AISKGConstrainedTransfer,full_document
34777640,24318,D010300,Association,24318,0.5852389508,AISKGConstrainedTransfer,full_document
34777640,29595,C064294,Negative_Correlation,C064294,0.5155249866,AISKGConstrainedTransfer,full_document
34777640,29595,D003920,Association,29595,0.7243626848,AISKGConstrainedTransfer,full_document
34777640,29595,D009202,Association,29595,0.7559510328,AISKGConstrainedTransfer,full_document
34777640,C064294,D000077465,Cotreatment,,0.4858405781,AISKGConstrainedTransfer,full_document
34777640,C064294,D000496,Negative_Correlation,D000496,0.6548100709,AISKGConstrainedTransfer,full_document
34777640,C064294,D003920,Negative_Correlation,C064294,0.6077691132,AISKGConstrainedTransfer,full_document
34777640,C064294,D003928,Negative_Correlation,C064294,0.563715807,AISKGConstrainedTransfer,full_document
34777640,C064294,D009202,Positive_Correlation,C064294,0.4549440826,AISKGConstrainedTransfer,full_document
34777640,D000077465,D000496,Negative_Correlation,D000496,0.6548100709,AISKGConstrainedTransfer,full_document
34777640,D000077465,D001786,Negative_Correlation,D001786,0.5111336622,AISKGConstrainedTransfer,full_document
34777640,D000077465,D001971,Cotreatment,,0.5296763596,AISKGConstrainedTransfer,full_document
34777640,D000077465,D003920,Negative_Correlation,D000077465,0.570230011,AISKGConstrainedTransfer,full_document
34777640,D000077465,D003928,Negative_Correlation,D000077465,0.563715807,AISKGConstrainedTransfer,full_document
34777640,D000077465,D004298,Negative_Correlation,D004298,0.5174817059,AISKGConstrainedTransfer,full_document
34777640,D000077465,D006943,Negative_Correlation,D000077465,0.4904765982,AISKGConstrainedTransfer,full_document
34777640,D000077465,D006966,Negative_Correlation,D000077465,0.4791203982,AISKGConstrainedTransfer,full_document
34777640,D000077465,D010300,Negative_Correlation,D000077465,0.4924616131,AISKGConstrainedTransfer,full_document
34777640,D000496,D001971,Negative_Correlation,D001971,0.579154178,AISKGConstrainedTransfer,full_document
34777640,D000496,D003920,Negative_Correlation,D000496,0.570230011,AISKGConstrainedTransfer,full_document
34777640,D001786,D001971,Negative_Correlation,D001971,0.4936288023,AISKGConstrainedTransfer,full_document
34777640,D001971,D003920,Negative_Correlation,D001971,0.6012206561,AISKGConstrainedTransfer,full_document
34777640,D001971,D003928,Negative_Correlation,D001971,0.5725312113,AISKGConstrainedTransfer,full_document
34777640,D001971,D006943,Negative_Correlation,D001971,0.4634429359,AISKGConstrainedTransfer,full_document
34777640,D001971,D006966,Negative_Correlation,D001971,0.4526362668,AISKGConstrainedTransfer,full_document
34777640,D001971,D007674,Negative_Correlation,D001971,0.4304520201,AISKGConstrainedTransfer,full_document
34777640,D001971,D009202,Positive_Correlation,D001971,0.4029344579,AISKGConstrainedTransfer,full_document
34777640,D001971,D010300,Negative_Correlation,D001971,0.4674270494,AISKGConstrainedTransfer,full_document
34801870,24185,24248,Association,,0.4704091182,AISKGConstrainedTransfer,full_document
34801870,24185,25360,Association,,0.4225236139,AISKGConstrainedTransfer,full_document
34801870,24185,25636,Positive_Correlation,25636,0.5035793121,AISKGConstrainedTransfer,full_document
34801870,24185,309757,Positive_Correlation,309757,0.5035793121,AISKGConstrainedTransfer,full_document
34801870,24185,56718,Positive_Correlation,56718,0.5035793121,AISKGConstrainedTransfer,full_document
34801870,24185,64476,Association,,0.480940482,AISKGConstrainedTransfer,full_document
34801870,24185,78975,Positive_Correlation,78975,0.51123423,AISKGConstrainedTransfer,full_document
34801870,24185,83474,Association,,0.480940482,AISKGConstrainedTransfer,full_document
34801870,24185,83516,Association,,0.480940482,AISKGConstrainedTransfer,full_document
34801870,24185,83619,Association,,0.480940482,AISKGConstrainedTransfer,full_document
34801870,24185,D013972,Negative_Correlation,D013972,0.3913409175,AISKGConstrainedTransfer,full_document
34801870,24248,25360,Positive_Correlation,25360,0.5301509388,AISKGConstrainedTransfer,full_document
34801870,24248,25636,Association,,0.4163002935,AISKGConstrainedTransfer,full_document
34801870,24248,309757,Association,,0.4163002935,AISKGConstrainedTransfer,full_document
34801870,24248,56718,Association,,0.4163002935,AISKGConstrainedTransfer,full_document
34801870,24248,64476,Positive_Correlation,64476,0.5301509388,AISKGConstrainedTransfer,full_document
34801870,24248,78975,Association,,0.402420682,AISKGConstrainedTransfer,full_document
34801870,24248,83474,Positive_Correlation,83474,0.5301509388,AISKGConstrainedTransfer,full_document
34801870,24248,83516,Association,,0.4163002935,AISKGConstrainedTransfer,full_document
34801870,24248,83619,Association,,0.4163002935,AISKGConstrainedTransfer,full_document
34801870,24887,25309,Positive_Correlation,25309,0.4093223928,AISKGConstrainedTransfer,full_document
34801870,24887,25360,Association,,0.4677049924,AISKGConstrainedTransfer,full_document
34801870,24887,25402,Positive_Correlation,25402,0.4093223928,AISKGConstrainedTransfer,full_document
34801870,24887,266610,Association,,0.4677049924,AISKGConstrainedTransfer,full_document
34801870,24887,64044,Association,,0.4870568722,AISKGConstrainedTransfer,full_document
34801870,24887,D000911,Negative_Correlation,D000911,0.4018335271,AISKGConstrainedTransfer,full_document
34801870,25309,25360,Positive_Correlation,25360,0.4519409329,AISKGConstrainedTransfer,full_document
34801870,25309,25402,Positive_Correlation,25402,0.4519409329,AISKGConstrainedTransfer,full_document
34801870,25309,266610,Association,,0.4709157211,AISKGConstrainedTransfer,full_document
34801870,25309,58918,Positive_Correlation,58918,0.4210932737,AISKGConstrainedTransfer,full_document
34801870,25309,64044,Association,,0.4870399267,AISKGConstrainedTransfer,full_document
34801870,25309,D000911,Positive_Correlation,D000911,0.3943641635,AISKGConstrainedTransfer,full_document
34801870,25360,25402,Association,,0.4709157211,AISKGConstrainedTransfer,full_document
34801870,25360,25636,Positive_Correlation,25636,0.4859269764,AISKGConstrainedTransfer,full_document
34801870,25360,266610,Association,,0.425823167,AISKGConstrainedTransfer,full_document
34801870,25360,309757,Positive_Correlation,309757,0.4171447828,AISKGConstrainedTransfer,full_document
34801870,25360,56718,Positive_Correlation,56718,0.4171447828,AISKGConstrainedTransfer,full_document
34801870,25360,58918,Association,,0.4773180056,AISKGConstrainedTransfer,full_document
34801870,25360,64044,Association,,0.4510585735,AISKGConstrainedTransfer,full_document
34801870,25360,64476,Positive_Correlation,64476,0.4171447828,AISKGConstrainedTransfer,full_document
34801870,25360,78975,Positive_Correlation,78975,0.4279222198,AISKGConstrainedTransfer,full_document
34801870,25360,83474,Positive_Correlation,83474,0.4171447828,AISKGConstrainedTransfer,full_document
34801870,25360,83516,Positive_Correlation,83516,0.4171447828,AISKGConstrainedTransfer,full_document
34801870,25360,83619,Positive_Correlation,83619,0.4171447828,AISKGConstrainedTransfer,full_document
34801870,25360,D000111,Negative_Correlation,D000111,0.4060226658,AISKGConstrainedTransfer,full_document
34801870,25360,D006111,Association,25360,0.841100857,AISKGConstrainedTransfer,full_document
34801870,25360,D006980,Association,25360,0.8586236554,AISKGConstrainedTransfer,full_document
34801870,25360,D013972,Negative_Correlation,D013972,0.4031389676,AISKGConstrainedTransfer,full_document
34801870,25360,D056660,Association,25360,0.8591648043,AISKGConstrainedTransfer,full_document
34801870,25402,266610,Association,,0.4709157211,AISKGConstrainedTransfer,full_document
34801870,25402,58918,Positive_Correlation,58918,0.4210932737,AISKGConstrainedTransfer,full_document
34801870,25402,64044,Association,,0.4870399267,AISKGConstrainedTransfer,full_document
34801870,25636,309757,Positive_Correlation,309757,0.5709963703,AISKGConstrainedTransfer,full_document
34801870,25636,56718,Positive_Correlation,56718,0.5709963703,AISKGConstrainedTransfer,full_document
34801870,25636,64476,Positive_Correlation,64476,0.4171447828,AISKGConstrainedTransfer,full_document
34801870,25636,78975,Positive_Correlation,78975,0.5771233742,AISKGConstrainedTransfer,full_document
34801870,25636,83474,Positive_Correlation,83474,0.4171447828,AISKGConstrainedTransfer,full_document
34801870,25636,83516,Positive_Correlation,83516,0.4171447828,AISKGConstrainedTransfer,full_document
34801870,25636,83619,Positive_Correlation,83619,0.4171447828,AISKGConstrainedTransfer,full_document
34801870,25636,D000111,Positive_Correlation,D000111,0.3941332931,AISKGConstrainedTransfer,full_document
34801870,266610,58918,Association,,0.4773180056,AISKGConstrainedTransfer,full_document
34801870,266610,64044,Positive_Correlation,64044,0.4902245332,AISKGConstrainedTransfer,full_document
34801870,266610,D000911,Negative_Correlation,D000911,0.3987503305,AISKGConstrainedTransfer,full_document
34801870,309757,56718,Positive_Correlation,56718,0.5709963703,AISKGConstrainedTransfer,full_document
34801870,309757,64476,Positive_Correlation,64476,0.5709963703,AISKGConstrainedTransfer,full_document
34801870,309757,78975,Positive_Correlation,78975,0.5771233742,AISKGConstrainedTransfer,full_document
34801870,309757,83474,Positive_Correlation,83474,0.4171447828,AISKGConstrainedTransfer,full_document
34801870,309757,83516,Positive_Correlation,83516,0.5709963703,AISKGConstrainedTransfer,full_document
34801870,309757,83619,Positive_Correlation,83619,0.5709963703,AISKGConstrainedTransfer,full_document
34801870,309757,D000111,Negative_Correlation,D000111,0.3930223872,AISKGConstrainedTransfer,full_document
34801870,309757,D000911,Negative_Correlation,D000911,0.3930223872,AISKGConstrainedTransfer,full_document
34801870,309757,D013972,Negative_Correlation,D013972,0.3948187206,AISKGConstrainedTransfer,full_document
34801870,56718,64476,Positive_Correlation,64476,0.4171447828,AISKGConstrainedTransfer,full_document
34801870,56718,78975,Positive_Correlation,78975,0.5771233742,AISKGConstrainedTransfer,full_document
34801870,56718,83474,Positive_Correlation,83474,0.4171447828,AISKGConstrainedTransfer,full_document
34801870,56718,83516,Positive_Correlation,83516,0.5709963703,AISKGConstrainedTransfer,full_document
34801870,56718,83619,Positive_Correlation,83619,0.4171447828,AISKGConstrainedTransfer,full_document
34801870,56718,D000111,Positive_Correlation,D000111,0.3941332931,AISKGConstrainedTransfer,full_document
34801870,56718,D013972,Negative_Correlation,D013972,0.3948187206,AISKGConstrainedTransfer,full_document
34801870,58918,64044,Association,,0.48584085,AISKGConstrainedTransfer,full_document
34801870,64044,D000911,Negative_Correlation,D000911,0.4071565856,AISKGConstrainedTransfer,full_document
34801870,64476,78975,Positive_Correlation,78975,0.4279222198,AISKGConstrainedTransfer,full_document
34801870,64476,83474,Positive_Correlation,83474,0.5709963703,AISKGConstrainedTransfer,full_document
34801870,64476,83516,Positive_Correlation,83516,0.5709963703,AISKGConstrainedTransfer,full_document
34801870,64476,83619,Positive_Correlation,83619,0.5709963703,AISKGConstrainedTransfer,full_document
34801870,64476,D000111,Negative_Correlation,D000111,0.3930223872,AISKGConstrainedTransfer,full_document
34801870,64476,D000911,Negative_Correlation,D000911,0.3930223872,AISKGConstrainedTransfer,full_document
34801870,64476,D013972,Negative_Correlation,D013972,0.3948187206,AISKGConstrainedTransfer,full_document
34801870,7253,D006111,Association,7253,0.8595137898,AISKGConstrainedTransfer,full_document
34801870,78975,83474,Positive_Correlation,83474,0.4196363934,AISKGConstrainedTransfer,full_document
34801870,78975,83516,Positive_Correlation,83516,0.5752196668,AISKGConstrainedTransfer,full_document
34801870,78975,83619,Positive_Correlation,83619,0.4196363934,AISKGConstrainedTransfer,full_document
34801870,78975,D000111,Negative_Correlation,D000111,0.4065769609,AISKGConstrainedTransfer,full_document
34801870,78975,D000911,Negative_Correlation,D000911,0.4065769609,AISKGConstrainedTransfer,full_document
34801870,78975,D013972,Negative_Correlation,D013972,0.4090981629,AISKGConstrainedTransfer,full_document
34801870,81666,D000911,Negative_Correlation,D000911,0.4253248333,AISKGConstrainedTransfer,full_document
34801870,83474,83516,Positive_Correlation,83516,0.4171447828,AISKGConstrainedTransfer,full_document
34801870,83474,83619,Positive_Correlation,83619,0.5709963703,AISKGConstrainedTransfer,full_document
34801870,83474,D000111,Negative_Correlation,D000111,0.3930223872,AISKGConstrainedTransfer,full_document
34801870,83474,D000911,Negative_Correlation,D000911,0.3930223872,AISKGConstrainedTransfer,full_document
34801870,83516,83619,Positive_Correlation,83619,0.5709963703,AISKGConstrainedTransfer,full_document
34801870,83516,D000111,Negative_Correlation,D000111,0.3930223872,AISKGConstrainedTransfer,full_document
34801870,83516,D000911,Negative_Correlation,D000911,0.3930223872,AISKGConstrainedTransfer,full_document
34801870,83516,D013972,Negative_Correlation,D013972,0.3948187206,AISKGConstrainedTransfer,full_document
34801870,83619,D000111,Negative_Correlation,D000111,0.3930223872,AISKGConstrainedTransfer,full_document
34801870,83619,D000911,Negative_Correlation,D000911,0.3930223872,AISKGConstrainedTransfer,full_document
34801870,83619,D013972,Negative_Correlation,D013972,0.3948187206,AISKGConstrainedTransfer,full_document
34801870,D000111,D013972,Cotreatment,,0.5255039102,AISKGConstrainedTransfer,full_document
34801870,D000911,D006111,Positive_Correlation,D000911,0.4862632521,AISKGConstrainedTransfer,full_document
34801870,D000911,D006980,Positive_Correlation,D000911,0.4106364109,AISKGConstrainedTransfer,full_document
34801870,D000911,D013972,Cotreatment,,0.5255039102,AISKGConstrainedTransfer,full_document
34801870,D000911,D056660,Negative_Correlation,D000911,0.4060545121,AISKGConstrainedTransfer,full_document
34801870,D006111,D013972,Positive_Correlation,D006111,0.4773462723,AISKGConstrainedTransfer,full_document
34801870,D006980,D013972,Positive_Correlation,D006980,0.3934209964,AISKGConstrainedTransfer,full_document
34801870,D013972,D056660,Negative_Correlation,D013972,0.4234327814,AISKGConstrainedTransfer,full_document
34875272,10468,D007265,Negative_Correlation,D007265,0.3948214036,AISKGConstrainedTransfer,full_document
34875272,268,C422405,Positive_Correlation,C422405,0.3918196144,AISKGConstrainedTransfer,full_document
34875272,9518,C422362,Positive_Correlation,C422362,0.3931340923,AISKGConstrainedTransfer,full_document
34875272,C044147,C422362,Negative_Correlation,C422362,0.4413043042,AISKGConstrainedTransfer,full_document
34921023,1956,D000068437,Negative_Correlation,D000068437,0.4813933882,AISKGConstrainedTransfer,full_document
34921023,1956,D002289,Association,1956,0.8376203699,AISKGConstrainedTransfer,full_document
34921023,1956,D009369,Association,1956,0.752063489,AISKGConstrainedTransfer,full_document
34921023,1956,D016190,Negative_Correlation,D016190,0.4813933882,AISKGConstrainedTransfer,full_document
34921023,1956,D047428,Negative_Correlation,D047428,0.4028531412,AISKGConstrainedTransfer,full_document
34921023,5133,D002289,Association,5133,0.7513131293,AISKGConstrainedTransfer,full_document
34921023,5133,D009369,Association,5133,0.7542420034,AISKGConstrainedTransfer,full_document
34921023,D000068437,D002289,Negative_Correlation,D000068437,0.4625576025,AISKGConstrainedTransfer,full_document
34921023,D000068437,D009369,Negative_Correlation,D000068437,0.4948714753,AISKGConstrainedTransfer,full_document
34921023,D000068437,D016190,Negative_Correlation,D016190,0.4247822444,AISKGConstrainedTransfer,full_document
34921023,D000068437,D047428,Negative_Correlation,D047428,0.5095072233,AISKGConstrainedTransfer,full_document
34921023,D000077594,D002289,Negative_Correlation,D000077594,0.4267546256,AISKGConstrainedTransfer,full_document
34921023,D000077594,D009369,Positive_Correlation,D000077594,0.4662354565,AISKGConstrainedTransfer,full_document
34921023,D000077594,D047428,Negative_Correlation,D047428,0.5791913921,AISKGConstrainedTransfer,full_document
34921023,D002289,rs121434569,Positive_Correlation,,0.652980466,AISKGConstrainedTransfer,full_document
34921023,D009369,D016190,Positive_Correlation,D009369,0.3913817389,AISKGConstrainedTransfer,full_document
34921023,D016190,D047428,Negative_Correlation,D047428,0.5791913921,AISKGConstrainedTransfer,full_document
34930019,105787,11651,Association,,0.4613895842,AISKGConstrainedTransfer,full_document
34930019,19123,D006331,Association,19123,0.8686150624,AISKGConstrainedTransfer,full_document
34930019,19123,D007249,Association,19123,0.9203498742,AISKGConstrainedTransfer,full_document
34930019,19123,D007511,Association,19123,0.8839120636,AISKGConstrainedTransfer,full_document
34930019,19123,D015427,Association,19123,0.8901530304,AISKGConstrainedTransfer,full_document
34930019,19124,D006331,Association,19124,0.8968995808,AISKGConstrainedTransfer,full_document
34930019,19124,D007511,Association,19124,0.8839120636,AISKGConstrainedTransfer,full_document
34930019,19124,D015427,Association,19124,0.788211963,AISKGConstrainedTransfer,full_document
34930019,D006331,p|SUB|E|170|A,Positive_Correlation,,0.6600215501,AISKGConstrainedTransfer,full_document
34930019,D007511,p|SUB|R|84|A,Positive_Correlation,,0.4866436575,AISKGConstrainedTransfer,full_document
34930019,D015427,p|SUB|E|170|A,Positive_Correlation,,0.5146360444,AISKGConstrainedTransfer,full_document
34930019,D015427,p|SUB|R|84|A,Positive_Correlation,,0.5514464687,AISKGConstrainedTransfer,full_document
34949751,2828223,D000431,Association,D000431,0.3925732317,AISKGConstrainedTransfer,full_document
34949751,2828223,D002475,Negative_Correlation,D002475,0.4116893361,AISKGConstrainedTransfer,full_document
34949751,2828223,D002482,Negative_Correlation,D002482,0.4116893361,AISKGConstrainedTransfer,full_document
34949751,2828223,D019344,Association,D019344,0.4129007645,AISKGConstrainedTransfer,full_document
34949751,853504,D000431,Association,D000431,0.4506127014,AISKGConstrainedTransfer,full_document
34949751,853504,D002475,Association,D002475,0.3959018493,AISKGConstrainedTransfer,full_document
34949751,853504,D002482,Association,D002482,0.4182820126,AISKGConstrainedTransfer,full_document
34949751,853504,D005947,Association,D005947,0.3959018493,AISKGConstrainedTransfer,full_document
34949751,853504,D019344,Association,D019344,0.4668329567,AISKGConstrainedTransfer,full_document
34949751,D000431,D002475,Negative_Correlation,D002475,0.4115463821,AISKGConstrainedTransfer,full_document
34949751,D000431,D005947,Association,D000431,0.4031723861,AISKGConstrainedTransfer,full_document
34949751,D000431,p|SUB|F|213|L,Association,p|SUB|F|213|L,0.5731754898,AISKGConstrainedTransfer,full_document
34949751,D000431,p|SUB|N|306|I,Association,p|SUB|N|306|I,0.5731754898,AISKGConstrainedTransfer,full_document
34949751,D002475,p|SUB|F|213|L,Association,p|SUB|F|213|L,0.5236213677,AISKGConstrainedTransfer,full_document
34949751,D002475,p|SUB|N|306|I,Association,p|SUB|N|306|I,0.5236213677,AISKGConstrainedTransfer,full_document
34949751,D002482,p|SUB|F|213|L,Association,p|SUB|F|213|L,0.5731754898,AISKGConstrainedTransfer,full_document
34949751,D002482,p|SUB|N|306|I,Association,p|SUB|N|306|I,0.5731754898,AISKGConstrainedTransfer,full_document
34949751,D005947,D019344,Association,D005947,0.4121796422,AISKGConstrainedTransfer,full_document
35071113,3569,C502936,Negative_Correlation,C502936,0.4144966221,AISKGConstrainedTransfer,full_document
35071113,3569,D000086382,Association,3569,0.8818153113,AISKGConstrainedTransfer,full_document
35071113,C481642,D000069283,Association,C481642,0.4702421542,AISKGConstrainedTransfer,full_document
35071113,C481642,D001327,Positive_Correlation,C481642,0.5280577775,AISKGConstrainedTransfer,full_document
35071113,C481642,D009369,Positive_Correlation,C481642,0.5402756909,AISKGConstrainedTransfer,full_document
35071113,C502936,D000086382,Positive_Correlation,C502936,0.530741955,AISKGConstrainedTransfer,full_document
35071113,C504234,D000086382,Positive_Correlation,C504234,0.6114486921,AISKGConstrainedTransfer,full_document
35071113,D000068258,D002318,Positive_Correlation,D000068258,0.4885034633,AISKGConstrainedTransfer,full_document
35071113,D000068818,D000068879,Association,D000068818,0.4702421542,AISKGConstrainedTransfer,full_document
35071113,D000068818,D001327,Positive_Correlation,D000068818,0.5280577775,AISKGConstrainedTransfer,full_document
35071113,D000068818,D009369,Positive_Correlation,D000068818,0.5154993818,AISKGConstrainedTransfer,full_document
35071113,D000068878,D001327,Positive_Correlation,D000068878,0.5027174991,AISKGConstrainedTransfer,full_document
35071113,D000068878,D009369,Positive_Correlation,D000068878,0.5154993818,AISKGConstrainedTransfer,full_document
35071113,D000068879,D000069283,Association,D000068879,0.4702421542,AISKGConstrainedTransfer,full_document
35071113,D000068879,D001327,Positive_Correlation,D000068879,0.5280577775,AISKGConstrainedTransfer,full_document
35071113,D000068879,D009369,Positive_Correlation,D000068879,0.5402756909,AISKGConstrainedTransfer,full_document
35071113,D000069283,D001327,Positive_Correlation,D000069283,0.5280577775,AISKGConstrainedTransfer,full_document
35071113,D000069283,D009369,Positive_Correlation,D000069283,0.5154993818,AISKGConstrainedTransfer,full_document
35071113,D000069442,D001327,Positive_Correlation,D000069442,0.5027174991,AISKGConstrainedTransfer,full_document
35071113,D000069442,D009369,Positive_Correlation,D000069442,0.5402756909,AISKGConstrainedTransfer,full_document
35071113,D000069448,D009140,Negative_Correlation,D000069448,0.4925044731,AISKGConstrainedTransfer,full_document
35071113,D000074323,D001327,Positive_Correlation,D000074323,0.5027174991,AISKGConstrainedTransfer,full_document
35071113,D000074323,D009369,Positive_Correlation,D000074323,0.5154993818,AISKGConstrainedTransfer,full_document
35071113,D000077284,D002318,Positive_Correlation,D000077284,0.5269369175,AISKGConstrainedTransfer,full_document
35071113,D002318,D004077,Positive_Correlation,D002318,0.3991156027,AISKGConstrainedTransfer,full_document
35071113,D002318,D007140,Positive_Correlation,D002318,0.3991156027,AISKGConstrainedTransfer,full_document
35090325,1813,D004298,Negative_Correlation,D004298,0.4998096944,AISKGConstrainedTransfer,full_document
35090325,1813,D007249,Association,1813,0.795062829,AISKGConstrainedTransfer,full_document
35090325,6622,823,Association,,0.4766446282,AISKGConstrainedTransfer,full_document
35090325,6622,D002118,Association,D002118,0.555257111,AISKGConstrainedTransfer,full_document
35090325,6622,D004298,Association,D004298,0.5672331407,AISKGConstrainedTransfer,full_document
35090325,6622,D007249,Association,6622,0.8433136179,AISKGConstrainedTransfer,full_document
35090325,6622,D007980,Association,D007980,0.5758086746,AISKGConstrainedTransfer,full_document
35090325,6622,D009410,Association,6622,0.557764224,AISKGConstrainedTransfer,full_document
35090325,6622,D014443,Association,D014443,0.5999177849,AISKGConstrainedTransfer,full_document
35090325,6622,D028361,Association,6622,0.5839555248,AISKGConstrainedTransfer,full_document
35090325,7054,D002118,Association,D002118,0.5538399597,AISKGConstrainedTransfer,full_document
35090325,7054,D004298,Association,D004298,0.5685365604,AISKGConstrainedTransfer,full_document
35090325,7054,D007249,Association,7054,0.8547878959,AISKGConstrainedTransfer,full_document
35090325,7054,D007980,Association,D007980,0.5906271287,AISKGConstrainedTransfer,full_document
35090325,7054,D014443,Association,D014443,0.6154962223,AISKGConstrainedTransfer,full_document
35090325,823,D002118,Association,D002118,0.5666346532,AISKGConstrainedTransfer,full_document
35090325,823,D004298,Association,D004298,0.5762065424,AISKGConstrainedTransfer,full_document
35090325,823,D007249,Association,823,0.8343401397,AISKGConstrainedTransfer,full_document
35090325,823,D007980,Association,D007980,0.5853372243,AISKGConstrainedTransfer,full_document
35090325,823,D009410,Association,823,0.7327934384,AISKGConstrainedTransfer,full_document
35090325,823,D010300,Association,823,0.8255724267,AISKGConstrainedTransfer,full_document
35090325,823,D014443,Association,D014443,0.6106073415,AISKGConstrainedTransfer,full_document
35090325,823,D020078,Association,823,0.7801487419,AISKGConstrainedTransfer,full_document
35090325,823,D028361,Association,823,0.5616078365,AISKGConstrainedTransfer,full_document
35090325,D002118,D004298,Conversion,D004298,0.5097687268,AISKGConstrainedTransfer,full_document
35090325,D002118,D007249,Association,D002118,0.4233351157,AISKGConstrainedTransfer,full_document
35090325,D002118,D007980,Conversion,D007980,0.6309555403,AISKGConstrainedTransfer,full_document
35090325,D002118,D009410,Positive_Correlation,D002118,0.4363522552,AISKGConstrainedTransfer,full_document
35090325,D002118,D014443,Conversion,D014443,0.6330017499,AISKGConstrainedTransfer,full_document
35090325,D002118,D028361,Positive_Correlation,D002118,0.4511327411,AISKGConstrainedTransfer,full_document
35090325,D004298,D007249,Association,D004298,0.4061879272,AISKGConstrainedTransfer,full_document
35090325,D004298,D007980,Conversion,D007980,0.6508069374,AISKGConstrainedTransfer,full_document
35090325,D004298,D008055,Conversion,D008055,0.5396034487,AISKGConstrainedTransfer,full_document
35090325,D004298,D014443,Conversion,D014443,0.6520489594,AISKGConstrainedTransfer,full_document
35090325,D007249,D007980,Association,D007249,0.40115712,AISKGConstrainedTransfer,full_document
35090325,D007249,D014443,Association,D007249,0.4202644955,AISKGConstrainedTransfer,full_document
35090325,D007980,D014443,Conversion,D014443,0.654254667,AISKGConstrainedTransfer,full_document
35090325,D008055,D009410,Positive_Correlation,D008055,0.4377073614,AISKGConstrainedTransfer,full_document
35090325,D008055,D028361,Positive_Correlation,D008055,0.4414099731,AISKGConstrainedTransfer,full_document
35090325,D010300,D012402,Positive_Correlation,D010300,0.525948606,AISKGConstrainedTransfer,full_document
35090325,D010300,D015632,Positive_Correlation,D010300,0.525948606,AISKGConstrainedTransfer,full_document
35090325,D010300,D015655,Positive_Correlation,D010300,0.532439162,AISKGConstrainedTransfer,full_document
35090325,D010300,D016627,Positive_Correlation,D010300,0.5348159787,AISKGConstrainedTransfer,full_document
35139355,12018,12122,Association,,0.6708134661,AISKGConstrainedTransfer,full_document
35139355,12018,12370,Positive_Correlation,12370,0.3960964387,AISKGConstrainedTransfer,full_document
35139355,12018,17210,Positive_Correlation,17210,0.4529457859,AISKGConstrainedTransfer,full_document
35139355,12018,21423,Positive_Correlation,21423,0.4904457906,AISKGConstrainedTransfer,full_document
35139355,12028,12122,Association,,0.6865914746,AISKGConstrainedTransfer,full_document
35139355,12370,15978,Association,,0.4755652864,AISKGConstrainedTransfer,full_document
35139355,12370,17210,Positive_Correlation,17210,0.3960964387,AISKGConstrainedTransfer,full_document
35139355,12370,21423,Positive_Correlation,21423,0.4322561902,AISKGConstrainedTransfer,full_document
35139355,12370,D051359,Association,12370,0.8577886585,AISKGConstrainedTransfer,full_document
35139355,15978,18126,Association,,0.3923954441,AISKGConstrainedTransfer,full_document
35139355,17210,18126,Association,,0.4147100611,AISKGConstrainedTransfer,full_document
35139355,17210,21423,Positive_Correlation,21423,0.4904457906,AISKGConstrainedTransfer,full_document
35139355,18126,21423,Association,,0.3911370269,AISKGConstrainedTransfer,full_document
35139355,18126,D000086382,Association,18126,0.8144566535,AISKGConstrainedTransfer,full_document
35139355,18126,D007249,Association,18126,0.8519380151,AISKGConstrainedTransfer,full_document
35139355,18126,D009569,Association,D009569,0.5205930043,AISKGConstrainedTransfer,full_document
35139355,18126,D051359,Association,18126,0.8469690608,AISKGConstrainedTransfer,full_document
35139355,D000086382,D009569,Positive_Correlation,D000086382,0.4047840302,AISKGConstrainedTransfer,full_document
35139355,D007249,D009569,Positive_Correlation,D007249,0.3934402189,AISKGConstrainedTransfer,full_document
35168627,250,7070,Association,,0.4796528133,AISKGConstrainedTransfer,full_document
35168627,250,947,Association,,0.4796528133,AISKGConstrainedTransfer,full_document
35168627,3688,7070,Association,,0.4083023148,AISKGConstrainedTransfer,full_document
35168627,4023,D008055,Association,D008055,0.3927861872,AISKGConstrainedTransfer,full_document
35168627,7070,D001168,Association,7070,0.8447810962,AISKGConstrainedTransfer,full_document
35168627,7070,D008055,Association,D008055,0.3905154751,AISKGConstrainedTransfer,full_document
35168627,947,D001168,Association,947,0.8447810962,AISKGConstrainedTransfer,full_document
35168627,947,D008055,Association,D008055,0.3905154751,AISKGConstrainedTransfer,full_document
35194375,43740568,59272,Positive_Correlation,59272,0.5833381237,AISKGConstrainedTransfer,full_document
35194375,43740568,D006493,Positive_Correlation,D006493,0.4647319488,AISKGConstrainedTransfer,full_document
35194375,D006493,p|SUB|E|484|K,Association,p|SUB|E|484|K,0.7209401344,AISKGConstrainedTransfer,full_document
35194375,D006493,p|SUB|E|484|Q,Association,p|SUB|E|484|Q,0.7209401344,AISKGConstrainedTransfer,full_document
35194375,D006493,p|SUB|K|417|N,Association,p|SUB|K|417|N,0.6751958412,AISKGConstrainedTransfer,full_document
35194375,D006493,p|SUB|K|417|T,Association,p|SUB|K|417|T,0.6751958412,AISKGConstrainedTransfer,full_document
35194375,D006493,p|SUB|L|452|R,Association,p|SUB|L|452|R,0.7209401344,AISKGConstrainedTransfer,full_document
35194375,D006493,p|SUB|N|501|Y,Association,p|SUB|N|501|Y,0.6751958412,AISKGConstrainedTransfer,full_document
35196427,695,C000723100,Negative_Correlation,C000723100,0.621964853,AISKGConstrainedTransfer,full_document
35196427,695,D011947,Association,,0.4102396382,AISKGConstrainedTransfer,full_document
35196427,695,D015448,Association,695,0.6392803828,AISKGConstrainedTransfer,full_document
35196427,695,D015451,Association,695,0.6930627194,AISKGConstrainedTransfer,full_document
35196427,C000723100,D015451,Positive_Correlation,C000723100,0.4913395807,AISKGConstrainedTransfer,full_document
35217818,11441,12362,Association,,0.3910021375,AISKGConstrainedTransfer,full_document
35217818,11441,13717,Negative_Correlation,13717,0.4105105268,AISKGConstrainedTransfer,full_document
35217818,11441,216799,Association,,0.3910021375,AISKGConstrainedTransfer,full_document
35217818,11441,21926,Negative_Correlation,21926,0.5909856001,AISKGConstrainedTransfer,full_document
35217818,11441,69146,Association,,0.50346106,AISKGConstrainedTransfer,full_document
35217818,11441,D000804,Negative_Correlation,D000804,0.4468390928,AISKGConstrainedTransfer,full_document
35217818,11441,D017544,Association,11441,0.7897992502,AISKGConstrainedTransfer,full_document
35217818,11816,12362,Positive_Correlation,12362,0.5166070165,AISKGConstrainedTransfer,full_document
35217818,11816,13717,Negative_Correlation,13717,0.3946951927,AISKGConstrainedTransfer,full_document
35217818,11816,216799,Positive_Correlation,216799,0.5166070165,AISKGConstrainedTransfer,full_document
35217818,11816,69146,Positive_Correlation,69146,0.5166070165,AISKGConstrainedTransfer,full_document
35217818,11816,D000804,Positive_Correlation,D000804,0.3904085014,AISKGConstrainedTransfer,full_document
35217818,11816,D017544,Association,11816,0.8808221214,AISKGConstrainedTransfer,full_document
35217818,12362,216799,Association,,0.3910021375,AISKGConstrainedTransfer,full_document
35217818,12362,69146,Association,,0.3910021375,AISKGConstrainedTransfer,full_document
35217818,12362,D017544,Association,12362,0.9152338793,AISKGConstrainedTransfer,full_document
35217818,13717,D000804,Negative_Correlation,D000804,0.5907011122,AISKGConstrainedTransfer,full_document
35217818,216799,21926,Negative_Correlation,21926,0.4666763619,AISKGConstrainedTransfer,full_document
35217818,216799,69146,Positive_Correlation,69146,0.4289604126,AISKGConstrainedTransfer,full_document
35217818,216799,D000111,Negative_Correlation,D000111,0.4829994853,AISKGConstrainedTransfer,full_document
35217818,216799,D017544,Association,216799,0.8591081373,AISKGConstrainedTransfer,full_document
35217818,21926,69146,Negative_Correlation,69146,0.5439348788,AISKGConstrainedTransfer,full_document
35217818,21926,D000111,Negative_Correlation,D000111,0.6323390875,AISKGConstrainedTransfer,full_document
35217818,69146,D000111,Negative_Correlation,D000111,0.4657478868,AISKGConstrainedTransfer,full_document
35217818,69146,D017544,Association,69146,0.9152338793,AISKGConstrainedTransfer,full_document
35217818,D000804,D017544,Positive_Correlation,D000804,0.4898383791,AISKGConstrainedTransfer,full_document
35367284,43740568,43740572,Association,,0.641629311,AISKGConstrainedTransfer,full_document
35367284,43740568,43740575,Association,,0.641629311,AISKGConstrainedTransfer,full_document
35367284,43740568,43740578,Association,,0.6674774787,AISKGConstrainedTransfer,full_document
35367284,43740572,43740575,Association,,0.5153768177,AISKGConstrainedTransfer,full_document
35367284,43740572,43740578,Association,,0.6394574886,AISKGConstrainedTransfer,full_document
35367284,43740575,43740578,Association,,0.6394574886,AISKGConstrainedTransfer,full_document
35388181,14816,16438,Association,,0.4072548471,AISKGConstrainedTransfer,full_document
35388181,14816,243961,Association,,0.5402680349,AISKGConstrainedTransfer,full_document
35388181,14816,D000067877,Association,14816,0.9275979971,AISKGConstrainedTransfer,full_document
35388181,14816,D001321,Association,14816,0.9193300167,AISKGConstrainedTransfer,full_document
35388181,16438,243961,Association,,0.5402680349,AISKGConstrainedTransfer,full_document
35388181,16438,D000067877,Association,16438,0.9275979971,AISKGConstrainedTransfer,full_document
35388181,16438,D001321,Association,16438,0.9193300167,AISKGConstrainedTransfer,full_document
35388181,22941,D000067877,Association,22941,0.9272005497,AISKGConstrainedTransfer,full_document
35388181,243961,D000067404,Association,243961,0.8245354587,AISKGConstrainedTransfer,full_document
35388181,243961,D000067877,Association,243961,0.9275979971,AISKGConstrainedTransfer,full_document
35388181,243961,D000068079,Association,243961,0.866932338,AISKGConstrainedTransfer,full_document
35388181,243961,D001007,Association,243961,0.8332797008,AISKGConstrainedTransfer,full_document
35388181,243961,D001321,Association,243961,0.9193300167,AISKGConstrainedTransfer,full_document
35388181,243961,D001523,Association,243961,0.8253033639,AISKGConstrainedTransfer,full_document
35388181,243961,D002118,Association,D002118,0.4360993882,AISKGConstrainedTransfer,full_document
35388181,50944,D000067877,Association,50944,0.7586178162,AISKGConstrainedTransfer,full_document
35388181,85358,D000067877,Association,85358,0.9272005497,AISKGConstrainedTransfer,full_document
35388181,D000067404,p|SUB|R|882|H,Positive_Correlation,,0.5828283918,AISKGConstrainedTransfer,full_document
35388181,D000067877,D002118,Positive_Correlation,D000067877,0.508171539,AISKGConstrainedTransfer,full_document
35388181,D000067877,c|SUB|G|2621|A,Positive_Correlation,,0.5964667465,AISKGConstrainedTransfer,full_document
35388181,D000067877,p|SUB|R|874|H,Positive_Correlation,,0.5437053766,AISKGConstrainedTransfer,full_document
35388181,D000067877,p|SUB|R|882|H,Positive_Correlation,,0.5796424102,AISKGConstrainedTransfer,full_document
35388181,D000068079,p|SUB|R|882|H,Positive_Correlation,,0.6000534909,AISKGConstrainedTransfer,full_document
35388181,D001007,p|SUB|R|882|H,Positive_Correlation,,0.5520073049,AISKGConstrainedTransfer,full_document
35388181,D001321,D002118,Positive_Correlation,D001321,0.5127044456,AISKGConstrainedTransfer,full_document
35388181,D001523,p|SUB|R|882|H,Positive_Correlation,,0.5693076462,AISKGConstrainedTransfer,full_document
35417530,3065,8192,Positive_Correlation,8192,0.3913182477,AISKGConstrainedTransfer,full_document
35417530,3065,D000077767,Association,D000077767,0.3962640342,AISKGConstrainedTransfer,full_document
35417530,3065,D005909,Association,3065,0.8753360362,AISKGConstrainedTransfer,full_document
35417530,3065,D014233,Association,D014233,0.4315887035,AISKGConstrainedTransfer,full_document
35417530,3066,8192,Positive_Correlation,8192,0.3913182477,AISKGConstrainedTransfer,full_document
35417530,3066,D005909,Association,3066,0.8753360362,AISKGConstrainedTransfer,full_document
35417530,3066,D014233,Association,D014233,0.4315887035,AISKGConstrainedTransfer,full_document
35417530,4170,836,Association,,0.4544249585,AISKGConstrainedTransfer,full_document
35417530,598,836,Association,,0.4106764734,AISKGConstrainedTransfer,full_document
35417530,8192,C087123,Association,C087123,0.3942875852,AISKGConstrainedTransfer,full_document
35417530,8192,D000077767,Association,D000077767,0.3942875852,AISKGConstrainedTransfer,full_document
35417530,8192,D005909,Association,8192,0.8584934996,AISKGConstrainedTransfer,full_document
35417530,C000615229,D005909,Negative_Correlation,C000615229,0.4897602262,AISKGConstrainedTransfer,full_document
35417530,C087123,D005909,Positive_Correlation,C087123,0.4223999432,AISKGConstrainedTransfer,full_document
35417530,C087123,p|SUB|Y|118|A,Association,p|SUB|Y|118|A,0.4506065128,AISKGConstrainedTransfer,full_document
35417530,D000077767,p|SUB|Y|118|A,Association,p|SUB|Y|118|A,0.4506065128,AISKGConstrainedTransfer,full_document
35417530,D005909,D005947,Negative_Correlation,D005909,0.4535328445,AISKGConstrainedTransfer,full_document
35417530,D005909,p|SUB|Y|118|A,Positive_Correlation,,0.3921311196,AISKGConstrainedTransfer,full_document
35467766,6480,C519688,Negative_Correlation,C519688,0.4365035492,AISKGConstrainedTransfer,full_document
35467766,6480,D000069287,Positive_Correlation,D000069287,0.4279105978,AISKGConstrainedTransfer,full_document
35467766,6480,D000077150,Positive_Correlation,D000077150,0.4391689527,AISKGConstrainedTransfer,full_document
35467766,6480,D003920,Association,6480,0.8178076957,AISKGConstrainedTransfer,full_document
35467766,6480,D003924,Association,6480,0.8071511201,AISKGConstrainedTransfer,full_document
35467766,6480,D007249,Association,6480,0.7870388778,AISKGConstrainedTransfer,full_document
35467766,6480,D011565,Association,6480,0.8294315731,AISKGConstrainedTransfer,full_document
35467766,6480,D015179,Association,6480,0.8783169041,AISKGConstrainedTransfer,full_document
35467766,6480,D060831,Association,6480,0.8677245354,AISKGConstrainedTransfer,full_document
35467766,C519688,D009369,Negative_Correlation,C519688,0.4636631015,AISKGConstrainedTransfer,full_document
35467766,C519688,D060831,Positive_Correlation,C519688,0.4847406125,AISKGConstrainedTransfer,full_document
35467766,D000069287,D009369,Negative_Correlation,D000069287,0.45932465,AISKGConstrainedTransfer,full_document
35467766,D000069287,D060831,Positive_Correlation,D000069287,0.6012263403,AISKGConstrainedTransfer,full_document
35467766,D000077150,D009369,Negative_Correlation,D000077150,0.4636631015,AISKGConstrainedTransfer,full_document
35467766,D000077150,D060831,Positive_Correlation,D000077150,0.6476024596,AISKGConstrainedTransfer,full_document
35467766,D003920,rs6783836,Positive_Correlation,,0.5624627043,AISKGConstrainedTransfer,full_document
35467766,D003924,rs3887925,Positive_Correlation,,0.7791837743,AISKGConstrainedTransfer,full_document
35467766,D003924,rs6783836,Positive_Correlation,,0.5674302889,AISKGConstrainedTransfer,full_document
35467766,D007249,rs6783836,Association,,0.4912459567,AISKGConstrainedTransfer,full_document
35467766,D011565,rs3887925,Positive_Correlation,,0.6947228208,AISKGConstrainedTransfer,full_document
35467766,D011565,rs6783836,Positive_Correlation,,0.4887505152,AISKGConstrainedTransfer,full_document
35467766,D015179,rs6783836,Positive_Correlation,,0.456491586,AISKGConstrainedTransfer,full_document
35467766,D060831,rs6783836,Positive_Correlation,,0.5495860958,AISKGConstrainedTransfer,full_document
35468098,13614,21926,Positive_Correlation,21926,0.4113209858,AISKGConstrainedTransfer,full_document
35468098,13614,387249,Positive_Correlation,387249,0.5163563382,AISKGConstrainedTransfer,full_document
35468098,13614,59027,Association,,0.469249544,AISKGConstrainedTransfer,full_document
35468098,13614,D007249,Association,13614,0.8542854847,AISKGConstrainedTransfer,full_document
35468098,13614,D009135,Association,13614,0.8853595049,AISKGConstrainedTransfer,full_document
35468098,18033,21926,Association,,0.3950623483,AISKGConstrainedTransfer,full_document
35468098,1906,3569,Association,,0.4868895705,AISKGConstrainedTransfer,full_document
35468098,1906,7124,Association,,0.5059152384,AISKGConstrainedTransfer,full_document
35468098,1906,D003404,Association,D003404,0.4604279376,AISKGConstrainedTransfer,full_document
35468098,1906,D003920,Association,1906,0.7655751247,AISKGConstrainedTransfer,full_document
35468098,1906,D003924,Association,1906,0.8181113076,AISKGConstrainedTransfer,full_document
35468098,1906,D005355,Association,1906,0.8741828836,AISKGConstrainedTransfer,full_document
35468098,1906,D006943,Association,1906,0.7796800007,AISKGConstrainedTransfer,full_document
35468098,1906,D007249,Association,1906,0.8236434526,AISKGConstrainedTransfer,full_document
35468098,1906,D009135,Association,1906,0.8685893201,AISKGConstrainedTransfer,full_document
35468098,1906,D055948,Association,1906,0.8897691608,AISKGConstrainedTransfer,full_document
35468098,3039,D003404,Association,D003404,0.4446626562,AISKGConstrainedTransfer,full_document
35468098,3039,D003920,Association,3039,0.8799489214,AISKGConstrainedTransfer,full_document
35468098,3039,D003924,Association,3039,0.8111437134,AISKGConstrainedTransfer,full_document
35468098,3039,D055948,Association,3039,0.8831834607,AISKGConstrainedTransfer,full_document
35468098,3569,D003920,Association,3569,0.8984918856,AISKGConstrainedTransfer,full_document
35468098,3569,D007249,Association,3569,0.8804950168,AISKGConstrainedTransfer,full_document
35468098,3569,D009135,Association,3569,0.9036845522,AISKGConstrainedTransfer,full_document
35468098,406890,7124,Association,,0.5059152384,AISKGConstrainedTransfer,full_document
35468098,406890,D003920,Association,406890,0.8984918856,AISKGConstrainedTransfer,full_document
35468098,406890,D007249,Association,406890,0.8804950168,AISKGConstrainedTransfer,full_document
35468098,406890,D009135,Association,406890,0.9036845522,AISKGConstrainedTransfer,full_document
35468098,7124,D003920,Association,7124,0.8919309242,AISKGConstrainedTransfer,full_document
35468098,7124,D007249,Association,7124,0.8842858041,AISKGConstrainedTransfer,full_document
35468098,7124,D009135,Association,7124,0.9040544392,AISKGConstrainedTransfer,full_document
35468098,D003404,D003924,Negative_Correlation,D003404,0.4929586294,AISKGConstrainedTransfer,full_document
35585372,C058319,D006105,Positive_Correlation,C058319,0.4736468376,AISKGConstrainedTransfer,full_document
35585372,C058319,D007153,Negative_Correlation,C058319,0.5134148421,AISKGConstrainedTransfer,full_document
35585372,C470430,D017382,Negative_Correlation,D017382,0.5185792755,AISKGConstrainedTransfer,full_document
35585372,D006105,c|SUB|C|285|A,Positive_Correlation,,0.5174160304,AISKGConstrainedTransfer,full_document
35609210,221322,29105,Association,,0.6914806897,AISKGConstrainedTransfer,full_document
35609210,221322,317662,Association,,0.4833851131,AISKGConstrainedTransfer,full_document
35609210,221322,C536293,Association,221322,0.8913666537,AISKGConstrainedTransfer,full_document
35609210,221322,D000072661,Association,221322,0.879614071,AISKGConstrainedTransfer,full_document
35609210,22858,29105,Association,,0.6914806897,AISKGConstrainedTransfer,full_document
35609210,22858,317662,Association,,0.4174047109,AISKGConstrainedTransfer,full_document
35609210,22858,D000072661,Association,22858,0.8786305766,AISKGConstrainedTransfer,full_document
35609210,23552,317662,Positive_Correlation,317662,0.4447674225,AISKGConstrainedTransfer,full_document
35609210,23552,C536293,Association,23552,0.8913666537,AISKGConstrainedTransfer,full_document
35609210,23552,D000072661,Association,23552,0.879614071,AISKGConstrainedTransfer,full_document
35609210,29105,317662,Association,,0.4833851131,AISKGConstrainedTransfer,full_document
35609210,29105,C536293,Association,29105,0.8913666537,AISKGConstrainedTransfer,full_document
35609210,317662,C536293,Association,317662,0.9084777763,AISKGConstrainedTransfer,full_document
35747941,3717,C000628674,Association,C000628674,0.4301567481,AISKGConstrainedTransfer,full_document
35747941,3717,D008175,Association,3717,0.7195562443,AISKGConstrainedTransfer,full_document
35747941,3717,D008223,Association,3717,0.7594599959,AISKGConstrainedTransfer,full_document
35747941,7297,D001327,Association,7297,0.6234222337,AISKGConstrainedTransfer,full_document
35747941,7297,D008175,Association,7297,0.7450351282,AISKGConstrainedTransfer,full_document
35747941,7297,D008223,Association,7297,0.7444721889,AISKGConstrainedTransfer,full_document
35747941,7297,D008228,Association,7297,0.8438120515,AISKGConstrainedTransfer,full_document
35747941,7297,D011565,Association,7297,0.6333865449,AISKGConstrainedTransfer,full_document
35747941,C000628674,D011565,Negative_Correlation,C000628674,0.5404294795,AISKGConstrainedTransfer,full_document
35747941,D001327,rs34536443,Positive_Correlation,,0.5339840835,AISKGConstrainedTransfer,full_document
35747941,D008175,rs34536443,Positive_Correlation,,0.6161168054,AISKGConstrainedTransfer,full_document
35747941,D008228,rs34536443,Positive_Correlation,,0.678460946,AISKGConstrainedTransfer,full_document
35747941,D011565,rs34536443,Positive_Correlation,,0.5362856502,AISKGConstrainedTransfer,full_document
35751378,154,D001262,Negative_Correlation,D001262,0.5170639669,AISKGConstrainedTransfer,full_document
35751378,154,D008133,Association,154,0.8891386692,AISKGConstrainedTransfer,full_document
35751378,3757,C063533,Negative_Correlation,C063533,0.518399358,AISKGConstrainedTransfer,full_document
35751378,3757,C066304,Negative_Correlation,C066304,0.4907271863,AISKGConstrainedTransfer,full_document
35751378,3757,C067192,Negative_Correlation,C067192,0.518399358,AISKGConstrainedTransfer,full_document
35751378,3757,D001145,Association,3757,0.8293396917,AISKGConstrainedTransfer,full_document
35751378,3757,D001262,Negative_Correlation,D001262,0.4763372133,AISKGConstrainedTransfer,full_document
35751378,3757,D002746,Negative_Correlation,D002746,0.5193363891,AISKGConstrainedTransfer,full_document
35751378,3757,D004329,Negative_Correlation,D004329,0.518399358,AISKGConstrainedTransfer,full_document
35751378,3757,D006220,Negative_Correlation,D006220,0.4538174697,AISKGConstrainedTransfer,full_document
35751378,3757,D008133,Association,3757,0.8891386692,AISKGConstrainedTransfer,full_document
35751378,3757,D010868,Negative_Correlation,D010868,0.4907271863,AISKGConstrainedTransfer,full_document
35751378,3757,D013015,Negative_Correlation,D013015,0.4907271863,AISKGConstrainedTransfer,full_document
35751378,3757,D013881,Negative_Correlation,D013881,0.4907271863,AISKGConstrainedTransfer,full_document
35751378,3757,D016171,Association,3757,0.7826051381,AISKGConstrainedTransfer,full_document
35751378,3757,D016589,Negative_Correlation,D016589,0.4629009899,AISKGConstrainedTransfer,full_document
35751378,3757,D016593,Negative_Correlation,D016593,0.4923503317,AISKGConstrainedTransfer,full_document
35751378,3757,D018967,Negative_Correlation,D018967,0.4784423738,AISKGConstrainedTransfer,full_document
35751378,3757,D020117,Negative_Correlation,D020117,0.518399358,AISKGConstrainedTransfer,full_document
35751378,C063533,C066304,Negative_Correlation,C066304,0.5651716474,AISKGConstrainedTransfer,full_document
35751378,C063533,C067192,Comparison,,0.4240454497,AISKGConstrainedTransfer,full_document
35751378,C063533,D000077266,Comparison,,0.4240454497,AISKGConstrainedTransfer,full_document
35751378,C063533,D001145,Positive_Correlation,C063533,0.5385643076,AISKGConstrainedTransfer,full_document
35751378,C063533,D002746,Negative_Correlation,D002746,0.5766448335,AISKGConstrainedTransfer,full_document
35751378,C063533,D004329,Comparison,,0.4240454497,AISKGConstrainedTransfer,full_document
35751378,C063533,D006220,Comparison,,0.6071337872,AISKGConstrainedTransfer,full_document
35751378,C063533,D010868,Negative_Correlation,D010868,0.5651716474,AISKGConstrainedTransfer,full_document
35751378,C063533,D011802,Negative_Correlation,D011802,0.5593596571,AISKGConstrainedTransfer,full_document
35751378,C063533,D013015,Negative_Correlation,D013015,0.5651716474,AISKGConstrainedTransfer,full_document
35751378,C063533,D013881,Negative_Correlation,D013881,0.5089922636,AISKGConstrainedTransfer,full_document
35751378,C063533,D016589,Negative_Correlation,D016589,0.5651716474,AISKGConstrainedTransfer,full_document
35751378,C063533,D016593,Negative_Correlation,D016593,0.5127053346,AISKGConstrainedTransfer,full_document
35751378,C063533,D018967,Negative_Correlation,D018967,0.5488594819,AISKGConstrainedTransfer,full_document
35751378,C063533,D020117,Negative_Correlation,D020117,0.5651716474,AISKGConstrainedTransfer,full_document
35751378,C066304,C067192,Negative_Correlation,C067192,0.5089922636,AISKGConstrainedTransfer,full_document
35751378,C066304,D000077266,Negative_Correlation,D000077266,0.5651716474,AISKGConstrainedTransfer,full_document
35751378,C066304,D002746,Negative_Correlation,D002746,0.5217694644,AISKGConstrainedTransfer,full_document
35751378,C066304,D004329,Negative_Correlation,D004329,0.5089922636,AISKGConstrainedTransfer,full_document
35751378,C066304,D006220,Negative_Correlation,D006220,0.4888258042,AISKGConstrainedTransfer,full_document
35751378,C066304,D010868,Negative_Correlation,D010868,0.5651716474,AISKGConstrainedTransfer,full_document
35751378,C066304,D011802,Negative_Correlation,D011802,0.5593596571,AISKGConstrainedTransfer,full_document
35751378,C066304,D013015,Comparison,,0.4240454497,AISKGConstrainedTransfer,full_document
35751378,C066304,D013881,Comparison,,0.4240454497,AISKGConstrainedTransfer,full_document
35751378,C066304,D016589,Negative_Correlation,D016589,0.5089922636,AISKGConstrainedTransfer,full_document
35751378,C066304,D016593,Comparison,,0.4102683827,AISKGConstrainedTransfer,full_document
35751378,C066304,D020117,Negative_Correlation,D020117,0.5089922636,AISKGConstrainedTransfer,full_document
35751378,C067192,D000077266,Negative_Correlation,D000077266,0.5651716474,AISKGConstrainedTransfer,full_document
35751378,C067192,D002746,Negative_Correlation,D002746,0.5766448335,AISKGConstrainedTransfer,full_document
35751378,C067192,D004329,Comparison,,0.4240454497,AISKGConstrainedTransfer,full_document
35751378,C067192,D006220,Comparison,,0.6071337872,AISKGConstrainedTransfer,full_document
35751378,C067192,D010868,Negative_Correlation,D010868,0.5651716474,AISKGConstrainedTransfer,full_document
35751378,C067192,D011802,Negative_Correlation,D011802,0.5593596571,AISKGConstrainedTransfer,full_document
35751378,C067192,D013015,Negative_Correlation,D013015,0.5651716474,AISKGConstrainedTransfer,full_document
35751378,C067192,D013881,Negative_Correlation,D013881,0.5089922636,AISKGConstrainedTransfer,full_document
35751378,C067192,D016589,Negative_Correlation,D016589,0.5651716474,AISKGConstrainedTransfer,full_document
35751378,C067192,D016593,Negative_Correlation,D016593,0.5127053346,AISKGConstrainedTransfer,full_document
35751378,C067192,D018967,Negative_Correlation,D018967,0.5488594819,AISKGConstrainedTransfer,full_document
35751378,C067192,D020117,Comparison,,0.4240454497,AISKGConstrainedTransfer,full_document
35751378,D000077266,D002746,Negative_Correlation,D002746,0.5766448335,AISKGConstrainedTransfer,full_document
35751378,D000077266,D004329,Negative_Correlation,D004329,0.5651716474,AISKGConstrainedTransfer,full_document
35751378,D000077266,D006220,Comparison,,0.6071337872,AISKGConstrainedTransfer,full_document
35751378,D000077266,D010868,Comparison,,0.4240454497,AISKGConstrainedTransfer,full_document
35751378,D000077266,D011802,Cotreatment,,0.5273244656,AISKGConstrainedTransfer,full_document
35751378,D000077266,D013015,Negative_Correlation,D013015,0.5651716474,AISKGConstrainedTransfer,full_document
35751378,D000077266,D013881,Negative_Correlation,D013881,0.5651716474,AISKGConstrainedTransfer,full_document
35751378,D000077266,D016589,Negative_Correlation,D016589,0.5651716474,AISKGConstrainedTransfer,full_document
35751378,D000077266,D016593,Negative_Correlation,D016593,0.5672164978,AISKGConstrainedTransfer,full_document
35751378,D000077266,D018967,Negative_Correlation,D018967,0.5488594819,AISKGConstrainedTransfer,full_document
35751378,D000077266,D020117,Negative_Correlation,D020117,0.5651716474,AISKGConstrainedTransfer,full_document
35751378,D001262,D008133,Negative_Correlation,D001262,0.4332660936,AISKGConstrainedTransfer,full_document
35751378,D002746,D004329,Comparison,,0.4028711533,AISKGConstrainedTransfer,full_document
35751378,D002746,D006220,Negative_Correlation,D006220,0.491187678,AISKGConstrainedTransfer,full_document
35751378,D002746,D010868,Negative_Correlation,D010868,0.5631839538,AISKGConstrainedTransfer,full_document
35751378,D002746,D011802,Negative_Correlation,D011802,0.501639236,AISKGConstrainedTransfer,full_document
35751378,D002746,D013015,Negative_Correlation,D013015,0.5076992169,AISKGConstrainedTransfer,full_document
35751378,D002746,D013881,Negative_Correlation,D013881,0.5076992169,AISKGConstrainedTransfer,full_document
35751378,D002746,D016589,Comparison,,0.4028711533,AISKGConstrainedTransfer,full_document
35751378,D002746,D016593,Negative_Correlation,D016593,0.5114925606,AISKGConstrainedTransfer,full_document
35751378,D002746,D018967,Negative_Correlation,D018967,0.4876937379,AISKGConstrainedTransfer,full_document
35751378,D002746,D020117,Comparison,,0.4028711533,AISKGConstrainedTransfer,full_document
35751378,D004329,D006220,Negative_Correlation,D006220,0.4888258042,AISKGConstrainedTransfer,full_document
35751378,D004329,D010868,Negative_Correlation,D010868,0.5651716474,AISKGConstrainedTransfer,full_document
35751378,D004329,D011802,Negative_Correlation,D011802,0.5593596571,AISKGConstrainedTransfer,full_document
35751378,D004329,D013015,Negative_Correlation,D013015,0.5089922636,AISKGConstrainedTransfer,full_document
35751378,D004329,D013881,Negative_Correlation,D013881,0.5089922636,AISKGConstrainedTransfer,full_document
35751378,D004329,D016589,Negative_Correlation,D016589,0.5651716474,AISKGConstrainedTransfer,full_document
35751378,D004329,D016593,Negative_Correlation,D016593,0.5127053346,AISKGConstrainedTransfer,full_document
35751378,D004329,D018967,Negative_Correlation,D018967,0.5488594819,AISKGConstrainedTransfer,full_document
35751378,D004329,D020117,Comparison,,0.4240454497,AISKGConstrainedTransfer,full_document
35751378,D006220,D010868,Comparison,,0.4161227265,AISKGConstrainedTransfer,full_document
35751378,D006220,D011802,Negative_Correlation,D011802,0.537523977,AISKGConstrainedTransfer,full_document
35751378,D006220,D013015,Negative_Correlation,D013015,0.5433503383,AISKGConstrainedTransfer,full_document
35751378,D006220,D013881,Negative_Correlation,D013881,0.4849807865,AISKGConstrainedTransfer,full_document
35751378,D006220,D016589,Negative_Correlation,D016589,0.5433503383,AISKGConstrainedTransfer,full_document
35751378,D006220,D016593,Negative_Correlation,D016593,0.545917316,AISKGConstrainedTransfer,full_document
35751378,D006220,D018967,Negative_Correlation,D018967,0.5261261584,AISKGConstrainedTransfer,full_document
35751378,D006220,D020117,Negative_Correlation,D020117,0.5433503383,AISKGConstrainedTransfer,full_document
35751378,D010868,D011802,Comparison,,0.4179681366,AISKGConstrainedTransfer,full_document
35751378,D010868,D013015,Negative_Correlation,D013015,0.5651716474,AISKGConstrainedTransfer,full_document
35751378,D010868,D013881,Negative_Correlation,D013881,0.5651716474,AISKGConstrainedTransfer,full_document
35751378,D010868,D016589,Negative_Correlation,D016589,0.5089922636,AISKGConstrainedTransfer,full_document
35751378,D010868,D016593,Negative_Correlation,D016593,0.5672164978,AISKGConstrainedTransfer,full_document
35751378,D010868,D020117,Negative_Correlation,D020117,0.5651716474,AISKGConstrainedTransfer,full_document
35751378,D011802,D013015,Comparison,,0.415924252,AISKGConstrainedTransfer,full_document
35751378,D011802,D013881,Negative_Correlation,D013881,0.5584876631,AISKGConstrainedTransfer,full_document
35751378,D011802,D016589,Negative_Correlation,D016589,0.5019035659,AISKGConstrainedTransfer,full_document
35751378,D011802,D016593,Negative_Correlation,D016593,0.5607525078,AISKGConstrainedTransfer,full_document
35751378,D011802,D020117,Negative_Correlation,D020117,0.5584876631,AISKGConstrainedTransfer,full_document
35751378,D013015,D013881,Negative_Correlation,D013881,0.5651716474,AISKGConstrainedTransfer,full_document
35751378,D013015,D016589,Negative_Correlation,D016589,0.5089922636,AISKGConstrainedTransfer,full_document
35751378,D013015,D016593,Comparison,,0.4102683827,AISKGConstrainedTransfer,full_document
35751378,D013015,D020117,Negative_Correlation,D020117,0.5089922636,AISKGConstrainedTransfer,full_document
35751378,D013881,D016589,Negative_Correlation,D016589,0.5089922636,AISKGConstrainedTransfer,full_document
35751378,D013881,D016593,Comparison,,0.4102683827,AISKGConstrainedTransfer,full_document
35751378,D013881,D018967,Negative_Correlation,D018967,0.5488594819,AISKGConstrainedTransfer,full_document
35751378,D013881,D020117,Negative_Correlation,D020117,0.5089922636,AISKGConstrainedTransfer,full_document
35751378,D016589,D016593,Negative_Correlation,D016593,0.5127053346,AISKGConstrainedTransfer,full_document
35751378,D016589,D018967,Negative_Correlation,D018967,0.4888861315,AISKGConstrainedTransfer,full_document
35751378,D016589,D020117,Comparison,,0.4240454497,AISKGConstrainedTransfer,full_document
35751378,D016593,D018967,Negative_Correlation,D018967,0.5550554672,AISKGConstrainedTransfer,full_document
35751378,D016593,D020117,Negative_Correlation,D020117,0.5179853731,AISKGConstrainedTransfer,full_document
35751378,D018967,D020117,Negative_Correlation,D020117,0.4707658985,AISKGConstrainedTransfer,full_document
35757841,1869,2099,Association,,0.4197976344,AISKGConstrainedTransfer,full_document
35757841,1869,2475,Positive_Correlation,2475,0.4714029934,AISKGConstrainedTransfer,full_document
35757841,1869,5106,Association,,0.6657823162,AISKGConstrainedTransfer,full_document
35757841,1869,D001943,Association,1869,0.9290466919,AISKGConstrainedTransfer,full_document
35757841,2099,2475,Association,,0.5251116222,AISKGConstrainedTransfer,full_document
35757841,2099,5106,Association,,0.4766839283,AISKGConstrainedTransfer,full_document
35757841,2099,D001943,Association,2099,0.8513899814,AISKGConstrainedTransfer,full_document
35757841,2099,D009369,Association,2099,0.8689987105,AISKGConstrainedTransfer,full_document
35757841,2475,5106,Association,,0.6657823162,AISKGConstrainedTransfer,full_document
35757841,2475,D001943,Association,2475,0.8521654643,AISKGConstrainedTransfer,full_document
35757841,2475,D009369,Association,2475,0.8453957409,AISKGConstrainedTransfer,full_document
35757841,5106,D001943,Association,5106,0.8670242909,AISKGConstrainedTransfer,full_document
35757841,5106,D009369,Association,5106,0.8503975187,AISKGConstrainedTransfer,full_document
35757841,5106,D014233,Association,D014233,0.4043467283,AISKGConstrainedTransfer,full_document
35757841,D001943,D005947,Positive_Correlation,D001943,0.5237492723,AISKGConstrainedTransfer,full_document
35757841,D001943,D005973,Positive_Correlation,D001943,0.5026486338,AISKGConstrainedTransfer,full_document
35757841,D010728,D014233,Conversion,D014233,0.4954161015,AISKGConstrainedTransfer,full_document
35757841,D010728,D062907,Conversion,D062907,0.4775826546,AISKGConstrainedTransfer,full_document
35757841,D014233,D062907,Conversion,D062907,0.4319516358,AISKGConstrainedTransfer,full_document
35761436,2263,D000072716,Association,2263,0.7022911564,AISKGConstrainedTransfer,full_document
35761436,2263,D000564,Association,2263,0.8120389652,AISKGConstrainedTransfer,full_document
35761436,2263,D001927,Association,2263,0.6606461473,AISKGConstrainedTransfer,full_document
35761436,C000604580,D000072716,Negative_Correlation,C000604580,0.6618892079,AISKGConstrainedTransfer,full_document
35761436,C000604580,D000564,Positive_Correlation,C000604580,0.4287765703,AISKGConstrainedTransfer,full_document
35761436,C000604580,D001927,Negative_Correlation,C000604580,0.6743274219,AISKGConstrainedTransfer,full_document
35764775,43740568,43740572,Association,,0.4330398745,AISKGConstrainedTransfer,full_document
35764775,43740568,43740577,Association,,0.4330398745,AISKGConstrainedTransfer,full_document
35764775,43740572,43740577,Association,,0.3922968373,AISKGConstrainedTransfer,full_document
35780680,3569,D007249,Association,3569,0.8100188712,AISKGConstrainedTransfer,full_document
35780680,4790,D008070,Positive_Correlation,D008070,0.43865984,AISKGConstrainedTransfer,full_document
35780680,5594,84876,Positive_Correlation,84876,0.542395248,AISKGConstrainedTransfer,full_document
35780680,5594,D008070,Positive_Correlation,D008070,0.4786628359,AISKGConstrainedTransfer,full_document
35780680,5595,84876,Positive_Correlation,84876,0.542395248,AISKGConstrainedTransfer,full_document
35780680,5595,D008070,Positive_Correlation,D008070,0.4786628359,AISKGConstrainedTransfer,full_document
35780680,7099,D000090862,Association,7099,0.8731736382,AISKGConstrainedTransfer,full_document
35780680,7099,D002118,Association,D002118,0.4048279048,AISKGConstrainedTransfer,full_document
35780680,7099,D059350,Association,7099,0.8646795544,AISKGConstrainedTransfer,full_document
35780680,7124,84876,Association,,0.4150508279,AISKGConstrainedTransfer,full_document
35780680,7124,D007249,Association,7124,0.8118867587,AISKGConstrainedTransfer,full_document
35780680,7124,D008070,Positive_Correlation,D008070,0.4156485853,AISKGConstrainedTransfer,full_document
35780680,84876,D000090862,Association,84876,0.8766006244,AISKGConstrainedTransfer,full_document
35780680,84876,D007249,Association,84876,0.8726360597,AISKGConstrainedTransfer,full_document
35780680,84876,D008070,Positive_Correlation,D008070,0.4178643025,AISKGConstrainedTransfer,full_document
35780680,84876,D059350,Association,84876,0.8687958585,AISKGConstrainedTransfer,full_document
35780680,D002118,D007249,Positive_Correlation,D002118,0.428065244,AISKGConstrainedTransfer,full_document
35780680,D002118,D008070,Negative_Correlation,D008070,0.420964771,AISKGConstrainedTransfer,full_document
35780680,D002118,D019284,Cotreatment,,0.4202219027,AISKGConstrainedTransfer,full_document
35817954,100911796,D000241,Association,D000241,0.457561717,AISKGConstrainedTransfer,full_document
35817954,100911796,D007511,Association,100911796,0.8254027299,AISKGConstrainedTransfer,full_document
35817954,100911796,D010100,Negative_Correlation,D010100,0.4206006972,AISKGConstrainedTransfer,full_document
35817954,25369,C061282,Negative_Correlation,C061282,0.5526162015,AISKGConstrainedTransfer,full_document
35817954,25369,C098657,Negative_Correlation,C098657,0.5369059823,AISKGConstrainedTransfer,full_document
35817954,25369,D000241,Association,D000241,0.457561717,AISKGConstrainedTransfer,full_document
35817954,25369,D001464,Negative_Correlation,D001464,0.5606982036,AISKGConstrainedTransfer,full_document
35817954,25369,D002534,Association,25369,0.7140563399,AISKGConstrainedTransfer,full_document
35817954,25369,D002545,Association,25369,0.6117238025,AISKGConstrainedTransfer,full_document
35817954,25369,D005947,Negative_Correlation,D005947,0.4682587056,AISKGConstrainedTransfer,full_document
35817954,25369,D007511,Association,25369,0.8254027299,AISKGConstrainedTransfer,full_document
35817954,25369,D010100,Negative_Correlation,D010100,0.4206006972,AISKGConstrainedTransfer,full_document
35817954,25369,D018698,Negative_Correlation,D018698,0.594714499,AISKGConstrainedTransfer,full_document
35817954,29290,D000241,Association,D000241,0.457561717,AISKGConstrainedTransfer,full_document
35817954,29290,D007511,Association,29290,0.8254027299,AISKGConstrainedTransfer,full_document
35817954,29290,D010100,Negative_Correlation,D010100,0.4206006972,AISKGConstrainedTransfer,full_document
35817954,29316,D000241,Association,D000241,0.457561717,AISKGConstrainedTransfer,full_document
35817954,29316,D007511,Association,29316,0.8254027299,AISKGConstrainedTransfer,full_document
35817954,29316,D010100,Negative_Correlation,D010100,0.4206006972,AISKGConstrainedTransfer,full_document
35817954,C061282,D001464,Negative_Correlation,D001464,0.4431345087,AISKGConstrainedTransfer,full_document
35817954,C061282,D018698,Negative_Correlation,D018698,0.4873461372,AISKGConstrainedTransfer,full_document
35817954,C098657,D002534,Positive_Correlation,C098657,0.4874594117,AISKGConstrainedTransfer,full_document
35817954,D000241,D007511,Positive_Correlation,D000241,0.4336963123,AISKGConstrainedTransfer,full_document
35817954,D001464,D013779,Negative_Correlation,D013779,0.5190725262,AISKGConstrainedTransfer,full_document
35817954,D001464,D018698,Negative_Correlation,D018698,0.5086650241,AISKGConstrainedTransfer,full_document
35817954,D005947,D007511,Positive_Correlation,D005947,0.5181421732,AISKGConstrainedTransfer,full_document
35817954,D005947,D010100,Negative_Correlation,D010100,0.4033407209,AISKGConstrainedTransfer,full_document
35817954,D007511,D010100,Positive_Correlation,D007511,0.5259834094,AISKGConstrainedTransfer,full_document
35822697,4854,D046589,Association,4854,0.8603238399,AISKGConstrainedTransfer,full_document
35829840,149233,D009164,Association,149233,0.9092771735,AISKGConstrainedTransfer,full_document
35829840,149233,D009165,Association,149233,0.9106162661,AISKGConstrainedTransfer,full_document
35829840,3458,D009164,Association,3458,0.8892483318,AISKGConstrainedTransfer,full_document
35829840,3605,D009181,Association,3605,0.8117667607,AISKGConstrainedTransfer,full_document
35829840,51561,D009164,Association,51561,0.829703666,AISKGConstrainedTransfer,full_document
35829840,51561,D009181,Association,51561,0.8136517849,AISKGConstrainedTransfer,full_document
35829840,D009164,p|SUB|C|115|Y,Positive_Correlation,,0.5878017939,AISKGConstrainedTransfer,full_document
35829840,D009164,rs368291075,Positive_Correlation,,0.5808180227,AISKGConstrainedTransfer,full_document
35829840,D009165,rs368291075,Association,,0.5679711065,AISKGConstrainedTransfer,full_document
35842466,43740575,D006160,Association,D006160,0.4716298335,AISKGConstrainedTransfer,full_document
35842466,D006147,D012313,Association,D006147,0.4188624727,AISKGConstrainedTransfer,full_document
35842466,D006147,D014364,Association,D006147,0.4842501893,AISKGConstrainedTransfer,full_document
35842466,D006147,p|SUB|W|330|A,Association,p|SUB|W|330|A,0.540111878,AISKGConstrainedTransfer,full_document
35842466,D009843,D012313,Association,D009843,0.4417411552,AISKGConstrainedTransfer,full_document
35842466,D009843,p|SUB|W|330|A,Association,p|SUB|W|330|A,0.5669707625,AISKGConstrainedTransfer,full_document
35842466,D012313,p|SUB|W|330|A,Association,p|SUB|W|330|A,0.6015338486,AISKGConstrainedTransfer,full_document
35844799,407043,5594,Association,,0.461429969,AISKGConstrainedTransfer,full_document
35844799,407043,595,Association,,0.461429969,AISKGConstrainedTransfer,full_document
35844799,407043,D000077192,Association,407043,0.8209429221,AISKGConstrainedTransfer,full_document
35844799,407043,D009369,Association,407043,0.9038572517,AISKGConstrainedTransfer,full_document
35844799,407044,5594,Association,,0.461429969,AISKGConstrainedTransfer,full_document
35844799,407044,595,Association,,0.461429969,AISKGConstrainedTransfer,full_document
35844799,407044,D000077192,Association,407044,0.8209429221,AISKGConstrainedTransfer,full_document
35844799,407044,D009369,Association,407044,0.9038572517,AISKGConstrainedTransfer,full_document
35844799,407045,5594,Association,,0.461429969,AISKGConstrainedTransfer,full_document
35844799,407045,595,Association,,0.461429969,AISKGConstrainedTransfer,full_document
35844799,407045,D000077192,Association,407045,0.8209429221,AISKGConstrainedTransfer,full_document
35844799,407045,D009369,Association,407045,0.9038572517,AISKGConstrainedTransfer,full_document
35844799,5594,595,Positive_Correlation,595,0.3991457543,AISKGConstrainedTransfer,full_document
35844799,5594,8660,Positive_Correlation,8660,0.3991457543,AISKGConstrainedTransfer,full_document
35844799,5594,D000077192,Association,5594,0.7073472628,AISKGConstrainedTransfer,full_document
35844799,5594,D009369,Association,5594,0.8989269022,AISKGConstrainedTransfer,full_document
35844799,5595,D000077192,Association,5595,0.8209429221,AISKGConstrainedTransfer,full_document
35844799,5595,D009369,Association,5595,0.8989269022,AISKGConstrainedTransfer,full_document
35844799,595,8660,Positive_Correlation,8660,0.3991457543,AISKGConstrainedTransfer,full_document
35844799,595,D000077192,Association,595,0.7073472628,AISKGConstrainedTransfer,full_document
35844799,595,D009369,Association,595,0.893669951,AISKGConstrainedTransfer,full_document
35844799,8660,D000077192,Association,8660,0.7073472628,AISKGConstrainedTransfer,full_document
35844799,8660,D009369,Association,8660,0.8967209843,AISKGConstrainedTransfer,full_document
35844799,D002945,D009369,Negative_Correlation,D002945,0.5779665371,AISKGConstrainedTransfer,full_document
35848717,D005283,D014147,Association,D005283,0.4193160153,AISKGConstrainedTransfer,full_document
35858331,1240,D007249,Association,1240,0.934518759,AISKGConstrainedTransfer,full_document
35858331,1240,D015212,Association,1240,0.8053591463,AISKGConstrainedTransfer,full_document
35858331,14747,4025,Association,,0.5462389593,AISKGConstrainedTransfer,full_document
35858331,14747,76113,Association,,0.4482015808,AISKGConstrainedTransfer,full_document
35858331,14747,D001424,Association,14747,0.8662267133,AISKGConstrainedTransfer,full_document
35858331,14747,D003092,Association,14747,0.8483529947,AISKGConstrainedTransfer,full_document
35858331,14747,D007960,Association,14747,0.6514371,AISKGConstrainedTransfer,full_document
35858331,14747,D015212,Association,14747,0.8691722683,AISKGConstrainedTransfer,full_document
35858331,14825,D007960,Association,14825,0.7530760541,AISKGConstrainedTransfer,full_document
35858331,20310,D007960,Association,20310,0.7530760541,AISKGConstrainedTransfer,full_document
35858331,4025,71660,Association,,0.5462389593,AISKGConstrainedTransfer,full_document
35858331,4025,76113,Association,,0.5462389593,AISKGConstrainedTransfer,full_document
35858331,4025,D007960,Association,4025,0.8497731423,AISKGConstrainedTransfer,full_document
35858331,4025,D015212,Association,4025,0.8581289053,AISKGConstrainedTransfer,full_document
35858331,5919,D007249,Association,5919,0.9403267824,AISKGConstrainedTransfer,full_document
35858331,5919,D015212,Association,5919,0.8053591463,AISKGConstrainedTransfer,full_document
35858331,71660,76113,Association,,0.4482015808,AISKGConstrainedTransfer,full_document
35858331,71660,D001424,Association,71660,0.8662267133,AISKGConstrainedTransfer,full_document
35858331,71660,D003092,Association,71660,0.8442480659,AISKGConstrainedTransfer,full_document
35858331,71660,D007960,Association,71660,0.6514371,AISKGConstrainedTransfer,full_document
35858331,71660,D015212,Association,71660,0.8691722683,AISKGConstrainedTransfer,full_document
35858331,76113,D001424,Association,76113,0.9098489124,AISKGConstrainedTransfer,full_document
35858331,76113,D003092,Association,76113,0.8125643628,AISKGConstrainedTransfer,full_document
35858331,76113,D007960,Association,76113,0.6514371,AISKGConstrainedTransfer,full_document
35858331,76113,D015212,Association,76113,0.8691722683,AISKGConstrainedTransfer,full_document
35858331,D006861,D007960,Positive_Correlation,D006861,0.5121810266,AISKGConstrainedTransfer,full_document
35858331,D007960,D013861,Positive_Correlation,D007960,0.4971724743,AISKGConstrainedTransfer,full_document
35881285,24153,81670,Positive_Correlation,81670,0.3933517784,AISKGConstrainedTransfer,full_document
35881285,24153,D001663,Negative_Correlation,D001663,0.5167047262,AISKGConstrainedTransfer,full_document
35881285,24153,D002251,Negative_Correlation,D002251,0.5664188638,AISKGConstrainedTransfer,full_document
35881285,24153,D008103,Association,24153,0.8035939334,AISKGConstrainedTransfer,full_document
35881285,24153,D044945,Negative_Correlation,D044945,0.5386952136,AISKGConstrainedTransfer,full_document
35881285,24401,D001663,Positive_Correlation,D001663,0.4386443911,AISKGConstrainedTransfer,full_document
35881285,24401,D002251,Positive_Correlation,D002251,0.4219910858,AISKGConstrainedTransfer,full_document
35881285,24494,24498,Positive_Correlation,24498,0.5228748765,AISKGConstrainedTransfer,full_document
35881285,24494,24835,Positive_Correlation,24835,0.4603156269,AISKGConstrainedTransfer,full_document
35881285,24494,D007249,Association,24494,0.7695060635,AISKGConstrainedTransfer,full_document
35881285,24494,D044945,Negative_Correlation,D044945,0.5179452059,AISKGConstrainedTransfer,full_document
35881285,24498,D007249,Association,24498,0.7790438424,AISKGConstrainedTransfer,full_document
35881285,24498,D044945,Negative_Correlation,D044945,0.5794287358,AISKGConstrainedTransfer,full_document
35881285,24835,D007249,Association,24835,0.7821227567,AISKGConstrainedTransfer,full_document
35881285,24835,D044945,Negative_Correlation,D044945,0.5503094974,AISKGConstrainedTransfer,full_document
35881285,81670,D001663,Negative_Correlation,D001663,0.4284590779,AISKGConstrainedTransfer,full_document
35881285,81670,D002251,Positive_Correlation,D002251,0.4118320017,AISKGConstrainedTransfer,full_document
35881285,D000069463,D002251,Negative_Correlation,D002251,0.4052032818,AISKGConstrainedTransfer,full_document
35881285,D000069463,D044945,Cotreatment,,0.5915083911,AISKGConstrainedTransfer,full_document
35881285,D001663,D002251,Negative_Correlation,D002251,0.5705663969,AISKGConstrainedTransfer,full_document
35881285,D002251,D007249,Positive_Correlation,D002251,0.5656701497,AISKGConstrainedTransfer,full_document
35881285,D002251,D008103,Positive_Correlation,D002251,0.4978314496,AISKGConstrainedTransfer,full_document
35881285,D002251,D044945,Cotreatment,,0.5928060827,AISKGConstrainedTransfer,full_document
35881285,D002251,D056486,Positive_Correlation,D002251,0.5528087433,AISKGConstrainedTransfer,full_document
35881285,D007249,D044945,Positive_Correlation,D007249,0.493415417,AISKGConstrainedTransfer,full_document
35881285,D008055,D044945,Negative_Correlation,D044945,0.560673006,AISKGConstrainedTransfer,full_document
35881285,D008103,D044945,Positive_Correlation,D008103,0.6677059086,AISKGConstrainedTransfer,full_document
35881285,D044945,D056486,Negative_Correlation,D044945,0.4822056133,AISKGConstrainedTransfer,full_document
35895835,120892,D010300,Association,120892,0.7765878971,AISKGConstrainedTransfer,full_document
35899201,79868,D002658,Association,79868,0.8436650666,AISKGConstrainedTransfer,full_document
35899201,79868,D008607,Association,79868,0.8243628318,AISKGConstrainedTransfer,full_document
35899201,79868,D012640,Association,79868,0.7648043125,AISKGConstrainedTransfer,full_document
35899201,79868,D013285,Association,79868,0.7892115819,AISKGConstrainedTransfer,full_document
35899201,79868,D040181,Association,79868,0.8503560017,AISKGConstrainedTransfer,full_document
35899201,D002658,rs1447914775,Positive_Correlation,,0.6685571582,AISKGConstrainedTransfer,full_document
35899201,D008607,rs1447914775,Positive_Correlation,,0.6846539431,AISKGConstrainedTransfer,full_document
35917186,16001,57330,Association,,0.6178288749,AISKGConstrainedTransfer,full_document
35917186,16001,64599,Association,,0.6315690392,AISKGConstrainedTransfer,full_document
35917186,16001,D000067877,Association,16001,0.8679524168,AISKGConstrainedTransfer,full_document
35917186,16001,D001321,Association,16001,0.9074427118,AISKGConstrainedTransfer,full_document
35917186,26413,57330,Association,,0.4281975365,AISKGConstrainedTransfer,full_document
35917186,26413,D001321,Association,26413,0.9074427118,AISKGConstrainedTransfer,full_document
35917186,3480,57330,Association,,0.6315690392,AISKGConstrainedTransfer,full_document
35917186,3480,64599,Association,,0.6315690392,AISKGConstrainedTransfer,full_document
35917186,3480,D000067877,Association,3480,0.8679524168,AISKGConstrainedTransfer,full_document
35917186,57330,D000067404,Association,57330,0.9008719998,AISKGConstrainedTransfer,full_document
35917186,57330,D000067877,Association,57330,0.814883293,AISKGConstrainedTransfer,full_document
35917186,57330,D001321,Association,57330,0.9074427118,AISKGConstrainedTransfer,full_document
35917186,57330,D003072,Association,57330,0.8851301564,AISKGConstrainedTransfer,full_document
35917186,64599,D000067877,Association,64599,0.919808084,AISKGConstrainedTransfer,full_document
35917186,64599,D003072,Association,64599,0.8414264629,AISKGConstrainedTransfer,full_document
35917186,D000067877,c|DEL|333|,Positive_Correlation,,0.4625115096,AISKGConstrainedTransfer,full_document
35917186,D003072,c|DEL|333|,Positive_Correlation,,0.463886822,AISKGConstrainedTransfer,full_document
35938004,55636,D000013,Association,55636,0.890788763,AISKGConstrainedTransfer,full_document
35938004,55636,D030342,Association,55636,0.8759995092,AISKGConstrainedTransfer,full_document
35938004,55636,D058747,Association,55636,0.8453257605,AISKGConstrainedTransfer,full_document
35971028,3030,C536404,Association,3030,0.7191128172,AISKGConstrainedTransfer,full_document
35971028,3030,C566945,Association,3030,0.6601755105,AISKGConstrainedTransfer,full_document
35971028,3030,D006938,Association,3030,0.6620082148,AISKGConstrainedTransfer,full_document
35971028,3030,D061325,Association,3030,0.7642050455,AISKGConstrainedTransfer,full_document
35971028,3949,C536404,Association,3949,0.6440070741,AISKGConstrainedTransfer,full_document
35971028,3949,C566945,Association,3949,0.7101082667,AISKGConstrainedTransfer,full_document
35971028,3949,D006938,Association,3949,0.6848683498,AISKGConstrainedTransfer,full_document
35971028,3949,D061325,Association,3949,0.7344588015,AISKGConstrainedTransfer,full_document
35971028,672,C536404,Association,672,0.7280744814,AISKGConstrainedTransfer,full_document
35971028,672,C566945,Association,672,0.7247513683,AISKGConstrainedTransfer,full_document
35971028,672,D006938,Association,672,0.7026230525,AISKGConstrainedTransfer,full_document
35971028,672,D061325,Association,672,0.6949327741,AISKGConstrainedTransfer,full_document
35971028,7827,C536404,Association,7827,0.6646330913,AISKGConstrainedTransfer,full_document
35971028,7827,C566945,Association,7827,0.7473612289,AISKGConstrainedTransfer,full_document
35971028,7827,D006938,Association,7827,0.6665651012,AISKGConstrainedTransfer,full_document
35971028,7827,D061325,Association,7827,0.7438158156,AISKGConstrainedTransfer,full_document
35971028,C536404,c|DEL|1032|T,Positive_Correlation,,0.5899715979,AISKGConstrainedTransfer,full_document
35971028,C536404,c|DEL|3700_3704|,Positive_Correlation,,0.5669859467,AISKGConstrainedTransfer,full_document
35971028,C536404,rs137852769,Positive_Correlation,,0.5542341341,AISKGConstrainedTransfer,full_document
35971028,C536404,rs373822756,Positive_Correlation,,0.5537244566,AISKGConstrainedTransfer,full_document
35971028,C566945,c|DEL|1032|T,Positive_Correlation,,0.5899992044,AISKGConstrainedTransfer,full_document
35971028,C566945,c|DEL|3700_3704|,Positive_Correlation,,0.4919207655,AISKGConstrainedTransfer,full_document
35971028,C566945,rs137852769,Positive_Correlation,,0.5819613623,AISKGConstrainedTransfer,full_document
35971028,C566945,rs373822756,Positive_Correlation,,0.4855094447,AISKGConstrainedTransfer,full_document
35971028,D006938,c|DEL|1032|T,Positive_Correlation,,0.5228154754,AISKGConstrainedTransfer,full_document
35971028,D006938,c|DEL|3700_3704|,Positive_Correlation,,0.6118248374,AISKGConstrainedTransfer,full_document
35971028,D006938,rs137852769,Positive_Correlation,,0.5224292075,AISKGConstrainedTransfer,full_document
35971028,D006938,rs373822756,Positive_Correlation,,0.5408129227,AISKGConstrainedTransfer,full_document
35971028,D061325,c|DEL|1032|T,Positive_Correlation,,0.5348676215,AISKGConstrainedTransfer,full_document
35971028,D061325,c|DEL|3700_3704|,Positive_Correlation,,0.5583006995,AISKGConstrainedTransfer,full_document
35971028,D061325,rs137852769,Positive_Correlation,,0.6202547846,AISKGConstrainedTransfer,full_document
35971028,D061325,rs373822756,Positive_Correlation,,0.5249530425,AISKGConstrainedTransfer,full_document
35976913,11520,D002185,Negative_Correlation,D002185,0.3958395665,AISKGConstrainedTransfer,full_document
35976913,11520,D005947,Negative_Correlation,D005947,0.4225974705,AISKGConstrainedTransfer,full_document
35976913,11520,D013759,Negative_Correlation,D013759,0.3958395665,AISKGConstrainedTransfer,full_document
35976913,11770,D002185,Negative_Correlation,D002185,0.3958395665,AISKGConstrainedTransfer,full_document
35976913,11770,D005947,Negative_Correlation,D005947,0.4225974705,AISKGConstrainedTransfer,full_document
35976913,11770,D013759,Negative_Correlation,D013759,0.3958395665,AISKGConstrainedTransfer,full_document
35976913,12802,D002185,Negative_Correlation,D002185,0.5598879731,AISKGConstrainedTransfer,full_document
35976913,12802,D013759,Negative_Correlation,D013759,0.5598879731,AISKGConstrainedTransfer,full_document
35976913,12991,D002185,Negative_Correlation,D002185,0.4078763954,AISKGConstrainedTransfer,full_document
35976913,12991,D005947,Negative_Correlation,D005947,0.4225974705,AISKGConstrainedTransfer,full_document
35976913,12991,D013759,Negative_Correlation,D013759,0.4078763954,AISKGConstrainedTransfer,full_document
35976913,14104,D002185,Negative_Correlation,D002185,0.4640500258,AISKGConstrainedTransfer,full_document
35976913,14104,D005947,Negative_Correlation,D005947,0.4808306371,AISKGConstrainedTransfer,full_document
35976913,14104,D008055,Negative_Correlation,D008055,0.3979385425,AISKGConstrainedTransfer,full_document
35976913,14104,D013759,Negative_Correlation,D013759,0.4640500258,AISKGConstrainedTransfer,full_document
35976913,15277,D002185,Negative_Correlation,D002185,0.400118348,AISKGConstrainedTransfer,full_document
35976913,15277,D005947,Negative_Correlation,D005947,0.4306151892,AISKGConstrainedTransfer,full_document
35976913,15277,D013759,Negative_Correlation,D013759,0.400118348,AISKGConstrainedTransfer,full_document
35976913,16956,D002185,Negative_Correlation,D002185,0.3920655093,AISKGConstrainedTransfer,full_document
35976913,16956,D005947,Negative_Correlation,D005947,0.4163120312,AISKGConstrainedTransfer,full_document
35976913,16956,D013759,Negative_Correlation,D013759,0.3920655093,AISKGConstrainedTransfer,full_document
35976913,20525,D002185,Negative_Correlation,D002185,0.4023806876,AISKGConstrainedTransfer,full_document
35976913,20525,D013759,Negative_Correlation,D013759,0.4023806876,AISKGConstrainedTransfer,full_document
35976913,22373,D002185,Negative_Correlation,D002185,0.4078763954,AISKGConstrainedTransfer,full_document
35976913,22373,D005947,Negative_Correlation,D005947,0.4225974705,AISKGConstrainedTransfer,full_document
35976913,22373,D013759,Negative_Correlation,D013759,0.4078763954,AISKGConstrainedTransfer,full_document
35976913,D002185,D008055,Negative_Correlation,D008055,0.5170258215,AISKGConstrainedTransfer,full_document
35976913,D008055,D013759,Negative_Correlation,D013759,0.5804744021,AISKGConstrainedTransfer,full_document
36006710,14127,D000707,Association,14127,0.9202896179,AISKGConstrainedTransfer,full_document
36006710,208650,D000707,Association,208650,0.9092703425,AISKGConstrainedTransfer,full_document
36006710,868,D000080223,Association,868,0.891644859,AISKGConstrainedTransfer,full_document
36006710,868,D001327,Association,868,0.8912859204,AISKGConstrainedTransfer,full_document
36006710,868,D007154,Association,868,0.8237677406,AISKGConstrainedTransfer,full_document
36006710,D000707,p|SUB|H|257|L,Positive_Correlation,,0.5921033004,AISKGConstrainedTransfer,full_document
36030825,851259,D006861,Negative_Correlation,D006861,0.4240636571,AISKGConstrainedTransfer,full_document
36030825,851259,D013438,Association,D013438,0.5241514316,AISKGConstrainedTransfer,full_document
36030825,D000255,p|SUB|C||D,Association,p|SUB|C||D,0.4910711448,AISKGConstrainedTransfer,full_document
36030825,D000255,p|SUB|C||S,Association,p|SUB|C||S,0.3932909134,AISKGConstrainedTransfer,full_document
36030825,D006861,p|SUB|C||D,Association,p|SUB|C||D,0.4506228039,AISKGConstrainedTransfer,full_document
36030825,D006861,p|SUB|C||S,Association,p|SUB|C||S,0.3992520602,AISKGConstrainedTransfer,full_document
36043564,1813,D013705,Association,1813,0.8868327218,AISKGConstrainedTransfer,full_document
36043564,1813,D059350,Association,1813,0.8726508463,AISKGConstrainedTransfer,full_document
36043564,255239,D013705,Association,255239,0.8772427372,AISKGConstrainedTransfer,full_document
36043564,D059350,rs6276,Positive_Correlation,,0.5143382193,AISKGConstrainedTransfer,full_document
36055162,43740568,59272,Association,,0.4413308359,AISKGConstrainedTransfer,full_document
36056179,3552,C000604877,Negative_Correlation,C000604877,0.4514171498,AISKGConstrainedTransfer,full_document
36056179,7422,D007249,Association,7422,0.8942822556,AISKGConstrainedTransfer,full_document
36056179,C000604877,D000093542,Negative_Correlation,D000093542,0.5561720684,AISKGConstrainedTransfer,full_document
36056179,C000604877,D002955,Negative_Correlation,D002955,0.5723113481,AISKGConstrainedTransfer,full_document
36056179,C000604877,D005472,Negative_Correlation,D005472,0.5723113481,AISKGConstrainedTransfer,full_document
36056179,C000604877,D007249,Positive_Correlation,C000604877,0.4042434497,AISKGConstrainedTransfer,full_document
36056179,C000604877,D021441,Positive_Correlation,C000604877,0.4439967475,AISKGConstrainedTransfer,full_document
36056179,D000077146,D000093542,Negative_Correlation,D000093542,0.5723113481,AISKGConstrainedTransfer,full_document
36056179,D000077146,D021441,Positive_Correlation,D000077146,0.4481620222,AISKGConstrainedTransfer,full_document
36056179,D000093542,D002955,Negative_Correlation,D002955,0.5723113481,AISKGConstrainedTransfer,full_document
36056179,D000093542,D005472,Negative_Correlation,D005472,0.5723113481,AISKGConstrainedTransfer,full_document
36056179,D000093542,D021441,Positive_Correlation,D000093542,0.4977910782,AISKGConstrainedTransfer,full_document
36056179,D002955,D021441,Positive_Correlation,D002955,0.4534326616,AISKGConstrainedTransfer,full_document
36056179,D005472,D021441,Positive_Correlation,D005472,0.4439967475,AISKGConstrainedTransfer,full_document
36063114,773,D000069279,Association,773,0.8877302202,AISKGConstrainedTransfer,full_document
36063114,773,D001284,Association,773,0.8700874872,AISKGConstrainedTransfer,full_document
36063114,773,D001927,Association,773,0.8431297377,AISKGConstrainedTransfer,full_document
36063114,773,D002526,Association,773,0.8700874872,AISKGConstrainedTransfer,full_document
36063114,773,D002658,Association,773,0.8836423912,AISKGConstrainedTransfer,full_document
36063114,773,D003072,Association,773,0.8413242658,AISKGConstrainedTransfer,full_document
36063114,773,D004827,Association,773,0.8669059076,AISKGConstrainedTransfer,full_document
36063114,D001284,rs1057519099,Positive_Correlation,,0.4927632327,AISKGConstrainedTransfer,full_document
36063114,D001284,rs1064794262,Positive_Correlation,,0.4697045386,AISKGConstrainedTransfer,full_document
36063114,D002526,rs1057519099,Positive_Correlation,,0.4927632327,AISKGConstrainedTransfer,full_document
36063114,D002526,rs1064794262,Positive_Correlation,,0.4697045386,AISKGConstrainedTransfer,full_document
36066413,1956,29110,Association,,0.3953706342,AISKGConstrainedTransfer,full_document
36066413,1956,340061,Positive_Correlation,340061,0.412221067,AISKGConstrainedTransfer,full_document
36066413,1956,3661,Association,,0.3953706342,AISKGConstrainedTransfer,full_document
36066413,1956,4233,Positive_Correlation,4233,0.528919901,AISKGConstrainedTransfer,full_document
36066413,1956,4907,Positive_Correlation,4907,0.556413422,AISKGConstrainedTransfer,full_document
36066413,1956,6772,Association,,0.3953706342,AISKGConstrainedTransfer,full_document
36066413,1956,D000068437,Negative_Correlation,D000068437,0.4704262363,AISKGConstrainedTransfer,full_document
36066413,1956,D008175,Association,1956,0.5519233727,AISKGConstrainedTransfer,full_document
36066413,1956,D009369,Association,1956,0.8425129862,AISKGConstrainedTransfer,full_document
36066413,29110,4233,Association,,0.3953706342,AISKGConstrainedTransfer,full_document
36066413,29110,D000068437,Negative_Correlation,D000068437,0.5703459484,AISKGConstrainedTransfer,full_document
36066413,340061,4233,Positive_Correlation,4233,0.412221067,AISKGConstrainedTransfer,full_document
36066413,340061,6772,Association,,0.3953706342,AISKGConstrainedTransfer,full_document
36066413,340061,D000068437,Negative_Correlation,D000068437,0.4006156379,AISKGConstrainedTransfer,full_document
36066413,340061,D008175,Association,340061,0.5273666562,AISKGConstrainedTransfer,full_document
36066413,340061,D009369,Association,340061,0.7909006054,AISKGConstrainedTransfer,full_document
36066413,3661,D000068437,Negative_Correlation,D000068437,0.5703459484,AISKGConstrainedTransfer,full_document
36066413,4233,D000068437,Negative_Correlation,D000068437,0.4704262363,AISKGConstrainedTransfer,full_document
36066413,4233,D008175,Association,4233,0.8213381836,AISKGConstrainedTransfer,full_document
36066413,4233,D009369,Association,4233,0.8101098381,AISKGConstrainedTransfer,full_document
36066413,4907,8061,Association,,0.4235675655,AISKGConstrainedTransfer,full_document
36066413,4907,D008175,Association,4907,0.8255646335,AISKGConstrainedTransfer,full_document
36066413,4907,D009369,Association,4907,0.8206542722,AISKGConstrainedTransfer,full_document
36066413,6772,D000068437,Negative_Correlation,D000068437,0.5703459484,AISKGConstrainedTransfer,full_document
36066413,8061,D008175,Association,8061,0.8036439331,AISKGConstrainedTransfer,full_document
36066413,D000068437,D000241,Negative_Correlation,D000241,0.4294631368,AISKGConstrainedTransfer,full_document
36066413,D000068437,D008175,Negative_Correlation,D000068437,0.5413966704,AISKGConstrainedTransfer,full_document
36066413,D000068437,D009369,Positive_Correlation,D000068437,0.4508952663,AISKGConstrainedTransfer,full_document
36069435,C035598,D004767,Positive_Correlation,C035598,0.4934723272,AISKGConstrainedTransfer,full_document
36069435,D003911,p|SUB|C|186|A,Association,p|SUB|C|186|A,0.4227882345,AISKGConstrainedTransfer,full_document
36073307,3569,D000080424,Association,3569,0.8425355114,AISKGConstrainedTransfer,full_document
36073307,D000068437,D000077192,Negative_Correlation,D000068437,0.4010169276,AISKGConstrainedTransfer,full_document
36073307,D000074324,D000077192,Negative_Correlation,D000074324,0.4010169276,AISKGConstrainedTransfer,full_document
36073307,D000074324,D000080424,Positive_Correlation,D000074324,0.6303897429,AISKGConstrainedTransfer,full_document
36073307,D000074324,D000086382,Positive_Correlation,D000074324,0.6184963097,AISKGConstrainedTransfer,full_document
36073307,D000074324,D002289,Positive_Correlation,D000074324,0.5333573552,AISKGConstrainedTransfer,full_document
36073307,D000077192,D000077594,Positive_Correlation,D000077192,0.4085693098,AISKGConstrainedTransfer,full_document
36073307,D000077594,D000080424,Positive_Correlation,D000077594,0.6303897429,AISKGConstrainedTransfer,full_document
36073307,D000077594,D000086382,Positive_Correlation,D000077594,0.6184963097,AISKGConstrainedTransfer,full_document
36073307,D000077594,D002289,Positive_Correlation,D000077594,0.5333573552,AISKGConstrainedTransfer,full_document
36073307,D000077594,D003967,Negative_Correlation,D000077594,0.4736622009,AISKGConstrainedTransfer,full_document
36073307,D000077594,D005334,Positive_Correlation,D000077594,0.4715011295,AISKGConstrainedTransfer,full_document
36073307,D000080424,D000082082,Positive_Correlation,D000080424,0.590732783,AISKGConstrainedTransfer,full_document
36073307,D000082082,D000086382,Positive_Correlation,D000082082,0.5371296806,AISKGConstrainedTransfer,full_document
36073307,D000082082,D002289,Positive_Correlation,D000082082,0.4926880807,AISKGConstrainedTransfer,full_document
36104326,546,C538258,Association,546,0.9188979207,AISKGConstrainedTransfer,full_document
36104326,546,D003057,Association,546,0.9155053982,AISKGConstrainedTransfer,full_document
36104326,C538258,c|SUB|G|21-1|A,Positive_Correlation,,0.4955500533,AISKGConstrainedTransfer,full_document
36104326,D003057,c|SUB|G|21-1|A,Positive_Correlation,,0.479864582,AISKGConstrainedTransfer,full_document
36106887,3974689,C001205,Negative_Correlation,C001205,0.5363802615,AISKGConstrainedTransfer,full_document
36106887,3974689,D002738,Association,D002738,0.4915352419,AISKGConstrainedTransfer,full_document
36106887,3974689,D008288,Association,3974689,0.8729422417,AISKGConstrainedTransfer,full_document
36106887,C001205,p|SUB|I|431|V,Association,p|SUB|I|431|V,0.4114117617,AISKGConstrainedTransfer,full_document
36107259,10411,D000242,Positive_Correlation,D000242,0.6632659045,AISKGConstrainedTransfer,full_document
36107259,3554,6364,Association,,0.4781714154,AISKGConstrainedTransfer,full_document
36107259,3554,7422,Association,,0.460403823,AISKGConstrainedTransfer,full_document
36107259,3554,953,Association,,0.4912545492,AISKGConstrainedTransfer,full_document
36107259,3554,D000242,Positive_Correlation,D000242,0.5019666149,AISKGConstrainedTransfer,full_document
36107259,3554,D000255,Negative_Correlation,D000255,0.3913220249,AISKGConstrainedTransfer,full_document
36107259,5027,5032,Association,,0.4856333441,AISKGConstrainedTransfer,full_document
36107259,5032,5141,Association,,0.4906311393,AISKGConstrainedTransfer,full_document
36107259,5032,5578,Association,,0.5076908733,AISKGConstrainedTransfer,full_document
36107259,5032,7097,Association,,0.5093419916,AISKGConstrainedTransfer,full_document
36107259,5032,953,Association,,0.4781714154,AISKGConstrainedTransfer,full_document
36107259,5032,D000242,Association,D000242,0.4648638244,AISKGConstrainedTransfer,full_document
36107259,5032,D000255,Negative_Correlation,D000255,0.4306042234,AISKGConstrainedTransfer,full_document
36107259,5032,D002118,Association,D002118,0.4735065941,AISKGConstrainedTransfer,full_document
36107259,5141,D000242,Negative_Correlation,D000242,0.3980707966,AISKGConstrainedTransfer,full_document
36107259,6364,953,Association,,0.4781714154,AISKGConstrainedTransfer,full_document
36107259,6364,D000242,Positive_Correlation,D000242,0.5019666149,AISKGConstrainedTransfer,full_document
36107259,7133,D000242,Positive_Correlation,D000242,0.5019666149,AISKGConstrainedTransfer,full_document
36107259,7422,953,Association,,0.4434021341,AISKGConstrainedTransfer,full_document
36107259,7422,D000242,Positive_Correlation,D000242,0.5203323005,AISKGConstrainedTransfer,full_document
36107259,9021,953,Association,,0.5334929861,AISKGConstrainedTransfer,full_document
36107259,9021,D000242,Positive_Correlation,D000242,0.4283823953,AISKGConstrainedTransfer,full_document
36119652,43740578,C000718217,Association,C000718217,0.4309657836,AISKGConstrainedTransfer,full_document
36119652,43740578,C000719967,Negative_Correlation,C000719967,0.4604520477,AISKGConstrainedTransfer,full_document
36119652,C000656640,C000718217,Cotreatment,,0.3994244817,AISKGConstrainedTransfer,full_document
36119652,C000718217,p|SUB|E|166|G,Association,p|SUB|E|166|G,0.5378512617,AISKGConstrainedTransfer,full_document
36119652,C000718217,p|SUB|H|172|Q,Association,p|SUB|H|172|Q,0.5378512617,AISKGConstrainedTransfer,full_document
36119652,C000718217,p|SUB|M|165|T,Association,p|SUB|M|165|T,0.5378512617,AISKGConstrainedTransfer,full_document
36121916,11278,3418,Association,,0.6021088052,AISKGConstrainedTransfer,full_document
36121916,11278,3939,Association,,0.6117536499,AISKGConstrainedTransfer,full_document
36121916,11278,4200,Association,,0.6021088052,AISKGConstrainedTransfer,full_document
36121916,11278,47,Association,,0.6021088052,AISKGConstrainedTransfer,full_document
36121916,11278,D000255,Positive_Correlation,D000255,0.4393155531,AISKGConstrainedTransfer,full_document
36121916,11278,D005947,Positive_Correlation,D005947,0.4373144535,AISKGConstrainedTransfer,full_document
36121916,11278,D013964,Association,11278,0.8822837127,AISKGConstrainedTransfer,full_document
36121916,11278,D019344,Positive_Correlation,D019344,0.3929121607,AISKGConstrainedTransfer,full_document
36121916,23528,3418,Association,,0.6021088052,AISKGConstrainedTransfer,full_document
36121916,23528,3939,Association,,0.5914697088,AISKGConstrainedTransfer,full_document
36121916,23528,4200,Association,,0.6021088052,AISKGConstrainedTransfer,full_document
36121916,23528,47,Association,,0.6021088052,AISKGConstrainedTransfer,full_document
36121916,23528,D000255,Positive_Correlation,D000255,0.4439954199,AISKGConstrainedTransfer,full_document
36121916,23528,D005947,Positive_Correlation,D005947,0.4373144535,AISKGConstrainedTransfer,full_document
36121916,23528,D013964,Association,23528,0.8822837127,AISKGConstrainedTransfer,full_document
36121916,23528,D019344,Positive_Correlation,D019344,0.3929121607,AISKGConstrainedTransfer,full_document
36121916,3418,3939,Association,,0.397638292,AISKGConstrainedTransfer,full_document
36121916,3418,4200,Association,,0.4132600105,AISKGConstrainedTransfer,full_document
36121916,3418,47,Association,,0.4132600105,AISKGConstrainedTransfer,full_document
36121916,3418,5970,Association,,0.6021088052,AISKGConstrainedTransfer,full_document
36121916,3939,5970,Association,,0.5406402113,AISKGConstrainedTransfer,full_document
36121916,4200,47,Association,,0.4132600105,AISKGConstrainedTransfer,full_document
36121916,4200,5970,Association,,0.6080388191,AISKGConstrainedTransfer,full_document
36121916,47,5970,Association,,0.6080388191,AISKGConstrainedTransfer,full_document
36121916,5970,D000255,Positive_Correlation,D000255,0.4439954199,AISKGConstrainedTransfer,full_document
36121916,5970,D005947,Positive_Correlation,D005947,0.4373144535,AISKGConstrainedTransfer,full_document
36121916,5970,D013964,Association,5970,0.8822837127,AISKGConstrainedTransfer,full_document
36121916,5970,D019344,Positive_Correlation,D019344,0.3929121607,AISKGConstrainedTransfer,full_document
36121916,D000244,D013964,Positive_Correlation,D000244,0.5692292242,AISKGConstrainedTransfer,full_document
36121916,D000255,D013964,Positive_Correlation,D000255,0.5692292242,AISKGConstrainedTransfer,full_document
36121916,D005947,D013964,Negative_Correlation,D005947,0.4437222354,AISKGConstrainedTransfer,full_document
36121916,D013964,D014238,Positive_Correlation,D013964,0.4747214448,AISKGConstrainedTransfer,full_document
36121916,D013964,D019289,Positive_Correlation,D013964,0.4584316856,AISKGConstrainedTransfer,full_document
36121916,D013964,D019344,Positive_Correlation,D013964,0.6147995296,AISKGConstrainedTransfer,full_document
36126070,1071,3953,Association,,0.4717362652,AISKGConstrainedTransfer,full_document
36126070,1071,D009765,Association,1071,0.8879510155,AISKGConstrainedTransfer,full_document
36126070,1071,D050177,Association,1071,0.6827655134,AISKGConstrainedTransfer,full_document
36126070,3952,D009765,Association,3952,0.6977021936,AISKGConstrainedTransfer,full_document
36126070,3952,D050177,Association,3952,0.6827655134,AISKGConstrainedTransfer,full_document
36126070,3953,D009765,Association,3953,0.8879510155,AISKGConstrainedTransfer,full_document
36126070,3953,D050177,Association,3953,0.6827655134,AISKGConstrainedTransfer,full_document
36126070,79068,D009765,Association,79068,0.8879510155,AISKGConstrainedTransfer,full_document
36126070,79068,D050177,Association,79068,0.6827655134,AISKGConstrainedTransfer,full_document
36126070,9370,D009765,Association,9370,0.8934257665,AISKGConstrainedTransfer,full_document
36126070,9370,D050177,Association,9370,0.6827655134,AISKGConstrainedTransfer,full_document
36126070,D009765,rs1137101,Positive_Correlation,,0.4279086396,AISKGConstrainedTransfer,full_document
36126070,D009765,rs1421085,Positive_Correlation,,0.4279086396,AISKGConstrainedTransfer,full_document
36126070,D009765,rs1558902,Positive_Correlation,,0.4279086396,AISKGConstrainedTransfer,full_document
36126070,D009765,rs17817449,Positive_Correlation,,0.4517899972,AISKGConstrainedTransfer,full_document
36126070,D009765,rs2241766,Positive_Correlation,,0.5582410362,AISKGConstrainedTransfer,full_document
36126070,D009765,rs9939609,Positive_Correlation,,0.4517899972,AISKGConstrainedTransfer,full_document
36134995,282863,D008414,Association,282863,0.9274383242,AISKGConstrainedTransfer,full_document
36135322,4352,C488777,Negative_Correlation,C488777,0.4268777566,AISKGConstrainedTransfer,full_document
36135322,4352,D016179,Negative_Correlation,D016179,0.6524825451,AISKGConstrainedTransfer,full_document
36135322,6603,C537592,Association,6603,0.8100800907,AISKGConstrainedTransfer,full_document
36135322,6603,D000084063,Association,6603,0.9026504619,AISKGConstrainedTransfer,full_document
36135322,6603,D009190,Association,6603,0.8939938593,AISKGConstrainedTransfer,full_document
36135322,6603,D009503,Association,6603,0.9042636112,AISKGConstrainedTransfer,full_document
36135322,6603,D016179,Association,D016179,0.4122703478,AISKGConstrainedTransfer,full_document
36135322,C488777,D016179,Cotreatment,,0.6074232591,AISKGConstrainedTransfer,full_document
36135322,C537592,D016179,Positive_Correlation,C537592,0.5553376516,AISKGConstrainedTransfer,full_document
36135322,C537592,c|DEL|1081|,Positive_Correlation,,0.5612356082,AISKGConstrainedTransfer,full_document
36135322,C537592,p|SUB|R|73|,Positive_Correlation,,0.6274030891,AISKGConstrainedTransfer,full_document
36135322,C537592,rs1215296259,Positive_Correlation,,0.625065129,AISKGConstrainedTransfer,full_document
36135322,C537592,rs1423900007,Positive_Correlation,,0.6031125738,AISKGConstrainedTransfer,full_document
36135322,D000084063,D016179,Positive_Correlation,D000084063,0.5147175415,AISKGConstrainedTransfer,full_document
36135322,D009190,D016179,Positive_Correlation,D009190,0.5553376516,AISKGConstrainedTransfer,full_document
36135322,D009503,D016179,Positive_Correlation,D009503,0.6452973257,AISKGConstrainedTransfer,full_document
36139522,C108475,D007559,Cotreatment,,0.4237172742,AISKGConstrainedTransfer,full_document
36139522,C108475,D008687,Cotreatment,,0.4301957761,AISKGConstrainedTransfer,full_document
36139522,C108475,D009369,Positive_Correlation,C108475,0.4219649965,AISKGConstrainedTransfer,full_document
36139522,C108475,D017239,Cotreatment,,0.4169786732,AISKGConstrainedTransfer,full_document
36139522,C108475,D018297,Negative_Correlation,C108475,0.4375828611,AISKGConstrainedTransfer,full_document
36139522,D007559,D008687,Cotreatment,,0.4301957761,AISKGConstrainedTransfer,full_document
36139522,D007559,D009369,Positive_Correlation,D007559,0.4219649965,AISKGConstrainedTransfer,full_document
36139522,D007559,D017239,Negative_Correlation,D017239,0.4266579856,AISKGConstrainedTransfer,full_document
36139522,D007559,D017964,Cotreatment,,0.4607192934,AISKGConstrainedTransfer,full_document
36139522,D007559,D018297,Negative_Correlation,D007559,0.4375828611,AISKGConstrainedTransfer,full_document
36139522,D007559,D019386,Cotreatment,,0.4301629019,AISKGConstrainedTransfer,full_document
36139522,D008687,D017964,Cotreatment,,0.4103549819,AISKGConstrainedTransfer,full_document
36139522,D009369,D017239,Positive_Correlation,D009369,0.4518154992,AISKGConstrainedTransfer,full_document
36139522,D009369,D017964,Positive_Correlation,D009369,0.4518154992,AISKGConstrainedTransfer,full_document
36139522,D009369,D019386,Positive_Correlation,D009369,0.4601134892,AISKGConstrainedTransfer,full_document
36139522,D017239,D018297,Negative_Correlation,D017239,0.4379259692,AISKGConstrainedTransfer,full_document
36139522,D017964,D019386,Cotreatment,,0.4301629019,AISKGConstrainedTransfer,full_document
36139815,105787,109778,Positive_Correlation,109778,0.4074587624,AISKGConstrainedTransfer,full_document
36139815,105787,20869,Association,,0.3920003915,AISKGConstrainedTransfer,full_document
36139815,105787,D001663,Association,D001663,0.5899141889,AISKGConstrainedTransfer,full_document
36139815,105787,D004365,Positive_Correlation,D004365,0.4000484382,AISKGConstrainedTransfer,full_document
36139815,109778,20656,Association,,0.4557184418,AISKGConstrainedTransfer,full_document
36139815,109778,223696,Association,,0.4701008185,AISKGConstrainedTransfer,full_document
36139815,109778,67952,Association,,0.4364847727,AISKGConstrainedTransfer,full_document
36139815,109778,68346,Association,,0.4701008185,AISKGConstrainedTransfer,full_document
36139815,109778,D001663,Association,D001663,0.645431185,AISKGConstrainedTransfer,full_document
36139815,109778,D004365,Association,D004365,0.521414913,AISKGConstrainedTransfer,full_document
36139815,20656,20869,Association,,0.4965250374,AISKGConstrainedTransfer,full_document
36139815,20656,223696,Association,,0.5580039813,AISKGConstrainedTransfer,full_document
36139815,20656,26379,Association,,0.4965250374,AISKGConstrainedTransfer,full_document
36139815,20656,67952,Association,,0.4267394312,AISKGConstrainedTransfer,full_document
36139815,20656,68346,Association,,0.4965250374,AISKGConstrainedTransfer,full_document
36139815,20656,93759,Association,,0.4965250374,AISKGConstrainedTransfer,full_document
36139815,20656,D004365,Negative_Correlation,D004365,0.4116629637,AISKGConstrainedTransfer,full_document
36139815,20869,223696,Association,,0.4701008185,AISKGConstrainedTransfer,full_document
36139815,20869,67952,Association,,0.4364847727,AISKGConstrainedTransfer,full_document
36139815,20869,93759,Positive_Correlation,93759,0.4798241475,AISKGConstrainedTransfer,full_document
36139815,20869,D001663,Positive_Correlation,D001663,0.4146895956,AISKGConstrainedTransfer,full_document
36139815,223696,26379,Association,,0.4701008185,AISKGConstrainedTransfer,full_document
36139815,223696,68346,Association,,0.5231187819,AISKGConstrainedTransfer,full_document
36139815,223696,93759,Association,,0.4701008185,AISKGConstrainedTransfer,full_document
36139815,223696,D004365,Negative_Correlation,D004365,0.4351677086,AISKGConstrainedTransfer,full_document
36139815,26379,67952,Association,,0.4933037541,AISKGConstrainedTransfer,full_document
36139815,26379,93759,Positive_Correlation,93759,0.4798241475,AISKGConstrainedTransfer,full_document
36139815,26379,D001663,Positive_Correlation,D001663,0.4146895956,AISKGConstrainedTransfer,full_document
36139815,26379,D004365,Association,D004365,0.4706968964,AISKGConstrainedTransfer,full_document
36139815,67952,93759,Association,,0.4364847727,AISKGConstrainedTransfer,full_document
36139815,67952,D004365,Negative_Correlation,D004365,0.4351677086,AISKGConstrainedTransfer,full_document
36139815,68346,D001663,Association,D001663,0.6320620805,AISKGConstrainedTransfer,full_document
36139815,68346,D004365,Association,D004365,0.4770204939,AISKGConstrainedTransfer,full_document
36139815,93759,D001663,Positive_Correlation,D001663,0.4146895956,AISKGConstrainedTransfer,full_document
36139815,93759,D004365,Association,D004365,0.4706968964,AISKGConstrainedTransfer,full_document
36139815,D001663,D001664,Association,D001663,0.4186350951,AISKGConstrainedTransfer,full_document
36139815,D001663,D004365,Cotreatment,,0.4441134344,AISKGConstrainedTransfer,full_document
36140341,1432,3726,Association,,0.4285928672,AISKGConstrainedTransfer,full_document
36140341,1432,4790,Association,,0.4395661752,AISKGConstrainedTransfer,full_document
36140341,3726,5594,Association,,0.422693605,AISKGConstrainedTransfer,full_document
36140341,4790,5594,Association,,0.4466055414,AISKGConstrainedTransfer,full_document
36140341,7100,D002289,Association,7100,0.8895483349,AISKGConstrainedTransfer,full_document
36140341,7100,D008175,Association,7100,0.8832292496,AISKGConstrainedTransfer,full_document
36140341,7100,D029424,Association,7100,0.8832292496,AISKGConstrainedTransfer,full_document
36140341,D002289,rs2072493,Positive_Correlation,,0.5211766861,AISKGConstrainedTransfer,full_document
36140341,D002289,rs5744174,Positive_Correlation,,0.499612117,AISKGConstrainedTransfer,full_document
36140341,D002289,rs725084,Positive_Correlation,,0.499612117,AISKGConstrainedTransfer,full_document
36140341,D002294,rs5744174,Positive_Correlation,,0.5313279865,AISKGConstrainedTransfer,full_document
36140341,D002294,rs725084,Positive_Correlation,,0.5313279865,AISKGConstrainedTransfer,full_document
36140341,D029424,rs2072493,Positive_Correlation,,0.5194699162,AISKGConstrainedTransfer,full_document
36140341,D029424,rs5744174,Positive_Correlation,,0.4973220148,AISKGConstrainedTransfer,full_document
36140341,D029424,rs725084,Positive_Correlation,,0.4973220148,AISKGConstrainedTransfer,full_document
36140807,100009704,D020964,Association,100009704,0.7047975064,AISKGConstrainedTransfer,full_document
36140807,100056517,D020964,Association,100056517,0.6528528037,AISKGConstrainedTransfer,full_document
36140807,D020964,g|SUB|A|79544206|T,Positive_Correlation,,0.4357478468,AISKGConstrainedTransfer,full_document
36142345,2147,D001778,Association,2147,0.5037907338,AISKGConstrainedTransfer,full_document
36142345,2147,D004228,Negative_Correlation,D004228,0.5168504229,AISKGConstrainedTransfer,full_document
36142345,2147,D013438,Negative_Correlation,D013438,0.591308605,AISKGConstrainedTransfer,full_document
36142345,2152,43740568,Association,,0.4390452993,AISKGConstrainedTransfer,full_document
36142345,2152,D001778,Association,2152,0.8663948522,AISKGConstrainedTransfer,full_document
36142345,2152,D013438,Association,D013438,0.4212734033,AISKGConstrainedTransfer,full_document
36142345,2153,43740568,Positive_Correlation,43740568,0.4042624834,AISKGConstrainedTransfer,full_document
36142345,2153,D001778,Association,2153,0.532916928,AISKGConstrainedTransfer,full_document
36142345,2153,D004228,Negative_Correlation,D004228,0.5080745846,AISKGConstrainedTransfer,full_document
36142345,2153,D013438,Negative_Correlation,D013438,0.5873691001,AISKGConstrainedTransfer,full_document
36142345,2244,43740568,Positive_Correlation,43740568,0.4042624834,AISKGConstrainedTransfer,full_document
36142345,2244,7056,Positive_Correlation,7056,0.4042624834,AISKGConstrainedTransfer,full_document
36142345,2244,D001778,Association,2244,0.5059057987,AISKGConstrainedTransfer,full_document
36142345,2244,D004228,Negative_Correlation,D004228,0.539582993,AISKGConstrainedTransfer,full_document
36142345,2244,D013438,Negative_Correlation,D013438,0.5873691001,AISKGConstrainedTransfer,full_document
36142345,43740568,7035,Association,,0.3976077293,AISKGConstrainedTransfer,full_document
36142345,43740568,D000086382,Association,43740568,0.8932631268,AISKGConstrainedTransfer,full_document
36142345,43740568,D001778,Association,43740568,0.8663948522,AISKGConstrainedTransfer,full_document
36142345,43740568,D004228,Negative_Correlation,D004228,0.5015013062,AISKGConstrainedTransfer,full_document
36142345,43740568,D013438,Negative_Correlation,D013438,0.5571919642,AISKGConstrainedTransfer,full_document
36142345,7035,D000086382,Association,7035,0.8932631268,AISKGConstrainedTransfer,full_document
36142345,7035,D001778,Association,7035,0.5271568367,AISKGConstrainedTransfer,full_document
36142345,7035,D004228,Negative_Correlation,D004228,0.5080745846,AISKGConstrainedTransfer,full_document
36142345,7035,D013438,Negative_Correlation,D013438,0.5633206955,AISKGConstrainedTransfer,full_document
36142345,7035,D013927,Association,7035,0.8740803255,AISKGConstrainedTransfer,full_document
36142345,D001778,D013438,Positive_Correlation,D001778,0.4198930048,AISKGConstrainedTransfer,full_document
36142345,D004228,D013438,Negative_Correlation,D013438,0.4438803556,AISKGConstrainedTransfer,full_document
36142345,D013438,D013927,Negative_Correlation,D013438,0.4395546121,AISKGConstrainedTransfer,full_document
36142500,16176,D008070,Negative_Correlation,D008070,0.4932058889,AISKGConstrainedTransfer,full_document
36142500,16176,D009569,Negative_Correlation,D009569,0.4083268765,AISKGConstrainedTransfer,full_document
36142500,16193,C561435,Negative_Correlation,C561435,0.5760931982,AISKGConstrainedTransfer,full_document
36142500,16193,D008070,Negative_Correlation,D008070,0.5914511295,AISKGConstrainedTransfer,full_document
36142500,16193,D009569,Negative_Correlation,D009569,0.429348104,AISKGConstrainedTransfer,full_document
36142500,16476,26398,Association,,0.4727153576,AISKGConstrainedTransfer,full_document
36142500,16476,26419,Association,,0.6476220626,AISKGConstrainedTransfer,full_document
36142500,16476,C561435,Association,C561435,0.4694216728,AISKGConstrainedTransfer,full_document
36142500,18033,18035,Association,,0.6338193585,AISKGConstrainedTransfer,full_document
36142500,18033,D007249,Association,18033,0.8676701467,AISKGConstrainedTransfer,full_document
36142500,18033,D008070,Negative_Correlation,D008070,0.5231927157,AISKGConstrainedTransfer,full_document
36142500,18035,C561435,Negative_Correlation,C561435,0.4071887534,AISKGConstrainedTransfer,full_document
36142500,18126,D008070,Negative_Correlation,D008070,0.4601618041,AISKGConstrainedTransfer,full_document
36142500,18126,D009569,Negative_Correlation,D009569,0.5086928381,AISKGConstrainedTransfer,full_document
36142500,19225,D008070,Negative_Correlation,D008070,0.4401183457,AISKGConstrainedTransfer,full_document
36142500,19225,D009569,Negative_Correlation,D009569,0.5096684246,AISKGConstrainedTransfer,full_document
36142500,21926,C561435,Negative_Correlation,C561435,0.5410344172,AISKGConstrainedTransfer,full_document
36142500,21926,D008070,Negative_Correlation,D008070,0.5410344172,AISKGConstrainedTransfer,full_document
36142500,21926,D009569,Negative_Correlation,D009569,0.4442352086,AISKGConstrainedTransfer,full_document
36142500,26398,26419,Association,,0.5656001041,AISKGConstrainedTransfer,full_document
36142500,26398,C561435,Association,C561435,0.4398912703,AISKGConstrainedTransfer,full_document
36142500,26414,26419,Association,,0.4764370166,AISKGConstrainedTransfer,full_document
36142500,26414,319757,Negative_Correlation,319757,0.5614348179,AISKGConstrainedTransfer,full_document
36142500,26414,D000255,Bind,D000255,0.4035587826,AISKGConstrainedTransfer,full_document
36142500,26414,D002280,Association,26414,0.6363868273,AISKGConstrainedTransfer,full_document
36142500,26419,D000255,Association,D000255,0.5217626587,AISKGConstrainedTransfer,full_document
36142500,26419,D007249,Association,26419,0.8393863002,AISKGConstrainedTransfer,full_document
36142500,26419,D008070,Negative_Correlation,D008070,0.6241860696,AISKGConstrainedTransfer,full_document
36142500,319757,C561435,Negative_Correlation,C561435,0.5569259162,AISKGConstrainedTransfer,full_document
36142500,319757,D002280,Association,319757,0.5849132337,AISKGConstrainedTransfer,full_document
36142500,C561435,D000255,Association,C561435,0.4407994702,AISKGConstrainedTransfer,full_document
36142500,C561435,D002280,Negative_Correlation,C561435,0.5869355418,AISKGConstrainedTransfer,full_document
36142500,C561435,D007249,Positive_Correlation,C561435,0.5329905908,AISKGConstrainedTransfer,full_document
36142500,C561435,D020078,Positive_Correlation,C561435,0.4505794142,AISKGConstrainedTransfer,full_document
36142500,D007249,D008070,Positive_Correlation,D007249,0.4360363302,AISKGConstrainedTransfer,full_document
36142607,1728,221883,Positive_Correlation,221883,0.4135605218,AISKGConstrainedTransfer,full_document
36142607,1728,2597,Association,,0.4648829054,AISKGConstrainedTransfer,full_document
36142607,1728,574452,Association,,0.5147587725,AISKGConstrainedTransfer,full_document
36142607,1728,D000077195,Association,1728,0.8668941779,AISKGConstrainedTransfer,full_document
36142607,1728,D009362,Association,1728,0.8559732806,AISKGConstrainedTransfer,full_document
36142607,221883,2597,Association,,0.4648829054,AISKGConstrainedTransfer,full_document
36142607,221883,4835,Association,,0.4725538732,AISKGConstrainedTransfer,full_document
36142607,221883,574452,Association,,0.5147587725,AISKGConstrainedTransfer,full_document
36142607,221883,D000077195,Association,221883,0.8054833999,AISKGConstrainedTransfer,full_document
36142607,221883,D009362,Association,221883,0.7658253936,AISKGConstrainedTransfer,full_document
36142607,221883,D009369,Association,221883,0.7246510864,AISKGConstrainedTransfer,full_document
36142607,221883,D015179,Association,221883,0.9163039797,AISKGConstrainedTransfer,full_document
36142607,2597,D005182,Positive_Correlation,D005182,0.4663305558,AISKGConstrainedTransfer,full_document
36142607,4199,D019344,Positive_Correlation,D019344,0.4635788685,AISKGConstrainedTransfer,full_document
36142607,4835,C015145,Positive_Correlation,C015145,0.3960464721,AISKGConstrainedTransfer,full_document
36142607,4835,D000077195,Association,4835,0.8536286939,AISKGConstrainedTransfer,full_document
36142607,4835,D009243,Positive_Correlation,D009243,0.4281172895,AISKGConstrainedTransfer,full_document
36142607,4835,D009362,Association,4835,0.8623673016,AISKGConstrainedTransfer,full_document
36142607,4835,D012266,Positive_Correlation,D012266,0.3960464721,AISKGConstrainedTransfer,full_document
36142607,574452,D000077195,Association,574452,0.887464906,AISKGConstrainedTransfer,full_document
36143124,2168,55908,Association,,0.469419335,AISKGConstrainedTransfer,full_document
36143124,2309,55908,Association,,0.4720729881,AISKGConstrainedTransfer,full_document
36143124,2309,57572,Association,,0.3913676331,AISKGConstrainedTransfer,full_document
36143124,2309,83854,Association,,0.3913676331,AISKGConstrainedTransfer,full_document
36143124,3486,55908,Association,,0.4761530633,AISKGConstrainedTransfer,full_document
36143124,D005947,D008055,Association,D005947,0.5406441663,AISKGConstrainedTransfer,full_document
36143969,406,5187,Association,,0.4048514194,AISKGConstrainedTransfer,full_document
36143969,406,8863,Association,,0.4048514194,AISKGConstrainedTransfer,full_document
36143969,406,9575,Association,,0.4048514194,AISKGConstrainedTransfer,full_document
36143969,5187,8863,Association,,0.4048514194,AISKGConstrainedTransfer,full_document
36143969,7444,8863,Association,,0.4048514194,AISKGConstrainedTransfer,full_document
36143969,8863,9575,Association,,0.4048514194,AISKGConstrainedTransfer,full_document
36145636,1577,338,Association,,0.4450026057,AISKGConstrainedTransfer,full_document
36145636,338,5243,Association,,0.4019983753,AISKGConstrainedTransfer,full_document
36145636,338,D006470,Association,338,0.8360093084,AISKGConstrainedTransfer,full_document
36145636,348,D006470,Association,348,0.8262767565,AISKGConstrainedTransfer,full_document
36145636,5243,D006470,Association,5243,0.8035906994,AISKGConstrainedTransfer,full_document
36145636,D000069552,D000740,Positive_Correlation,D000069552,0.4958571631,AISKGConstrainedTransfer,full_document
36145636,D000069552,D006470,Positive_Correlation,D000069552,0.4814917318,AISKGConstrainedTransfer,full_document
36145636,D006470,rs13306198,Positive_Correlation,,0.4963918599,AISKGConstrainedTransfer,full_document
36145636,D006470,rs3842,Positive_Correlation,,0.5049777934,AISKGConstrainedTransfer,full_document
36147124,D003345,D014376,Negative_Correlation,D003345,0.5290513229,AISKGConstrainedTransfer,full_document
36147124,D004802,D004977,Positive_Correlation,D004802,0.555578465,AISKGConstrainedTransfer,full_document
36147124,D004802,D007538,Positive_Correlation,D004802,0.555578465,AISKGConstrainedTransfer,full_document
36147124,D004802,D011718,Positive_Correlation,D004802,0.555578465,AISKGConstrainedTransfer,full_document
36147124,D004802,D012293,Positive_Correlation,D004802,0.555578465,AISKGConstrainedTransfer,full_document
36147124,D004977,D005076,Positive_Correlation,D004977,0.546550221,AISKGConstrainedTransfer,full_document
36147124,D004977,D005334,Positive_Correlation,D004977,0.5944743744,AISKGConstrainedTransfer,full_document
36147124,D004977,D007538,Drug_Interaction,,0.5497928718,AISKGConstrainedTransfer,full_document
36147124,D004977,D011718,Drug_Interaction,,0.5497928718,AISKGConstrainedTransfer,full_document
36147124,D004977,D013307,Cotreatment,,0.4022958773,AISKGConstrainedTransfer,full_document
36147124,D004977,D014397,Negative_Correlation,D004977,0.4880436408,AISKGConstrainedTransfer,full_document
36147124,D004977,D056486,Positive_Correlation,D004977,0.5552809888,AISKGConstrainedTransfer,full_document
36147124,D005076,D007538,Positive_Correlation,D005076,0.555578465,AISKGConstrainedTransfer,full_document
36147124,D005076,D011718,Positive_Correlation,D005076,0.555578465,AISKGConstrainedTransfer,full_document
36147124,D005076,D012293,Positive_Correlation,D005076,0.555578465,AISKGConstrainedTransfer,full_document
36147124,D005334,D007538,Positive_Correlation,D005334,0.5789166656,AISKGConstrainedTransfer,full_document
36147124,D005334,D011718,Positive_Correlation,D005334,0.5789166656,AISKGConstrainedTransfer,full_document
36147124,D005334,D012293,Positive_Correlation,D005334,0.5789166656,AISKGConstrainedTransfer,full_document
36147124,D007538,D011718,Drug_Interaction,,0.5497928718,AISKGConstrainedTransfer,full_document
36147124,D007538,D012293,Drug_Interaction,,0.5497928718,AISKGConstrainedTransfer,full_document
36147124,D007538,D056486,Positive_Correlation,D007538,0.5552809888,AISKGConstrainedTransfer,full_document
36147124,D011718,D012293,Drug_Interaction,,0.5497928718,AISKGConstrainedTransfer,full_document
36147124,D011718,D056486,Positive_Correlation,D011718,0.5552809888,AISKGConstrainedTransfer,full_document
36147124,D012293,D056486,Positive_Correlation,D012293,0.5552809888,AISKGConstrainedTransfer,full_document
36147124,D013256,D014397,Negative_Correlation,D013256,0.4751255553,AISKGConstrainedTransfer,full_document
36147124,D013256,D063926,Negative_Correlation,D013256,0.4808512808,AISKGConstrainedTransfer,full_document
36147124,D013307,D014397,Negative_Correlation,D013307,0.4880436408,AISKGConstrainedTransfer,full_document
36147124,D014397,D064704,Positive_Correlation,D014397,0.4541789429,AISKGConstrainedTransfer,full_document
36153348,1017,1588,Association,,0.5138712619,AISKGConstrainedTransfer,full_document
36153348,1017,D001943,Association,1017,0.8027293372,AISKGConstrainedTransfer,full_document
36153348,1017,D009369,Association,1017,0.8162805349,AISKGConstrainedTransfer,full_document
36153348,1019,898,Association,,0.4663019254,AISKGConstrainedTransfer,full_document
36153348,1019,D001943,Association,1019,0.8325786568,AISKGConstrainedTransfer,full_document
36153348,1019,D009369,Association,1019,0.7792109395,AISKGConstrainedTransfer,full_document
36153348,1021,D001943,Association,1021,0.8325786568,AISKGConstrainedTransfer,full_document
36153348,1021,D009369,Association,1021,0.8162805349,AISKGConstrainedTransfer,full_document
36153348,1588,2099,Association,,0.5154735443,AISKGConstrainedTransfer,full_document
36153348,1588,D001943,Association,1588,0.8125182944,AISKGConstrainedTransfer,full_document
36153348,2099,D001943,Association,2099,0.8206332539,AISKGConstrainedTransfer,full_document
36153348,2099,D009369,Association,2099,0.8369688975,AISKGConstrainedTransfer,full_document
36153348,898,D001943,Association,898,0.5271839302,AISKGConstrainedTransfer,full_document
36153348,898,D009369,Association,898,0.7762033851,AISKGConstrainedTransfer,full_document
36154845,10599,D009135,Association,10599,0.8948808103,AISKGConstrainedTransfer,full_document
36154845,1559,D014859,Association,D014859,0.4142171655,AISKGConstrainedTransfer,full_document
36154845,79001,D014859,Association,D014859,0.4142171655,AISKGConstrainedTransfer,full_document
36154845,D000068718,D000069059,Cotreatment,,0.4515450534,AISKGConstrainedTransfer,full_document
36154845,D000068718,D000077144,Cotreatment,,0.5009110824,AISKGConstrainedTransfer,full_document
36154845,D000068718,D014859,Cotreatment,,0.4782934966,AISKGConstrainedTransfer,full_document
36154845,D000069059,D000077144,Cotreatment,,0.4825791712,AISKGConstrainedTransfer,full_document
36154845,D000069059,D014859,Cotreatment,,0.4608389237,AISKGConstrainedTransfer,full_document
36154845,D000077144,D002318,Positive_Correlation,D000077144,0.5482526318,AISKGConstrainedTransfer,full_document
36154845,D002318,D014859,Positive_Correlation,D002318,0.5819134972,AISKGConstrainedTransfer,full_document
36154845,D009135,rs4149056,Positive_Correlation,,0.5523801318,AISKGConstrainedTransfer,full_document
36160414,7361,D014635,Association,D014635,0.469631661,AISKGConstrainedTransfer,full_document
36160414,7364,D004827,Association,7364,0.8575136686,AISKGConstrainedTransfer,full_document
36160414,D004827,D014635,Positive_Correlation,D004827,0.4635424289,AISKGConstrainedTransfer,full_document
36160414,D014635,D020719,Association,D014635,0.4753408146,AISKGConstrainedTransfer,full_document
36160880,C079198,C553458,Negative_Correlation,C553458,0.5013150608,AISKGConstrainedTransfer,full_document
36160880,C079198,D005221,Positive_Correlation,C079198,0.5406811019,AISKGConstrainedTransfer,full_document
36160880,C079198,D006973,Positive_Correlation,C079198,0.5580178747,AISKGConstrainedTransfer,full_document
36160880,C079198,D007970,Positive_Correlation,C079198,0.6055426563,AISKGConstrainedTransfer,full_document
36160880,C079198,D013274,Positive_Correlation,C079198,0.4739120706,AISKGConstrainedTransfer,full_document
36160880,C553458,D000077150,Negative_Correlation,D000077150,0.5013150608,AISKGConstrainedTransfer,full_document
36160880,C553458,D005221,Positive_Correlation,C553458,0.5406811019,AISKGConstrainedTransfer,full_document
36160880,C553458,D006973,Positive_Correlation,C553458,0.5580178747,AISKGConstrainedTransfer,full_document
36160880,C553458,D007970,Positive_Correlation,C553458,0.5400638033,AISKGConstrainedTransfer,full_document
36160880,C553458,D013274,Negative_Correlation,C553458,0.5508877943,AISKGConstrainedTransfer,full_document
36160880,D000077150,D005221,Positive_Correlation,D000077150,0.5406811019,AISKGConstrainedTransfer,full_document
36160880,D000077150,D006973,Positive_Correlation,D000077150,0.5580178747,AISKGConstrainedTransfer,full_document
36160880,D000077150,D007970,Positive_Correlation,D000077150,0.6055426563,AISKGConstrainedTransfer,full_document
36160880,D000077150,D013274,Positive_Correlation,D000077150,0.4739120706,AISKGConstrainedTransfer,full_document
36168628,10643,285962,Association,,0.5789004599,AISKGConstrainedTransfer,full_document
36168628,10643,D005909,Association,10643,0.9082001733,AISKGConstrainedTransfer,full_document
36168628,207,285962,Association,,0.6606622604,AISKGConstrainedTransfer,full_document
36168628,207,5290,Association,,0.5770318721,AISKGConstrainedTransfer,full_document
36168628,207,6185,Association,,0.6606622604,AISKGConstrainedTransfer,full_document
36168628,207,8453,Association,,0.6606622604,AISKGConstrainedTransfer,full_document
36168628,207,D005909,Association,207,0.9044354466,AISKGConstrainedTransfer,full_document
36168628,285962,5290,Association,,0.6606622604,AISKGConstrainedTransfer,full_document
36168628,285962,6185,Association,,0.5770318721,AISKGConstrainedTransfer,full_document
36168628,285962,8453,Association,,0.6635336493,AISKGConstrainedTransfer,full_document
36168628,285962,D000069439,Negative_Correlation,D000069439,0.3927939193,AISKGConstrainedTransfer,full_document
36168628,285962,D005909,Association,285962,0.9226095626,AISKGConstrainedTransfer,full_document
36168628,5290,6185,Association,,0.6606622604,AISKGConstrainedTransfer,full_document
36168628,5290,8453,Association,,0.6606622604,AISKGConstrainedTransfer,full_document
36168628,5290,D005909,Association,5290,0.9044354466,AISKGConstrainedTransfer,full_document
36168628,6185,8453,Association,,0.5770318721,AISKGConstrainedTransfer,full_document
36168628,6185,D005909,Association,6185,0.7085446169,AISKGConstrainedTransfer,full_document
36168628,8453,D005909,Association,8453,0.9044354466,AISKGConstrainedTransfer,full_document
36168628,C010223,D005909,Positive_Correlation,C010223,0.4472083995,AISKGConstrainedTransfer,full_document
36168628,C010223,D009369,Positive_Correlation,C010223,0.4545106497,AISKGConstrainedTransfer,full_document
36168628,D000069439,D005909,Positive_Correlation,D000069439,0.4889126445,AISKGConstrainedTransfer,full_document
36172092,4015,D013345,Association,4015,0.8459871229,AISKGConstrainedTransfer,full_document
36172092,4015,D017542,Association,4015,0.922030155,AISKGConstrainedTransfer,full_document
36172092,4016,D013345,Association,4016,0.9040027481,AISKGConstrainedTransfer,full_document
36172092,4016,D017542,Association,4016,0.8851202728,AISKGConstrainedTransfer,full_document
36172092,4017,D013345,Association,4017,0.9040027481,AISKGConstrainedTransfer,full_document
36172092,4017,D017542,Association,4017,0.8851202728,AISKGConstrainedTransfer,full_document
36172092,84171,D013345,Association,84171,0.9040027481,AISKGConstrainedTransfer,full_document
36172092,84171,D017542,Association,84171,0.9193222572,AISKGConstrainedTransfer,full_document
36172092,84695,D013345,Association,84695,0.9040027481,AISKGConstrainedTransfer,full_document
36172092,84695,D017542,Association,84695,0.8851202728,AISKGConstrainedTransfer,full_document
36172092,D017542,rs10519694,Positive_Correlation,,0.432994145,AISKGConstrainedTransfer,full_document
36172092,D017542,rs1063582,Positive_Correlation,,0.4536607036,AISKGConstrainedTransfer,full_document
36172092,D017542,rs17010021,Positive_Correlation,,0.4536607036,AISKGConstrainedTransfer,full_document
36172092,D017542,rs17010022,Positive_Correlation,,0.4559253475,AISKGConstrainedTransfer,full_document
36172092,D017542,rs1800449,Positive_Correlation,,0.432994145,AISKGConstrainedTransfer,full_document
36172092,D017542,rs2165241,Positive_Correlation,,0.4536607036,AISKGConstrainedTransfer,full_document
36172092,D017542,rs3793692,Positive_Correlation,,0.432994145,AISKGConstrainedTransfer,full_document
36173498,43740568,D007239,Association,43740568,0.8308509869,AISKGConstrainedTransfer,full_document
36173498,59272,D007239,Association,59272,0.8686927891,AISKGConstrainedTransfer,full_document
36174980,280682,D003907,Negative_Correlation,D003907,0.399918051,AISKGConstrainedTransfer,full_document
36174980,280682,D006003,Negative_Correlation,D006003,0.4525607662,AISKGConstrainedTransfer,full_document
36174980,280943,D002118,Negative_Correlation,D002118,0.5250392316,AISKGConstrainedTransfer,full_document
36174980,280943,D003907,Negative_Correlation,D003907,0.393093507,AISKGConstrainedTransfer,full_document
36174980,280943,D010758,Negative_Correlation,D010758,0.4482536561,AISKGConstrainedTransfer,full_document
36174980,281179,D003907,Negative_Correlation,D003907,0.399918051,AISKGConstrainedTransfer,full_document
36174980,281251,D002118,Negative_Correlation,D002118,0.4914929916,AISKGConstrainedTransfer,full_document
36174980,281251,D010758,Positive_Correlation,D010758,0.4751422356,AISKGConstrainedTransfer,full_document
36174980,281946,D006003,Negative_Correlation,D006003,0.3943279391,AISKGConstrainedTransfer,full_document
36174980,282356,D005947,Positive_Correlation,D005947,0.4191407097,AISKGConstrainedTransfer,full_document
36174980,282356,D006003,Negative_Correlation,D006003,0.4476012921,AISKGConstrainedTransfer,full_document
36174980,282361,D005947,Positive_Correlation,D005947,0.4120355973,AISKGConstrainedTransfer,full_document
36174980,282361,D006003,Negative_Correlation,D006003,0.4413342629,AISKGConstrainedTransfer,full_document
36174980,506544,D003907,Negative_Correlation,D003907,0.399918051,AISKGConstrainedTransfer,full_document
36174980,508233,D003907,Negative_Correlation,D003907,0.3927705999,AISKGConstrainedTransfer,full_document
36174980,508233,D006003,Negative_Correlation,D006003,0.4413342629,AISKGConstrainedTransfer,full_document
36174980,517016,D002118,Negative_Correlation,D002118,0.5563485753,AISKGConstrainedTransfer,full_document
36174980,517016,D003907,Negative_Correlation,D003907,0.4257473742,AISKGConstrainedTransfer,full_document
36174980,517016,D010758,Negative_Correlation,D010758,0.4792644371,AISKGConstrainedTransfer,full_document
36174980,D003907,D006943,Positive_Correlation,D003907,0.4874576166,AISKGConstrainedTransfer,full_document
36174980,D003907,D007960,Positive_Correlation,D003907,0.559810064,AISKGConstrainedTransfer,full_document
36174993,11009,27178,Association,,0.4438286622,AISKGConstrainedTransfer,full_document
36174993,11009,5594,Positive_Correlation,5594,0.4952059677,AISKGConstrainedTransfer,full_document
36174993,11009,5595,Positive_Correlation,5595,0.4952059677,AISKGConstrainedTransfer,full_document
36174993,11009,6774,Positive_Correlation,6774,0.4933608007,AISKGConstrainedTransfer,full_document
36174993,11009,D000911,Positive_Correlation,D000911,0.4118606906,AISKGConstrainedTransfer,full_document
36174993,11009,D001249,Association,11009,0.8037802621,AISKGConstrainedTransfer,full_document
36174993,11009,D006967,Association,11009,0.8834178193,AISKGConstrainedTransfer,full_document
36174993,11009,D007249,Association,11009,0.8834178193,AISKGConstrainedTransfer,full_document
36174993,11009,D012130,Association,11009,0.8819287015,AISKGConstrainedTransfer,full_document
36174993,16171,27178,Association,,0.5968411867,AISKGConstrainedTransfer,full_document
36174993,16171,93672,Positive_Correlation,93672,0.6840991304,AISKGConstrainedTransfer,full_document
36174993,16171,D001249,Association,16171,0.8163500241,AISKGConstrainedTransfer,full_document
36174993,16171,D007249,Association,16171,0.8918171058,AISKGConstrainedTransfer,full_document
36174993,16171,D008070,Positive_Correlation,D008070,0.4152862103,AISKGConstrainedTransfer,full_document
36174993,16171,D008679,Association,16171,0.848603591,AISKGConstrainedTransfer,full_document
36174993,16171,D012130,Association,16171,0.8918171058,AISKGConstrainedTransfer,full_document
36174993,27178,3605,Association,,0.438644844,AISKGConstrainedTransfer,full_document
36174993,27178,5594,Positive_Correlation,5594,0.4952059677,AISKGConstrainedTransfer,full_document
36174993,27178,5595,Positive_Correlation,5595,0.4952059677,AISKGConstrainedTransfer,full_document
36174993,27178,6774,Positive_Correlation,6774,0.4933608007,AISKGConstrainedTransfer,full_document
36174993,27178,D001249,Association,27178,0.8984728001,AISKGConstrainedTransfer,full_document
36174993,27178,D007249,Association,27178,0.8914911917,AISKGConstrainedTransfer,full_document
36174993,27178,D008679,Association,27178,0.848603591,AISKGConstrainedTransfer,full_document
36174993,27178,D012130,Association,27178,0.8914911917,AISKGConstrainedTransfer,full_document
36174993,27178,D034741,Positive_Correlation,D034741,0.4882395162,AISKGConstrainedTransfer,full_document
36174993,3605,5594,Positive_Correlation,5594,0.4952059677,AISKGConstrainedTransfer,full_document
36174993,3605,5595,Positive_Correlation,5595,0.4952059677,AISKGConstrainedTransfer,full_document
36174993,3605,6774,Positive_Correlation,6774,0.4933608007,AISKGConstrainedTransfer,full_document
36174993,3605,D000911,Positive_Correlation,D000911,0.4573443687,AISKGConstrainedTransfer,full_document
36174993,3605,D001249,Association,3605,0.8707877197,AISKGConstrainedTransfer,full_document
36174993,3605,D007249,Association,3605,0.8819287015,AISKGConstrainedTransfer,full_document
36174993,3605,D012130,Association,3605,0.8819287015,AISKGConstrainedTransfer,full_document
36174993,93672,D001249,Association,93672,0.8309420723,AISKGConstrainedTransfer,full_document
36174993,93672,D007249,Association,93672,0.8656064871,AISKGConstrainedTransfer,full_document
36174993,93672,D008070,Positive_Correlation,D008070,0.4152862103,AISKGConstrainedTransfer,full_document
36174993,93672,D008679,Association,93672,0.848603591,AISKGConstrainedTransfer,full_document
36174993,93672,D012130,Association,93672,0.8656064871,AISKGConstrainedTransfer,full_document
36174993,93672,D034741,Positive_Correlation,D034741,0.4153143942,AISKGConstrainedTransfer,full_document
36174993,D001249,D008070,Positive_Correlation,D001249,0.527371025,AISKGConstrainedTransfer,full_document
36174993,D001249,D034741,Positive_Correlation,D001249,0.5615567805,AISKGConstrainedTransfer,full_document
36174993,D008070,D034741,Negative_Correlation,D034741,0.428121052,AISKGConstrainedTransfer,full_document
36176335,65250,C536293,Association,65250,0.880898171,AISKGConstrainedTransfer,full_document
36176335,65250,D001259,Association,65250,0.8470201406,AISKGConstrainedTransfer,full_document
36182010,D002637,g|SUB|C|14408|T,Positive_Correlation,,0.6089999855,AISKGConstrainedTransfer,full_document
36182010,D002637,g|SUB|C|3916|T,Positive_Correlation,,0.5627989281,AISKGConstrainedTransfer,full_document
36182010,D002637,g|SUB|G|28881|A,Positive_Correlation,,0.676850957,AISKGConstrainedTransfer,full_document
36182010,D002637,g|SUB|G|28882|A,Positive_Correlation,,0.6750822003,AISKGConstrainedTransfer,full_document
36182010,D002637,g|SUB|G|28883|C,Positive_Correlation,,0.6872944202,AISKGConstrainedTransfer,full_document
36182010,D010612,g|SUB|C|14408|T,Positive_Correlation,,0.7828416788,AISKGConstrainedTransfer,full_document
36182010,D010612,g|SUB|C|3916|T,Positive_Correlation,,0.7653062946,AISKGConstrainedTransfer,full_document
36182010,D010612,g|SUB|G|28881|A,Positive_Correlation,,0.7495589389,AISKGConstrainedTransfer,full_document
36182010,D010612,g|SUB|G|28882|A,Positive_Correlation,,0.7463807572,AISKGConstrainedTransfer,full_document
36182010,D010612,g|SUB|G|28883|C,Positive_Correlation,,0.6313703976,AISKGConstrainedTransfer,full_document
36183834,10146,1080,Association,,0.5923393438,AISKGConstrainedTransfer,full_document
36183834,10146,4076,Positive_Correlation,4076,0.4772451685,AISKGConstrainedTransfer,full_document
36183834,10146,9100,Positive_Correlation,9100,0.4772451685,AISKGConstrainedTransfer,full_document
36183834,1080,4076,Association,,0.5923393438,AISKGConstrainedTransfer,full_document
36183834,1080,9100,Association,,0.5923393438,AISKGConstrainedTransfer,full_document
36183834,4076,9100,Association,,0.3992449286,AISKGConstrainedTransfer,full_document
36183834,4076,D014364,Positive_Correlation,D014364,0.3928434496,AISKGConstrainedTransfer,full_document
36183834,9100,D014364,Positive_Correlation,D014364,0.3986523526,AISKGConstrainedTransfer,full_document
36185574,114548,340061,Association,,0.5153852884,AISKGConstrainedTransfer,full_document
36185574,114548,7494,Association,,0.6050705238,AISKGConstrainedTransfer,full_document
36185574,114548,D005234,Association,114548,0.8846985051,AISKGConstrainedTransfer,full_document
36185574,114548,D008103,Association,114548,0.8398474359,AISKGConstrainedTransfer,full_document
36185574,12176,214763,Association,,0.6352796413,AISKGConstrainedTransfer,full_document
36185574,12176,216799,Association,,0.4064124897,AISKGConstrainedTransfer,full_document
36185574,12176,22433,Association,,0.4500893543,AISKGConstrainedTransfer,full_document
36185574,12176,72512,Association,,0.4064124897,AISKGConstrainedTransfer,full_document
36185574,12176,D008103,Association,12176,0.8622055467,AISKGConstrainedTransfer,full_document
36185574,214763,22433,Association,,0.6539226169,AISKGConstrainedTransfer,full_document
36185574,214763,D008103,Association,214763,0.8775754131,AISKGConstrainedTransfer,full_document
36185574,214763,D028361,Association,214763,0.8918714627,AISKGConstrainedTransfer,full_document
36185574,216799,54131,Association,,0.5378543101,AISKGConstrainedTransfer,full_document
36185574,216799,D002251,Positive_Correlation,D002251,0.5019357741,AISKGConstrainedTransfer,full_document
36185574,216799,D002794,Positive_Correlation,D002794,0.3962403845,AISKGConstrainedTransfer,full_document
36185574,216799,D008103,Association,216799,0.8775754131,AISKGConstrainedTransfer,full_document
36185574,216799,D008715,Positive_Correlation,D008715,0.4386169713,AISKGConstrainedTransfer,full_document
36185574,216799,D028361,Association,216799,0.8918714627,AISKGConstrainedTransfer,full_document
36185574,22433,340061,Association,,0.6792827937,AISKGConstrainedTransfer,full_document
36185574,22433,D002251,Positive_Correlation,D002251,0.4316788298,AISKGConstrainedTransfer,full_document
36185574,22433,D005355,Association,22433,0.890362591,AISKGConstrainedTransfer,full_document
36185574,22433,D008103,Association,22433,0.8704646296,AISKGConstrainedTransfer,full_document
36185574,340061,7494,Association,,0.537216512,AISKGConstrainedTransfer,full_document
36185574,340061,D008103,Association,340061,0.8132807109,AISKGConstrainedTransfer,full_document
36185574,54131,72512,Bind,54131,0.4238320587,AISKGConstrainedTransfer,full_document
36185574,72512,7494,Association,,0.6792827937,AISKGConstrainedTransfer,full_document
36185574,72512,D002251,Positive_Correlation,D002251,0.4386169713,AISKGConstrainedTransfer,full_document
36185574,72512,D002794,Positive_Correlation,D002794,0.3962403845,AISKGConstrainedTransfer,full_document
36185574,72512,D008103,Association,72512,0.8135411374,AISKGConstrainedTransfer,full_document
36185574,72512,D008715,Positive_Correlation,D008715,0.3962403845,AISKGConstrainedTransfer,full_document
36185574,72512,D028361,Association,72512,0.8918714627,AISKGConstrainedTransfer,full_document
36185574,7494,D005234,Association,7494,0.8987236926,AISKGConstrainedTransfer,full_document
36185574,7494,D005355,Association,7494,0.897842706,AISKGConstrainedTransfer,full_document
36185574,7494,D008103,Association,7494,0.8534086684,AISKGConstrainedTransfer,full_document
36185574,D002251,D008103,Positive_Correlation,D002251,0.6220319895,AISKGConstrainedTransfer,full_document
36185574,D002794,D008103,Positive_Correlation,D002794,0.5969214573,AISKGConstrainedTransfer,full_document
36185574,D008103,D008715,Positive_Correlation,D008103,0.5996091044,AISKGConstrainedTransfer,full_document
36188601,110355,D000420,Negative_Correlation,D000420,0.5751075909,AISKGConstrainedTransfer,full_document
36188601,110355,D001168,Association,110355,0.879124361,AISKGConstrainedTransfer,full_document
36188601,11555,D000420,Negative_Correlation,D000420,0.4963459975,AISKGConstrainedTransfer,full_document
36188601,11555,D001168,Association,11555,0.8437344521,AISKGConstrainedTransfer,full_document
36188601,11555,D007249,Association,11555,0.841390356,AISKGConstrainedTransfer,full_document
36188601,11595,12824,Positive_Correlation,12824,0.397041916,AISKGConstrainedTransfer,full_document
36188601,11595,18024,Positive_Correlation,18024,0.3960515387,AISKGConstrainedTransfer,full_document
36188601,11595,19017,Positive_Correlation,19017,0.397041916,AISKGConstrainedTransfer,full_document
36188601,12043,D000420,Negative_Correlation,D000420,0.3947714129,AISKGConstrainedTransfer,full_document
36188601,12043,D001168,Association,12043,0.7901122025,AISKGConstrainedTransfer,full_document
36188601,12043,D007545,Negative_Correlation,D007545,0.3951007295,AISKGConstrainedTransfer,full_document
36188601,12359,16176,Association,,0.4361177056,AISKGConstrainedTransfer,full_document
36188601,12359,D001168,Association,12359,0.890874391,AISKGConstrainedTransfer,full_document
36188601,12359,D005978,Negative_Correlation,D005978,0.3926513695,AISKGConstrainedTransfer,full_document
36188601,12824,18024,Positive_Correlation,18024,0.3960515387,AISKGConstrainedTransfer,full_document
36188601,12824,19017,Positive_Correlation,19017,0.397041916,AISKGConstrainedTransfer,full_document
36188601,16176,D000420,Negative_Correlation,D000420,0.4000261006,AISKGConstrainedTransfer,full_document
36188601,16176,D001168,Association,16176,0.8859131001,AISKGConstrainedTransfer,full_document
36188601,16176,D005978,Negative_Correlation,D005978,0.400516705,AISKGConstrainedTransfer,full_document
36188601,16193,D000420,Negative_Correlation,D000420,0.4193100474,AISKGConstrainedTransfer,full_document
36188601,16193,D001168,Association,16193,0.7358085233,AISKGConstrainedTransfer,full_document
36188601,16193,D007545,Negative_Correlation,D007545,0.4219761534,AISKGConstrainedTransfer,full_document
36188601,17392,D000420,Negative_Correlation,D000420,0.5296091151,AISKGConstrainedTransfer,full_document
36188601,17392,D007545,Negative_Correlation,D007545,0.5358206486,AISKGConstrainedTransfer,full_document
36188601,17395,D000420,Negative_Correlation,D000420,0.5361205184,AISKGConstrainedTransfer,full_document
36188601,17395,D007545,Negative_Correlation,D007545,0.5423735434,AISKGConstrainedTransfer,full_document
36188601,18024,19017,Positive_Correlation,19017,0.3906178266,AISKGConstrainedTransfer,full_document
36188601,20309,D001168,Association,20309,0.7390792222,AISKGConstrainedTransfer,full_document
36188601,216869,D000420,Negative_Correlation,D000420,0.4362291569,AISKGConstrainedTransfer,full_document
36188601,216869,D001168,Association,216869,0.879124361,AISKGConstrainedTransfer,full_document
36188601,21926,D000420,Negative_Correlation,D000420,0.4130784353,AISKGConstrainedTransfer,full_document
36188601,21926,D001168,Association,21926,0.7766369514,AISKGConstrainedTransfer,full_document
36188601,21926,D007545,Negative_Correlation,D007545,0.4165726705,AISKGConstrainedTransfer,full_document
36188601,23794,D000420,Negative_Correlation,D000420,0.5361205184,AISKGConstrainedTransfer,full_document
36188601,23794,D007545,Negative_Correlation,D007545,0.5423735434,AISKGConstrainedTransfer,full_document
36188601,83995,D000420,Negative_Correlation,D000420,0.577057472,AISKGConstrainedTransfer,full_document
36188601,83995,D007545,Negative_Correlation,D007545,0.5861385872,AISKGConstrainedTransfer,full_document
36188601,D000420,D001168,Positive_Correlation,D000420,0.4548988508,AISKGConstrainedTransfer,full_document
36188601,D000420,D005978,Negative_Correlation,D005978,0.4246456509,AISKGConstrainedTransfer,full_document
36188601,D001168,D005978,Positive_Correlation,D001168,0.468633032,AISKGConstrainedTransfer,full_document
36188601,D001168,D007545,Positive_Correlation,D001168,0.5024187921,AISKGConstrainedTransfer,full_document
36193787,1956,D000077716,Association,D000077716,0.421689175,AISKGConstrainedTransfer,full_document
36193787,1956,D002289,Association,1956,0.81664414,AISKGConstrainedTransfer,full_document
36193787,1956,D009362,Association,1956,0.8748198842,AISKGConstrainedTransfer,full_document
36193787,D000077156,D000077716,Negative_Correlation,D000077716,0.653097608,AISKGConstrainedTransfer,full_document
36193787,D000077156,D009362,Negative_Correlation,D000077156,0.5260756746,AISKGConstrainedTransfer,full_document
36193787,D000077716,D002289,Negative_Correlation,D000077716,0.4994237033,AISKGConstrainedTransfer,full_document
36193787,D000077716,D009362,Negative_Correlation,D000077716,0.4834144155,AISKGConstrainedTransfer,full_document
36193787,D000077716,p|SUB|L|747|V,Association,p|SUB|L|747|V,0.5653950775,AISKGConstrainedTransfer,full_document
36193787,D000077716,rs121434568,Association,rs121434568,0.5468066761,AISKGConstrainedTransfer,full_document
36193787,D002289,p|SUB|L|747|V,Positive_Correlation,,0.4636971048,AISKGConstrainedTransfer,full_document
36193787,D002289,rs121434568,Positive_Correlation,,0.5406902267,AISKGConstrainedTransfer,full_document
36193787,D009362,p|SUB|L|747|V,Association,,0.5270935214,AISKGConstrainedTransfer,full_document
36193787,D009362,rs121434568,Association,,0.5263268971,AISKGConstrainedTransfer,full_document
36193932,217,D000083242,Association,217,0.8811901628,AISKGConstrainedTransfer,full_document
36193932,217,D000431,Association,D000431,0.4404411244,AISKGConstrainedTransfer,full_document
36193932,3992,745,Association,,0.511394792,AISKGConstrainedTransfer,full_document
36193932,3992,9415,Association,,0.511394792,AISKGConstrainedTransfer,full_document
36193932,3992,D000083242,Association,3992,0.9029430983,AISKGConstrainedTransfer,full_document
36193932,3992,D005231,Association,D005231,0.5315421404,AISKGConstrainedTransfer,full_document
36193932,3992,D020521,Association,3992,0.8283353016,AISKGConstrainedTransfer,full_document
36193932,4524,D000083242,Association,4524,0.8841725488,AISKGConstrainedTransfer,full_document
36193932,4524,D000431,Association,D000431,0.4084381343,AISKGConstrainedTransfer,full_document
36193932,4524,D006710,Association,D006710,0.3908825026,AISKGConstrainedTransfer,full_document
36193932,745,9415,Association,,0.511394792,AISKGConstrainedTransfer,full_document
36193932,745,D000083242,Association,745,0.9029430983,AISKGConstrainedTransfer,full_document
36193932,745,D005231,Association,D005231,0.5315421404,AISKGConstrainedTransfer,full_document
36193932,745,D020521,Association,745,0.8436138517,AISKGConstrainedTransfer,full_document
36193932,9415,D000083242,Association,9415,0.894194188,AISKGConstrainedTransfer,full_document
36193932,9415,D005231,Association,D005231,0.5315421404,AISKGConstrainedTransfer,full_document
36193932,9415,D020521,Association,9415,0.8283353016,AISKGConstrainedTransfer,full_document
36193932,D000083242,D000431,Positive_Correlation,D000083242,0.5134555066,AISKGConstrainedTransfer,full_document
36193932,D000083242,D005231,Positive_Correlation,D000083242,0.5625710208,AISKGConstrainedTransfer,full_document
36193932,D000083242,D006710,Positive_Correlation,D000083242,0.5058250244,AISKGConstrainedTransfer,full_document
36193932,D000083242,rs1801133,Positive_Correlation,,0.5013104623,AISKGConstrainedTransfer,full_document
36193932,D000083242,rs671,Positive_Correlation,,0.4076245599,AISKGConstrainedTransfer,full_document
36193932,D000431,rs671,Association,rs671,0.732352543,AISKGConstrainedTransfer,full_document
36193932,D020521,rs174535,Positive_Correlation,,0.4612849545,AISKGConstrainedTransfer,full_document
36193932,D020521,rs174545,Positive_Correlation,,0.4612849545,AISKGConstrainedTransfer,full_document
36193932,D020521,rs3834458,Positive_Correlation,,0.4612849545,AISKGConstrainedTransfer,full_document
36195861,3559,D002547,Association,3559,0.8880971281,AISKGConstrainedTransfer,full_document
36195861,D002547,rs12244380,Positive_Correlation,,0.4729044321,AISKGConstrainedTransfer,full_document
36195861,D002547,rs12722561,Positive_Correlation,,0.709993619,AISKGConstrainedTransfer,full_document
36195861,D002547,rs2025345,Positive_Correlation,,0.6287374196,AISKGConstrainedTransfer,full_document
36195861,D002547,rs2104286,Positive_Correlation,,0.5119900359,AISKGConstrainedTransfer,full_document
36195861,D002547,rs4749926,Positive_Correlation,,0.5119900359,AISKGConstrainedTransfer,full_document
36195861,D002547,rs706778,Positive_Correlation,,0.5119900359,AISKGConstrainedTransfer,full_document
36195861,D002658,rs12722561,Positive_Correlation,,0.701031083,AISKGConstrainedTransfer,full_document
36195861,D002658,rs2025345,Positive_Correlation,,0.6485793088,AISKGConstrainedTransfer,full_document
36195861,D011782,rs12722561,Positive_Correlation,,0.6798940949,AISKGConstrainedTransfer,full_document
36195861,D011782,rs2025345,Positive_Correlation,,0.7117265035,AISKGConstrainedTransfer,full_document
36199584,1051,3459,Positive_Correlation,3459,0.4688001025,AISKGConstrainedTransfer,full_document
36199584,1051,53832,Positive_Correlation,53832,0.4688001025,AISKGConstrainedTransfer,full_document
36199584,1051,5970,Positive_Correlation,5970,0.4629176379,AISKGConstrainedTransfer,full_document
36199584,1051,7128,Positive_Correlation,7128,0.4312838697,AISKGConstrainedTransfer,full_document
36199584,1051,D008180,Association,1051,0.8125923421,AISKGConstrainedTransfer,full_document
36199584,3459,53832,Positive_Correlation,53832,0.4629176379,AISKGConstrainedTransfer,full_document
36199584,3459,5970,Positive_Correlation,5970,0.4688001025,AISKGConstrainedTransfer,full_document
36199584,3459,7128,Positive_Correlation,7128,0.4688001025,AISKGConstrainedTransfer,full_document
36199584,3459,D001327,Association,3459,0.7973557091,AISKGConstrainedTransfer,full_document
36199584,3459,D008180,Association,3459,0.7908848383,AISKGConstrainedTransfer,full_document
36199584,53832,5970,Positive_Correlation,5970,0.4688001025,AISKGConstrainedTransfer,full_document
36199584,53832,7128,Association,,0.4773292467,AISKGConstrainedTransfer,full_document
36199584,53832,D001327,Association,53832,0.7973557091,AISKGConstrainedTransfer,full_document
36199584,53832,D008180,Association,53832,0.7908848383,AISKGConstrainedTransfer,full_document
36199584,5970,7128,Positive_Correlation,7128,0.4312838697,AISKGConstrainedTransfer,full_document
36199584,5970,D008180,Association,5970,0.8125923421,AISKGConstrainedTransfer,full_document
36199584,7128,D001327,Association,7128,0.8163928991,AISKGConstrainedTransfer,full_document
36199584,7128,D008180,Association,7128,0.7744636633,AISKGConstrainedTransfer,full_document
36199584,D008180,rs10499197,Positive_Correlation,,0.5296732767,AISKGConstrainedTransfer,full_document
36203844,7781,D001523,Association,7781,0.8941613531,AISKGConstrainedTransfer,full_document
36203844,7781,D001714,Association,7781,0.8588210011,AISKGConstrainedTransfer,full_document
36203844,7781,D012559,Association,7781,0.8466970673,AISKGConstrainedTransfer,full_document
36203844,7781,D018698,Association,D018698,0.4085191428,AISKGConstrainedTransfer,full_document
36203844,D001714,D018698,Positive_Correlation,D001714,0.4586321577,AISKGConstrainedTransfer,full_document
36203844,D001714,rs11126929,Association,,0.7352634877,AISKGConstrainedTransfer,full_document
36203844,D001714,rs11126936,Association,,0.7352634877,AISKGConstrainedTransfer,full_document
36203844,D012559,D018698,Positive_Correlation,D012559,0.5143301383,AISKGConstrainedTransfer,full_document
36203844,D012559,rs11126929,Association,,0.7352634877,AISKGConstrainedTransfer,full_document
36203844,D012559,rs11126936,Association,,0.7352634877,AISKGConstrainedTransfer,full_document
36203954,2475,3091,Association,,0.4566634099,AISKGConstrainedTransfer,full_document
36203954,2475,C034221,Negative_Correlation,C034221,0.4462569162,AISKGConstrainedTransfer,full_document
36203954,2475,C572449,Negative_Correlation,C572449,0.4372072674,AISKGConstrainedTransfer,full_document
36203954,2475,D008545,Association,2475,0.8601859409,AISKGConstrainedTransfer,full_document
36203954,2475,D009369,Association,2475,0.7857738992,AISKGConstrainedTransfer,full_document
36203954,2475,D010984,Negative_Correlation,D010984,0.4342868179,AISKGConstrainedTransfer,full_document
36203954,2475,D011108,Negative_Correlation,D011108,0.4342868179,AISKGConstrainedTransfer,full_document
36203954,29126,3091,Association,,0.4999657491,AISKGConstrainedTransfer,full_document
36203954,29126,4609,Association,,0.4564718482,AISKGConstrainedTransfer,full_document
36203954,29126,5133,Positive_Correlation,5133,0.3908694471,AISKGConstrainedTransfer,full_document
36203954,29126,C034221,Negative_Correlation,C034221,0.4668392942,AISKGConstrainedTransfer,full_document
36203954,29126,C572449,Negative_Correlation,C572449,0.4411425507,AISKGConstrainedTransfer,full_document
36203954,29126,D008545,Association,29126,0.8805899418,AISKGConstrainedTransfer,full_document
36203954,29126,D009369,Association,29126,0.8313147041,AISKGConstrainedTransfer,full_document
36203954,29126,D010984,Negative_Correlation,D010984,0.45332491,AISKGConstrainedTransfer,full_document
36203954,29126,D011108,Negative_Correlation,D011108,0.45332491,AISKGConstrainedTransfer,full_document
36203954,3091,5133,Association,,0.4761573358,AISKGConstrainedTransfer,full_document
36203954,3091,C572449,Association,C572449,0.4558183264,AISKGConstrainedTransfer,full_document
36203954,3091,D008545,Association,3091,0.8975820454,AISKGConstrainedTransfer,full_document
36203954,4609,5133,Association,,0.4761978087,AISKGConstrainedTransfer,full_document
36203954,4609,C572449,Association,C572449,0.4913352977,AISKGConstrainedTransfer,full_document
36203954,4609,D008545,Association,4609,0.8921836859,AISKGConstrainedTransfer,full_document
36203954,5133,C034221,Negative_Correlation,C034221,0.4906654684,AISKGConstrainedTransfer,full_document
36203954,5133,C572449,Association,C572449,0.5336965672,AISKGConstrainedTransfer,full_document
36203954,5133,D008545,Association,5133,0.8508239636,AISKGConstrainedTransfer,full_document
36203954,5133,D010984,Negative_Correlation,D010984,0.4786538796,AISKGConstrainedTransfer,full_document
36203954,5133,D011108,Negative_Correlation,D011108,0.4786538796,AISKGConstrainedTransfer,full_document
36203954,C034221,C572449,Negative_Correlation,C572449,0.5951247824,AISKGConstrainedTransfer,full_document
36203954,C034221,D008545,Positive_Correlation,C034221,0.393675692,AISKGConstrainedTransfer,full_document
36203954,C572449,D008545,Positive_Correlation,C572449,0.5331648655,AISKGConstrainedTransfer,full_document
36203954,C572449,D011108,Negative_Correlation,D011108,0.5853105245,AISKGConstrainedTransfer,full_document
36204321,57724,C535566,Association,57724,0.894172689,AISKGConstrainedTransfer,full_document
36208776,6622,D000080874,Association,6622,0.7670472302,AISKGConstrainedTransfer,full_document
36208776,6622,D004298,Association,D004298,0.4139209524,AISKGConstrainedTransfer,full_document
36208776,6622,D008055,Association,D008055,0.4439488714,AISKGConstrainedTransfer,full_document
36208776,6622,D010300,Association,6622,0.7599168678,AISKGConstrainedTransfer,full_document
36208776,6622,D019578,Association,6622,0.7219930789,AISKGConstrainedTransfer,full_document
36208776,6622,D020961,Association,6622,0.7670472302,AISKGConstrainedTransfer,full_document
36208776,C042859,D008055,Cotreatment,,0.6544114225,AISKGConstrainedTransfer,full_document
36208776,C042859,D010300,Positive_Correlation,C042859,0.6508612021,AISKGConstrainedTransfer,full_document
36208776,D008055,D010300,Positive_Correlation,D008055,0.5490263938,AISKGConstrainedTransfer,full_document
36208776,D008055,p|SUB|A|30|P,Association,p|SUB|A|30|P,0.6905634873,AISKGConstrainedTransfer,full_document
36208776,D008055,rs104893875,Association,rs104893875,0.692499294,AISKGConstrainedTransfer,full_document
36208776,D008055,rs104893877,Association,rs104893877,0.6902208548,AISKGConstrainedTransfer,full_document
36208776,D008055,rs201106962,Association,rs201106962,0.692499294,AISKGConstrainedTransfer,full_document
36208776,D008055,rs431905511,Association,rs431905511,0.692499294,AISKGConstrainedTransfer,full_document
36208776,D010300,c|SUB|A|30|G/P,Positive_Correlation,,0.5278686749,AISKGConstrainedTransfer,full_document
36208776,D010300,rs104893875,Positive_Correlation,,0.5278686749,AISKGConstrainedTransfer,full_document
36208776,D010300,rs104893877,Positive_Correlation,,0.4795994492,AISKGConstrainedTransfer,full_document
36208776,D010300,rs201106962,Positive_Correlation,,0.5278686749,AISKGConstrainedTransfer,full_document
36208776,D010300,rs431905511,Positive_Correlation,,0.4795994492,AISKGConstrainedTransfer,full_document
36212142,2539,D005955,Association,2539,0.8094726755,AISKGConstrainedTransfer,full_document
36214671,18033,D010051,Association,18033,0.8328747435,AISKGConstrainedTransfer,full_document
36214671,19698,D009364,Association,19698,0.8692168507,AISKGConstrainedTransfer,full_document
36214671,19698,D010051,Association,19698,0.79263977,AISKGConstrainedTransfer,full_document
36214671,19698,D016190,Negative_Correlation,D016190,0.5549986852,AISKGConstrainedTransfer,full_document
36214671,20674,D010051,Association,20674,0.8360205878,AISKGConstrainedTransfer,full_document
36214671,21417,D010051,Association,21417,0.8638858449,AISKGConstrainedTransfer,full_document
36214671,21944,D009364,Association,21944,0.8692168507,AISKGConstrainedTransfer,full_document
36214671,21944,D010051,Association,21944,0.8580021962,AISKGConstrainedTransfer,full_document
36214671,22352,D010051,Association,22352,0.8638858449,AISKGConstrainedTransfer,full_document
36214671,27279,D009364,Association,27279,0.8692168507,AISKGConstrainedTransfer,full_document
36214671,27279,D010051,Association,27279,0.712956419,AISKGConstrainedTransfer,full_document
36214671,27279,D016190,Negative_Correlation,D016190,0.5411551602,AISKGConstrainedTransfer,full_document
36214671,D010051,D016190,Negative_Correlation,D010051,0.5207082916,AISKGConstrainedTransfer,full_document
36221131,27086,4312,Association,,0.5388468694,AISKGConstrainedTransfer,full_document
36221131,27086,D007249,Association,27086,0.8472207025,AISKGConstrainedTransfer,full_document
36221131,27086,D008171,Association,27086,0.9147118116,AISKGConstrainedTransfer,full_document
36221131,27086,D029424,Association,27086,0.9210734866,AISKGConstrainedTransfer,full_document
36221131,27086,D054990,Association,27086,0.9210734866,AISKGConstrainedTransfer,full_document
36221131,3569,D007249,Association,3569,0.5543079889,AISKGConstrainedTransfer,full_document
36221131,3569,D029424,Association,3569,0.6311356229,AISKGConstrainedTransfer,full_document
36221131,3569,D054990,Association,3569,0.6311356229,AISKGConstrainedTransfer,full_document
36221131,3576,D007249,Association,3576,0.5485099935,AISKGConstrainedTransfer,full_document
36221131,3576,D029424,Association,3576,0.624612966,AISKGConstrainedTransfer,full_document
36221131,3576,D054990,Association,3576,0.624612966,AISKGConstrainedTransfer,full_document
36221131,4312,D007249,Association,4312,0.830041637,AISKGConstrainedTransfer,full_document
36221131,4312,D029424,Association,4312,0.6269699954,AISKGConstrainedTransfer,full_document
36221131,4312,D054990,Association,4312,0.6269699954,AISKGConstrainedTransfer,full_document
36221131,4313,D007249,Association,4313,0.5529806195,AISKGConstrainedTransfer,full_document
36221131,4313,D029424,Association,4313,0.6269699954,AISKGConstrainedTransfer,full_document
36221131,4313,D054990,Association,4313,0.6269699954,AISKGConstrainedTransfer,full_document
36221131,4314,D007249,Association,4314,0.5529806195,AISKGConstrainedTransfer,full_document
36221131,4314,D029424,Association,4314,0.6269699954,AISKGConstrainedTransfer,full_document
36221131,4314,D054990,Association,4314,0.6269699954,AISKGConstrainedTransfer,full_document
36221131,D054990,rs1499894,Positive_Correlation,,0.645118652,AISKGConstrainedTransfer,full_document
36221131,D054990,rs35480566,Positive_Correlation,,0.645118652,AISKGConstrainedTransfer,full_document
36224043,7422,D004751,Association,7422,0.8593396514,AISKGConstrainedTransfer,full_document
36224043,7422,D007416,Association,7422,0.8712208875,AISKGConstrainedTransfer,full_document
36224043,7422,D064420,Association,7422,0.8593396514,AISKGConstrainedTransfer,full_document
36224043,925,D004751,Association,925,0.8622314448,AISKGConstrainedTransfer,full_document
36224043,925,D064420,Association,925,0.8622314448,AISKGConstrainedTransfer,full_document
36224043,C000594389,D000069285,Negative_Correlation,D000069285,0.4248815096,AISKGConstrainedTransfer,full_document
36224043,C000594389,D003967,Positive_Correlation,C000594389,0.468676758,AISKGConstrainedTransfer,full_document
36224043,C000594389,D006509,Negative_Correlation,C000594389,0.4886431724,AISKGConstrainedTransfer,full_document
36224043,C000594389,D006528,Negative_Correlation,C000594389,0.503340158,AISKGConstrainedTransfer,full_document
36224043,C000594389,D007416,Positive_Correlation,C000594389,0.6646855018,AISKGConstrainedTransfer,full_document
36224043,C000594389,D013256,Negative_Correlation,D013256,0.4156469111,AISKGConstrainedTransfer,full_document
36224043,C000594389,D015746,Negative_Correlation,C000594389,0.4690319975,AISKGConstrainedTransfer,full_document
36224043,D000068258,D000069285,Negative_Correlation,D000069285,0.4248815096,AISKGConstrainedTransfer,full_document
36224043,D000068258,D003967,Positive_Correlation,D000068258,0.468676758,AISKGConstrainedTransfer,full_document
36224043,D000068258,D004751,Positive_Correlation,D000068258,0.5914939412,AISKGConstrainedTransfer,full_document
36224043,D000068258,D006509,Negative_Correlation,D000068258,0.4886431724,AISKGConstrainedTransfer,full_document
36224043,D000068258,D006528,Negative_Correlation,D000068258,0.4501716056,AISKGConstrainedTransfer,full_document
36224043,D000068258,D007416,Positive_Correlation,D000068258,0.6646855018,AISKGConstrainedTransfer,full_document
36224043,D000068258,D013256,Negative_Correlation,D013256,0.4839333437,AISKGConstrainedTransfer,full_document
36224043,D000068258,D015746,Negative_Correlation,D000068258,0.4690319975,AISKGConstrainedTransfer,full_document
36224043,D000068258,D064420,Positive_Correlation,D000068258,0.5914939412,AISKGConstrainedTransfer,full_document
36224043,D000069285,D006528,Negative_Correlation,D000069285,0.4638558297,AISKGConstrainedTransfer,full_document
36224043,D000069285,D007416,Negative_Correlation,D000069285,0.4907801093,AISKGConstrainedTransfer,full_document
36224043,D003967,D011239,Positive_Correlation,D003967,0.4037939235,AISKGConstrainedTransfer,full_document
36224043,D004751,D011239,Positive_Correlation,D004751,0.734198593,AISKGConstrainedTransfer,full_document
36224043,D006528,D013256,Negative_Correlation,D006528,0.4770554985,AISKGConstrainedTransfer,full_document
36224043,D007416,D013256,Negative_Correlation,D007416,0.4754550056,AISKGConstrainedTransfer,full_document
36226181,22059,D009369,Association,22059,0.8923038023,AISKGConstrainedTransfer,full_document
36226181,57103,7157,Association,,0.508302931,AISKGConstrainedTransfer,full_document
36226181,7157,D000255,Positive_Correlation,D000255,0.5484349634,AISKGConstrainedTransfer,full_document
36226181,7157,D003110,Association,7157,0.7375352462,AISKGConstrainedTransfer,full_document
36226181,7157,D005947,Association,D005947,0.4366325067,AISKGConstrainedTransfer,full_document
36226181,7157,D008055,Positive_Correlation,D008055,0.4055398852,AISKGConstrainedTransfer,full_document
36226181,7157,D009369,Association,7157,0.7221966366,AISKGConstrainedTransfer,full_document
36226181,D003110,rs587782329,Positive_Correlation,,0.5350689221,AISKGConstrainedTransfer,full_document
36226181,D005947,D008055,Association,D005947,0.6594799003,AISKGConstrainedTransfer,full_document
36226181,D005947,rs587782329,Association,rs587782329,0.6270435396,AISKGConstrainedTransfer,full_document
36226181,D008055,rs587782329,Association,rs587782329,0.6630943889,AISKGConstrainedTransfer,full_document
36226181,D009369,rs28934576,Positive_Correlation,,0.5837648684,AISKGConstrainedTransfer,full_document
36226181,D009369,rs587782329,Positive_Correlation,,0.5360144033,AISKGConstrainedTransfer,full_document
36230720,1026,D009369,Association,1026,0.7090187415,AISKGConstrainedTransfer,full_document
36230720,1027,5467,Association,,0.3930044445,AISKGConstrainedTransfer,full_document
36230720,1027,7422,Association,,0.3930044445,AISKGConstrainedTransfer,full_document
36230720,1027,D009369,Association,1027,0.6787794268,AISKGConstrainedTransfer,full_document
36230720,3065,5467,Association,,0.4394160994,AISKGConstrainedTransfer,full_document
36230720,3065,595,Association,,0.4394160994,AISKGConstrainedTransfer,full_document
36230720,3065,652,Association,,0.4188952085,AISKGConstrainedTransfer,full_document
36230720,3065,7422,Association,,0.4394160994,AISKGConstrainedTransfer,full_document
36230720,3065,9076,Association,,0.4394160994,AISKGConstrainedTransfer,full_document
36230720,3065,D009369,Association,3065,0.7346558598,AISKGConstrainedTransfer,full_document
36230720,3065,D063646,Association,3065,0.7729564732,AISKGConstrainedTransfer,full_document
36230720,5467,58490,Association,,0.4394160994,AISKGConstrainedTransfer,full_document
36230720,5467,D009369,Association,5467,0.7213744294,AISKGConstrainedTransfer,full_document
36230720,58490,595,Association,,0.4394160994,AISKGConstrainedTransfer,full_document
36230720,58490,6925,Association,,0.6008227586,AISKGConstrainedTransfer,full_document
36230720,58490,7422,Association,,0.4394160994,AISKGConstrainedTransfer,full_document
36230720,58490,9076,Association,,0.4394160994,AISKGConstrainedTransfer,full_document
36230720,58490,D009369,Association,58490,0.868223938,AISKGConstrainedTransfer,full_document
36230720,58490,D063646,Association,58490,0.7729564732,AISKGConstrainedTransfer,full_document
36230720,595,652,Association,,0.4188952085,AISKGConstrainedTransfer,full_document
36230720,595,D009369,Association,595,0.7213744294,AISKGConstrainedTransfer,full_document
36230720,652,D009369,Association,652,0.7197731052,AISKGConstrainedTransfer,full_document
36230720,6925,7474,Association,,0.5641462966,AISKGConstrainedTransfer,full_document
36230720,7422,D009369,Association,7422,0.7213744294,AISKGConstrainedTransfer,full_document
36230720,9076,D009369,Association,9076,0.7213744294,AISKGConstrainedTransfer,full_document
36231099,54106,D009369,Association,54106,0.9008314999,AISKGConstrainedTransfer,full_document
36231099,54106,D010051,Association,54106,0.8939453372,AISKGConstrainedTransfer,full_document
36231099,7099,D009369,Association,7099,0.9008314999,AISKGConstrainedTransfer,full_document
36231099,7099,D010051,Association,7099,0.8445784669,AISKGConstrainedTransfer,full_document
36231099,D010051,rs4986790,Positive_Correlation,,0.5946180918,AISKGConstrainedTransfer,full_document
36231922,59272,D000086382,Association,59272,0.8146063376,AISKGConstrainedTransfer,full_document
36231922,D000086382,rs2158083,Positive_Correlation,,0.4793848023,AISKGConstrainedTransfer,full_document
36231922,D000086382,rs4646156,Positive_Correlation,,0.4793848023,AISKGConstrainedTransfer,full_document
36231922,D000086382,rs4646174,Positive_Correlation,,0.4793848023,AISKGConstrainedTransfer,full_document
36232568,5741,D000236,Association,5741,0.9098965282,AISKGConstrainedTransfer,full_document
36232568,5741,D002118,Association,D002118,0.395570765,AISKGConstrainedTransfer,full_document
36232568,5741,D010282,Association,5741,0.9098965282,AISKGConstrainedTransfer,full_document
36232568,7068,D006044,Association,7068,0.8986633349,AISKGConstrainedTransfer,full_document
36232568,D000236,D002118,Positive_Correlation,D000236,0.5844219817,AISKGConstrainedTransfer,full_document
36232568,D002118,D010282,Positive_Correlation,D002118,0.5444289891,AISKGConstrainedTransfer,full_document
36232568,D006044,rs121918693,Association,,0.4920078458,AISKGConstrainedTransfer,full_document
36232568,D013610,D013963,Positive_Correlation,D013610,0.5880187808,AISKGConstrainedTransfer,full_document
36232959,10628,114548,Positive_Correlation,114548,0.4093035632,AISKGConstrainedTransfer,full_document
36232959,10628,177,Positive_Correlation,177,0.4093035632,AISKGConstrainedTransfer,full_document
36232959,10628,216799,Association,,0.4981754297,AISKGConstrainedTransfer,full_document
36232959,10628,D000067616,Positive_Correlation,D000067616,0.489776935,AISKGConstrainedTransfer,full_document
36232959,10628,D007249,Association,10628,0.8555424215,AISKGConstrainedTransfer,full_document
36232959,10628,D017382,Positive_Correlation,D017382,0.4663938903,AISKGConstrainedTransfer,full_document
36232959,10628,D055370,Association,10628,0.8816201805,AISKGConstrainedTransfer,full_document
36232959,10628,D055371,Association,10628,0.8775914663,AISKGConstrainedTransfer,full_document
36232959,114548,3553,Association,,0.4044077806,AISKGConstrainedTransfer,full_document
36232959,114548,D000067616,Positive_Correlation,D000067616,0.489776935,AISKGConstrainedTransfer,full_document
36232959,114548,D007249,Association,114548,0.8555424215,AISKGConstrainedTransfer,full_document
36232959,114548,D017382,Positive_Correlation,D017382,0.4663938903,AISKGConstrainedTransfer,full_document
36232959,114548,D055370,Association,114548,0.8816201805,AISKGConstrainedTransfer,full_document
36232959,114548,D055371,Association,114548,0.8781507394,AISKGConstrainedTransfer,full_document
36232959,11596,D000067616,Negative_Correlation,D000067616,0.616846668,AISKGConstrainedTransfer,full_document
36232959,11596,D055370,Association,11596,0.7326993669,AISKGConstrainedTransfer,full_document
36232959,16176,D000067616,Negative_Correlation,D000067616,0.5363808426,AISKGConstrainedTransfer,full_document
36232959,16176,D055370,Association,16176,0.7062481347,AISKGConstrainedTransfer,full_document
36232959,177,216799,Association,,0.5582629744,AISKGConstrainedTransfer,full_document
36232959,177,3553,Association,,0.4044077806,AISKGConstrainedTransfer,full_document
36232959,177,56338,Association,,0.4561567158,AISKGConstrainedTransfer,full_document
36232959,177,D000067616,Negative_Correlation,D000067616,0.6942509172,AISKGConstrainedTransfer,full_document
36232959,177,D007249,Association,177,0.8555424215,AISKGConstrainedTransfer,full_document
36232959,177,D017382,Positive_Correlation,D017382,0.4663938903,AISKGConstrainedTransfer,full_document
36232959,177,D055370,Association,177,0.8816201805,AISKGConstrainedTransfer,full_document
36232959,177,D055371,Association,177,0.8442170232,AISKGConstrainedTransfer,full_document
36232959,216799,D000067616,Negative_Correlation,D000067616,0.5931950413,AISKGConstrainedTransfer,full_document
36232959,216799,D055370,Association,216799,0.739500409,AISKGConstrainedTransfer,full_document
36232959,216799,D055371,Association,216799,0.9303593356,AISKGConstrainedTransfer,full_document
36232959,2214,D007249,Association,2214,0.8259965908,AISKGConstrainedTransfer,full_document
36232959,2214,D055370,Association,2214,0.8816201805,AISKGConstrainedTransfer,full_document
36232959,3553,56338,Association,,0.3973762515,AISKGConstrainedTransfer,full_document
36232959,4360,D007249,Association,4360,0.8259965908,AISKGConstrainedTransfer,full_document
36232959,4360,D055370,Association,4360,0.8730042819,AISKGConstrainedTransfer,full_document
36232959,56338,D000067616,Negative_Correlation,D000067616,0.5931950413,AISKGConstrainedTransfer,full_document
36232959,56338,D017382,Negative_Correlation,D017382,0.6879958903,AISKGConstrainedTransfer,full_document
36232959,56338,D055370,Association,56338,0.739500409,AISKGConstrainedTransfer,full_document
36232959,929,D007249,Association,929,0.8259965908,AISKGConstrainedTransfer,full_document
36232959,929,D055370,Association,929,0.8730042819,AISKGConstrainedTransfer,full_document
36232959,D000067616,D017382,Negative_Correlation,D017382,0.6449157406,AISKGConstrainedTransfer,full_document
36232959,D000067616,D055370,Negative_Correlation,D000067616,0.4890964904,AISKGConstrainedTransfer,full_document
36233117,111,53630,Association,,0.4347831769,AISKGConstrainedTransfer,full_document
36233117,111,64757,Association,,0.4347831769,AISKGConstrainedTransfer,full_document
36233117,111,D008055,Association,D008055,0.503831231,AISKGConstrainedTransfer,full_document
36233117,111,D015228,Association,111,0.7947785274,AISKGConstrainedTransfer,full_document
36233117,111,D052439,Association,111,0.9310722818,AISKGConstrainedTransfer,full_document
36233117,53630,64757,Association,,0.4347831769,AISKGConstrainedTransfer,full_document
36233117,53630,D008055,Association,D008055,0.4900083591,AISKGConstrainedTransfer,full_document
36233117,53630,D015228,Association,53630,0.7947785274,AISKGConstrainedTransfer,full_document
36233117,53630,D052439,Association,53630,0.9310722818,AISKGConstrainedTransfer,full_document
36233117,64757,D008055,Association,D008055,0.503831231,AISKGConstrainedTransfer,full_document
36233117,64757,D015228,Association,64757,0.7947785274,AISKGConstrainedTransfer,full_document
36233117,64757,D052439,Association,64757,0.9310722818,AISKGConstrainedTransfer,full_document
36233117,D008055,D015228,Positive_Correlation,D008055,0.401855977,AISKGConstrainedTransfer,full_document
36233117,D008055,rs2642438,Association,rs2642438,0.734247644,AISKGConstrainedTransfer,full_document
36233117,D008055,rs56371916,Association,rs56371916,0.7453368899,AISKGConstrainedTransfer,full_document
36233117,D008055,rs6564851,Association,rs6564851,0.7453368899,AISKGConstrainedTransfer,full_document
36233117,D015228,rs2642438,Positive_Correlation,,0.6300086549,AISKGConstrainedTransfer,full_document
36233117,D015228,rs56371916,Positive_Correlation,,0.6300086549,AISKGConstrainedTransfer,full_document
36233117,D015228,rs6564851,Positive_Correlation,,0.6300086549,AISKGConstrainedTransfer,full_document
36233781,6506,6536,Association,,0.4985784975,AISKGConstrainedTransfer,full_document
36233781,6506,D000275,Association,6506,0.8477321621,AISKGConstrainedTransfer,full_document
36233781,6506,D003865,Association,6506,0.9218772336,AISKGConstrainedTransfer,full_document
36233781,6506,D018698,Association,D018698,0.4400355252,AISKGConstrainedTransfer,full_document
36233781,6536,D003865,Association,6536,0.8599314256,AISKGConstrainedTransfer,full_document
36233781,6536,D005998,Association,D005998,0.4688521989,AISKGConstrainedTransfer,full_document
36233781,9152,D003865,Association,9152,0.889832839,AISKGConstrainedTransfer,full_document
36233781,9152,D005998,Association,D005998,0.4688521989,AISKGConstrainedTransfer,full_document
36233781,D000275,rs4354668,Positive_Correlation,,0.4412283993,AISKGConstrainedTransfer,full_document
36233781,D003865,D005998,Positive_Correlation,D003865,0.4675079373,AISKGConstrainedTransfer,full_document
36233781,D003865,D018698,Positive_Correlation,D003865,0.5079181382,AISKGConstrainedTransfer,full_document
36233781,D003865,rs2000959,Positive_Correlation,,0.5161520334,AISKGConstrainedTransfer,full_document
36233781,D003865,rs2486001,Positive_Correlation,,0.5504848011,AISKGConstrainedTransfer,full_document
36233781,D003865,rs4354668,Association,,0.5151872265,AISKGConstrainedTransfer,full_document
36252682,12362,16176,Positive_Correlation,16176,0.4730043283,AISKGConstrainedTransfer,full_document
36252682,12362,20597,Association,,0.4477551739,AISKGConstrainedTransfer,full_document
36252682,12362,216799,Association,,0.4477551739,AISKGConstrainedTransfer,full_document
36252682,12362,C003001,Positive_Correlation,C003001,0.5642892101,AISKGConstrainedTransfer,full_document
36252682,14251,20597,Association,,0.5153710129,AISKGConstrainedTransfer,full_document
36252682,14251,D002518,Negative_Correlation,D002518,0.4352303801,AISKGConstrainedTransfer,full_document
36252682,16176,C003001,Positive_Correlation,C003001,0.5532581908,AISKGConstrainedTransfer,full_document
36252682,20597,216799,Association,,0.4101963397,AISKGConstrainedTransfer,full_document
36252682,20597,56338,Association,,0.4304911958,AISKGConstrainedTransfer,full_document
36252682,20597,66824,Association,,0.4477551739,AISKGConstrainedTransfer,full_document
36252682,20597,C003001,Positive_Correlation,C003001,0.5642892101,AISKGConstrainedTransfer,full_document
36252682,20597,D000639,Negative_Correlation,D000639,0.4866481432,AISKGConstrainedTransfer,full_document
36252682,20597,D006937,Association,20597,0.848518684,AISKGConstrainedTransfer,full_document
36252682,20597,D058426,Association,20597,0.8469977243,AISKGConstrainedTransfer,full_document
36252682,216799,66824,Association,,0.4477551739,AISKGConstrainedTransfer,full_document
36252682,216799,D002518,Association,D002518,0.4382232363,AISKGConstrainedTransfer,full_document
36252682,216799,D006937,Association,216799,0.8843763279,AISKGConstrainedTransfer,full_document
36252682,216799,D013481,Negative_Correlation,D013481,0.3948654943,AISKGConstrainedTransfer,full_document
36252682,216799,D050197,Association,216799,0.9344734624,AISKGConstrainedTransfer,full_document
36252682,216799,D058426,Association,216799,0.863924905,AISKGConstrainedTransfer,full_document
36252682,56338,C003001,Negative_Correlation,C003001,0.4377310425,AISKGConstrainedTransfer,full_document
36252682,56338,D002518,Association,D002518,0.418768034,AISKGConstrainedTransfer,full_document
36252682,56338,D006937,Association,56338,0.8843763279,AISKGConstrainedTransfer,full_document
36252682,C003001,D000639,Negative_Correlation,D000639,0.695561752,AISKGConstrainedTransfer,full_document
36252682,C003001,D013481,Negative_Correlation,D013481,0.4213204168,AISKGConstrainedTransfer,full_document
36252682,D002518,D006937,Positive_Correlation,D002518,0.5852685115,AISKGConstrainedTransfer,full_document
36252682,D002518,D013481,Association,D002518,0.4261562306,AISKGConstrainedTransfer,full_document
36252682,D006937,D013481,Positive_Correlation,D006937,0.5571105751,AISKGConstrainedTransfer,full_document
36253741,27031,OMIM:208540,Association,27031,0.8320888265,AISKGConstrainedTransfer,full_document
36253741,D003560,c|SUB|G|1761|A,Positive_Correlation,,0.4951702934,AISKGConstrainedTransfer,full_document
36253741,D007674,c|DEL|69|C,Positive_Correlation,,0.525625353,AISKGConstrainedTransfer,full_document
36253741,D007674,c|SUB|G|1761|A,Positive_Correlation,,0.5476847175,AISKGConstrainedTransfer,full_document
36253741,D007674,p|SUB|W|587|,Positive_Correlation,,0.5015988223,AISKGConstrainedTransfer,full_document
36253741,D010182,c|DEL|69|C,Positive_Correlation,,0.4925460408,AISKGConstrainedTransfer,full_document
36253741,D010182,c|SUB|G|1761|A,Positive_Correlation,,0.5139997371,AISKGConstrainedTransfer,full_document
36253741,D012131,c|DEL|69|C,Positive_Correlation,,0.4339343473,AISKGConstrainedTransfer,full_document
36253741,D012131,p|FS|G|24|A|11,Positive_Correlation,,0.3901984176,AISKGConstrainedTransfer,full_document
36253741,OMIM:208540,c|SUB|G|1761|A,Positive_Correlation,,0.5731436681,AISKGConstrainedTransfer,full_document
36253741,OMIM:208540,p|FS|G|24|A|11,Positive_Correlation,,0.5831289869,AISKGConstrainedTransfer,full_document
36254249,27032,D008345,Positive_Correlation,D008345,0.4771624023,AISKGConstrainedTransfer,full_document
36254249,27032,D016506,Association,27032,0.7961601947,AISKGConstrainedTransfer,full_document
36254249,D003513,D016506,Positive_Correlation,D003513,0.5059936878,AISKGConstrainedTransfer,full_document
36254249,D003513,c|SUB|A|325-2|G,Association,c|SUB|A|325-2|G,0.5023705268,AISKGConstrainedTransfer,full_document
36254249,D003513,p|DEL|109_120|AQ,Association,p|DEL|109_120|AQ,0.4637553629,AISKGConstrainedTransfer,full_document
36254249,D008345,D012844,Association,D008345,0.4581359294,AISKGConstrainedTransfer,full_document
36254249,D008345,D016506,Positive_Correlation,D008345,0.6182662995,AISKGConstrainedTransfer,full_document
36254249,D008345,c|SUB|A|325-2|G,Association,c|SUB|A|325-2|G,0.5829982735,AISKGConstrainedTransfer,full_document
36254249,D008345,p|DEL|109_120|AQ,Association,p|DEL|109_120|AQ,0.6337978388,AISKGConstrainedTransfer,full_document
36254249,D012844,D016506,Positive_Correlation,D012844,0.4496827851,AISKGConstrainedTransfer,full_document
36254249,D012844,c|SUB|A|325-2|G,Association,c|SUB|A|325-2|G,0.5023705268,AISKGConstrainedTransfer,full_document
36254249,D012844,p|DEL|109_120|AQ,Association,p|DEL|109_120|AQ,0.6805970524,AISKGConstrainedTransfer,full_document
36254249,D016506,c|SUB|A|325-2|G,Positive_Correlation,,0.5380117556,AISKGConstrainedTransfer,full_document
36254249,D016506,p|DEL|109_120|AQ,Positive_Correlation,,0.4932880367,AISKGConstrainedTransfer,full_document
36258913,406972,574501,Positive_Correlation,574501,0.5422975898,AISKGConstrainedTransfer,full_document
36258913,406972,D002289,Association,406972,0.743524387,AISKGConstrainedTransfer,full_document
36258913,406972,D009369,Association,406972,0.9175790473,AISKGConstrainedTransfer,full_document
36258913,406973,574501,Positive_Correlation,574501,0.5422975898,AISKGConstrainedTransfer,full_document
36258913,406973,D002289,Association,406973,0.743524387,AISKGConstrainedTransfer,full_document
36258913,406973,D009369,Association,406973,0.9175790473,AISKGConstrainedTransfer,full_document
36258913,574501,D002289,Association,574501,0.9135472883,AISKGConstrainedTransfer,full_document
36258913,574501,D009369,Association,574501,0.9175790473,AISKGConstrainedTransfer,full_document
36258913,D002289,rs11614913,Positive_Correlation,,0.4988967943,AISKGConstrainedTransfer,full_document
36258913,D002289,rs3746444,Positive_Correlation,,0.5629544711,AISKGConstrainedTransfer,full_document
36258913,D002289,rs37464444,Positive_Correlation,,0.6362879739,AISKGConstrainedTransfer,full_document
36258913,D009369,rs11614913,Positive_Correlation,,0.6123261712,AISKGConstrainedTransfer,full_document
36258913,D009369,rs3746444,Positive_Correlation,,0.6123261712,AISKGConstrainedTransfer,full_document
36261171,340061,D005227,Association,D005227,0.4391740472,AISKGConstrainedTransfer,full_document
36261171,340061,D007239,Association,340061,0.9034956299,AISKGConstrainedTransfer,full_document
36261171,340061,D007249,Association,340061,0.9173635267,AISKGConstrainedTransfer,full_document
36261171,340061,D009369,Association,340061,0.9267790043,AISKGConstrainedTransfer,full_document
36261171,3439,D005227,Association,D005227,0.4808784867,AISKGConstrainedTransfer,full_document
36261171,3439,D007239,Association,3439,0.902553291,AISKGConstrainedTransfer,full_document
36261171,3439,D007249,Association,3439,0.9157211255,AISKGConstrainedTransfer,full_document
36261171,3439,D009369,Association,3439,0.9253795563,AISKGConstrainedTransfer,full_document
36261171,72512,D005227,Negative_Correlation,D005227,0.4442958944,AISKGConstrainedTransfer,full_document
36261171,D007239,D009712,Positive_Correlation,D007239,0.5468655389,AISKGConstrainedTransfer,full_document
36261171,D007249,D009712,Positive_Correlation,D007249,0.4176856452,AISKGConstrainedTransfer,full_document
36261171,D009369,D009712,Positive_Correlation,D009369,0.4042519418,AISKGConstrainedTransfer,full_document
36261171,D014364,rs11554776,Association,rs11554776,0.5738002535,AISKGConstrainedTransfer,full_document
36262065,24161,C051786,Positive_Correlation,C051786,0.4329964457,AISKGConstrainedTransfer,full_document
36262065,24161,D001280,Positive_Correlation,D001280,0.4329964457,AISKGConstrainedTransfer,full_document
36262065,24161,D001663,Positive_Correlation,D001663,0.4939740337,AISKGConstrainedTransfer,full_document
36262065,24161,D002318,Association,24161,0.4869894403,AISKGConstrainedTransfer,full_document
36262065,24161,D002784,Positive_Correlation,D002784,0.398086948,AISKGConstrainedTransfer,full_document
36262065,24161,D003404,Positive_Correlation,D003404,0.4066718131,AISKGConstrainedTransfer,full_document
36262065,24161,D007674,Association,24161,0.588439229,AISKGConstrainedTransfer,full_document
36262065,24161,D014280,Positive_Correlation,D014280,0.4019290066,AISKGConstrainedTransfer,full_document
36262065,24161,D014508,Positive_Correlation,D014508,0.4803225996,AISKGConstrainedTransfer,full_document
36262065,24161,D056486,Association,24161,0.4861233256,AISKGConstrainedTransfer,full_document
36262065,24208,C051786,Bind,C051786,0.4166311384,AISKGConstrainedTransfer,full_document
36262065,24208,D001280,Bind,D001280,0.4269429954,AISKGConstrainedTransfer,full_document
36262065,24208,D004700,Association,24208,0.9222772414,AISKGConstrainedTransfer,full_document
36262065,24208,D013739,Bind,D013739,0.5064123154,AISKGConstrainedTransfer,full_document
36262065,24248,C051786,Positive_Correlation,C051786,0.4084747721,AISKGConstrainedTransfer,full_document
36262065,24248,D001280,Positive_Correlation,D001280,0.4084747721,AISKGConstrainedTransfer,full_document
36262065,24248,D005978,Negative_Correlation,D005978,0.398567446,AISKGConstrainedTransfer,full_document
36262065,24248,D008315,Positive_Correlation,D008315,0.4651587812,AISKGConstrainedTransfer,full_document
36262065,24248,D013733,Association,24248,0.6796466839,AISKGConstrainedTransfer,full_document
36262065,24786,D005978,Negative_Correlation,D005978,0.4332263613,AISKGConstrainedTransfer,full_document
36262065,24786,D013733,Association,24786,0.7172113786,AISKGConstrainedTransfer,full_document
36262065,25586,C051786,Positive_Correlation,C051786,0.424887899,AISKGConstrainedTransfer,full_document
36262065,25586,D001280,Positive_Correlation,D001280,0.424887899,AISKGConstrainedTransfer,full_document
36262065,25586,D001663,Positive_Correlation,D001663,0.4856448413,AISKGConstrainedTransfer,full_document
36262065,25586,D002318,Association,25586,0.5482717136,AISKGConstrainedTransfer,full_document
36262065,25586,D002784,Positive_Correlation,D002784,0.3932052936,AISKGConstrainedTransfer,full_document
36262065,25586,D003404,Positive_Correlation,D003404,0.4779848929,AISKGConstrainedTransfer,full_document
36262065,25586,D007674,Association,25586,0.5888376978,AISKGConstrainedTransfer,full_document
36262065,25586,D014280,Positive_Correlation,D014280,0.3966747395,AISKGConstrainedTransfer,full_document
36262065,25586,D014508,Positive_Correlation,D014508,0.4750789894,AISKGConstrainedTransfer,full_document
36262065,25586,D056486,Association,25586,0.4854766808,AISKGConstrainedTransfer,full_document
36262065,25721,C051786,Positive_Correlation,C051786,0.4594285458,AISKGConstrainedTransfer,full_document
36262065,25721,D001280,Positive_Correlation,D001280,0.4594285458,AISKGConstrainedTransfer,full_document
36262065,25721,D001663,Positive_Correlation,D001663,0.5400708857,AISKGConstrainedTransfer,full_document
36262065,25721,D002318,Association,25721,0.496847921,AISKGConstrainedTransfer,full_document
36262065,25721,D002784,Positive_Correlation,D002784,0.4519112264,AISKGConstrainedTransfer,full_document
36262065,25721,D003404,Positive_Correlation,D003404,0.458541513,AISKGConstrainedTransfer,full_document
36262065,25721,D007674,Association,25721,0.6128812969,AISKGConstrainedTransfer,full_document
36262065,25721,D014280,Positive_Correlation,D014280,0.4541697055,AISKGConstrainedTransfer,full_document
36262065,25721,D014508,Positive_Correlation,D014508,0.4533632525,AISKGConstrainedTransfer,full_document
36262065,25721,D056486,Association,25721,0.4886287768,AISKGConstrainedTransfer,full_document
36262065,58962,C051786,Positive_Correlation,C051786,0.4381795226,AISKGConstrainedTransfer,full_document
36262065,58962,D001280,Positive_Correlation,D001280,0.4381795226,AISKGConstrainedTransfer,full_document
36262065,58962,D005978,Positive_Correlation,D005978,0.4481930427,AISKGConstrainedTransfer,full_document
36262065,58962,D008315,Positive_Correlation,D008315,0.5361876852,AISKGConstrainedTransfer,full_document
36262065,58962,D013733,Association,58962,0.6563532348,AISKGConstrainedTransfer,full_document
36262065,81670,C051786,Positive_Correlation,C051786,0.4739985558,AISKGConstrainedTransfer,full_document
36262065,81670,D001280,Positive_Correlation,D001280,0.4739985558,AISKGConstrainedTransfer,full_document
36262065,81670,D001663,Positive_Correlation,D001663,0.5437336152,AISKGConstrainedTransfer,full_document
36262065,81670,D002318,Association,81670,0.5151255611,AISKGConstrainedTransfer,full_document
36262065,81670,D002784,Positive_Correlation,D002784,0.4573811217,AISKGConstrainedTransfer,full_document
36262065,81670,D003404,Positive_Correlation,D003404,0.4647944653,AISKGConstrainedTransfer,full_document
36262065,81670,D007674,Association,81670,0.621946831,AISKGConstrainedTransfer,full_document
36262065,81670,D014280,Positive_Correlation,D014280,0.4610020659,AISKGConstrainedTransfer,full_document
36262065,81670,D014508,Positive_Correlation,D014508,0.4606260718,AISKGConstrainedTransfer,full_document
36262065,81670,D056486,Association,81670,0.518176892,AISKGConstrainedTransfer,full_document
36262065,C051786,D000091662,Positive_Correlation,C051786,0.5277122758,AISKGConstrainedTransfer,full_document
36262065,C051786,D002318,Positive_Correlation,C051786,0.6915136739,AISKGConstrainedTransfer,full_document
36262065,C051786,D004700,Positive_Correlation,C051786,0.5028051576,AISKGConstrainedTransfer,full_document
36262065,C051786,D007674,Positive_Correlation,C051786,0.5277122758,AISKGConstrainedTransfer,full_document
36262065,C051786,D013733,Positive_Correlation,C051786,0.6778614903,AISKGConstrainedTransfer,full_document
36262065,C051786,D013739,Association,C051786,0.4733663403,AISKGConstrainedTransfer,full_document
36262065,C051786,D056486,Positive_Correlation,C051786,0.5277122758,AISKGConstrainedTransfer,full_document
36262065,C051786,D064420,Positive_Correlation,C051786,0.5341507757,AISKGConstrainedTransfer,full_document
36262065,D000091662,D001280,Positive_Correlation,D000091662,0.5101665482,AISKGConstrainedTransfer,full_document
36262065,D001280,D002318,Positive_Correlation,D001280,0.6915136739,AISKGConstrainedTransfer,full_document
36262065,D001280,D004700,Positive_Correlation,D001280,0.4443019454,AISKGConstrainedTransfer,full_document
36262065,D001280,D007674,Positive_Correlation,D001280,0.5277122758,AISKGConstrainedTransfer,full_document
36262065,D001280,D013733,Positive_Correlation,D001280,0.6778614903,AISKGConstrainedTransfer,full_document
36262065,D001280,D013739,Association,D001280,0.4784493796,AISKGConstrainedTransfer,full_document
36262065,D001280,D056486,Positive_Correlation,D001280,0.5277122758,AISKGConstrainedTransfer,full_document
36262065,D001280,D064420,Positive_Correlation,D001280,0.5341507757,AISKGConstrainedTransfer,full_document
36262065,D001663,D002318,Positive_Correlation,D001663,0.6633991126,AISKGConstrainedTransfer,full_document
36262065,D001663,D007674,Positive_Correlation,D001663,0.5820841349,AISKGConstrainedTransfer,full_document
36262065,D001663,D056486,Positive_Correlation,D001663,0.6659026358,AISKGConstrainedTransfer,full_document
36262065,D002318,D002784,Positive_Correlation,D002318,0.5891083846,AISKGConstrainedTransfer,full_document
36262065,D002318,D003404,Positive_Correlation,D002318,0.5778801832,AISKGConstrainedTransfer,full_document
36262065,D002318,D014280,Positive_Correlation,D002318,0.570908097,AISKGConstrainedTransfer,full_document
36262065,D002318,D014508,Positive_Correlation,D002318,0.5757932116,AISKGConstrainedTransfer,full_document
36262065,D002784,D007674,Positive_Correlation,D002784,0.6181757631,AISKGConstrainedTransfer,full_document
36262065,D002784,D056486,Positive_Correlation,D002784,0.5974463897,AISKGConstrainedTransfer,full_document
36262065,D003404,D007674,Positive_Correlation,D003404,0.6690012434,AISKGConstrainedTransfer,full_document
36262065,D003404,D056486,Positive_Correlation,D003404,0.6954459315,AISKGConstrainedTransfer,full_document
36262065,D004700,D013739,Positive_Correlation,D004700,0.45905486,AISKGConstrainedTransfer,full_document
36262065,D005978,D013733,Positive_Correlation,D005978,0.5765852937,AISKGConstrainedTransfer,full_document
36262065,D007674,D014280,Positive_Correlation,D007674,0.632221388,AISKGConstrainedTransfer,full_document
36262065,D007674,D014508,Positive_Correlation,D007674,0.6380280471,AISKGConstrainedTransfer,full_document
36262065,D008315,D013733,Positive_Correlation,D008315,0.647823711,AISKGConstrainedTransfer,full_document
36262065,D014280,D056486,Positive_Correlation,D014280,0.5944512718,AISKGConstrainedTransfer,full_document
36262065,D014508,D056486,Positive_Correlation,D014508,0.6595156679,AISKGConstrainedTransfer,full_document
36263152,445,D020159,Association,445,0.9060310447,AISKGConstrainedTransfer,full_document
36263152,D000641,D020159,Positive_Correlation,D000641,0.5344961549,AISKGConstrainedTransfer,full_document
36263152,D020159,c|DEL|848|A,Positive_Correlation,,0.4531123923,AISKGConstrainedTransfer,full_document
36263152,D020159,c|INDEL|952_953|TT,Positive_Correlation,,0.4817279598,AISKGConstrainedTransfer,full_document
36263152,D020159,c|SUB|T|773+6|G,Positive_Correlation,,0.4263943836,AISKGConstrainedTransfer,full_document
36263152,D020159,rs766880501,Positive_Correlation,,0.478377521,AISKGConstrainedTransfer,full_document
36266725,213,8029,Association,,0.5141248508,AISKGConstrainedTransfer,full_document
36266725,213,D000419,Association,213,0.7574258832,AISKGConstrainedTransfer,full_document
36266725,259,D000419,Association,259,0.7816919872,AISKGConstrainedTransfer,full_document
36266725,7018,D000419,Association,7018,0.7583134688,AISKGConstrainedTransfer,full_document
36266725,8029,81693,Association,,0.5656165324,AISKGConstrainedTransfer,full_document
36266725,8029,D000419,Association,8029,0.7816919872,AISKGConstrainedTransfer,full_document
36266725,8029,D011507,Association,8029,0.8831679953,AISKGConstrainedTransfer,full_document
36266725,81693,D014805,Association,D014805,0.447029864,AISKGConstrainedTransfer,full_document
36266725,D000419,D014805,Positive_Correlation,D000419,0.4807068166,AISKGConstrainedTransfer,full_document
36266725,D011507,D014805,Positive_Correlation,D011507,0.5097224658,AISKGConstrainedTransfer,full_document
36266725,D014805,c|DEL|5153_5154|CT,Association,c|DEL|5153_5154|CT,0.5500221725,AISKGConstrainedTransfer,full_document
36266725,D014805,p|SUB|S|1718|X,Association,p|SUB|S|1718|X,0.4979021774,AISKGConstrainedTransfer,full_document
36266725,D014805,rs149220088,Association,rs149220088,0.4435148055,AISKGConstrainedTransfer,full_document
36266725,D014805,rs373056649,Association,rs373056649,0.4831298279,AISKGConstrainedTransfer,full_document
36266725,D014805,rs767078847,Association,rs767078847,0.5216448644,AISKGConstrainedTransfer,full_document
36267056,3949,D002318,Association,3949,0.8652415554,AISKGConstrainedTransfer,full_document
36267056,3949,D006938,Association,3949,0.8390602231,AISKGConstrainedTransfer,full_document
36267056,3949,D008055,Association,D008055,0.4207824164,AISKGConstrainedTransfer,full_document
36267056,D002318,rs730882082,Positive_Correlation,,0.5627623364,AISKGConstrainedTransfer,full_document
36267056,D006938,rs730882082,Positive_Correlation,,0.6256581759,AISKGConstrainedTransfer,full_document
36267056,D008055,D017202,Positive_Correlation,D008055,0.56099822,AISKGConstrainedTransfer,full_document
36267056,D008055,D050197,Positive_Correlation,D008055,0.5815080936,AISKGConstrainedTransfer,full_document
36267056,D008055,D058729,Positive_Correlation,D008055,0.4892063996,AISKGConstrainedTransfer,full_document
36267056,D008055,rs730882082,Association,rs730882082,0.4206115012,AISKGConstrainedTransfer,full_document
36267056,D017202,rs730882082,Positive_Correlation,,0.5774110342,AISKGConstrainedTransfer,full_document
36267056,D050197,rs730882082,Positive_Correlation,,0.6281331197,AISKGConstrainedTransfer,full_document
36267056,D058729,rs730882082,Positive_Correlation,,0.5967354323,AISKGConstrainedTransfer,full_document
36273440,1493,D001171,Association,1493,0.78081926,AISKGConstrainedTransfer,full_document
36273440,1493,D001327,Association,1493,0.7799056473,AISKGConstrainedTransfer,full_document
36273440,1493,D007153,Association,1493,0.8909199974,AISKGConstrainedTransfer,full_document
36273440,1493,D017074,Association,1493,0.8099062531,AISKGConstrainedTransfer,full_document
36273440,D001327,c|INDEL|445_568-544|TTTGCGATTG,Positive_Correlation,,0.582704047,AISKGConstrainedTransfer,full_document
36274208,79443,D002386,Association,79443,0.9091735995,AISKGConstrainedTransfer,full_document
36274208,D002386,c|SUB|C|[265|T,Association,,0.4909589239,AISKGConstrainedTransfer,full_document
36274208,D002386,rs141476300,Positive_Correlation,,0.5580781777,AISKGConstrainedTransfer,full_document
36274208,D002386,rs4682801,Association,,0.4867216983,AISKGConstrainedTransfer,full_document
36274837,10919,2010,Positive_Correlation,2010,0.4181066935,AISKGConstrainedTransfer,full_document
36274837,10919,8841,Positive_Correlation,8841,0.4242125892,AISKGConstrainedTransfer,full_document
36274837,2010,2146,Positive_Correlation,2146,0.4242125892,AISKGConstrainedTransfer,full_document
36274837,2010,8841,Bind,2010,0.5388297447,AISKGConstrainedTransfer,full_document
36274837,2010,D000083143,Association,2010,0.8930287498,AISKGConstrainedTransfer,full_document
36274837,2010,D020389,Association,2010,0.8846416142,AISKGConstrainedTransfer,full_document
36274837,2146,8841,Positive_Correlation,8841,0.4242125892,AISKGConstrainedTransfer,full_document
36274837,8841,D020389,Association,8841,0.9006851862,AISKGConstrainedTransfer,full_document
36276968,348,D000544,Association,348,0.7604583921,AISKGConstrainedTransfer,full_document
36276968,348,D003072,Association,348,0.8333920737,AISKGConstrainedTransfer,full_document
36276968,348,D003324,Association,348,0.850311342,AISKGConstrainedTransfer,full_document
36276968,348,D008268,Association,348,0.8668017899,AISKGConstrainedTransfer,full_document
36276968,D000544,rs429358,Association,,0.65405518,AISKGConstrainedTransfer,full_document
36276968,D003072,rs429358,Association,,0.5169204192,AISKGConstrainedTransfer,full_document
36276968,D003324,rs429358,Association,,0.6136169593,AISKGConstrainedTransfer,full_document
36276968,D008268,rs429358,Association,,0.6448301405,AISKGConstrainedTransfer,full_document
36283703,10890,63971,Association,,0.4435332994,AISKGConstrainedTransfer,full_document
36283703,3630,7037,Association,,0.5281630397,AISKGConstrainedTransfer,full_document
36283703,3630,D005947,Association,D005947,0.408413326,AISKGConstrainedTransfer,full_document
36283703,63971,6517,Association,,0.6217137066,AISKGConstrainedTransfer,full_document
36283703,6517,D005947,Association,D005947,0.4573514682,AISKGConstrainedTransfer,full_document
36289279,1548,D000077192,Association,1548,0.7877614557,AISKGConstrainedTransfer,full_document
36289279,1548,D000230,Association,1548,0.8569101035,AISKGConstrainedTransfer,full_document
36289279,1548,D002294,Association,1548,0.8471117445,AISKGConstrainedTransfer,full_document
36289279,1806,D000077192,Association,1806,0.772753847,AISKGConstrainedTransfer,full_document
36289279,1806,D000230,Association,1806,0.7670020878,AISKGConstrainedTransfer,full_document
36289279,1806,D002294,Association,1806,0.8031497488,AISKGConstrainedTransfer,full_document
36289279,217,D000077192,Association,217,0.7729869364,AISKGConstrainedTransfer,full_document
36289279,217,D000230,Association,217,0.7670020878,AISKGConstrainedTransfer,full_document
36289279,217,D002294,Association,217,0.7994207302,AISKGConstrainedTransfer,full_document
36289279,D000077192,rs190771411,Positive_Correlation,,0.5691044877,AISKGConstrainedTransfer,full_document
36289279,D000077192,rs200562975,Positive_Correlation,,0.5691044877,AISKGConstrainedTransfer,full_document
36289279,D000077192,rs568781254,Positive_Correlation,,0.5691044877,AISKGConstrainedTransfer,full_document
36289279,D000230,rs190771411,Positive_Correlation,,0.5831519554,AISKGConstrainedTransfer,full_document
36289279,D000230,rs200562975,Positive_Correlation,,0.5831519554,AISKGConstrainedTransfer,full_document
36289279,D000230,rs568781254,Positive_Correlation,,0.5831519554,AISKGConstrainedTransfer,full_document
36289279,D002294,rs190771411,Positive_Correlation,,0.5994464304,AISKGConstrainedTransfer,full_document
36289279,D002294,rs200562975,Positive_Correlation,,0.5664978789,AISKGConstrainedTransfer,full_document
36289279,D002294,rs568781254,Positive_Correlation,,0.5962174801,AISKGConstrainedTransfer,full_document
36290844,1956,D002289,Association,1956,0.8911429954,AISKGConstrainedTransfer,full_document
36290844,D000077156,D010984,Negative_Correlation,D010984,0.4518593495,AISKGConstrainedTransfer,full_document
36290844,D000077156,c|INS|Exon20|,Association,c|INS|Exon20|,0.4925447169,AISKGConstrainedTransfer,full_document
36290844,D000077156,rs121434568,Association,rs121434568,0.509748067,AISKGConstrainedTransfer,full_document
36290844,D000077716,D010984,Negative_Correlation,D010984,0.4518593495,AISKGConstrainedTransfer,full_document
36290844,D000077716,c|INS|Exon20|,Association,c|INS|Exon20|,0.4925447169,AISKGConstrainedTransfer,full_document
36290844,D000077716,rs121434568,Association,rs121434568,0.509748067,AISKGConstrainedTransfer,full_document
36290844,D002289,c|DEL|Exon19|,Positive_Correlation,,0.4428345304,AISKGConstrainedTransfer,full_document
36290844,D002289,c|INS|Exon20|,Positive_Correlation,,0.515459177,AISKGConstrainedTransfer,full_document
36290844,D002289,rs121434568,Positive_Correlation,,0.4325260586,AISKGConstrainedTransfer,full_document
36290844,D010984,c|INS|Exon20|,Association,c|INS|Exon20|,0.5219094604,AISKGConstrainedTransfer,full_document
36290844,D010984,rs121434568,Association,rs121434568,0.5168222167,AISKGConstrainedTransfer,full_document
36291383,2688,C536820,Association,2688,0.8894334726,AISKGConstrainedTransfer,full_document
36291383,3479,C536820,Association,3479,0.8996726457,AISKGConstrainedTransfer,full_document
36291383,7227,C536820,Association,7227,0.8758783758,AISKGConstrainedTransfer,full_document
36291383,7227,D000013,Association,7227,0.8662523963,AISKGConstrainedTransfer,full_document
36291383,7227,D030342,Association,7227,0.8655783415,AISKGConstrainedTransfer,full_document
36291383,C536820,D019382,Positive_Correlation,C536820,0.4874476885,AISKGConstrainedTransfer,full_document
36291383,D004393,D019382,Positive_Correlation,D004393,0.4588398361,AISKGConstrainedTransfer,full_document
36295559,29126,D064726,Association,29126,0.9253389869,AISKGConstrainedTransfer,full_document
36295559,D001943,rs822336,Positive_Correlation,,0.5051433345,AISKGConstrainedTransfer,full_document
36295559,D003643,rs822336,Positive_Correlation,,0.5105308528,AISKGConstrainedTransfer,full_document
36295559,D003643,rs822337,Association,,0.4270496374,AISKGConstrainedTransfer,full_document
36295559,D009369,rs822337,Association,,0.4436308397,AISKGConstrainedTransfer,full_document
36295559,D012008,rs822336,Positive_Correlation,,0.5042841512,AISKGConstrainedTransfer,full_document
36295559,D012008,rs822337,Association,,0.4322243434,AISKGConstrainedTransfer,full_document
36295559,D064726,rs822336,Association,,0.4790447949,AISKGConstrainedTransfer,full_document
36295559,D064726,rs822337,Positive_Correlation,,0.4704246773,AISKGConstrainedTransfer,full_document
36296984,367218,D000077276,Negative_Correlation,D000077276,0.448088648,AISKGConstrainedTransfer,full_document
36296984,367218,D003907,Negative_Correlation,D003907,0.4067100663,AISKGConstrainedTransfer,full_document
36296984,367218,D019833,Negative_Correlation,D019833,0.448088648,AISKGConstrainedTransfer,full_document
36296984,83619,D005938,Association,D005938,0.5011499469,AISKGConstrainedTransfer,full_document
36296984,84353,D005938,Association,D005938,0.4582293099,AISKGConstrainedTransfer,full_document
36296984,D000077276,D000077330,Cotreatment,,0.5550219883,AISKGConstrainedTransfer,full_document
36296984,D000077276,D001847,Positive_Correlation,D000077276,0.5145696027,AISKGConstrainedTransfer,full_document
36296984,D000077276,D002338,Negative_Correlation,D002338,0.5133756799,AISKGConstrainedTransfer,full_document
36296984,D000077276,D005938,Negative_Correlation,D005938,0.5880012089,AISKGConstrainedTransfer,full_document
36296984,D000077276,D007529,Negative_Correlation,D007529,0.5239208353,AISKGConstrainedTransfer,full_document
36296984,D000077276,D008775,Negative_Correlation,D008775,0.4507075983,AISKGConstrainedTransfer,full_document
36296984,D000077276,D010024,Negative_Correlation,D000077276,0.5678195822,AISKGConstrainedTransfer,full_document
36296984,D000077276,D019386,Cotreatment,,0.4530791045,AISKGConstrainedTransfer,full_document
36296984,D000077276,D058866,Positive_Correlation,D000077276,0.4639236427,AISKGConstrainedTransfer,full_document
36296984,D000077330,D008775,Negative_Correlation,D008775,0.4339990093,AISKGConstrainedTransfer,full_document
36296984,D000077330,D010024,Positive_Correlation,D000077330,0.5664046647,AISKGConstrainedTransfer,full_document
36296984,D000077330,D019386,Negative_Correlation,D019386,0.4962258805,AISKGConstrainedTransfer,full_document
36296984,D000077330,D019833,Cotreatment,,0.5550219883,AISKGConstrainedTransfer,full_document
36296984,D001847,D005938,Positive_Correlation,D001847,0.5185106671,AISKGConstrainedTransfer,full_document
36296984,D001847,D019833,Positive_Correlation,D001847,0.4467306914,AISKGConstrainedTransfer,full_document
36296984,D002338,D007529,Negative_Correlation,D007529,0.5137991324,AISKGConstrainedTransfer,full_document
36296984,D002338,D010024,Positive_Correlation,D002338,0.4917338446,AISKGConstrainedTransfer,full_document
36296984,D002338,D019833,Negative_Correlation,D019833,0.5191202366,AISKGConstrainedTransfer,full_document
36296984,D002338,D058866,Positive_Correlation,D002338,0.4642697259,AISKGConstrainedTransfer,full_document
36296984,D005938,D010024,Negative_Correlation,D005938,0.5261430095,AISKGConstrainedTransfer,full_document
36296984,D005938,D019833,Negative_Correlation,D019833,0.5880012089,AISKGConstrainedTransfer,full_document
36296984,D005938,D058866,Positive_Correlation,D005938,0.4306118127,AISKGConstrainedTransfer,full_document
36296984,D007529,D010024,Positive_Correlation,D007529,0.4916058952,AISKGConstrainedTransfer,full_document
36296984,D007529,D019833,Negative_Correlation,D019833,0.5239208353,AISKGConstrainedTransfer,full_document
36296984,D007529,D058866,Positive_Correlation,D007529,0.4812422707,AISKGConstrainedTransfer,full_document
36296984,D008775,D010024,Positive_Correlation,D008775,0.5804624671,AISKGConstrainedTransfer,full_document
36296984,D008775,D019386,Negative_Correlation,D019386,0.512755477,AISKGConstrainedTransfer,full_document
36296984,D008775,D019833,Negative_Correlation,D019833,0.4507075983,AISKGConstrainedTransfer,full_document
36296984,D010024,D019833,Positive_Correlation,D010024,0.4609186569,AISKGConstrainedTransfer,full_document
36296984,D019386,D019833,Cotreatment,,0.5116618936,AISKGConstrainedTransfer,full_document
36296984,D019833,D058866,Positive_Correlation,D019833,0.4639236427,AISKGConstrainedTransfer,full_document
36297369,3939,7157,Positive_Correlation,7157,0.4183811745,AISKGConstrainedTransfer,full_document
36297369,3939,D008113,Association,3939,0.776554045,AISKGConstrainedTransfer,full_document
36297369,3939,D009369,Association,3939,0.771203011,AISKGConstrainedTransfer,full_document
36297369,407040,C016517,Positive_Correlation,C016517,0.4084789068,AISKGConstrainedTransfer,full_document
36297369,407040,D008113,Association,407040,0.8010113103,AISKGConstrainedTransfer,full_document
36297369,407040,D009369,Association,407040,0.7786612519,AISKGConstrainedTransfer,full_document
36297369,4193,D008113,Association,4193,0.7176522448,AISKGConstrainedTransfer,full_document
36297369,4193,D009369,Association,4193,0.7821901608,AISKGConstrainedTransfer,full_document
36297369,7157,C016517,Positive_Correlation,C016517,0.39396583,AISKGConstrainedTransfer,full_document
36297369,7157,D008113,Association,7157,0.7922519044,AISKGConstrainedTransfer,full_document
36297369,7157,D009369,Association,7157,0.7920894384,AISKGConstrainedTransfer,full_document
36297369,C016517,D008113,Positive_Correlation,C016517,0.4221225859,AISKGConstrainedTransfer,full_document
36297369,C016517,D009369,Positive_Correlation,C016517,0.4534524861,AISKGConstrainedTransfer,full_document
36297369,D009243,D019289,Negative_Correlation,D019289,0.4647619776,AISKGConstrainedTransfer,full_document
36303223,6821,C536184,Association,6821,0.8878768268,AISKGConstrainedTransfer,full_document
36303223,6821,C538141,Association,6821,0.8940867329,AISKGConstrainedTransfer,full_document
36303223,6821,D020739,Association,6821,0.916385125,AISKGConstrainedTransfer,full_document
36303223,C011119,D006710,Negative_Correlation,D006710,0.501072772,AISKGConstrainedTransfer,full_document
36303223,D006710,D013447,Negative_Correlation,D013447,0.501072772,AISKGConstrainedTransfer,full_document
36303223,D013447,p|SUB|Y|400|,Association,p|SUB|Y|400|,0.6404126925,AISKGConstrainedTransfer,full_document
36303223,D013447,rs780917238,Association,rs780917238,0.6639764195,AISKGConstrainedTransfer,full_document
36303443,1277,2335,Positive_Correlation,2335,0.4779527416,AISKGConstrainedTransfer,full_document
36303443,1277,3553,Positive_Correlation,3553,0.4856224954,AISKGConstrainedTransfer,full_document
36303443,1277,3569,Positive_Correlation,3569,0.4856224954,AISKGConstrainedTransfer,full_document
36303443,1277,D006333,Association,1277,0.829582641,AISKGConstrainedTransfer,full_document
36303443,1277,D054143,Association,1277,0.8517400303,AISKGConstrainedTransfer,full_document
36303443,207,C529054,Association,C529054,0.4014255675,AISKGConstrainedTransfer,full_document
36303443,207,D013148,Association,D013148,0.3972861286,AISKGConstrainedTransfer,full_document
36303443,2335,3553,Positive_Correlation,3553,0.4856224954,AISKGConstrainedTransfer,full_document
36303443,2335,3569,Positive_Correlation,3569,0.4856224954,AISKGConstrainedTransfer,full_document
36303443,2335,C529054,Negative_Correlation,C529054,0.5106078763,AISKGConstrainedTransfer,full_document
36303443,2335,D006333,Association,2335,0.829582641,AISKGConstrainedTransfer,full_document
36303443,2335,D054143,Association,2335,0.8782038552,AISKGConstrainedTransfer,full_document
36303443,2931,C529054,Association,C529054,0.4014255675,AISKGConstrainedTransfer,full_document
36303443,2931,D013148,Association,D013148,0.3972861286,AISKGConstrainedTransfer,full_document
36303443,2932,C529054,Association,C529054,0.4014255675,AISKGConstrainedTransfer,full_document
36303443,2932,D013148,Association,D013148,0.3972861286,AISKGConstrainedTransfer,full_document
36303443,3553,C529054,Negative_Correlation,C529054,0.4969186494,AISKGConstrainedTransfer,full_document
36303443,3553,D006333,Association,3553,0.829582641,AISKGConstrainedTransfer,full_document
36303443,3553,D054143,Association,3553,0.8645199528,AISKGConstrainedTransfer,full_document
36303443,3569,C529054,Negative_Correlation,C529054,0.5281541751,AISKGConstrainedTransfer,full_document
36303443,3569,D006333,Association,3569,0.829582641,AISKGConstrainedTransfer,full_document
36303443,3569,D054143,Association,3569,0.8745151939,AISKGConstrainedTransfer,full_document
36303443,3958,C529054,Association,C529054,0.4014255675,AISKGConstrainedTransfer,full_document
36303443,3958,D013148,Association,D013148,0.3972861286,AISKGConstrainedTransfer,full_document
36303443,3958,D054143,Association,3958,0.8782038552,AISKGConstrainedTransfer,full_document
36303443,4314,C529054,Negative_Correlation,C529054,0.5057999378,AISKGConstrainedTransfer,full_document
36303443,4314,D054143,Association,4314,0.8765563635,AISKGConstrainedTransfer,full_document
36303443,4318,C529054,Association,C529054,0.4014255675,AISKGConstrainedTransfer,full_document
36303443,4318,D013148,Association,D013148,0.3972861286,AISKGConstrainedTransfer,full_document
36303443,4318,D054143,Association,4318,0.8782038552,AISKGConstrainedTransfer,full_document
36303443,5594,C529054,Association,C529054,0.4167801881,AISKGConstrainedTransfer,full_document
36303443,5594,D013148,Association,D013148,0.4129084543,AISKGConstrainedTransfer,full_document
36303443,5595,C529054,Association,C529054,0.4167801881,AISKGConstrainedTransfer,full_document
36303443,5595,D013148,Association,D013148,0.4129084543,AISKGConstrainedTransfer,full_document
36303443,6524,C529054,Negative_Correlation,C529054,0.3963348929,AISKGConstrainedTransfer,full_document
36303443,6524,C549068,Negative_Correlation,C549068,0.3963348929,AISKGConstrainedTransfer,full_document
36303443,6524,D054143,Association,6524,0.7563246771,AISKGConstrainedTransfer,full_document
36303443,C529054,D054143,Negative_Correlation,C529054,0.4555014808,AISKGConstrainedTransfer,full_document
36303443,C549068,D006333,Positive_Correlation,C549068,0.4990625157,AISKGConstrainedTransfer,full_document
36303443,C549068,D013148,Negative_Correlation,D013148,0.3904647013,AISKGConstrainedTransfer,full_document
36303443,C549068,D054143,Negative_Correlation,C549068,0.5550070173,AISKGConstrainedTransfer,full_document
36303443,D006333,D013148,Positive_Correlation,D006333,0.476268223,AISKGConstrainedTransfer,full_document
36303443,D013148,D054143,Negative_Correlation,D013148,0.4852002437,AISKGConstrainedTransfer,full_document
36304533,6772,D001327,Association,6772,0.8020757914,AISKGConstrainedTransfer,full_document
36304533,6772,D002178,Association,6772,0.803919785,AISKGConstrainedTransfer,full_document
36304533,6772,D002180,Association,6772,0.9057472004,AISKGConstrainedTransfer,full_document
36304533,6772,D003922,Association,6772,0.8831248128,AISKGConstrainedTransfer,full_document
36304533,6772,D006529,Association,6772,0.9072919281,AISKGConstrainedTransfer,full_document
36304533,6772,D012141,Association,6772,0.8912426072,AISKGConstrainedTransfer,full_document
36304533,6772,D013163,Association,6772,0.9072919281,AISKGConstrainedTransfer,full_document
36304533,D001786,D007239,Positive_Correlation,D001786,0.5642548602,AISKGConstrainedTransfer,full_document
36304533,D001786,D014376,Positive_Correlation,D001786,0.4741682725,AISKGConstrainedTransfer,full_document
36304533,D006529,c|SUB|A|866|G,Positive_Correlation,,0.4188930509,AISKGConstrainedTransfer,full_document
36304533,D007239,D007538,Positive_Correlation,D007239,0.6040181618,AISKGConstrainedTransfer,full_document
36304533,D007239,D012293,Positive_Correlation,D007239,0.6040181618,AISKGConstrainedTransfer,full_document
36304533,D007538,D014376,Positive_Correlation,D007538,0.6340224358,AISKGConstrainedTransfer,full_document
36304533,D008107,c|SUB|A|866|G,Positive_Correlation,,0.5477524651,AISKGConstrainedTransfer,full_document
36304533,D008107,p|SUB|Y|289|C,Positive_Correlation,,0.447021739,AISKGConstrainedTransfer,full_document
36304533,D011141,c|SUB|A|866|G,Positive_Correlation,,0.4202262017,AISKGConstrainedTransfer,full_document
36304533,D012141,c|SUB|A|866|G,Positive_Correlation,,0.4556908077,AISKGConstrainedTransfer,full_document
36304533,D012293,D014376,Positive_Correlation,D012293,0.5423621711,AISKGConstrainedTransfer,full_document
36304533,D013163,c|SUB|A|866|G,Positive_Correlation,,0.4188930509,AISKGConstrainedTransfer,full_document
36304533,D059606,c|SUB|A|866|G,Positive_Correlation,,0.4188930509,AISKGConstrainedTransfer,full_document
36305088,2902,D012559,Association,2902,0.8397422944,AISKGConstrainedTransfer,full_document
36305088,4842,D012559,Association,4842,0.8432483979,AISKGConstrainedTransfer,full_document
36305088,51655,D001523,Association,51655,0.882486015,AISKGConstrainedTransfer,full_document
36305088,51655,D012559,Association,51655,0.8870733315,AISKGConstrainedTransfer,full_document
36305088,9722,D012559,Association,9722,0.8432483979,AISKGConstrainedTransfer,full_document
36305088,D012559,c|SUB|A|722|T,Positive_Correlation,,0.4779037825,AISKGConstrainedTransfer,full_document
36305088,D012559,c|SUB|G|*31|A,Positive_Correlation,,0.577143707,AISKGConstrainedTransfer,full_document
36305088,D012559,c|SUB|G|31|A,Positive_Correlation,,0.4954143481,AISKGConstrainedTransfer,full_document
36306144,12978,54209,Association,,0.5160424892,AISKGConstrainedTransfer,full_document
36306144,12978,7305,Association,,0.5160424892,AISKGConstrainedTransfer,full_document
36306144,12978,D003920,Association,12978,0.827339547,AISKGConstrainedTransfer,full_document
36306144,1436,22177,Association,,0.5160424892,AISKGConstrainedTransfer,full_document
36306144,1436,54209,Association,,0.5160424892,AISKGConstrainedTransfer,full_document
36306144,1436,7305,Association,,0.5160424892,AISKGConstrainedTransfer,full_document
36306144,15251,22177,Association,,0.560397217,AISKGConstrainedTransfer,full_document
36306144,15251,54209,Association,,0.560397217,AISKGConstrainedTransfer,full_document
36306144,15251,6850,Positive_Correlation,6850,0.4707277526,AISKGConstrainedTransfer,full_document
36306144,15251,7305,Association,,0.560397217,AISKGConstrainedTransfer,full_document
36306144,15251,83433,Positive_Correlation,83433,0.4707277526,AISKGConstrainedTransfer,full_document
36306144,18595,D013311,Negative_Correlation,D013311,0.4058857298,AISKGConstrainedTransfer,full_document
36306144,18595,D013395,Negative_Correlation,D013395,0.4213685797,AISKGConstrainedTransfer,full_document
36306144,22177,3091,Association,,0.560397217,AISKGConstrainedTransfer,full_document
36306144,22177,54209,Bind,22177,0.4012881649,AISKGConstrainedTransfer,full_document
36306144,22177,83433,Bind,22177,0.4012881649,AISKGConstrainedTransfer,full_document
36306144,22177,D000860,Association,22177,0.8034647265,AISKGConstrainedTransfer,full_document
36306144,22177,D003920,Association,22177,0.8127485273,AISKGConstrainedTransfer,full_document
36306144,22177,D006943,Association,22177,0.79124322,AISKGConstrainedTransfer,full_document
36306144,3091,54209,Association,,0.560397217,AISKGConstrainedTransfer,full_document
36306144,3091,6850,Positive_Correlation,6850,0.4707277526,AISKGConstrainedTransfer,full_document
36306144,3091,7305,Association,,0.560397217,AISKGConstrainedTransfer,full_document
36306144,3091,83433,Positive_Correlation,83433,0.4707277526,AISKGConstrainedTransfer,full_document
36306144,3091,D000860,Association,3091,0.796073449,AISKGConstrainedTransfer,full_document
36306144,51129,D000860,Association,51129,0.7954139386,AISKGConstrainedTransfer,full_document
36306144,54209,6850,Association,,0.5496295129,AISKGConstrainedTransfer,full_document
36306144,54209,7305,Bind,54209,0.4012881649,AISKGConstrainedTransfer,full_document
36306144,6850,D000860,Association,6850,0.8039801422,AISKGConstrainedTransfer,full_document
36306144,6850,D003920,Association,6850,0.8773361747,AISKGConstrainedTransfer,full_document
36306144,6850,D006943,Association,6850,0.7915583177,AISKGConstrainedTransfer,full_document
36306144,7305,83433,Bind,7305,0.4012881649,AISKGConstrainedTransfer,full_document
36306144,7305,D000860,Association,7305,0.8034647265,AISKGConstrainedTransfer,full_document
36306144,7305,D006943,Association,7305,0.79124322,AISKGConstrainedTransfer,full_document
36306144,7422,D000860,Association,7422,0.8148870589,AISKGConstrainedTransfer,full_document
36306144,83433,D000860,Association,83433,0.8039801422,AISKGConstrainedTransfer,full_document
36306144,83433,D003920,Association,83433,0.8773361747,AISKGConstrainedTransfer,full_document
36306144,83433,D006943,Association,83433,0.7915583177,AISKGConstrainedTransfer,full_document
36306144,D003920,D013311,Positive_Correlation,D003920,0.4434864797,AISKGConstrainedTransfer,full_document
36306287,3043,3974689,Positive_Correlation,3974689,0.413755322,AISKGConstrainedTransfer,full_document
36306287,3043,D006418,Negative_Correlation,D006418,0.4477871495,AISKGConstrainedTransfer,full_document
36306287,3974689,D002738,Association,D002738,0.4803437559,AISKGConstrainedTransfer,full_document
36306287,3974689,D006418,Association,D006418,0.4869787523,AISKGConstrainedTransfer,full_document
36306287,C034759,D006418,Association,C034759,0.4956921609,AISKGConstrainedTransfer,full_document
36306287,C034759,p|SUB|F|145|I,Association,p|SUB|F|145|I,0.6962510317,AISKGConstrainedTransfer,full_document
36306287,C034759,p|SUB|G|353|V,Association,p|SUB|G|353|V,0.6962510317,AISKGConstrainedTransfer,full_document
36306287,C034759,p|SUB|M|343|L,Association,p|SUB|M|343|L,0.6962510317,AISKGConstrainedTransfer,full_document
36306287,D002738,D006418,Association,D002738,0.5244624615,AISKGConstrainedTransfer,full_document
36306287,D002738,p|SUB|F|145|I,Association,p|SUB|F|145|I,0.7239586386,AISKGConstrainedTransfer,full_document
36306287,D002738,p|SUB|G|353|V,Association,p|SUB|G|353|V,0.7239586386,AISKGConstrainedTransfer,full_document
36306287,D002738,p|SUB|M|343|L,Association,p|SUB|M|343|L,0.7239586386,AISKGConstrainedTransfer,full_document
36306287,D006418,p|SUB|F|145|I,Association,p|SUB|F|145|I,0.714685919,AISKGConstrainedTransfer,full_document
36306287,D006418,p|SUB|G|353|V,Association,p|SUB|G|353|V,0.714685919,AISKGConstrainedTransfer,full_document
36306287,D006418,p|SUB|M|343|L,Association,p|SUB|M|343|L,0.714685919,AISKGConstrainedTransfer,full_document
36307211,4035,C537617,Association,4035,0.9127531902,AISKGConstrainedTransfer,full_document
36307211,4035,D009202,Association,4035,0.9025643789,AISKGConstrainedTransfer,full_document
36307211,4035,D054079,Association,4035,0.9122461741,AISKGConstrainedTransfer,full_document
36307852,3974689,D013413,Association,D013413,0.582119026,AISKGConstrainedTransfer,full_document
36308663,10673,115650,Bind,10673,0.5654531566,AISKGConstrainedTransfer,full_document
36308663,10673,5594,Association,,0.5173419674,AISKGConstrainedTransfer,full_document
36308663,10673,5595,Association,,0.5173419674,AISKGConstrainedTransfer,full_document
36308663,115650,5594,Association,,0.7124161601,AISKGConstrainedTransfer,full_document
36308663,115650,5595,Association,,0.7124161601,AISKGConstrainedTransfer,full_document
36308663,115650,D000361,Association,115650,0.8879118234,AISKGConstrainedTransfer,full_document
36308663,115650,D002051,Association,115650,0.8802909873,AISKGConstrainedTransfer,full_document
36308663,115650,D007153,Association,115650,0.8063030569,AISKGConstrainedTransfer,full_document
36308663,115650,D008223,Association,115650,0.7979907212,AISKGConstrainedTransfer,full_document
36308663,115650,D008231,Association,115650,0.8961141409,AISKGConstrainedTransfer,full_document
36308663,115650,D016393,Association,115650,0.9088810764,AISKGConstrainedTransfer,full_document
36308663,115650,D017074,Association,115650,0.8682465425,AISKGConstrainedTransfer,full_document
36308663,4791,974,Association,,0.4122624962,AISKGConstrainedTransfer,full_document
36308663,D002051,c|SUB|A|52|T,Association,,0.4649264841,AISKGConstrainedTransfer,full_document
36308663,D002051,rs151243201,Association,,0.4540965113,AISKGConstrainedTransfer,full_document
36308663,D002051,rs547352394,Association,,0.4649264841,AISKGConstrainedTransfer,full_document
36308663,D002051,rs61756766,Association,,0.4540965113,AISKGConstrainedTransfer,full_document
36308663,D002051,rs77874543,Association,,0.4649264841,AISKGConstrainedTransfer,full_document
36308663,D007153,rs77874543,Positive_Correlation,,0.5232902267,AISKGConstrainedTransfer,full_document
36308663,D008223,rs77874543,Positive_Correlation,,0.5655715464,AISKGConstrainedTransfer,full_document
36308663,D017074,rs77874543,Positive_Correlation,,0.5063595059,AISKGConstrainedTransfer,full_document
36309503,2064,619351,Association,,0.4008557915,AISKGConstrainedTransfer,full_document
36309503,2064,D001943,Association,2064,0.8647563568,AISKGConstrainedTransfer,full_document
36309503,2064,D009369,Association,2064,0.8607447052,AISKGConstrainedTransfer,full_document
36309503,406892,4585,Association,,0.4165656099,AISKGConstrainedTransfer,full_document
36309503,406892,63976,Association,,0.4165656099,AISKGConstrainedTransfer,full_document
36309503,406892,D000068878,Association,D000068878,0.4867342248,AISKGConstrainedTransfer,full_document
36309503,406892,D001943,Association,406892,0.8690874818,AISKGConstrainedTransfer,full_document
36309503,406892,D009369,Association,406892,0.6756462904,AISKGConstrainedTransfer,full_document
36309503,4585,9231,Association,,0.4165656099,AISKGConstrainedTransfer,full_document
36309503,4585,D000068878,Association,D000068878,0.4867342248,AISKGConstrainedTransfer,full_document
36309503,4585,D001943,Association,4585,0.8690874818,AISKGConstrainedTransfer,full_document
36309503,4585,D009369,Association,4585,0.7767883105,AISKGConstrainedTransfer,full_document
36309503,574412,D000068878,Association,D000068878,0.4867342248,AISKGConstrainedTransfer,full_document
36309503,574412,D001943,Association,574412,0.8690874818,AISKGConstrainedTransfer,full_document
36309503,574412,D009369,Association,574412,0.682681317,AISKGConstrainedTransfer,full_document
36309503,619351,D000068878,Association,D000068878,0.4867342248,AISKGConstrainedTransfer,full_document
36309503,619351,D001943,Association,619351,0.882351814,AISKGConstrainedTransfer,full_document
36309503,619351,D009369,Association,619351,0.8614742552,AISKGConstrainedTransfer,full_document
36309503,63976,D000068878,Association,D000068878,0.4867342248,AISKGConstrainedTransfer,full_document
36309503,63976,D001943,Association,63976,0.8690874818,AISKGConstrainedTransfer,full_document
36309503,63976,D009369,Association,63976,0.6817151385,AISKGConstrainedTransfer,full_document
36309503,9231,D000068878,Association,D000068878,0.4867342248,AISKGConstrainedTransfer,full_document
36309503,9231,D001943,Association,9231,0.8690874818,AISKGConstrainedTransfer,full_document
36309503,9231,D009369,Association,9231,0.6894065191,AISKGConstrainedTransfer,full_document
36309503,D000068878,D001943,Positive_Correlation,D000068878,0.4267024337,AISKGConstrainedTransfer,full_document
36309503,D000068878,D009369,Negative_Correlation,D000068878,0.4275521072,AISKGConstrainedTransfer,full_document
36309505,1736,C536068,Association,1736,0.8698001492,AISKGConstrainedTransfer,full_document
36309505,C536068,rs878853071,Positive_Correlation,,0.5623121655,AISKGConstrainedTransfer,full_document
36313260,1543,D000026,Association,1543,0.8685616868,AISKGConstrainedTransfer,full_document
36313260,1565,D000026,Association,1565,0.7309298403,AISKGConstrainedTransfer,full_document
36313260,4846,D000026,Association,4846,0.7289470023,AISKGConstrainedTransfer,full_document
36313260,D000026,rs1048943,Positive_Correlation,,0.5443132971,AISKGConstrainedTransfer,full_document
36313260,D000026,rs28371725,Positive_Correlation,,0.4183603247,AISKGConstrainedTransfer,full_document
36313260,D000026,rs7830,Positive_Correlation,,0.4183603247,AISKGConstrainedTransfer,full_document
36313470,5053,D010661,Association,5053,0.8145342296,AISKGConstrainedTransfer,full_document
36313470,5092,D010661,Association,5092,0.9125298458,AISKGConstrainedTransfer,full_document
36313470,5805,D000068079,Association,5805,0.8408198543,AISKGConstrainedTransfer,full_document
36313470,5805,D003643,Association,5805,0.8424230252,AISKGConstrainedTransfer,full_document
36313470,5805,D008607,Association,5805,0.8408198543,AISKGConstrainedTransfer,full_document
36313470,5805,D010661,Association,5805,0.8231010465,AISKGConstrainedTransfer,full_document
36313470,5860,D000068079,Association,5860,0.8453521876,AISKGConstrainedTransfer,full_document
36313470,5860,D003643,Association,5860,0.8487272997,AISKGConstrainedTransfer,full_document
36313470,5860,D008607,Association,5860,0.8453521876,AISKGConstrainedTransfer,full_document
36313470,5860,D010661,Association,5860,0.9066185714,AISKGConstrainedTransfer,full_document
36313470,D010661,D011622,Positive_Correlation,D010661,0.479303197,AISKGConstrainedTransfer,full_document
36313470,D010661,rs397518416,Positive_Correlation,,0.8237415373,AISKGConstrainedTransfer,full_document
36313640,5426,D002945,Positive_Correlation,D002945,0.4333275886,AISKGConstrainedTransfer,full_document
36313640,5426,D009369,Association,5426,0.855190538,AISKGConstrainedTransfer,full_document
36313640,5426,D016889,Association,5426,0.8019335449,AISKGConstrainedTransfer,full_document
36313640,D002945,D016889,Positive_Correlation,D002945,0.5693758589,AISKGConstrainedTransfer,full_document
36313640,D016889,rs1057519943,Positive_Correlation,,0.5315064042,AISKGConstrainedTransfer,full_document
36313640,D016889,rs1057519945,Positive_Correlation,,0.5315064042,AISKGConstrainedTransfer,full_document
36313640,D016889,rs63750193,Positive_Correlation,,0.5315064042,AISKGConstrainedTransfer,full_document
36313640,D016889,rs778572159,Positive_Correlation,,0.5315064042,AISKGConstrainedTransfer,full_document
36315099,851415,853811,Association,,0.4127470311,AISKGConstrainedTransfer,full_document
36315099,851415,853997,Association,,0.4661900449,AISKGConstrainedTransfer,full_document
36315099,853111,853801,Association,,0.4267327493,AISKGConstrainedTransfer,full_document
36315099,853111,853997,Association,,0.6992440644,AISKGConstrainedTransfer,full_document
36315099,853111,856918,Association,,0.4267327493,AISKGConstrainedTransfer,full_document
36315099,853111,D007210,Association,D007210,0.4389701155,AISKGConstrainedTransfer,full_document
36315099,853801,853997,Association,,0.6992440644,AISKGConstrainedTransfer,full_document
36315099,853801,856918,Association,,0.4267327493,AISKGConstrainedTransfer,full_document
36315099,853801,D007210,Association,D007210,0.4092133457,AISKGConstrainedTransfer,full_document
36315099,853811,853997,Association,,0.4950010311,AISKGConstrainedTransfer,full_document
36315099,853997,856918,Association,,0.6992440644,AISKGConstrainedTransfer,full_document
36315099,856918,D007210,Association,D007210,0.4389701155,AISKGConstrainedTransfer,full_document
36316845,C535318,rs6475,Positive_Correlation,,0.4825925691,AISKGConstrainedTransfer,full_document
36316845,C535318,rs72552755,Association,,0.4874758705,AISKGConstrainedTransfer,full_document
36316845,C535979,D013739,Positive_Correlation,C535979,0.4995214116,AISKGConstrainedTransfer,full_document
36316845,D006111,D013739,Positive_Correlation,D006111,0.4971611868,AISKGConstrainedTransfer,full_document
36316845,D006628,rs6475,Positive_Correlation,,0.5008602417,AISKGConstrainedTransfer,full_document
36316845,D006628,rs72552755,Positive_Correlation,,0.4778285394,AISKGConstrainedTransfer,full_document
36316845,D008713,D011241,Negative_Correlation,D011241,0.428814624,AISKGConstrainedTransfer,full_document
36316845,D011241,D013739,Negative_Correlation,D013739,0.6785033178,AISKGConstrainedTransfer,full_document
36316845,D014564,rs6475,Positive_Correlation,,0.5139291848,AISKGConstrainedTransfer,full_document
36316845,D014564,rs72552755,Positive_Correlation,,0.4907886388,AISKGConstrainedTransfer,full_document
36316870,10544,D054556,Association,10544,0.8152623473,AISKGConstrainedTransfer,full_document
36316870,2147,D054556,Association,2147,0.8119399133,AISKGConstrainedTransfer,full_document
36316870,2153,D054556,Association,2153,0.8018690549,AISKGConstrainedTransfer,full_document
36316870,3026,D054556,Association,3026,0.8469333323,AISKGConstrainedTransfer,full_document
36316870,4524,D054556,Association,4524,0.8642664472,AISKGConstrainedTransfer,full_document
36316870,5054,D054556,Association,5054,0.8640175829,AISKGConstrainedTransfer,full_document
36316870,D054556,rs1210201190,Positive_Correlation,,0.6232387571,AISKGConstrainedTransfer,full_document
36316870,D054556,rs1799963,Positive_Correlation,,0.6746009017,AISKGConstrainedTransfer,full_document
36316870,D054556,rs1801131,Positive_Correlation,,0.6746009017,AISKGConstrainedTransfer,full_document
36316870,D054556,rs1801133,Positive_Correlation,,0.6746009017,AISKGConstrainedTransfer,full_document
36316870,D054556,rs6025,Positive_Correlation,,0.6280655669,AISKGConstrainedTransfer,full_document
36316870,D054556,rs7080536,Positive_Correlation,,0.6197882225,AISKGConstrainedTransfer,full_document
36316870,D054556,rs867186,Positive_Correlation,,0.5921876377,AISKGConstrainedTransfer,full_document
36317157,1956,C000596361,Negative_Correlation,C000596361,0.5191129057,AISKGConstrainedTransfer,full_document
36317157,1956,C000718108,Negative_Correlation,C000718108,0.4816818618,AISKGConstrainedTransfer,full_document
36317157,1956,D002289,Association,1956,0.5320753842,AISKGConstrainedTransfer,full_document
36317157,C000596361,D002289,Negative_Correlation,C000596361,0.4989647762,AISKGConstrainedTransfer,full_document
36317157,C000705711,D002289,Negative_Correlation,C000705711,0.4723433541,AISKGConstrainedTransfer,full_document
36317157,C000705711,rs121434569,Association,rs121434569,0.4831834314,AISKGConstrainedTransfer,full_document
36317157,C000718108,D002289,Negative_Correlation,C000718108,0.4723433541,AISKGConstrainedTransfer,full_document
36317157,C000718108,rs121434569,Association,rs121434569,0.4831834314,AISKGConstrainedTransfer,full_document
36317157,D002289,rs121434569,Positive_Correlation,,0.5636410135,AISKGConstrainedTransfer,full_document
36329033,12370,D007249,Association,12370,0.7160332151,AISKGConstrainedTransfer,full_document
36329033,16451,19766,Association,,0.4291633454,AISKGConstrainedTransfer,full_document
36329033,16451,p|Allele|Y|383,Association,p|Allele|Y|383,0.4062465991,AISKGConstrainedTransfer,full_document
36329033,16451,p|Allele|Y|384,Association,p|Allele|Y|384,0.4062465991,AISKGConstrainedTransfer,full_document
36329033,17164,19766,Association,,0.5473653579,AISKGConstrainedTransfer,full_document
36329033,17164,21926,Association,,0.5473653579,AISKGConstrainedTransfer,full_document
36329033,19766,20779,Association,,0.4611194327,AISKGConstrainedTransfer,full_document
36329033,19766,21926,Association,,0.4291633454,AISKGConstrainedTransfer,full_document
36329033,19766,D007239,Association,19766,0.9065441928,AISKGConstrainedTransfer,full_document
36329033,19766,D007249,Association,19766,0.899377603,AISKGConstrainedTransfer,full_document
36329033,19766,D012694,Association,D012694,0.5789992114,AISKGConstrainedTransfer,full_document
36329033,19766,D013912,Association,D013912,0.4852184193,AISKGConstrainedTransfer,full_document
36329033,19766,D014443,Association,D014443,0.416565803,AISKGConstrainedTransfer,full_document
36329033,20779,p|Allele|Y|383,Association,p|Allele|Y|383,0.402710063,AISKGConstrainedTransfer,full_document
36329033,20779,p|Allele|Y|384,Association,p|Allele|Y|384,0.402710063,AISKGConstrainedTransfer,full_document
36329033,21926,p|Allele|Y|383,Association,p|Allele|Y|383,0.4062465991,AISKGConstrainedTransfer,full_document
36329033,21926,p|Allele|Y|384,Association,p|Allele|Y|384,0.4062465991,AISKGConstrainedTransfer,full_document
36329033,21937,D007249,Association,21937,0.7288212654,AISKGConstrainedTransfer,full_document
36329033,56532,D007249,Association,56532,0.7160332151,AISKGConstrainedTransfer,full_document
36329033,D007239,D012694,Positive_Correlation,D007239,0.4227187286,AISKGConstrainedTransfer,full_document
36329033,D007239,D013912,Positive_Correlation,D007239,0.4227187286,AISKGConstrainedTransfer,full_document
36329033,D007239,D014443,Positive_Correlation,D007239,0.496983498,AISKGConstrainedTransfer,full_document
36329033,D007249,D012694,Association,D007249,0.3973710152,AISKGConstrainedTransfer,full_document
36329033,D007249,D013912,Association,D007249,0.3973710152,AISKGConstrainedTransfer,full_document
36329033,D007249,p|SUB|Y|383|F,Positive_Correlation,,0.530618515,AISKGConstrainedTransfer,full_document
36329033,D012694,D014443,Association,D012694,0.4557372864,AISKGConstrainedTransfer,full_document
36329033,D013912,D014443,Association,D013912,0.4557372864,AISKGConstrainedTransfer,full_document
36329033,D014443,p|SUB|Y|383|F,Association,p|SUB|Y|383|F,0.7233475532,AISKGConstrainedTransfer,full_document
36329033,p|Allele|Y|383,p|Allele|Y|384,Drug_Interaction,,0.6469878512,AISKGConstrainedTransfer,full_document
36329997,11031,1432,Association,,0.6264380565,AISKGConstrainedTransfer,full_document
36329997,11031,D009080,Association,11031,0.8634899143,AISKGConstrainedTransfer,full_document
36329997,1432,D016756,Association,D016756,0.3907308106,AISKGConstrainedTransfer,full_document
36329997,D003323,D016756,Positive_Correlation,D003323,0.4953072039,AISKGConstrainedTransfer,full_document
36329997,D007249,D016756,Positive_Correlation,D007249,0.4090863146,AISKGConstrainedTransfer,full_document
36329997,D009080,D016756,Positive_Correlation,D009080,0.5201622436,AISKGConstrainedTransfer,full_document
36329997,D009080,rs9965664,Positive_Correlation,,0.6204063624,AISKGConstrainedTransfer,full_document
36329997,D016756,rs9965664,Association,rs9965664,0.6353045073,AISKGConstrainedTransfer,full_document
36335669,13653,D005355,Association,13653,0.853479724,AISKGConstrainedTransfer,full_document
36335669,16878,D005355,Association,16878,0.8177361634,AISKGConstrainedTransfer,full_document
36335669,16878,D007674,Association,16878,0.8177361634,AISKGConstrainedTransfer,full_document
36335669,16878,D051436,Association,16878,0.7913294367,AISKGConstrainedTransfer,full_document
36335669,16880,D005355,Association,16880,0.7658945357,AISKGConstrainedTransfer,full_document
36335669,16880,D007674,Association,16880,0.7658945357,AISKGConstrainedTransfer,full_document
36335669,20423,D005355,Association,20423,0.853479724,AISKGConstrainedTransfer,full_document
36335669,20848,26413,Positive_Correlation,26413,0.4115842618,AISKGConstrainedTransfer,full_document
36335669,20848,D005355,Association,20848,0.8275365069,AISKGConstrainedTransfer,full_document
36335669,26413,D005355,Association,26413,0.7789414988,AISKGConstrainedTransfer,full_document
36335669,3569,D005355,Association,3569,0.9116353679,AISKGConstrainedTransfer,full_document
36335669,3569,D007674,Association,3569,0.9106686734,AISKGConstrainedTransfer,full_document
36335669,3569,D051436,Association,3569,0.7571493396,AISKGConstrainedTransfer,full_document
36335669,3976,D005355,Association,3976,0.8691759474,AISKGConstrainedTransfer,full_document
36335669,3976,D007674,Association,3976,0.8691759474,AISKGConstrainedTransfer,full_document
36335669,3976,D007676,Association,3976,0.8643790081,AISKGConstrainedTransfer,full_document
36335669,3976,D051436,Association,3976,0.8620854501,AISKGConstrainedTransfer,full_document
36338728,1728,D009369,Association,1728,0.8567777694,AISKGConstrainedTransfer,full_document
36338728,D009369,rs1800566,Association,,0.4766925143,AISKGConstrainedTransfer,full_document
36348907,2153,3690,Association,,0.5041923133,AISKGConstrainedTransfer,full_document
36348907,2153,5054,Association,,0.5691464637,AISKGConstrainedTransfer,full_document
36348907,2153,D006984,Association,2153,0.8029604214,AISKGConstrainedTransfer,full_document
36348907,2153,D008581,Association,2153,0.8033216179,AISKGConstrainedTransfer,full_document
36348907,3690,4524,Association,,0.5081639311,AISKGConstrainedTransfer,full_document
36348907,3690,D006984,Association,3690,0.7765746258,AISKGConstrainedTransfer,full_document
36348907,3690,D008581,Association,3690,0.7792729472,AISKGConstrainedTransfer,full_document
36348907,4524,5054,Association,,0.4138710959,AISKGConstrainedTransfer,full_document
36348907,4524,D006984,Association,4524,0.7854898423,AISKGConstrainedTransfer,full_document
36348907,4524,D008581,Association,4524,0.7909895915,AISKGConstrainedTransfer,full_document
36348907,5054,D006984,Association,5054,0.7934095802,AISKGConstrainedTransfer,full_document
36348907,5054,D008581,Association,5054,0.803340672,AISKGConstrainedTransfer,full_document
36348907,D006984,rs1801131,Positive_Correlation,,0.6482794089,AISKGConstrainedTransfer,full_document
36348907,D006984,rs1801133,Positive_Correlation,,0.6482794089,AISKGConstrainedTransfer,full_document
36348907,D006984,rs6025,Positive_Correlation,,0.6482794089,AISKGConstrainedTransfer,full_document
36348907,D006984,rs765625943,Positive_Correlation,,0.6316891197,AISKGConstrainedTransfer,full_document
36348907,D008581,rs1801131,Positive_Correlation,,0.6014999904,AISKGConstrainedTransfer,full_document
36348907,D008581,rs1801133,Positive_Correlation,,0.6014999904,AISKGConstrainedTransfer,full_document
36348907,D008581,rs6025,Positive_Correlation,,0.6014999904,AISKGConstrainedTransfer,full_document
36348907,D008581,rs765625943,Positive_Correlation,,0.5893273646,AISKGConstrainedTransfer,full_document
36351451,43740578,C000718217,Negative_Correlation,C000718217,0.4663883956,AISKGConstrainedTransfer,full_document
36351451,43740578,D000086382,Association,43740578,0.8026933015,AISKGConstrainedTransfer,full_document
36351451,C000718217,D000086382,Negative_Correlation,C000718217,0.4558400076,AISKGConstrainedTransfer,full_document
36351451,C000718217,p|SUB|P|252|L,Association,p|SUB|P|252|L,0.6493192252,AISKGConstrainedTransfer,full_document
36351451,C000718217,p|SUB|T|21|I,Association,p|SUB|T|21|I,0.6361626626,AISKGConstrainedTransfer,full_document
36351451,C000718217,p|SUB|T|304|I,Association,p|SUB|T|304|I,0.6493192252,AISKGConstrainedTransfer,full_document
36353687,7226,D002118,Association,D002118,0.4657965287,AISKGConstrainedTransfer,full_document
36353687,7226,D002413,Association,D002413,0.4657965287,AISKGConstrainedTransfer,full_document
36353687,7226,D019636,Association,7226,0.8110203633,AISKGConstrainedTransfer,full_document
36353687,D000246,p|SUB|D|820|A,Association,p|SUB|D|820|A,0.5925200812,AISKGConstrainedTransfer,full_document
36353687,D000246,p|SUB|R|845|A,Association,p|SUB|R|845|A,0.5513499822,AISKGConstrainedTransfer,full_document
36353687,D000246,p|SUB|R|845|D,Association,p|SUB|R|845|D,0.5513499822,AISKGConstrainedTransfer,full_document
36353687,D000246,rs1282298847,Association,rs1282298847,0.5925200812,AISKGConstrainedTransfer,full_document
36353687,D002118,p|SUB|D|820|A,Association,p|SUB|D|820|A,0.5523515002,AISKGConstrainedTransfer,full_document
36353687,D002118,p|SUB|R|845|A,Association,p|SUB|R|845|A,0.5443455499,AISKGConstrainedTransfer,full_document
36353687,D002118,p|SUB|R|845|D,Association,p|SUB|R|845|D,0.5443455499,AISKGConstrainedTransfer,full_document
36353687,D002118,rs1282298847,Association,rs1282298847,0.5523515002,AISKGConstrainedTransfer,full_document
36353687,D002413,p|SUB|D|820|A,Association,p|SUB|D|820|A,0.5523515002,AISKGConstrainedTransfer,full_document
36353687,D002413,p|SUB|R|845|A,Association,p|SUB|R|845|A,0.5443455499,AISKGConstrainedTransfer,full_document
36353687,D002413,p|SUB|R|845|D,Association,p|SUB|R|845|D,0.5443455499,AISKGConstrainedTransfer,full_document
36353687,D002413,rs1282298847,Association,rs1282298847,0.5523515002,AISKGConstrainedTransfer,full_document
36354768,3757,6331,Association,,0.4495911375,AISKGConstrainedTransfer,full_document
36354768,3757,7273,Association,,0.4495911375,AISKGConstrainedTransfer,full_document
36354768,3757,D053840,Association,3757,0.9270477617,AISKGConstrainedTransfer,full_document
36354768,6331,7273,Association,,0.4495911375,AISKGConstrainedTransfer,full_document
36354768,6331,D053840,Association,6331,0.9270477617,AISKGConstrainedTransfer,full_document
36354768,7273,D053840,Association,7273,0.9270477617,AISKGConstrainedTransfer,full_document
36358848,3845,6794,Association,,0.6257737476,AISKGConstrainedTransfer,full_document
36358848,3845,7157,Association,,0.5848027528,AISKGConstrainedTransfer,full_document
36358848,3845,9817,Association,,0.6145905636,AISKGConstrainedTransfer,full_document
36358848,3845,D000230,Association,3845,0.8913574948,AISKGConstrainedTransfer,full_document
36358848,3845,D002289,Association,3845,0.8368305053,AISKGConstrainedTransfer,full_document
36358848,C000706028,D002289,Positive_Correlation,C000706028,0.4554078821,AISKGConstrainedTransfer,full_document
36358848,C000718190,D002289,Positive_Correlation,C000718190,0.4554078821,AISKGConstrainedTransfer,full_document
36361524,1385,4137,Association,,0.5617144386,AISKGConstrainedTransfer,full_document
36361524,1385,C113580,Negative_Correlation,C113580,0.55308296,AISKGConstrainedTransfer,full_document
36361524,1385,D000077191,Negative_Correlation,D000077191,0.4106319408,AISKGConstrainedTransfer,full_document
36361524,1385,D019636,Association,1385,0.9254672265,AISKGConstrainedTransfer,full_document
36361524,1385,D020258,Association,1385,0.9078917809,AISKGConstrainedTransfer,full_document
36361524,207,C113580,Negative_Correlation,C113580,0.4969143326,AISKGConstrainedTransfer,full_document
36361524,207,D000077191,Negative_Correlation,D000077191,0.4992806069,AISKGConstrainedTransfer,full_document
36361524,207,D003374,Negative_Correlation,D003374,0.55308296,AISKGConstrainedTransfer,full_document
36361524,4137,4915,Association,,0.5617144386,AISKGConstrainedTransfer,full_document
36361524,4137,627,Association,,0.5708813474,AISKGConstrainedTransfer,full_document
36361524,4137,D000544,Association,4137,0.8208309757,AISKGConstrainedTransfer,full_document
36361524,4137,D003374,Negative_Correlation,D003374,0.4528888501,AISKGConstrainedTransfer,full_document
36361524,4137,D017382,Negative_Correlation,D017382,0.4031084776,AISKGConstrainedTransfer,full_document
36361524,4137,D024801,Association,4137,0.8657517977,AISKGConstrainedTransfer,full_document
36361524,4915,627,Association,,0.4657100685,AISKGConstrainedTransfer,full_document
36361524,4915,C113580,Negative_Correlation,C113580,0.4969143326,AISKGConstrainedTransfer,full_document
36361524,4915,D000077191,Negative_Correlation,D000077191,0.4992806069,AISKGConstrainedTransfer,full_document
36361524,4915,D000544,Association,4915,0.795227146,AISKGConstrainedTransfer,full_document
36361524,4915,D003374,Negative_Correlation,D003374,0.4056417285,AISKGConstrainedTransfer,full_document
36361524,4915,D019636,Association,4915,0.9254672265,AISKGConstrainedTransfer,full_document
36361524,4915,D020258,Association,4915,0.9148521491,AISKGConstrainedTransfer,full_document
36361524,4915,D024801,Association,4915,0.8231845134,AISKGConstrainedTransfer,full_document
36361524,5291,C113580,Negative_Correlation,C113580,0.5269459587,AISKGConstrainedTransfer,full_document
36361524,5291,D000077191,Negative_Correlation,D000077191,0.5313340896,AISKGConstrainedTransfer,full_document
36361524,5291,D003374,Negative_Correlation,D003374,0.55308296,AISKGConstrainedTransfer,full_document
36361524,5594,C113580,Negative_Correlation,C113580,0.4056990154,AISKGConstrainedTransfer,full_document
36361524,5594,D000077191,Negative_Correlation,D000077191,0.5677584785,AISKGConstrainedTransfer,full_document
36361524,5594,D003374,Negative_Correlation,D003374,0.5708956357,AISKGConstrainedTransfer,full_document
36361524,596,C113580,Negative_Correlation,C113580,0.5526449893,AISKGConstrainedTransfer,full_document
36361524,596,D000077191,Negative_Correlation,D000077191,0.5525253193,AISKGConstrainedTransfer,full_document
36361524,596,D003374,Negative_Correlation,D003374,0.5526449893,AISKGConstrainedTransfer,full_document
36361524,627,C113580,Negative_Correlation,C113580,0.6019292486,AISKGConstrainedTransfer,full_document
36361524,627,D000077191,Negative_Correlation,D000077191,0.4689924046,AISKGConstrainedTransfer,full_document
36361524,627,D019636,Association,627,0.9222957685,AISKGConstrainedTransfer,full_document
36361524,627,D020258,Association,627,0.9268909292,AISKGConstrainedTransfer,full_document
36361524,834,D003374,Negative_Correlation,D003374,0.4658494395,AISKGConstrainedTransfer,full_document
36361524,836,D003374,Negative_Correlation,D003374,0.4885488671,AISKGConstrainedTransfer,full_document
36361524,839,D003374,Negative_Correlation,D003374,0.4658494395,AISKGConstrainedTransfer,full_document
36361524,C113580,D000077191,Cotreatment,,0.5758357505,AISKGConstrainedTransfer,full_document
36361524,C113580,D003374,Negative_Correlation,D003374,0.4108453174,AISKGConstrainedTransfer,full_document
36361524,D000077191,D003374,Negative_Correlation,D003374,0.4240035067,AISKGConstrainedTransfer,full_document
36361524,D000544,D003374,Positive_Correlation,D000544,0.4071135207,AISKGConstrainedTransfer,full_document
36361524,D003374,D017382,Negative_Correlation,D017382,0.5130216086,AISKGConstrainedTransfer,full_document
36361582,118221147,118222338,Association,,0.5422212972,AISKGConstrainedTransfer,full_document
36361582,118221147,D000242,Positive_Correlation,D000242,0.4529861625,AISKGConstrainedTransfer,full_document
36361582,D000242,p|Allele|N|191,Association,p|Allele|N|191,0.6088988657,AISKGConstrainedTransfer,full_document
36361582,D000242,p|SUB|N|288|Q,Association,p|SUB|N|288|Q,0.7544909526,AISKGConstrainedTransfer,full_document
36361894,219333,581,Bind,219333,0.4810665574,AISKGConstrainedTransfer,full_document
36361894,581,596,Association,,0.7779875683,AISKGConstrainedTransfer,full_document
36362417,3458,C025451,Negative_Correlation,C025451,0.4995226023,AISKGConstrainedTransfer,full_document
36362417,3458,D000086382,Association,3458,0.8249997881,AISKGConstrainedTransfer,full_document
36362417,3458,D006862,Negative_Correlation,D006862,0.5157304786,AISKGConstrainedTransfer,full_document
36362417,3458,D013967,Association,3458,0.7805865637,AISKGConstrainedTransfer,full_document
36362417,59272,7113,Positive_Correlation,7113,0.5269056496,AISKGConstrainedTransfer,full_document
36362417,59272,7124,Positive_Correlation,7124,0.4570706376,AISKGConstrainedTransfer,full_document
36362417,59272,C025451,Negative_Correlation,C025451,0.5587082955,AISKGConstrainedTransfer,full_document
36362417,59272,D000086382,Association,59272,0.8657272185,AISKGConstrainedTransfer,full_document
36362417,59272,D006111,Association,59272,0.7341434111,AISKGConstrainedTransfer,full_document
36362417,59272,D006862,Negative_Correlation,D006862,0.3951822481,AISKGConstrainedTransfer,full_document
36362417,59272,D013967,Association,59272,0.8242627432,AISKGConstrainedTransfer,full_document
36362417,59272,D050031,Association,59272,0.7366718891,AISKGConstrainedTransfer,full_document
36362417,7113,8829,Positive_Correlation,8829,0.5269056496,AISKGConstrainedTransfer,full_document
36362417,7113,C025451,Negative_Correlation,C025451,0.5587082955,AISKGConstrainedTransfer,full_document
36362417,7113,D006111,Association,7113,0.7539177157,AISKGConstrainedTransfer,full_document
36362417,7113,D013967,Association,7113,0.7587114173,AISKGConstrainedTransfer,full_document
36362417,7113,D050031,Association,7113,0.7366718891,AISKGConstrainedTransfer,full_document
36362417,7124,8829,Positive_Correlation,8829,0.4826881443,AISKGConstrainedTransfer,full_document
36362417,7124,C025451,Negative_Correlation,C025451,0.5843886041,AISKGConstrainedTransfer,full_document
36362417,7124,D000086382,Association,7124,0.8432783156,AISKGConstrainedTransfer,full_document
36362417,7124,D006862,Negative_Correlation,D006862,0.4043641822,AISKGConstrainedTransfer,full_document
36362417,7124,D013967,Association,7124,0.7763884415,AISKGConstrainedTransfer,full_document
36362417,8829,C025451,Negative_Correlation,C025451,0.4978628712,AISKGConstrainedTransfer,full_document
36362417,8829,D000086382,Association,8829,0.8386185356,AISKGConstrainedTransfer,full_document
36362417,8829,D006111,Association,8829,0.7539177157,AISKGConstrainedTransfer,full_document
36362417,8829,D006862,Negative_Correlation,D006862,0.3951822481,AISKGConstrainedTransfer,full_document
36362417,8829,D013967,Association,8829,0.8242627432,AISKGConstrainedTransfer,full_document
36362417,8829,D050031,Association,8829,0.6730865079,AISKGConstrainedTransfer,full_document
36362417,D000086382,D006862,Positive_Correlation,D000086382,0.4622515971,AISKGConstrainedTransfer,full_document
36362461,335,D050197,Association,335,0.8868133584,AISKGConstrainedTransfer,full_document
36362461,79679,D003920,Association,79679,0.8698561345,AISKGConstrainedTransfer,full_document
36362461,79679,D003922,Association,79679,0.8376291265,AISKGConstrainedTransfer,full_document
36362461,79679,D011565,Association,79679,0.8540637779,AISKGConstrainedTransfer,full_document
36362461,79679,D050171,Association,79679,0.8302422683,AISKGConstrainedTransfer,full_document
36362461,79679,D050197,Association,79679,0.852650832,AISKGConstrainedTransfer,full_document
36362461,D003920,D008727,Positive_Correlation,D003920,0.6000435015,AISKGConstrainedTransfer,full_document
36362461,D003920,rs12025144,Positive_Correlation,,0.4947354141,AISKGConstrainedTransfer,full_document
36362461,D003920,rs2066398,Positive_Correlation,,0.4597977037,AISKGConstrainedTransfer,full_document
36362461,D008055,D050197,Positive_Correlation,D008055,0.5782276559,AISKGConstrainedTransfer,full_document
36362461,D008055,rs2066398,Association,rs2066398,0.5355835143,AISKGConstrainedTransfer,full_document
36362461,D008727,D011565,Positive_Correlation,D008727,0.4815440716,AISKGConstrainedTransfer,full_document
36362461,D008727,D050197,Positive_Correlation,D008727,0.4554359215,AISKGConstrainedTransfer,full_document
36362461,D008727,rs2066398,Association,rs2066398,0.6805549348,AISKGConstrainedTransfer,full_document
36362461,D011565,rs12025144,Positive_Correlation,,0.4703338121,AISKGConstrainedTransfer,full_document
36362461,D011565,rs2066398,Positive_Correlation,,0.4837777443,AISKGConstrainedTransfer,full_document
36362461,D050171,rs12025144,Positive_Correlation,,0.4727970848,AISKGConstrainedTransfer,full_document
36362461,D050171,rs2066398,Positive_Correlation,,0.4727970848,AISKGConstrainedTransfer,full_document
36362461,D050197,rs12025144,Positive_Correlation,,0.4123827714,AISKGConstrainedTransfer,full_document
36362461,D050197,rs2066398,Positive_Correlation,,0.5081920071,AISKGConstrainedTransfer,full_document
36362642,7018,D001523,Association,7018,0.9095894154,AISKGConstrainedTransfer,full_document
36362642,7018,D003072,Association,7018,0.8047173775,AISKGConstrainedTransfer,full_document
36362642,7018,D012559,Association,7018,0.7987014186,AISKGConstrainedTransfer,full_document
36362642,D001523,D007501,Positive_Correlation,D001523,0.429044099,AISKGConstrainedTransfer,full_document
36362642,D001523,rs3811655,Association,,0.5364895087,AISKGConstrainedTransfer,full_document
36362642,D003072,D007501,Positive_Correlation,D003072,0.4928270495,AISKGConstrainedTransfer,full_document
36362642,D003072,rs3811655,Positive_Correlation,,0.5198262701,AISKGConstrainedTransfer,full_document
36362642,D007501,rs3811655,Association,rs3811655,0.6864859388,AISKGConstrainedTransfer,full_document
36362642,D012559,rs3811655,Association,,0.4747117879,AISKGConstrainedTransfer,full_document
36364874,120227,7421,Association,,0.5170423204,AISKGConstrainedTransfer,full_document
36364874,120227,D003920,Association,120227,0.8718769654,AISKGConstrainedTransfer,full_document
36364874,120227,D006943,Association,120227,0.8538211913,AISKGConstrainedTransfer,full_document
36364874,120227,D006973,Association,120227,0.8286570466,AISKGConstrainedTransfer,full_document
36364874,120227,D009765,Association,120227,0.8380007042,AISKGConstrainedTransfer,full_document
36364874,120227,D024821,Association,120227,0.8120324969,AISKGConstrainedTransfer,full_document
36364874,120227,D050177,Association,120227,0.8284636426,AISKGConstrainedTransfer,full_document
36364874,7421,D003920,Association,7421,0.8718769654,AISKGConstrainedTransfer,full_document
36364874,7421,D006973,Association,7421,0.8121736048,AISKGConstrainedTransfer,full_document
36364874,7421,D009765,Association,7421,0.8380007042,AISKGConstrainedTransfer,full_document
36364874,7421,D024821,Association,7421,0.8474301906,AISKGConstrainedTransfer,full_document
36364874,7421,D050177,Association,7421,0.8284636426,AISKGConstrainedTransfer,full_document
36364874,D003920,rs10741657,Positive_Correlation,,0.5900074004,AISKGConstrainedTransfer,full_document
36364874,D003920,rs12794714,Positive_Correlation,,0.5900074004,AISKGConstrainedTransfer,full_document
36364874,D003920,rs7975232,Positive_Correlation,,0.6204268111,AISKGConstrainedTransfer,full_document
36364874,D006943,rs10741657,Positive_Correlation,,0.5286736102,AISKGConstrainedTransfer,full_document
36364874,D006943,rs12794714,Positive_Correlation,,0.5286736102,AISKGConstrainedTransfer,full_document
36364874,D006943,rs2060793,Positive_Correlation,,0.4834982861,AISKGConstrainedTransfer,full_document
36364874,D006973,rs10741657,Positive_Correlation,,0.6031744033,AISKGConstrainedTransfer,full_document
36364874,D006973,rs12794714,Positive_Correlation,,0.6031744033,AISKGConstrainedTransfer,full_document
36364874,D006973,rs2060793,Positive_Correlation,,0.4613251714,AISKGConstrainedTransfer,full_document
36364874,D006973,rs7975232,Positive_Correlation,,0.6233749427,AISKGConstrainedTransfer,full_document
36364874,D009765,rs10741657,Positive_Correlation,,0.5490132052,AISKGConstrainedTransfer,full_document
36364874,D009765,rs12794714,Positive_Correlation,,0.5113539646,AISKGConstrainedTransfer,full_document
36364874,D009765,rs7975232,Positive_Correlation,,0.5490132052,AISKGConstrainedTransfer,full_document
36364874,D024821,rs10741657,Positive_Correlation,,0.5700909062,AISKGConstrainedTransfer,full_document
36364874,D024821,rs12794714,Positive_Correlation,,0.5609006996,AISKGConstrainedTransfer,full_document
36364874,D024821,rs7975232,Positive_Correlation,,0.5961382865,AISKGConstrainedTransfer,full_document
36364874,D050177,rs10741657,Positive_Correlation,,0.5609006996,AISKGConstrainedTransfer,full_document
36364874,D050177,rs12794714,Positive_Correlation,,0.5609006996,AISKGConstrainedTransfer,full_document
36364874,D050177,rs7975232,Positive_Correlation,,0.5609006996,AISKGConstrainedTransfer,full_document
36364930,120227,1591,Association,,0.7011986779,AISKGConstrainedTransfer,full_document
36364930,120227,1594,Association,,0.7011986779,AISKGConstrainedTransfer,full_document
36364930,120227,2638,Association,,0.5305930526,AISKGConstrainedTransfer,full_document
36364930,120227,7421,Association,,0.7011986779,AISKGConstrainedTransfer,full_document
36364930,1591,1594,Association,,0.6588373063,AISKGConstrainedTransfer,full_document
36364930,1591,2638,Association,,0.5305930526,AISKGConstrainedTransfer,full_document
36364930,1591,7421,Association,,0.5305930526,AISKGConstrainedTransfer,full_document
36364930,1594,2638,Association,,0.7011986779,AISKGConstrainedTransfer,full_document
36364930,1594,7421,Association,,0.6588373063,AISKGConstrainedTransfer,full_document
36364930,2638,7421,Association,,0.7011986779,AISKGConstrainedTransfer,full_document
36364930,7421,D002289,Association,7421,0.8105810122,AISKGConstrainedTransfer,full_document
36364930,7421,D009369,Association,7421,0.8315939667,AISKGConstrainedTransfer,full_document
36364930,D002289,D014807,Negative_Correlation,D002289,0.4056157516,AISKGConstrainedTransfer,full_document
36364930,D002289,rs10877012,Positive_Correlation,,0.6309250245,AISKGConstrainedTransfer,full_document
36364930,D002289,rs1544410,Association,,0.4311394889,AISKGConstrainedTransfer,full_document
36364930,D002289,rs3782130,Positive_Correlation,,0.6309250245,AISKGConstrainedTransfer,full_document
36364930,D002289,rs4646536,Positive_Correlation,,0.6577585639,AISKGConstrainedTransfer,full_document
36364930,D002289,rs703842,Positive_Correlation,,0.6309250245,AISKGConstrainedTransfer,full_document
36364930,D002289,rs731236,Positive_Correlation,,0.6577585639,AISKGConstrainedTransfer,full_document
36364930,D002289,rs7975232,Positive_Correlation,,0.6577585639,AISKGConstrainedTransfer,full_document
36364930,D009369,rs1544410,Association,,0.4492634318,AISKGConstrainedTransfer,full_document
36366419,1494475,D014777,Association,1494475,0.8388064585,AISKGConstrainedTransfer,full_document
36366419,1494475,D060085,Association,1494475,0.8388064585,AISKGConstrainedTransfer,full_document
36366419,D000069455,p|SUB|S|275|F,Association,p|SUB|S|275|F,0.68292751,AISKGConstrainedTransfer,full_document
36384536,23132,D008175,Association,23132,0.8925918791,AISKGConstrainedTransfer,full_document
36384536,2965,D002294,Association,2965,0.7191394374,AISKGConstrainedTransfer,full_document
36384536,2965,D008175,Association,2965,0.7382656317,AISKGConstrainedTransfer,full_document
36384536,D002294,rs3802967,Positive_Correlation,,0.6049122703,AISKGConstrainedTransfer,full_document
36384536,D002294,rs9864693,Positive_Correlation,,0.4556875611,AISKGConstrainedTransfer,full_document
36384536,D008175,rs11720298,Positive_Correlation,,0.4204669375,AISKGConstrainedTransfer,full_document
36384536,D008175,rs3802967,Positive_Correlation,,0.6049122703,AISKGConstrainedTransfer,full_document
36384536,D008175,rs4150667,Positive_Correlation,,0.57237591,AISKGConstrainedTransfer,full_document
36384536,D008175,rs4687592,Positive_Correlation,,0.5802640141,AISKGConstrainedTransfer,full_document
36384536,D008175,rs9864693,Positive_Correlation,,0.5029964732,AISKGConstrainedTransfer,full_document
36385756,57680,D000067877,Association,57680,0.802385055,AISKGConstrainedTransfer,full_document
36385756,67772,D000067877,Association,67772,0.8078889729,AISKGConstrainedTransfer,full_document
36385756,67772,D001007,Association,67772,0.8731178299,AISKGConstrainedTransfer,full_document
36385756,67772,D001321,Association,67772,0.8878519696,AISKGConstrainedTransfer,full_document
36385756,67772,D001523,Association,67772,0.7423106867,AISKGConstrainedTransfer,full_document
36385756,D000067877,p|SUB|N|2373|K,Positive_Correlation,,0.4846270499,AISKGConstrainedTransfer,full_document
36385756,D000067877,rs1331026006,Positive_Correlation,,0.581699983,AISKGConstrainedTransfer,full_document
36385756,D001007,rs1331026006,Positive_Correlation,,0.5721585664,AISKGConstrainedTransfer,full_document
36385756,D001321,rs1331026006,Positive_Correlation,,0.6067960415,AISKGConstrainedTransfer,full_document
36385756,D001523,p|SUB|N|2373|K,Positive_Correlation,,0.6437457901,AISKGConstrainedTransfer,full_document
36386806,1991,C536227,Association,1991,0.8941579502,AISKGConstrainedTransfer,full_document
36386806,1991,D009503,Association,1991,0.8832737092,AISKGConstrainedTransfer,full_document
36386806,C536227,c|SUB|T|180|G,Positive_Correlation,,0.5637815544,AISKGConstrainedTransfer,full_document
36386806,C536227,p|SUB|I|60|M,Positive_Correlation,,0.59348912,AISKGConstrainedTransfer,full_document
36386806,C536227,rs137854447,Positive_Correlation,,0.6584428499,AISKGConstrainedTransfer,full_document
36386806,D009503,D009842,Positive_Correlation,D009503,0.4339489551,AISKGConstrainedTransfer,full_document
36387492,462,5627,Association,,0.5155334051,AISKGConstrainedTransfer,full_document
36387492,5327,D000086382,Association,5327,0.8050424985,AISKGConstrainedTransfer,full_document
36387492,6401,6403,Association,,0.4683977823,AISKGConstrainedTransfer,full_document
36387492,6401,D000086382,Association,6401,0.910965952,AISKGConstrainedTransfer,full_document
36387492,6403,D000086382,Association,6403,0.910965952,AISKGConstrainedTransfer,full_document
36387492,7035,D000086382,Association,7035,0.7984191227,AISKGConstrainedTransfer,full_document
36387492,D000086382,rs2020921,Positive_Correlation,,0.4270128599,AISKGConstrainedTransfer,full_document
36387492,D000086382,rs5361,Positive_Correlation,,0.5146643984,AISKGConstrainedTransfer,full_document
36387492,D000086382,rs6133,Positive_Correlation,,0.5146643984,AISKGConstrainedTransfer,full_document
36387492,D000086382,rs8176592,Positive_Correlation,,0.4270128599,AISKGConstrainedTransfer,full_document
36388127,C000605992,D002312,Positive_Correlation,C000605992,0.6198234251,AISKGConstrainedTransfer,full_document
36388127,C000605992,p|SUB|R|403|Q,Association,p|SUB|R|403|Q,0.4149624281,AISKGConstrainedTransfer,full_document
36388127,C472645,D002118,Negative_Correlation,D002118,0.3913088112,AISKGConstrainedTransfer,full_document
36388127,C472645,D002312,Positive_Correlation,C472645,0.6198234251,AISKGConstrainedTransfer,full_document
36388127,C472645,p|SUB|R|403|Q,Association,p|SUB|R|403|Q,0.4149624281,AISKGConstrainedTransfer,full_document
36388127,C547293,D002118,Negative_Correlation,D002118,0.4124300599,AISKGConstrainedTransfer,full_document
36388127,C547293,D002312,Positive_Correlation,C547293,0.6220197411,AISKGConstrainedTransfer,full_document
36388127,C547293,p|SUB|R|403|Q,Association,p|SUB|R|403|Q,0.4160808843,AISKGConstrainedTransfer,full_document
36388127,D002118,D002312,Positive_Correlation,D002118,0.5391041572,AISKGConstrainedTransfer,full_document
36388127,D002118,p|SUB|R|403|Q,Association,p|SUB|R|403|Q,0.616731191,AISKGConstrainedTransfer,full_document
36388127,D002312,p|SUB|R|403|Q,Positive_Correlation,,0.6784937426,AISKGConstrainedTransfer,full_document
36388945,3383,3458,Association,,0.4348295555,AISKGConstrainedTransfer,full_document
36388945,3383,3553,Association,,0.5821214232,AISKGConstrainedTransfer,full_document
36388945,3383,3558,Association,,0.4238404444,AISKGConstrainedTransfer,full_document
36388945,3383,3565,Association,,0.4275320133,AISKGConstrainedTransfer,full_document
36388945,3383,3569,Association,,0.5501174637,AISKGConstrainedTransfer,full_document
36388945,3383,3576,Association,,0.4238404444,AISKGConstrainedTransfer,full_document
36388945,3383,3586,Association,,0.4275392832,AISKGConstrainedTransfer,full_document
36388945,3383,6347,Association,,0.4054086611,AISKGConstrainedTransfer,full_document
36388945,3383,7124,Association,,0.5761150371,AISKGConstrainedTransfer,full_document
36388945,3458,3553,Association,,0.5941947803,AISKGConstrainedTransfer,full_document
36388945,3458,3558,Association,,0.4361640847,AISKGConstrainedTransfer,full_document
36388945,3458,3565,Association,,0.4388349064,AISKGConstrainedTransfer,full_document
36388945,3458,3569,Association,,0.5628076015,AISKGConstrainedTransfer,full_document
36388945,3458,3576,Association,,0.6002890217,AISKGConstrainedTransfer,full_document
36388945,3458,3586,Association,,0.4396762362,AISKGConstrainedTransfer,full_document
36388945,3458,6347,Association,,0.4166205474,AISKGConstrainedTransfer,full_document
36388945,3458,7124,Association,,0.5886887122,AISKGConstrainedTransfer,full_document
36388945,3553,3558,Association,,0.4150660418,AISKGConstrainedTransfer,full_document
36388945,3553,3565,Association,,0.4194216242,AISKGConstrainedTransfer,full_document
36388945,3553,3576,Association,,0.4150660418,AISKGConstrainedTransfer,full_document
36388945,3553,3586,Association,,0.5829380751,AISKGConstrainedTransfer,full_document
36388945,3553,6347,Association,,0.3968530172,AISKGConstrainedTransfer,full_document
36388945,3553,7124,Association,,0.4081173761,AISKGConstrainedTransfer,full_document
36388945,3553,C023717,Negative_Correlation,C023717,0.4561610749,AISKGConstrainedTransfer,full_document
36388945,3553,D000086382,Association,3553,0.8416358257,AISKGConstrainedTransfer,full_document
36388945,3553,D004365,Association,D004365,0.3928440125,AISKGConstrainedTransfer,full_document
36388945,3553,D005419,Association,D005419,0.3928440125,AISKGConstrainedTransfer,full_document
36388945,3553,D007249,Association,3553,0.8466554851,AISKGConstrainedTransfer,full_document
36388945,3553,D011794,Association,D011794,0.3928440125,AISKGConstrainedTransfer,full_document
36388945,3553,D047311,Association,D047311,0.3928440125,AISKGConstrainedTransfer,full_document
36388945,3558,3565,Association,,0.4189549802,AISKGConstrainedTransfer,full_document
36388945,3558,3569,Association,,0.5478703825,AISKGConstrainedTransfer,full_document
36388945,3558,3576,Association,,0.4142412172,AISKGConstrainedTransfer,full_document
36388945,3558,3586,Association,,0.58232716,AISKGConstrainedTransfer,full_document
36388945,3558,6347,Association,,0.3959281089,AISKGConstrainedTransfer,full_document
36388945,3558,7124,Association,,0.5749868899,AISKGConstrainedTransfer,full_document
36388945,3565,3569,Association,,0.5481199483,AISKGConstrainedTransfer,full_document
36388945,3565,3576,Association,,0.4203561944,AISKGConstrainedTransfer,full_document
36388945,3565,3586,Association,,0.4243111931,AISKGConstrainedTransfer,full_document
36388945,3565,6347,Association,,0.4021856692,AISKGConstrainedTransfer,full_document
36388945,3565,7124,Association,,0.5740592592,AISKGConstrainedTransfer,full_document
36388945,3569,3586,Association,,0.54622886,AISKGConstrainedTransfer,full_document
36388945,3569,C023717,Negative_Correlation,C023717,0.47619683,AISKGConstrainedTransfer,full_document
36388945,3569,D000086382,Association,3569,0.8384687775,AISKGConstrainedTransfer,full_document
36388945,3569,D007249,Association,3569,0.8429140461,AISKGConstrainedTransfer,full_document
36388945,3576,3586,Association,,0.58232716,AISKGConstrainedTransfer,full_document
36388945,3576,6347,Association,,0.3959281089,AISKGConstrainedTransfer,full_document
36388945,3576,7124,Association,,0.406979043,AISKGConstrainedTransfer,full_document
36388945,3576,C023717,Association,C023717,0.3902106282,AISKGConstrainedTransfer,full_document
36388945,3576,D000086382,Association,3576,0.842628616,AISKGConstrainedTransfer,full_document
36388945,3576,D004365,Association,D004365,0.3902106282,AISKGConstrainedTransfer,full_document
36388945,3576,D005419,Association,D005419,0.3902106282,AISKGConstrainedTransfer,full_document
36388945,3576,D007249,Association,3576,0.8475224466,AISKGConstrainedTransfer,full_document
36388945,3576,D011794,Association,D011794,0.3902106282,AISKGConstrainedTransfer,full_document
36388945,3576,D047311,Association,D047311,0.3902106282,AISKGConstrainedTransfer,full_document
36388945,3586,6347,Association,,0.5694224221,AISKGConstrainedTransfer,full_document
36388945,3586,7124,Association,,0.57689512,AISKGConstrainedTransfer,full_document
36388945,3605,7097,Association,,0.5879940062,AISKGConstrainedTransfer,full_document
36388945,3605,D000086382,Association,3605,0.9219386398,AISKGConstrainedTransfer,full_document
36388945,3605,D018352,Association,3605,0.9219386398,AISKGConstrainedTransfer,full_document
36388945,43740568,59272,Association,,0.4280781414,AISKGConstrainedTransfer,full_document
36388945,43740568,C023717,Negative_Correlation,C023717,0.4675092783,AISKGConstrainedTransfer,full_document
36388945,43740568,D000086382,Association,43740568,0.9167958479,AISKGConstrainedTransfer,full_document
36388945,43740568,D004365,Association,D004365,0.4183359008,AISKGConstrainedTransfer,full_document
36388945,43740568,D005419,Association,D005419,0.4183359008,AISKGConstrainedTransfer,full_document
36388945,43740568,D007249,Association,43740568,0.8615108798,AISKGConstrainedTransfer,full_document
36388945,43740568,D011794,Negative_Correlation,D011794,0.4675092783,AISKGConstrainedTransfer,full_document
36388945,43740568,D047311,Negative_Correlation,D047311,0.4675092783,AISKGConstrainedTransfer,full_document
36388945,43740578,C023717,Negative_Correlation,C023717,0.4599626453,AISKGConstrainedTransfer,full_document
36388945,43740578,D000086382,Association,43740578,0.8959791494,AISKGConstrainedTransfer,full_document
36388945,43740578,D004365,Association,D004365,0.3902106282,AISKGConstrainedTransfer,full_document
36388945,43740578,D005419,Negative_Correlation,D005419,0.4599626453,AISKGConstrainedTransfer,full_document
36388945,43740578,D007249,Association,43740578,0.8475224466,AISKGConstrainedTransfer,full_document
36388945,43740578,D011794,Negative_Correlation,D011794,0.4599626453,AISKGConstrainedTransfer,full_document
36388945,43740578,D047311,Negative_Correlation,D047311,0.4599626453,AISKGConstrainedTransfer,full_document
36388945,59272,C023717,Negative_Correlation,C023717,0.4599626453,AISKGConstrainedTransfer,full_document
36388945,59272,D000086382,Association,59272,0.9080777258,AISKGConstrainedTransfer,full_document
36388945,59272,D004365,Association,D004365,0.3902106282,AISKGConstrainedTransfer,full_document
36388945,59272,D005419,Negative_Correlation,D005419,0.4599626453,AISKGConstrainedTransfer,full_document
36388945,59272,D007249,Association,59272,0.8475224466,AISKGConstrainedTransfer,full_document
36388945,59272,D011794,Negative_Correlation,D011794,0.4599626453,AISKGConstrainedTransfer,full_document
36388945,59272,D047311,Negative_Correlation,D047311,0.4599626453,AISKGConstrainedTransfer,full_document
36388945,7097,D000086382,Association,7097,0.9315647643,AISKGConstrainedTransfer,full_document
36388945,7097,D018352,Association,7097,0.9315647643,AISKGConstrainedTransfer,full_document
36388945,7124,C023717,Negative_Correlation,C023717,0.4576858403,AISKGConstrainedTransfer,full_document
36388945,7124,D000086382,Association,7124,0.8364788188,AISKGConstrainedTransfer,full_document
36388945,7124,D007249,Association,7124,0.8416042422,AISKGConstrainedTransfer,full_document
36388945,C005273,C006552,Negative_Correlation,C006552,0.6477120449,AISKGConstrainedTransfer,full_document
36388945,C005273,C006680,Negative_Correlation,C006680,0.6477120449,AISKGConstrainedTransfer,full_document
36388945,C005273,C023717,Negative_Correlation,C023717,0.693507861,AISKGConstrainedTransfer,full_document
36388945,C005273,C031327,Negative_Correlation,C031327,0.6477120449,AISKGConstrainedTransfer,full_document
36388945,C005273,C518327,Negative_Correlation,C518327,0.6477120449,AISKGConstrainedTransfer,full_document
36388945,C005273,D000086382,Negative_Correlation,C005273,0.6729499655,AISKGConstrainedTransfer,full_document
36388945,C005273,D004365,Negative_Correlation,D004365,0.693507861,AISKGConstrainedTransfer,full_document
36388945,C005273,D011794,Negative_Correlation,D011794,0.693507861,AISKGConstrainedTransfer,full_document
36388945,C005273,D047311,Negative_Correlation,D047311,0.693507861,AISKGConstrainedTransfer,full_document
36388945,C006552,C006680,Negative_Correlation,C006680,0.6477120449,AISKGConstrainedTransfer,full_document
36388945,C006552,C023717,Negative_Correlation,C023717,0.6477120449,AISKGConstrainedTransfer,full_document
36388945,C006552,C031327,Negative_Correlation,C031327,0.693507861,AISKGConstrainedTransfer,full_document
36388945,C006552,C518327,Negative_Correlation,C518327,0.693507861,AISKGConstrainedTransfer,full_document
36388945,C006552,D000086382,Negative_Correlation,C006552,0.6729499655,AISKGConstrainedTransfer,full_document
36388945,C006552,D004365,Negative_Correlation,D004365,0.693507861,AISKGConstrainedTransfer,full_document
36388945,C006552,D011794,Negative_Correlation,D011794,0.693507861,AISKGConstrainedTransfer,full_document
36388945,C006552,D047311,Negative_Correlation,D047311,0.6477120449,AISKGConstrainedTransfer,full_document
36388945,C006680,C023717,Negative_Correlation,C023717,0.6477120449,AISKGConstrainedTransfer,full_document
36388945,C006680,C031327,Negative_Correlation,C031327,0.6477120449,AISKGConstrainedTransfer,full_document
36388945,C006680,C518327,Negative_Correlation,C518327,0.693507861,AISKGConstrainedTransfer,full_document
36388945,C006680,D000086382,Negative_Correlation,C006680,0.6729499655,AISKGConstrainedTransfer,full_document
36388945,C006680,D004365,Negative_Correlation,D004365,0.693507861,AISKGConstrainedTransfer,full_document
36388945,C006680,D011794,Negative_Correlation,D011794,0.693507861,AISKGConstrainedTransfer,full_document
36388945,C006680,D047311,Negative_Correlation,D047311,0.693507861,AISKGConstrainedTransfer,full_document
36388945,C023717,C031327,Negative_Correlation,C031327,0.693507861,AISKGConstrainedTransfer,full_document
36388945,C023717,C518327,Negative_Correlation,C518327,0.693507861,AISKGConstrainedTransfer,full_document
36388945,C023717,D000086382,Negative_Correlation,C023717,0.4946275506,AISKGConstrainedTransfer,full_document
36388945,C023717,D004365,Negative_Correlation,D004365,0.693507861,AISKGConstrainedTransfer,full_document
36388945,C023717,D005419,Negative_Correlation,D005419,0.4087309228,AISKGConstrainedTransfer,full_document
36388945,C023717,D007249,Negative_Correlation,C023717,0.4408533818,AISKGConstrainedTransfer,full_document
36388945,C023717,D011794,Negative_Correlation,D011794,0.6477120449,AISKGConstrainedTransfer,full_document
36388945,C023717,D047311,Negative_Correlation,D047311,0.6477120449,AISKGConstrainedTransfer,full_document
36388945,C031327,C518327,Negative_Correlation,C518327,0.6477120449,AISKGConstrainedTransfer,full_document
36388945,C031327,D000086382,Negative_Correlation,C031327,0.652374343,AISKGConstrainedTransfer,full_document
36388945,C031327,D004365,Negative_Correlation,D004365,0.6617691851,AISKGConstrainedTransfer,full_document
36388945,C031327,D011794,Negative_Correlation,D011794,0.693507861,AISKGConstrainedTransfer,full_document
36388945,C031327,D047311,Negative_Correlation,D047311,0.693507861,AISKGConstrainedTransfer,full_document
36388945,C518327,D000086382,Negative_Correlation,C518327,0.652374343,AISKGConstrainedTransfer,full_document
36388945,C518327,D004365,Negative_Correlation,D004365,0.6617691851,AISKGConstrainedTransfer,full_document
36388945,C518327,D011794,Negative_Correlation,D011794,0.693507861,AISKGConstrainedTransfer,full_document
36388945,C518327,D047311,Negative_Correlation,D047311,0.693507861,AISKGConstrainedTransfer,full_document
36388945,D000086382,D004365,Negative_Correlation,D000086382,0.4423522792,AISKGConstrainedTransfer,full_document
36388945,D000086382,D005419,Negative_Correlation,D000086382,0.4576177398,AISKGConstrainedTransfer,full_document
36388945,D000086382,D011794,Negative_Correlation,D000086382,0.4423522792,AISKGConstrainedTransfer,full_document
36388945,D000086382,D047311,Negative_Correlation,D000086382,0.4423522792,AISKGConstrainedTransfer,full_document
36388945,D004365,D005419,Negative_Correlation,D005419,0.4087309228,AISKGConstrainedTransfer,full_document
36388945,D004365,D011794,Negative_Correlation,D011794,0.693507861,AISKGConstrainedTransfer,full_document
36388945,D004365,D047311,Negative_Correlation,D047311,0.693507861,AISKGConstrainedTransfer,full_document
36388945,D005419,D007249,Negative_Correlation,D005419,0.4408533818,AISKGConstrainedTransfer,full_document
36388945,D005419,D011794,Negative_Correlation,D011794,0.3988322675,AISKGConstrainedTransfer,full_document
36388945,D005419,D047311,Negative_Correlation,D047311,0.3988322675,AISKGConstrainedTransfer,full_document
36388945,D011794,D047311,Negative_Correlation,D047311,0.6477120449,AISKGConstrainedTransfer,full_document
36389080,3458,D003704,Association,3458,0.8155064861,AISKGConstrainedTransfer,full_document
36389080,3552,D003704,Association,3552,0.8155064861,AISKGConstrainedTransfer,full_document
36389080,3569,D003704,Association,3569,0.8155064861,AISKGConstrainedTransfer,full_document
36389080,7124,D003704,Association,7124,0.8155064861,AISKGConstrainedTransfer,full_document
36397318,185,D011225,Association,185,0.8541918342,AISKGConstrainedTransfer,full_document
36397318,186,D011225,Association,186,0.8371045943,AISKGConstrainedTransfer,full_document
36397318,D011225,c|SUB|A|-1166|C,Positive_Correlation,,0.5068582163,AISKGConstrainedTransfer,full_document
36397318,D011225,c|SUB|A|-1675|G,Positive_Correlation,,0.6913267068,AISKGConstrainedTransfer,full_document
36397853,1301,OMIM:228520,Association,1301,0.8761326158,AISKGConstrainedTransfer,full_document
36397853,OMIM:228520,c|SUB|G|3440|A,Positive_Correlation,,0.5195764768,AISKGConstrainedTransfer,full_document
36397853,OMIM:228520,c|SUB|G|45|A,Positive_Correlation,,0.4746225838,AISKGConstrainedTransfer,full_document
36397853,OMIM:228520,p|SUB|G|1147|E,Positive_Correlation,,0.4744993836,AISKGConstrainedTransfer,full_document
36399957,14528,18126,Positive_Correlation,18126,0.553925244,AISKGConstrainedTransfer,full_document
36399957,14528,C001803,Negative_Correlation,C001803,0.5045217845,AISKGConstrainedTransfer,full_document
36399957,14528,C003402,Positive_Correlation,C003402,0.4459542157,AISKGConstrainedTransfer,full_document
36399957,14528,C007957,Negative_Correlation,C007957,0.4799740214,AISKGConstrainedTransfer,full_document
36399957,14528,C016727,Negative_Correlation,C016727,0.4987094795,AISKGConstrainedTransfer,full_document
36399957,14528,C090663,Positive_Correlation,C090663,0.3972499908,AISKGConstrainedTransfer,full_document
36399957,14528,D000111,Positive_Correlation,D000111,0.4459542157,AISKGConstrainedTransfer,full_document
36399957,14528,D002561,Association,14528,0.9186836794,AISKGConstrainedTransfer,full_document
36399957,14528,D003072,Association,14528,0.8396151822,AISKGConstrainedTransfer,full_document
36399957,14528,D003545,Negative_Correlation,D003545,0.517032233,AISKGConstrainedTransfer,full_document
36399957,14528,D009569,Negative_Correlation,D009569,0.4335080024,AISKGConstrainedTransfer,full_document
36399957,14528,D020138,Association,14528,0.8516227874,AISKGConstrainedTransfer,full_document
36399957,18126,2643,Positive_Correlation,2643,0.5923436445,AISKGConstrainedTransfer,full_document
36399957,18126,C001803,Negative_Correlation,C001803,0.4602145648,AISKGConstrainedTransfer,full_document
36399957,18126,C003402,Positive_Correlation,C003402,0.4156238384,AISKGConstrainedTransfer,full_document
36399957,18126,C007957,Negative_Correlation,C007957,0.406991281,AISKGConstrainedTransfer,full_document
36399957,18126,C016727,Negative_Correlation,C016727,0.4543768533,AISKGConstrainedTransfer,full_document
36399957,18126,C090663,Positive_Correlation,C090663,0.4144533724,AISKGConstrainedTransfer,full_document
36399957,18126,D000111,Positive_Correlation,D000111,0.4156238384,AISKGConstrainedTransfer,full_document
36399957,18126,D003072,Association,18126,0.7889918611,AISKGConstrainedTransfer,full_document
36399957,2643,C007957,Positive_Correlation,C007957,0.5226979357,AISKGConstrainedTransfer,full_document
36399957,2643,D003072,Association,2643,0.7445940583,AISKGConstrainedTransfer,full_document
36399957,2643,D020138,Association,2643,0.9196119745,AISKGConstrainedTransfer,full_document
36399957,C001803,C007957,Negative_Correlation,C007957,0.5199963415,AISKGConstrainedTransfer,full_document
36399957,C001803,C016727,Negative_Correlation,C016727,0.4036585277,AISKGConstrainedTransfer,full_document
36399957,C001803,D000111,Negative_Correlation,D000111,0.5273455606,AISKGConstrainedTransfer,full_document
36399957,C007957,C016727,Negative_Correlation,C016727,0.4949640453,AISKGConstrainedTransfer,full_document
36399957,C007957,D003072,Positive_Correlation,C007957,0.577815557,AISKGConstrainedTransfer,full_document
36399957,D003072,D003545,Positive_Correlation,D003072,0.4672309686,AISKGConstrainedTransfer,full_document
36399957,D003545,D020138,Negative_Correlation,D003545,0.4758247364,AISKGConstrainedTransfer,full_document
36401380,3767,6833,Association,,0.7041985529,AISKGConstrainedTransfer,full_document
36401380,3767,D003924,Association,3767,0.9168342006,AISKGConstrainedTransfer,full_document
36401380,6833,D003924,Association,6833,0.9239639897,AISKGConstrainedTransfer,full_document
36401380,D003924,rs1799859,Positive_Correlation,,0.5487250449,AISKGConstrainedTransfer,full_document
36401380,D003924,rs2285676,Positive_Correlation,,0.5487250449,AISKGConstrainedTransfer,full_document
36401380,D003924,rs5219,Positive_Correlation,,0.5487250449,AISKGConstrainedTransfer,full_document
36401380,D003924,rs757110,Positive_Correlation,,0.6339518722,AISKGConstrainedTransfer,full_document
36404555,4567,C536246,Association,4567,0.8594470719,AISKGConstrainedTransfer,full_document
36404555,4567,D005923,Association,4567,0.8493677898,AISKGConstrainedTransfer,full_document
36404555,4567,D007674,Association,4567,0.8738325522,AISKGConstrainedTransfer,full_document
36404555,4567,D009135,Association,4567,0.8732953356,AISKGConstrainedTransfer,full_document
36404555,4567,D009202,Association,4567,0.8697796802,AISKGConstrainedTransfer,full_document
36404555,4567,D011507,Association,4567,0.8738325522,AISKGConstrainedTransfer,full_document
36404555,4567,D017237,Association,4567,0.8832921637,AISKGConstrainedTransfer,full_document
36404555,4567,D017241,Association,4567,0.8696212192,AISKGConstrainedTransfer,full_document
36404555,4567,D028361,Association,4567,0.8994339495,AISKGConstrainedTransfer,full_document
36404555,C536246,m|SUB|A|3243|G,Positive_Correlation,,0.5822256514,AISKGConstrainedTransfer,full_document
36404555,C536404,m|DEL|3274_3275|AC,Positive_Correlation,,0.3940186177,AISKGConstrainedTransfer,full_document
36404555,D005923,m|SUB|A|3243|G,Positive_Correlation,,0.4549387929,AISKGConstrainedTransfer,full_document
36404555,D007674,m|DEL|3274_3275|AC,Positive_Correlation,,0.4917238352,AISKGConstrainedTransfer,full_document
36404555,D009135,m|SUB|A|3243|G,Positive_Correlation,,0.5952182759,AISKGConstrainedTransfer,full_document
36404555,D009202,m|SUB|A|3243|G,Positive_Correlation,,0.5369454699,AISKGConstrainedTransfer,full_document
36404555,D011507,m|DEL|3274_3275|AC,Positive_Correlation,,0.4917238352,AISKGConstrainedTransfer,full_document
36404555,D017237,m|DEL|3274_3275|AC,Positive_Correlation,,0.4900473725,AISKGConstrainedTransfer,full_document
36404555,D017241,m|SUB|A|3243|G,Positive_Correlation,,0.5340207546,AISKGConstrainedTransfer,full_document
36404555,D028361,m|DEL|3274_3275|AC,Association,,0.4692144307,AISKGConstrainedTransfer,full_document
36406976,16193,C532038,Negative_Correlation,C532038,0.412569118,AISKGConstrainedTransfer,full_document
36406976,18033,20296,Positive_Correlation,20296,0.3949199847,AISKGConstrainedTransfer,full_document
36406976,18033,C532038,Negative_Correlation,C532038,0.4217417764,AISKGConstrainedTransfer,full_document
36406976,207,3572,Association,,0.4373049945,AISKGConstrainedTransfer,full_document
36406976,207,3717,Association,,0.4104908512,AISKGConstrainedTransfer,full_document
36406976,207,6774,Association,,0.4293902069,AISKGConstrainedTransfer,full_document
36406976,21926,D000080424,Association,21926,0.8465315607,AISKGConstrainedTransfer,full_document
36406976,21926,D003643,Association,21926,0.8086141625,AISKGConstrainedTransfer,full_document
36406976,3383,C532038,Negative_Correlation,C532038,0.4683906172,AISKGConstrainedTransfer,full_document
36406976,3569,D000080424,Association,3569,0.8567109866,AISKGConstrainedTransfer,full_document
36406976,3569,D000086382,Association,3569,0.860824479,AISKGConstrainedTransfer,full_document
36406976,3570,3717,Association,,0.4683662768,AISKGConstrainedTransfer,full_document
36406976,3570,6774,Association,,0.4896774971,AISKGConstrainedTransfer,full_document
36406976,3570,C532038,Negative_Correlation,C532038,0.4683906172,AISKGConstrainedTransfer,full_document
36406976,3572,3717,Association,,0.4314229242,AISKGConstrainedTransfer,full_document
36406976,3572,6774,Association,,0.4514557973,AISKGConstrainedTransfer,full_document
36406976,3717,5594,Association,,0.4423593499,AISKGConstrainedTransfer,full_document
36406976,3717,5609,Association,,0.4423593499,AISKGConstrainedTransfer,full_document
36406976,4790,D017382,Positive_Correlation,D017382,0.3965437443,AISKGConstrainedTransfer,full_document
36406976,5291,6774,Association,,0.4375434969,AISKGConstrainedTransfer,full_document
36406976,5594,C532038,Negative_Correlation,C532038,0.3905680216,AISKGConstrainedTransfer,full_document
36406976,5595,C532038,Negative_Correlation,C532038,0.3905680216,AISKGConstrainedTransfer,full_document
36406976,5609,6774,Association,,0.4896774971,AISKGConstrainedTransfer,full_document
36406976,6347,C532038,Negative_Correlation,C532038,0.4525586583,AISKGConstrainedTransfer,full_document
36406976,C532038,D000080424,Negative_Correlation,C532038,0.5118852723,AISKGConstrainedTransfer,full_document
36406976,C532038,D003643,Negative_Correlation,C532038,0.505284436,AISKGConstrainedTransfer,full_document
36407556,D006344,rs763517499,Positive_Correlation,,0.5038458083,AISKGConstrainedTransfer,full_document
36408215,24835,D009135,Association,24835,0.8315667105,AISKGConstrainedTransfer,full_document
36408215,24835,D010146,Association,24835,0.732966924,AISKGConstrainedTransfer,full_document
36408215,291926,499497,Positive_Correlation,499497,0.4598966383,AISKGConstrainedTransfer,full_document
36408215,291926,D010146,Association,291926,0.7455480453,AISKGConstrainedTransfer,full_document
36408215,309165,499497,Positive_Correlation,499497,0.4598966383,AISKGConstrainedTransfer,full_document
36408215,309165,D009135,Association,309165,0.8615739265,AISKGConstrainedTransfer,full_document
36408215,309165,D010146,Association,309165,0.7455480453,AISKGConstrainedTransfer,full_document
36408215,4208,D009135,Association,4208,0.8528504949,AISKGConstrainedTransfer,full_document
36408215,499497,81523,Positive_Correlation,81523,0.4194325289,AISKGConstrainedTransfer,full_document
36408215,499497,C412811,Negative_Correlation,C412811,0.4133051629,AISKGConstrainedTransfer,full_document
36408215,499497,D007249,Association,499497,0.8380110364,AISKGConstrainedTransfer,full_document
36408215,499497,D009209,Association,499497,0.7946340407,AISKGConstrainedTransfer,full_document
36408215,499497,D010146,Association,499497,0.7252752328,AISKGConstrainedTransfer,full_document
36408215,499497,D020927,Negative_Correlation,D020927,0.539472266,AISKGConstrainedTransfer,full_document
36408215,81523,D010146,Association,81523,0.8946219347,AISKGConstrainedTransfer,full_document
36408215,C412811,D010146,Positive_Correlation,C412811,0.4873573658,AISKGConstrainedTransfer,full_document
36408215,D007249,D020927,Negative_Correlation,D007249,0.4824455252,AISKGConstrainedTransfer,full_document
36408215,D009135,D020927,Positive_Correlation,D009135,0.5001795177,AISKGConstrainedTransfer,full_document
36408215,D009209,D020927,Negative_Correlation,D009209,0.514500303,AISKGConstrainedTransfer,full_document
36408789,5274,C536841,Association,5274,0.8550291892,AISKGConstrainedTransfer,full_document
36408789,5274,D019636,Association,5274,0.8689310475,AISKGConstrainedTransfer,full_document
36408789,C504424,p|SUB|H|138|C,Association,p|SUB|H|138|C,0.4118569979,AISKGConstrainedTransfer,full_document
36410397,11027185,C549273,Negative_Correlation,C549273,0.6279134126,AISKGConstrainedTransfer,full_document
36410397,11027185,D000069474,Negative_Correlation,D000069474,0.6279134126,AISKGConstrainedTransfer,full_document
36410397,11027185,D005355,Association,11027185,0.7941545691,AISKGConstrainedTransfer,full_document
36410397,11027185,D011092,Negative_Correlation,D011092,0.5188097311,AISKGConstrainedTransfer,full_document
36410397,11027185,D012254,Negative_Correlation,D012254,0.4896101345,AISKGConstrainedTransfer,full_document
36410397,11027185,D016898,Negative_Correlation,D016898,0.5188097311,AISKGConstrainedTransfer,full_document
36410397,11027185,D019698,Association,11027185,0.8633904846,AISKGConstrainedTransfer,full_document
36410397,C549273,D011092,Negative_Correlation,D011092,0.5332080711,AISKGConstrainedTransfer,full_document
36410397,C549273,D016898,Negative_Correlation,D016898,0.5332080711,AISKGConstrainedTransfer,full_document
36410397,C549273,D019698,Negative_Correlation,C549273,0.5516325788,AISKGConstrainedTransfer,full_document
36410397,D000069474,D019698,Negative_Correlation,D000069474,0.5516325788,AISKGConstrainedTransfer,full_document
36410397,D005355,D011092,Positive_Correlation,D005355,0.5396316045,AISKGConstrainedTransfer,full_document
36410397,D005355,D012254,Positive_Correlation,D005355,0.5396316045,AISKGConstrainedTransfer,full_document
36410397,D005355,D016898,Positive_Correlation,D005355,0.5396316045,AISKGConstrainedTransfer,full_document
36410397,D005355,p|SUB|A|30|K,Positive_Correlation,,0.503119287,AISKGConstrainedTransfer,full_document
36410397,D005355,p|SUB|Y|93|H,Positive_Correlation,,0.503119287,AISKGConstrainedTransfer,full_document
36410397,D011092,D012254,Cotreatment,,0.4867052474,AISKGConstrainedTransfer,full_document
36410397,D011092,D019698,Negative_Correlation,D011092,0.5388104405,AISKGConstrainedTransfer,full_document
36410397,D012254,D016898,Cotreatment,,0.4867052474,AISKGConstrainedTransfer,full_document
36410397,D012254,D019698,Negative_Correlation,D012254,0.5486327135,AISKGConstrainedTransfer,full_document
36410397,D016898,D019698,Negative_Correlation,D016898,0.5388104405,AISKGConstrainedTransfer,full_document
36411082,351,D000544,Association,351,0.8560906326,AISKGConstrainedTransfer,full_document
36416673,1576,D000068338,Negative_Correlation,D000068338,0.4003858027,AISKGConstrainedTransfer,full_document
36416673,1576,D019438,Positive_Correlation,D019438,0.4650104249,AISKGConstrainedTransfer,full_document
36416673,1576,D020123,Negative_Correlation,D020123,0.4574709013,AISKGConstrainedTransfer,full_document
36416673,C585405,C588260,Negative_Correlation,C588260,0.4291583302,AISKGConstrainedTransfer,full_document
36416673,C585405,D000068338,Negative_Correlation,D000068338,0.4798057961,AISKGConstrainedTransfer,full_document
36416673,C585405,D020123,Negative_Correlation,D020123,0.4109543944,AISKGConstrainedTransfer,full_document
36416673,C586094,C588260,Negative_Correlation,C588260,0.4744214163,AISKGConstrainedTransfer,full_document
36416673,C586094,D000068338,Negative_Correlation,D000068338,0.4996481916,AISKGConstrainedTransfer,full_document
36416673,C586094,D020123,Negative_Correlation,D020123,0.4848483795,AISKGConstrainedTransfer,full_document
36416673,C588260,D000068338,Negative_Correlation,D000068338,0.405955075,AISKGConstrainedTransfer,full_document
36416673,C588260,D019438,Negative_Correlation,D019438,0.4812470703,AISKGConstrainedTransfer,full_document
36416673,C588260,D020123,Negative_Correlation,D020123,0.4932328007,AISKGConstrainedTransfer,full_document
36416673,D000068338,D019438,Negative_Correlation,D019438,0.4479556998,AISKGConstrainedTransfer,full_document
36416673,D000068338,D020123,Comparison,,0.4482758271,AISKGConstrainedTransfer,full_document
36416673,D019438,D020123,Negative_Correlation,D020123,0.5091542188,AISKGConstrainedTransfer,full_document
36418322,2908,D003907,Positive_Correlation,D003907,0.4231712054,AISKGConstrainedTransfer,full_document
36418322,2908,D004317,Positive_Correlation,D004317,0.4372830278,AISKGConstrainedTransfer,full_document
36418322,D001943,D018943,Negative_Correlation,D001943,0.4644083771,AISKGConstrainedTransfer,full_document
36418322,D001943,rs28714259,Positive_Correlation,,0.4108450426,AISKGConstrainedTransfer,full_document
36418322,D003907,rs28714259,Negative_Correlation,,0.4578263101,AISKGConstrainedTransfer,full_document
36418322,D004317,D006332,Positive_Correlation,D004317,0.5546225892,AISKGConstrainedTransfer,full_document
36418322,D004317,rs28714259,Association,rs28714259,0.4879321969,AISKGConstrainedTransfer,full_document
36418322,D006331,rs28714259,Positive_Correlation,,0.5883050207,AISKGConstrainedTransfer,full_document
36418322,D006333,D018943,Positive_Correlation,D006333,0.6894860422,AISKGConstrainedTransfer,full_document
36418322,D006333,rs28714259,Positive_Correlation,,0.5809180299,AISKGConstrainedTransfer,full_document
36418322,D018943,D066126,Positive_Correlation,D018943,0.458370512,AISKGConstrainedTransfer,full_document
36418322,D018943,rs28714259,Association,rs28714259,0.6203319118,AISKGConstrainedTransfer,full_document
36419651,8291,C537480,Association,8291,0.867413056,AISKGConstrainedTransfer,full_document
36419651,8291,C537995,Association,8291,0.9098672484,AISKGConstrainedTransfer,full_document
36419651,C537480,c|DUP|3225||,Positive_Correlation,,0.6046484459,AISKGConstrainedTransfer,full_document
36419651,C537480,p|FS|G|1076|W|38,Positive_Correlation,,0.536560929,AISKGConstrainedTransfer,full_document
36419651,C537480,rs370874727,Positive_Correlation,,0.5944258706,AISKGConstrainedTransfer,full_document
36419651,D017285,c|DUP|3225||,Positive_Correlation,,0.5157487834,AISKGConstrainedTransfer,full_document
36419651,D017285,rs370874727,Positive_Correlation,,0.5002598859,AISKGConstrainedTransfer,full_document
36419668,29126,7097,Association,,0.417000895,AISKGConstrainedTransfer,full_document
36419668,29126,7099,Association,,0.417000895,AISKGConstrainedTransfer,full_document
36419668,29126,D007249,Association,29126,0.8581621776,AISKGConstrainedTransfer,full_document
36419668,3458,D007249,Association,3458,0.846949875,AISKGConstrainedTransfer,full_document
36419668,3820,D007918,Association,3820,0.7922452725,AISKGConstrainedTransfer,full_document
36419668,5133,7097,Association,,0.6102221082,AISKGConstrainedTransfer,full_document
36419668,5133,7099,Association,,0.6102221082,AISKGConstrainedTransfer,full_document
36419668,5133,D007249,Association,5133,0.8665125915,AISKGConstrainedTransfer,full_document
36419668,5133,D015440,Association,5133,0.8876442183,AISKGConstrainedTransfer,full_document
36419668,7097,D007918,Association,7097,0.790981673,AISKGConstrainedTransfer,full_document
36419668,7097,D015440,Association,7097,0.8831791739,AISKGConstrainedTransfer,full_document
36419668,7099,D007918,Association,7099,0.838674641,AISKGConstrainedTransfer,full_document
36419668,7099,D015440,Association,7099,0.8831791739,AISKGConstrainedTransfer,full_document
36419668,7124,D007249,Association,7124,0.864109838,AISKGConstrainedTransfer,full_document
36419668,917,D007918,Association,917,0.7972861401,AISKGConstrainedTransfer,full_document
36419668,920,D007918,Association,920,0.7859233646,AISKGConstrainedTransfer,full_document
36419668,925,D007918,Association,925,0.7922452725,AISKGConstrainedTransfer,full_document
36419668,929,D007918,Association,929,0.7922452725,AISKGConstrainedTransfer,full_document
36419668,930,D007918,Association,930,0.7922452725,AISKGConstrainedTransfer,full_document
36420263,12156,58205,Association,,0.5114565146,AISKGConstrainedTransfer,full_document
36420263,12156,D006086,Association,12156,0.8163599814,AISKGConstrainedTransfer,full_document
36420263,12159,58205,Association,,0.5114565146,AISKGConstrainedTransfer,full_document
36420263,12159,D006086,Association,12159,0.8163599814,AISKGConstrainedTransfer,full_document
36420263,12166,285704,Association,,0.500478755,AISKGConstrainedTransfer,full_document
36420263,12166,68799,Association,,0.500478755,AISKGConstrainedTransfer,full_document
36420263,18007,285704,Association,,0.4653263976,AISKGConstrainedTransfer,full_document
36420263,18007,68799,Association,,0.4653263976,AISKGConstrainedTransfer,full_document
36420263,18007,D006086,Association,18007,0.7761761371,AISKGConstrainedTransfer,full_document
36420263,285704,4756,Association,,0.4653263976,AISKGConstrainedTransfer,full_document
36420263,285704,58205,Association,,0.5114565146,AISKGConstrainedTransfer,full_document
36420263,285704,657,Association,,0.4618043288,AISKGConstrainedTransfer,full_document
36420263,285704,D003092,Association,285704,0.5919473988,AISKGConstrainedTransfer,full_document
36420263,285704,D005759,Association,285704,0.8076553102,AISKGConstrainedTransfer,full_document
36420263,285704,D006086,Association,285704,0.9167256099,AISKGConstrainedTransfer,full_document
36420263,285704,D015212,Association,285704,0.9233634661,AISKGConstrainedTransfer,full_document
36420263,285704,D016264,Negative_Correlation,D016264,0.5432306784,AISKGConstrainedTransfer,full_document
36420263,285704,D052016,Association,285704,0.9305772393,AISKGConstrainedTransfer,full_document
36420263,4756,68799,Association,,0.4653263976,AISKGConstrainedTransfer,full_document
36420263,58205,650,Association,,0.5114565146,AISKGConstrainedTransfer,full_document
36420263,58205,652,Association,,0.5114565146,AISKGConstrainedTransfer,full_document
36420263,58205,68799,Association,,0.5114565146,AISKGConstrainedTransfer,full_document
36420263,657,68799,Association,,0.500478755,AISKGConstrainedTransfer,full_document
36420263,68799,D003092,Association,68799,0.5919473988,AISKGConstrainedTransfer,full_document
36420263,68799,D005759,Association,68799,0.8076553102,AISKGConstrainedTransfer,full_document
36420263,68799,D006086,Association,68799,0.9167256099,AISKGConstrainedTransfer,full_document
36420263,68799,D015212,Association,68799,0.9233634661,AISKGConstrainedTransfer,full_document
36420263,68799,D016264,Negative_Correlation,D016264,0.5432306784,AISKGConstrainedTransfer,full_document
36420263,68799,D052016,Association,68799,0.9305772393,AISKGConstrainedTransfer,full_document
36420263,D003092,D016264,Negative_Correlation,D003092,0.4658040673,AISKGConstrainedTransfer,full_document
36420263,D015212,D016264,Negative_Correlation,D015212,0.4488536177,AISKGConstrainedTransfer,full_document
36421383,6513,D004194,Association,6513,0.7811882228,AISKGConstrainedTransfer,full_document
36421383,6513,D005947,Association,D005947,0.4195846285,AISKGConstrainedTransfer,full_document
36421438,10911,116590,Association,,0.5378171395,AISKGConstrainedTransfer,full_document
36421438,10911,1432,Association,,0.5378171395,AISKGConstrainedTransfer,full_document
36421438,10911,2775,Association,,0.5378171395,AISKGConstrainedTransfer,full_document
36421438,10911,50664,Association,,0.5378171395,AISKGConstrainedTransfer,full_document
36421438,10911,50689,Association,,0.5378171395,AISKGConstrainedTransfer,full_document
36421438,10911,5594,Association,,0.5378171395,AISKGConstrainedTransfer,full_document
36421438,10911,5595,Association,,0.5378171395,AISKGConstrainedTransfer,full_document
36421438,10911,81649,Association,,0.5378171395,AISKGConstrainedTransfer,full_document
36421438,10911,C001803,Negative_Correlation,C001803,0.6096425093,AISKGConstrainedTransfer,full_document
36421438,10911,C025451,Negative_Correlation,C025451,0.4074346422,AISKGConstrainedTransfer,full_document
36421438,10911,C093642,Negative_Correlation,C093642,0.6035847532,AISKGConstrainedTransfer,full_document
36421438,10911,C093973,Negative_Correlation,C093973,0.6035847532,AISKGConstrainedTransfer,full_document
36421438,10911,D003545,Negative_Correlation,D003545,0.3902652193,AISKGConstrainedTransfer,full_document
36421438,10911,D006862,Negative_Correlation,D006862,0.3996654037,AISKGConstrainedTransfer,full_document
36421438,10911,D012435,Negative_Correlation,D012435,0.3902652193,AISKGConstrainedTransfer,full_document
36421438,10911,D017382,Negative_Correlation,D017382,0.3950630215,AISKGConstrainedTransfer,full_document
36421438,116590,D006862,Negative_Correlation,D006862,0.3950630215,AISKGConstrainedTransfer,full_document
36421438,1432,D006862,Negative_Correlation,D006862,0.3950630215,AISKGConstrainedTransfer,full_document
36421438,2775,D006862,Negative_Correlation,D006862,0.4852451287,AISKGConstrainedTransfer,full_document
36421438,50664,D006862,Negative_Correlation,D006862,0.3950630215,AISKGConstrainedTransfer,full_document
36421438,50689,D006862,Negative_Correlation,D006862,0.3950630215,AISKGConstrainedTransfer,full_document
36421438,5594,D006862,Negative_Correlation,D006862,0.3950630215,AISKGConstrainedTransfer,full_document
36421438,5595,D006862,Negative_Correlation,D006862,0.3950630215,AISKGConstrainedTransfer,full_document
36421438,81649,D006862,Negative_Correlation,D006862,0.3950630215,AISKGConstrainedTransfer,full_document
36421438,875,D006862,Association,D006862,0.4059667151,AISKGConstrainedTransfer,full_document
36421438,C001803,C056165,Negative_Correlation,C056165,0.5072864352,AISKGConstrainedTransfer,full_document
36421438,C001803,C093642,Negative_Correlation,C093642,0.5072864352,AISKGConstrainedTransfer,full_document
36421438,C001803,C093973,Negative_Correlation,C093973,0.6694699294,AISKGConstrainedTransfer,full_document
36421438,C025451,D003545,Negative_Correlation,D003545,0.4327429373,AISKGConstrainedTransfer,full_document
36421438,C056165,C093642,Negative_Correlation,C093642,0.4797178965,AISKGConstrainedTransfer,full_document
36421438,C056165,C093973,Negative_Correlation,C093973,0.4797178965,AISKGConstrainedTransfer,full_document
36421438,C093642,C093973,Negative_Correlation,C093973,0.4797178965,AISKGConstrainedTransfer,full_document
36421438,D003545,D006862,Negative_Correlation,D006862,0.4327429373,AISKGConstrainedTransfer,full_document
36421438,D006862,D012435,Negative_Correlation,D012435,0.4327429373,AISKGConstrainedTransfer,full_document
36421438,D006862,D017382,Negative_Correlation,D017382,0.455650725,AISKGConstrainedTransfer,full_document
36421788,1081,D000568,Association,1081,0.8863465954,AISKGConstrainedTransfer,full_document
36421788,1081,D007247,Association,1081,0.8681230065,AISKGConstrainedTransfer,full_document
36421788,1081,D016649,Association,1081,0.8821442573,AISKGConstrainedTransfer,full_document
36421788,2488,D000568,Association,2488,0.8863465954,AISKGConstrainedTransfer,full_document
36421788,2488,D007247,Association,2488,0.8681230065,AISKGConstrainedTransfer,full_document
36421788,2488,D016649,Association,2488,0.8821442573,AISKGConstrainedTransfer,full_document
36421788,51081,C537286,Association,51081,0.8749603481,AISKGConstrainedTransfer,full_document
36421788,51081,D006319,Association,51081,0.8777024973,AISKGConstrainedTransfer,full_document
36421788,51081,D016649,Association,51081,0.8699599929,AISKGConstrainedTransfer,full_document
36421788,C537286,c|SUB|A|373|T,Positive_Correlation,,0.5125009019,AISKGConstrainedTransfer,full_document
36421788,C537286,p|SUB|K|125|,Positive_Correlation,,0.4831606899,AISKGConstrainedTransfer,full_document
36421788,C537286,rs752619610,Positive_Correlation,,0.4774316756,AISKGConstrainedTransfer,full_document
36421788,D006319,c|SUB|A|373|T,Positive_Correlation,,0.4161415147,AISKGConstrainedTransfer,full_document
36421788,D016649,c|SUB|A|373|T,Positive_Correlation,,0.4120681865,AISKGConstrainedTransfer,full_document
36421807,3757,D001145,Association,3757,0.8464936878,AISKGConstrainedTransfer,full_document
36421807,3757,D003643,Association,3757,0.8627222745,AISKGConstrainedTransfer,full_document
36421807,3757,D006331,Association,3757,0.8124145479,AISKGConstrainedTransfer,full_document
36421807,3757,D012559,Association,3757,0.8754927137,AISKGConstrainedTransfer,full_document
36421807,775,D001145,Association,775,0.8464936878,AISKGConstrainedTransfer,full_document
36421807,775,D003643,Association,775,0.8627222745,AISKGConstrainedTransfer,full_document
36421807,775,D006331,Association,775,0.8902559673,AISKGConstrainedTransfer,full_document
36421807,775,D012559,Association,775,0.8754927137,AISKGConstrainedTransfer,full_document
36421807,D006331,rs2239061,Positive_Correlation,,0.6240549186,AISKGConstrainedTransfer,full_document
36421807,D006331,rs2283274,Positive_Correlation,,0.6240549186,AISKGConstrainedTransfer,full_document
36421807,D012559,rs1036145,Positive_Correlation,,0.6353452458,AISKGConstrainedTransfer,full_document
36421807,D012559,rs11763131,Positive_Correlation,,0.6353452458,AISKGConstrainedTransfer,full_document
36421807,D012559,rs2239061,Positive_Correlation,,0.666485905,AISKGConstrainedTransfer,full_document
36421807,D012559,rs2283274,Positive_Correlation,,0.666485905,AISKGConstrainedTransfer,full_document
36421807,D012559,rs3800779,Positive_Correlation,,0.6353452458,AISKGConstrainedTransfer,full_document
36421807,D012559,rs3807373,Positive_Correlation,,0.6353452458,AISKGConstrainedTransfer,full_document
36421807,D012559,rs748693,Positive_Correlation,,0.6353452458,AISKGConstrainedTransfer,full_document
36421822,1535,D003324,Association,1535,0.8228882272,AISKGConstrainedTransfer,full_document
36421822,1535,D003643,Association,1535,0.8620001255,AISKGConstrainedTransfer,full_document
36421822,183,D003324,Association,183,0.8125873866,AISKGConstrainedTransfer,full_document
36421822,183,D003643,Association,183,0.8608008369,AISKGConstrainedTransfer,full_document
36421822,19,D003324,Association,19,0.8122980229,AISKGConstrainedTransfer,full_document
36421822,19,D003643,Association,19,0.8091188116,AISKGConstrainedTransfer,full_document
36421822,D003643,rs2230806,Positive_Correlation,,0.6562356949,AISKGConstrainedTransfer,full_document
36421822,D003643,rs699,Positive_Correlation,,0.6562356949,AISKGConstrainedTransfer,full_document
36421822,D003643,rs72811418,Positive_Correlation,,0.5444173464,AISKGConstrainedTransfer,full_document
36421847,11136,D003555,Association,11136,0.8826072778,AISKGConstrainedTransfer,full_document
36421847,6519,D003554,Association,6519,0.8919837639,AISKGConstrainedTransfer,full_document
36421847,6519,D003555,Association,6519,0.8669247941,AISKGConstrainedTransfer,full_document
36421847,6519,D007669,Association,6519,0.8919837639,AISKGConstrainedTransfer,full_document
36421847,D003553,D003555,Positive_Correlation,D003553,0.4341184114,AISKGConstrainedTransfer,full_document
36421847,D003553,D007669,Positive_Correlation,D003553,0.5057748972,AISKGConstrainedTransfer,full_document
36421847,D003553,D007674,Positive_Correlation,D003553,0.4507314346,AISKGConstrainedTransfer,full_document
36421847,D003553,D056844,Positive_Correlation,D003553,0.4786311516,AISKGConstrainedTransfer,full_document
36421847,D003554,c|SUB|G|818|A,Positive_Correlation,,0.6227044411,AISKGConstrainedTransfer,full_document
36421847,D003554,rs772810111,Positive_Correlation,,0.6152659816,AISKGConstrainedTransfer,full_document
36421847,D007669,c|SUB|G|818|A,Positive_Correlation,,0.6227044411,AISKGConstrainedTransfer,full_document
36421847,D007669,rs772810111,Positive_Correlation,,0.6152659816,AISKGConstrainedTransfer,full_document
36425336,2566,C562694,Association,2566,0.8441575724,AISKGConstrainedTransfer,full_document
36425336,2566,D000069279,Association,2566,0.8355116332,AISKGConstrainedTransfer,full_document
36425336,2566,D004827,Association,2566,0.8393697484,AISKGConstrainedTransfer,full_document
36425336,C562694,c|SUB|C|540|T,Positive_Correlation,,0.4504515957,AISKGConstrainedTransfer,full_document
36425336,C562694,c|SUB|T|813|C,Positive_Correlation,,0.4504515957,AISKGConstrainedTransfer,full_document
36425336,C562694,p|SUB|K|289|M,Positive_Correlation,,0.4504515957,AISKGConstrainedTransfer,full_document
36425336,C562694,rs211037,Positive_Correlation,,0.5177786764,AISKGConstrainedTransfer,full_document
36425336,D000069279,c|SUB|C|540|T,Positive_Correlation,,0.4462961071,AISKGConstrainedTransfer,full_document
36425336,D000069279,c|SUB|T|813|C,Positive_Correlation,,0.4462961071,AISKGConstrainedTransfer,full_document
36425336,D000069279,p|SUB|K|289|M,Positive_Correlation,,0.4462961071,AISKGConstrainedTransfer,full_document
36425336,D000069279,rs211037,Positive_Correlation,,0.5255788174,AISKGConstrainedTransfer,full_document
36425553,1956,D002289,Association,1956,0.7594975018,AISKGConstrainedTransfer,full_document
36425553,D000077716,D002289,Positive_Correlation,D000077716,0.5295431062,AISKGConstrainedTransfer,full_document
36425568,1956,D002289,Association,1956,0.8012708458,AISKGConstrainedTransfer,full_document
36425568,1956,D010710,Positive_Correlation,D010710,0.5152513769,AISKGConstrainedTransfer,full_document
36425568,D002289,p|INDEL|770|GY,Positive_Correlation,,0.5225309856,AISKGConstrainedTransfer,full_document
36425568,D002289,p|INS|763_764|FQEA,Positive_Correlation,,0.5953054508,AISKGConstrainedTransfer,full_document
36425568,D002289,p|INS|769_770|ASY,Positive_Correlation,,0.6311033655,AISKGConstrainedTransfer,full_document
36425568,D002289,p|INS|770_771|SVD,Positive_Correlation,,0.6311033655,AISKGConstrainedTransfer,full_document
36428825,3417,D002357,Association,3417,0.8348620606,AISKGConstrainedTransfer,full_document
36428825,3417,D002812,Association,3417,0.8486816522,AISKGConstrainedTransfer,full_document
36428825,3417,D002813,Association,3417,0.8486816522,AISKGConstrainedTransfer,full_document
36428825,3417,D004687,Association,3417,0.8602720759,AISKGConstrainedTransfer,full_document
36428825,3417,D006391,Association,3417,0.8508780341,AISKGConstrainedTransfer,full_document
36428825,3417,D009369,Association,3417,0.8066128605,AISKGConstrainedTransfer,full_document
36428825,3417,D010051,Association,3417,0.8251842602,AISKGConstrainedTransfer,full_document
36428825,3417,D012878,Association,3417,0.8508780341,AISKGConstrainedTransfer,full_document
36428825,3418,D004687,Association,3418,0.8696445871,AISKGConstrainedTransfer,full_document
36428825,3418,D009369,Association,3418,0.8953785769,AISKGConstrainedTransfer,full_document
36428825,D002357,rs121913499,Association,,0.4814821732,AISKGConstrainedTransfer,full_document
36428825,D002357,rs121913500,Association,,0.43121211,AISKGConstrainedTransfer,full_document
36428825,D002812,rs121913499,Association,,0.4782252727,AISKGConstrainedTransfer,full_document
36428825,D002812,rs121913500,Association,,0.4485717421,AISKGConstrainedTransfer,full_document
36428825,D002813,rs121913499,Association,,0.4782252727,AISKGConstrainedTransfer,full_document
36428825,D002813,rs121913500,Association,,0.4274639611,AISKGConstrainedTransfer,full_document
36428825,D004687,rs121913499,Positive_Correlation,,0.4698880254,AISKGConstrainedTransfer,full_document
36428825,D004687,rs121913500,Positive_Correlation,,0.4877952624,AISKGConstrainedTransfer,full_document
36428825,D006391,rs121913499,Association,,0.474904144,AISKGConstrainedTransfer,full_document
36428825,D006391,rs121913500,Association,,0.4999476029,AISKGConstrainedTransfer,full_document
36428825,D009369,rs121913499,Association,,0.4056327831,AISKGConstrainedTransfer,full_document
36428825,D009369,rs121913500,Association,,0.43121211,AISKGConstrainedTransfer,full_document
36428825,D010051,rs121913499,Positive_Correlation,,0.4864297555,AISKGConstrainedTransfer,full_document
36428825,D010051,rs121913500,Association,,0.4850065587,AISKGConstrainedTransfer,full_document
36428825,D012878,rs121913499,Association,,0.474904144,AISKGConstrainedTransfer,full_document
36428825,D012878,rs121913500,Association,,0.4999476029,AISKGConstrainedTransfer,full_document
36429029,101885491,D003103,Association,101885491,0.8008794293,AISKGConstrainedTransfer,full_document
36429029,101885491,D008268,Association,101885491,0.8951451515,AISKGConstrainedTransfer,full_document
36429029,101885491,D012162,Association,101885491,0.8727898272,AISKGConstrainedTransfer,full_document
36429029,8777,C535968,Association,8777,0.9184642175,AISKGConstrainedTransfer,full_document
36429029,8777,D008268,Association,8777,0.8951451515,AISKGConstrainedTransfer,full_document
36429029,C535968,c|DEL|4301|A,Positive_Correlation,,0.5400721008,AISKGConstrainedTransfer,full_document
36429029,C535968,c|SUB|C|5255|G,Positive_Correlation,,0.5275198717,AISKGConstrainedTransfer,full_document
36429029,C535968,p|FS|D|1434||3,Positive_Correlation,,0.4909289444,AISKGConstrainedTransfer,full_document
36429029,C535968,p|SUB|S|1752|X,Positive_Correlation,,0.5536198468,AISKGConstrainedTransfer,full_document
36432690,12359,C006780,Positive_Correlation,C006780,0.464649369,AISKGConstrainedTransfer,full_document
36432690,12359,D005978,Positive_Correlation,D005978,0.4100870161,AISKGConstrainedTransfer,full_document
36432690,12359,D008315,Positive_Correlation,D008315,0.5190010263,AISKGConstrainedTransfer,full_document
36432690,12895,C006780,Negative_Correlation,C006780,0.4992492234,AISKGConstrainedTransfer,full_document
36432690,12895,D000077185,Negative_Correlation,D000077185,0.4992492234,AISKGConstrainedTransfer,full_document
36432690,12895,D002331,Association,D002331,0.5082220724,AISKGConstrainedTransfer,full_document
36432690,12896,C006780,Negative_Correlation,C006780,0.4992492234,AISKGConstrainedTransfer,full_document
36432690,12896,D000077185,Negative_Correlation,D000077185,0.4992492234,AISKGConstrainedTransfer,full_document
36432690,12896,D002331,Association,D002331,0.5082220724,AISKGConstrainedTransfer,full_document
36432690,14775,C006780,Positive_Correlation,C006780,0.4557947527,AISKGConstrainedTransfer,full_document
36432690,14775,D005978,Positive_Correlation,D005978,0.438657073,AISKGConstrainedTransfer,full_document
36432690,14775,D008315,Positive_Correlation,D008315,0.5080261958,AISKGConstrainedTransfer,full_document
36432690,16816,C006780,Negative_Correlation,C006780,0.4992492234,AISKGConstrainedTransfer,full_document
36432690,16816,D000077185,Negative_Correlation,D000077185,0.4992492234,AISKGConstrainedTransfer,full_document
36432690,20655,C006780,Positive_Correlation,C006780,0.4557947527,AISKGConstrainedTransfer,full_document
36432690,20655,D005978,Positive_Correlation,D005978,0.431751553,AISKGConstrainedTransfer,full_document
36432690,20655,D008315,Positive_Correlation,D008315,0.5387676069,AISKGConstrainedTransfer,full_document
36432690,238505,C006780,Negative_Correlation,C006780,0.669553631,AISKGConstrainedTransfer,full_document
36432690,238505,D000077185,Negative_Correlation,D000077185,0.669553631,AISKGConstrainedTransfer,full_document
36432690,57279,C006780,Negative_Correlation,C006780,0.669553631,AISKGConstrainedTransfer,full_document
36432690,57279,D000077185,Negative_Correlation,D000077185,0.669553631,AISKGConstrainedTransfer,full_document
36432690,57279,D002331,Association,D002331,0.5082220724,AISKGConstrainedTransfer,full_document
36432690,74114,C006780,Negative_Correlation,C006780,0.669553631,AISKGConstrainedTransfer,full_document
36432690,74114,D000077185,Negative_Correlation,D000077185,0.669553631,AISKGConstrainedTransfer,full_document
36432690,C005682,D008055,Negative_Correlation,D008055,0.4391031521,AISKGConstrainedTransfer,full_document
36432690,C005682,D008244,Negative_Correlation,D008244,0.6534920642,AISKGConstrainedTransfer,full_document
36432690,C006780,D000077185,Negative_Correlation,D000077185,0.5079965256,AISKGConstrainedTransfer,full_document
36432690,C006780,D008659,Positive_Correlation,C006780,0.4495679951,AISKGConstrainedTransfer,full_document
36432690,C012491,D008055,Negative_Correlation,D008055,0.4391031521,AISKGConstrainedTransfer,full_document
36432690,D001216,D008659,Positive_Correlation,D001216,0.5040898609,AISKGConstrainedTransfer,full_document
36432690,D002331,D008244,Negative_Correlation,D008244,0.6534920642,AISKGConstrainedTransfer,full_document
36432690,D007930,D008659,Positive_Correlation,D007930,0.5179609923,AISKGConstrainedTransfer,full_document
36432690,D008055,D008244,Negative_Correlation,D008244,0.5993715975,AISKGConstrainedTransfer,full_document
36432690,D008659,D009646,Positive_Correlation,D008659,0.4759500368,AISKGConstrainedTransfer,full_document
36432690,D008659,D013654,Positive_Correlation,D008659,0.4759500368,AISKGConstrainedTransfer,full_document
36432690,D008659,D013912,Positive_Correlation,D008659,0.4727953937,AISKGConstrainedTransfer,full_document
36432690,D008659,D018698,Positive_Correlation,D008659,0.4757544615,AISKGConstrainedTransfer,full_document
36437455,285440,D000083242,Association,285440,0.8465295308,AISKGConstrainedTransfer,full_document
36437455,285440,D054556,Association,285440,0.8500621652,AISKGConstrainedTransfer,full_document
36437455,D000083242,rs1053094,Positive_Correlation,,0.5168639864,AISKGConstrainedTransfer,full_document
36437455,D000083242,rs13146272,Positive_Correlation,,0.4705425571,AISKGConstrainedTransfer,full_document
36437455,D000083242,rs1398007,Positive_Correlation,,0.6557883066,AISKGConstrainedTransfer,full_document
36437455,D000083242,rs3736455,Positive_Correlation,,0.4705425571,AISKGConstrainedTransfer,full_document
36437455,D000083242,rs56413992,Positive_Correlation,,0.5168639864,AISKGConstrainedTransfer,full_document
36438844,24494,24770,Negative_Correlation,24770,0.6771432242,AISKGConstrainedTransfer,full_document
36438844,24494,24835,Negative_Correlation,24835,0.4844023412,AISKGConstrainedTransfer,full_document
36438844,24494,5734,Negative_Correlation,5734,0.6181050474,AISKGConstrainedTransfer,full_document
36438844,24494,C487890,Negative_Correlation,C487890,0.7448821134,AISKGConstrainedTransfer,full_document
36438844,24494,D005947,Negative_Correlation,D005947,0.7573265961,AISKGConstrainedTransfer,full_document
36438844,24494,D007249,Association,24494,0.5428721208,AISKGConstrainedTransfer,full_document
36438844,24770,24835,Negative_Correlation,24835,0.623266781,AISKGConstrainedTransfer,full_document
36438844,24770,5734,Negative_Correlation,5734,0.638438104,AISKGConstrainedTransfer,full_document
36438844,24770,C487890,Negative_Correlation,C487890,0.7950714499,AISKGConstrainedTransfer,full_document
36438844,24770,D005947,Negative_Correlation,D005947,0.784171261,AISKGConstrainedTransfer,full_document
36438844,24770,D007249,Association,24770,0.498287011,AISKGConstrainedTransfer,full_document
36438844,24835,5734,Negative_Correlation,5734,0.5983194905,AISKGConstrainedTransfer,full_document
36438844,24835,C487890,Negative_Correlation,C487890,0.7536916191,AISKGConstrainedTransfer,full_document
36438844,24835,D005947,Negative_Correlation,D005947,0.7676605945,AISKGConstrainedTransfer,full_document
36438844,24835,D007249,Association,24835,0.5169863838,AISKGConstrainedTransfer,full_document
36438844,287362,C487890,Association,C487890,0.451168485,AISKGConstrainedTransfer,full_document
36438844,287362,D007249,Association,287362,0.6841480125,AISKGConstrainedTransfer,full_document
36438844,287362,D056627,Association,287362,0.7270870003,AISKGConstrainedTransfer,full_document
36438844,309165,C487890,Negative_Correlation,C487890,0.5495639964,AISKGConstrainedTransfer,full_document
36438844,309165,D007249,Association,309165,0.6828831901,AISKGConstrainedTransfer,full_document
36438844,309165,D056627,Association,309165,0.7270870003,AISKGConstrainedTransfer,full_document
36438844,5734,C487890,Negative_Correlation,C487890,0.6882179872,AISKGConstrainedTransfer,full_document
36438844,5734,D005947,Negative_Correlation,D005947,0.7485747936,AISKGConstrainedTransfer,full_document
36438844,5734,D007249,Association,5734,0.9265518315,AISKGConstrainedTransfer,full_document
36438844,5734,D051437,Association,5734,0.8893377926,AISKGConstrainedTransfer,full_document
36438844,5734,D056627,Association,5734,0.884953604,AISKGConstrainedTransfer,full_document
36438844,84023,D007249,Association,84023,0.7555203327,AISKGConstrainedTransfer,full_document
36438844,84023,D010532,Association,84023,0.8730293963,AISKGConstrainedTransfer,full_document
36438844,84023,D056627,Association,84023,0.7110360954,AISKGConstrainedTransfer,full_document
36438844,9536,D056627,Association,9536,0.8551343821,AISKGConstrainedTransfer,full_document
36438844,C487890,D005947,Negative_Correlation,D005947,0.6374634869,AISKGConstrainedTransfer,full_document
36438844,C487890,D007249,Negative_Correlation,C487890,0.5618208001,AISKGConstrainedTransfer,full_document
36438844,C487890,D010532,Positive_Correlation,C487890,0.3905467919,AISKGConstrainedTransfer,full_document
36438844,C487890,D056627,Positive_Correlation,C487890,0.4151210559,AISKGConstrainedTransfer,full_document
36438844,D005947,D007249,Negative_Correlation,D005947,0.6996035657,AISKGConstrainedTransfer,full_document
36438844,D015232,D056627,Positive_Correlation,D015232,0.512608524,AISKGConstrainedTransfer,full_document
36440265,84152,D000242,Association,D000242,0.5385067397,AISKGConstrainedTransfer,full_document
36440265,84152,D004298,Association,D004298,0.5513361669,AISKGConstrainedTransfer,full_document
36440265,84152,D012701,Association,D012701,0.5433377803,AISKGConstrainedTransfer,full_document
36440265,84152,D018698,Association,D018698,0.4965034635,AISKGConstrainedTransfer,full_document
36440265,D000242,D012701,Association,D000242,0.4443346623,AISKGConstrainedTransfer,full_document
36440265,D000242,D018698,Association,D000242,0.396217222,AISKGConstrainedTransfer,full_document
36440265,D004298,D012701,Conversion,D012701,0.6464527992,AISKGConstrainedTransfer,full_document
36440265,D004298,D018698,Conversion,D018698,0.6350903931,AISKGConstrainedTransfer,full_document
36441697,10985,83939,Association,,0.4427331929,AISKGConstrainedTransfer,full_document
36444585,1956,3845,Association,,0.4048396381,AISKGConstrainedTransfer,full_document
36444585,1956,4893,Association,,0.4048396381,AISKGConstrainedTransfer,full_document
36444585,1956,D015179,Association,1956,0.8639662278,AISKGConstrainedTransfer,full_document
36444585,3845,D009369,Association,3845,0.840575361,AISKGConstrainedTransfer,full_document
36444585,3845,D015179,Association,3845,0.7419357259,AISKGConstrainedTransfer,full_document
36444585,4893,D015179,Association,4893,0.7419357259,AISKGConstrainedTransfer,full_document
36444585,5594,D015179,Association,5594,0.7419357259,AISKGConstrainedTransfer,full_document
36444585,673,D015179,Association,673,0.7419357259,AISKGConstrainedTransfer,full_document
36466970,1373,D020165,Association,1373,0.8870705578,AISKGConstrainedTransfer,full_document
36466970,D001929,D005973,Positive_Correlation,D001929,0.4286719876,AISKGConstrainedTransfer,full_document
36466970,D001929,D012462,Positive_Correlation,D001929,0.4349202589,AISKGConstrainedTransfer,full_document
36466970,D005334,D005973,Positive_Correlation,D005334,0.4793105441,AISKGConstrainedTransfer,full_document
36466970,D005334,D012462,Positive_Correlation,D005334,0.4860903617,AISKGConstrainedTransfer,full_document
36466970,D005973,D022124,Positive_Correlation,D005973,0.5280278049,AISKGConstrainedTransfer,full_document
36466970,D012462,D022124,Positive_Correlation,D012462,0.4375289179,AISKGConstrainedTransfer,full_document
36466970,D020165,c|INDEL|4193_4206|G,Positive_Correlation,,0.5455110322,AISKGConstrainedTransfer,full_document
36466970,D020165,c|SUB|C|793|A,Positive_Correlation,,0.5789890008,AISKGConstrainedTransfer,full_document
36466970,D020165,p|FS|L|1398|R|25,Positive_Correlation,,0.5765624246,AISKGConstrainedTransfer,full_document
36466970,D020165,p|SUB|P|265|T,Positive_Correlation,,0.5853504063,AISKGConstrainedTransfer,full_document
36467477,112476,6616,Association,,0.5305446109,AISKGConstrainedTransfer,full_document
36467477,112476,D009422,Association,112476,0.8543279319,AISKGConstrainedTransfer,full_document
36468031,1158,1636,Association,,0.6459779381,AISKGConstrainedTransfer,full_document
36468031,1158,270,Association,,0.6076906941,AISKGConstrainedTransfer,full_document
36468031,1636,4638,Association,,0.6185343055,AISKGConstrainedTransfer,full_document
36468031,270,89,Association,,0.6076906941,AISKGConstrainedTransfer,full_document
36468031,270,D014947,Association,270,0.8937587337,AISKGConstrainedTransfer,full_document
36468031,4638,89,Association,,0.6076906941,AISKGConstrainedTransfer,full_document
36468031,4638,D014947,Association,4638,0.8937587337,AISKGConstrainedTransfer,full_document
36468031,D014947,c|SUB|C|37885|A,Positive_Correlation,,0.5236248134,AISKGConstrainedTransfer,full_document
36473671,43740578,D000086382,Association,43740578,0.8308303043,AISKGConstrainedTransfer,full_document
36479285,55630,C538178,Association,55630,0.8992920591,AISKGConstrainedTransfer,full_document
36483035,3717,C540383,Negative_Correlation,C540383,0.4729775298,AISKGConstrainedTransfer,full_document
36483035,3717,D009196,Association,3717,0.8733578576,AISKGConstrainedTransfer,full_document
36483035,3717,D011087,Association,3717,0.8564185111,AISKGConstrainedTransfer,full_document
36483035,3717,D013920,Association,3717,0.8984715424,AISKGConstrainedTransfer,full_document
36483035,3717,D016898,Negative_Correlation,D016898,0.4729775298,AISKGConstrainedTransfer,full_document
36483035,C540383,p|SUB|L|611|S,Negative_Correlation,,0.425147291,AISKGConstrainedTransfer,full_document
36483035,C540383,rs77375493,Negative_Correlation,,0.425147291,AISKGConstrainedTransfer,full_document
36483035,D009196,D016898,Negative_Correlation,D009196,0.4190635469,AISKGConstrainedTransfer,full_document
36483035,D009196,p|SUB|L|611|S,Positive_Correlation,,0.4746483302,AISKGConstrainedTransfer,full_document
36483035,D009196,rs77375493,Positive_Correlation,,0.4746483302,AISKGConstrainedTransfer,full_document
36483035,D011087,p|SUB|L|611|S,Positive_Correlation,,0.5722547859,AISKGConstrainedTransfer,full_document
36483035,D011087,rs77375493,Positive_Correlation,,0.6432183595,AISKGConstrainedTransfer,full_document
36483035,D013159,p|SUB|L|611|S,Positive_Correlation,,0.6503169338,AISKGConstrainedTransfer,full_document
36483035,D013159,rs77375493,Positive_Correlation,,0.6503169338,AISKGConstrainedTransfer,full_document
36483035,D013163,p|SUB|L|611|S,Positive_Correlation,,0.6395335175,AISKGConstrainedTransfer,full_document
36483035,D013163,rs77375493,Positive_Correlation,,0.6395335175,AISKGConstrainedTransfer,full_document
36483035,D013920,p|SUB|L|611|S,Positive_Correlation,,0.5123843998,AISKGConstrainedTransfer,full_document
36483035,D013920,rs77375493,Positive_Correlation,,0.5287831674,AISKGConstrainedTransfer,full_document
36483035,D015746,p|SUB|L|611|S,Positive_Correlation,,0.6132786148,AISKGConstrainedTransfer,full_document
36483035,D015746,rs77375493,Positive_Correlation,,0.6132786148,AISKGConstrainedTransfer,full_document
36483035,D016898,p|SUB|L|611|S,Negative_Correlation,,0.425147291,AISKGConstrainedTransfer,full_document
36483035,D016898,rs77375493,Negative_Correlation,,0.425147291,AISKGConstrainedTransfer,full_document
36494601,29126,D009369,Association,29126,0.8084949578,AISKGConstrainedTransfer,full_document
36494601,3845,D008175,Association,3845,0.8816285262,AISKGConstrainedTransfer,full_document
36494601,3845,D009369,Association,3845,0.904547923,AISKGConstrainedTransfer,full_document
36494601,3845,D010190,Association,3845,0.8816285262,AISKGConstrainedTransfer,full_document
36494601,3845,D015179,Association,3845,0.8816285262,AISKGConstrainedTransfer,full_document
36494601,3845,D019337,Association,3845,0.8945969826,AISKGConstrainedTransfer,full_document
36494601,D009369,rs112445441,Positive_Correlation,,0.5679351408,AISKGConstrainedTransfer,full_document
36494601,D009369,rs121913529,Positive_Correlation,,0.5679351408,AISKGConstrainedTransfer,full_document
36494601,D009369,rs121913530,Positive_Correlation,,0.5679351408,AISKGConstrainedTransfer,full_document
36498839,11787,D007249,Association,11787,0.8872782185,AISKGConstrainedTransfer,full_document
36498839,11787,D008569,Association,11787,0.828050528,AISKGConstrainedTransfer,full_document
36498839,11787,D019636,Association,11787,0.70369547,AISKGConstrainedTransfer,full_document
36498839,11820,D007249,Association,11820,0.8606855101,AISKGConstrainedTransfer,full_document
36498839,11820,D008569,Association,11820,0.8149108345,AISKGConstrainedTransfer,full_document
36498839,17762,D007249,Association,17762,0.8851356117,AISKGConstrainedTransfer,full_document
36498839,17762,D008569,Association,17762,0.8320496531,AISKGConstrainedTransfer,full_document
36498839,18033,D007249,Association,18033,0.8871639006,AISKGConstrainedTransfer,full_document
36498839,18033,D008569,Association,18033,0.8498073878,AISKGConstrainedTransfer,full_document
36498839,227700,D007249,Association,227700,0.8851356117,AISKGConstrainedTransfer,full_document
36498839,227700,D008569,Association,227700,0.8320496531,AISKGConstrainedTransfer,full_document
36498839,351,4137,Positive_Correlation,4137,0.5114680473,AISKGConstrainedTransfer,full_document
36498839,351,56904,Positive_Correlation,56904,0.5114680473,AISKGConstrainedTransfer,full_document
36498839,351,79090,Association,,0.3959816647,AISKGConstrainedTransfer,full_document
36498839,351,9220,Positive_Correlation,9220,0.5114680473,AISKGConstrainedTransfer,full_document
36498839,351,D000544,Association,351,0.7641861787,AISKGConstrainedTransfer,full_document
36498839,351,D009447,Association,351,0.8747378274,AISKGConstrainedTransfer,full_document
36498839,351,D009498,Negative_Correlation,D009498,0.4006304642,AISKGConstrainedTransfer,full_document
36498839,351,D015655,Negative_Correlation,D015655,0.4085642204,AISKGConstrainedTransfer,full_document
36498839,351,D019636,Association,351,0.7683356344,AISKGConstrainedTransfer,full_document
36498839,4137,56904,Positive_Correlation,56904,0.494660282,AISKGConstrainedTransfer,full_document
36498839,4137,79090,Association,,0.390203306,AISKGConstrainedTransfer,full_document
36498839,4137,9220,Association,,0.390203306,AISKGConstrainedTransfer,full_document
36498839,4137,D009447,Association,4137,0.8749127169,AISKGConstrainedTransfer,full_document
36498839,4137,D009498,Negative_Correlation,D009498,0.3996356096,AISKGConstrainedTransfer,full_document
36498839,4137,D015655,Negative_Correlation,D015655,0.4057527887,AISKGConstrainedTransfer,full_document
36498839,51741,67091,Association,,0.4194450508,AISKGConstrainedTransfer,full_document
36498839,51741,79090,Association,,0.4194450508,AISKGConstrainedTransfer,full_document
36498839,51741,D000544,Association,51741,0.8768340658,AISKGConstrainedTransfer,full_document
36498839,51741,D008569,Association,51741,0.8073601695,AISKGConstrainedTransfer,full_document
36498839,51741,D010300,Association,51741,0.875534374,AISKGConstrainedTransfer,full_document
36498839,51741,D019636,Association,51741,0.7537695375,AISKGConstrainedTransfer,full_document
36498839,56904,9220,Positive_Correlation,9220,0.494660282,AISKGConstrainedTransfer,full_document
36498839,56904,D000544,Association,56904,0.754388781,AISKGConstrainedTransfer,full_document
36498839,56904,D009447,Association,56904,0.8749127169,AISKGConstrainedTransfer,full_document
36498839,56904,D009498,Negative_Correlation,D009498,0.3996356096,AISKGConstrainedTransfer,full_document
36498839,56904,D019636,Association,56904,0.7954481992,AISKGConstrainedTransfer,full_document
36498839,67091,D000544,Association,67091,0.880303365,AISKGConstrainedTransfer,full_document
36498839,67091,D007249,Association,67091,0.8851356117,AISKGConstrainedTransfer,full_document
36498839,67091,D008569,Association,67091,0.828050528,AISKGConstrainedTransfer,full_document
36498839,67091,D010300,Association,67091,0.8579047076,AISKGConstrainedTransfer,full_document
36498839,67091,D019636,Association,67091,0.70369547,AISKGConstrainedTransfer,full_document
36498839,79090,D000544,Association,79090,0.880303365,AISKGConstrainedTransfer,full_document
36498839,79090,D009447,Association,79090,0.8549054017,AISKGConstrainedTransfer,full_document
36498839,79090,D010300,Association,79090,0.8565944406,AISKGConstrainedTransfer,full_document
36498839,79090,D019636,Association,79090,0.70369547,AISKGConstrainedTransfer,full_document
36498839,9220,D000544,Association,9220,0.754388781,AISKGConstrainedTransfer,full_document
36498839,9220,D009447,Association,9220,0.8749127169,AISKGConstrainedTransfer,full_document
36498839,9220,D019636,Association,9220,0.7954481992,AISKGConstrainedTransfer,full_document
36498839,D000544,D015655,Positive_Correlation,D000544,0.4597518665,AISKGConstrainedTransfer,full_document
36498839,D009447,D009498,Positive_Correlation,D009447,0.5693508144,AISKGConstrainedTransfer,full_document
36498839,D009447,D015655,Positive_Correlation,D009447,0.5243748577,AISKGConstrainedTransfer,full_document
36498839,D010300,D015655,Positive_Correlation,D010300,0.3928469194,AISKGConstrainedTransfer,full_document
36499290,338,D002784,Positive_Correlation,D002784,0.4099522848,AISKGConstrainedTransfer,full_document
36499290,338,D003920,Association,338,0.8421730681,AISKGConstrainedTransfer,full_document
36499290,338,D024821,Association,338,0.8401651741,AISKGConstrainedTransfer,full_document
36499290,D002784,D003920,Positive_Correlation,D002784,0.5894537547,AISKGConstrainedTransfer,full_document
36499290,D003920,D008055,Positive_Correlation,D003920,0.4935011208,AISKGConstrainedTransfer,full_document
36499290,D008055,D024821,Positive_Correlation,D008055,0.5423715003,AISKGConstrainedTransfer,full_document
36499290,D024821,rs13306194,Positive_Correlation,,0.4402245331,AISKGConstrainedTransfer,full_document
36499290,D024821,rs144467873,Positive_Correlation,,0.4840324071,AISKGConstrainedTransfer,full_document
36499290,D024821,rs35131127,Positive_Correlation,,0.4402245331,AISKGConstrainedTransfer,full_document
36499290,D024821,rs4665709,Positive_Correlation,,0.4840324071,AISKGConstrainedTransfer,full_document
36499290,D024821,rs56213756,Positive_Correlation,,0.4402245331,AISKGConstrainedTransfer,full_document
36499290,D024821,rs679899,Positive_Correlation,,0.4402245331,AISKGConstrainedTransfer,full_document
36499314,7078,D009362,Association,7078,0.8112235786,AISKGConstrainedTransfer,full_document
36499314,7078,D009369,Association,7078,0.7565377556,AISKGConstrainedTransfer,full_document
36499314,7078,D012878,Association,7078,0.7242611337,AISKGConstrainedTransfer,full_document
36499314,D001151,D009369,Positive_Correlation,D001151,0.4944990433,AISKGConstrainedTransfer,full_document
36499314,D001151,D012878,Positive_Correlation,D001151,0.6165465858,AISKGConstrainedTransfer,full_document
36499314,D001151,rs2234921,Association,rs2234921,0.5600747554,AISKGConstrainedTransfer,full_document
36499314,D012878,rs2234921,Positive_Correlation,,0.5187160466,AISKGConstrainedTransfer,full_document
36499314,D012878,rs9619311,Positive_Correlation,,0.5956999537,AISKGConstrainedTransfer,full_document
36499743,2932,5464,Positive_Correlation,5464,0.577834255,AISKGConstrainedTransfer,full_document
36499743,324,5464,Positive_Correlation,5464,0.5757123038,AISKGConstrainedTransfer,full_document
36499743,406947,442904,Association,,0.465979475,AISKGConstrainedTransfer,full_document
36499743,406947,D001943,Association,406947,0.8379656265,AISKGConstrainedTransfer,full_document
36499743,406947,D002945,Positive_Correlation,D002945,0.4821862354,AISKGConstrainedTransfer,full_document
36499743,672,D001943,Association,672,0.8622358328,AISKGConstrainedTransfer,full_document
36499743,675,D001943,Association,675,0.8622358328,AISKGConstrainedTransfer,full_document
36499743,D001943,D002945,Positive_Correlation,D001943,0.6432552181,AISKGConstrainedTransfer,full_document
36499743,D001943,rs190708267,Positive_Correlation,,0.4960718526,AISKGConstrainedTransfer,full_document
36500726,142,D009336,Association,142,0.7438329688,AISKGConstrainedTransfer,full_document
36500726,308,D009336,Association,308,0.7424068887,AISKGConstrainedTransfer,full_document
36500726,54205,D009336,Association,54205,0.7488974224,AISKGConstrainedTransfer,full_document
36500726,54205,D011419,Negative_Correlation,D011419,0.4013899888,AISKGConstrainedTransfer,full_document
36500726,581,C031375,Negative_Correlation,C031375,0.5056276321,AISKGConstrainedTransfer,full_document
36500726,581,C096713,Negative_Correlation,C096713,0.5110367577,AISKGConstrainedTransfer,full_document
36500726,581,C507699,Negative_Correlation,C507699,0.5056276321,AISKGConstrainedTransfer,full_document
36500726,836,C031375,Negative_Correlation,C031375,0.498640235,AISKGConstrainedTransfer,full_document
36500726,836,C096713,Negative_Correlation,C096713,0.498640235,AISKGConstrainedTransfer,full_document
36500726,836,C507699,Negative_Correlation,C507699,0.4783537736,AISKGConstrainedTransfer,full_document
36500726,836,D009336,Association,836,0.7435131349,AISKGConstrainedTransfer,full_document
36500726,836,D011419,Positive_Correlation,D011419,0.4049222568,AISKGConstrainedTransfer,full_document
36500726,C039128,D007938,Negative_Correlation,C039128,0.5315977066,AISKGConstrainedTransfer,full_document
36500726,C039128,D010742,Negative_Correlation,D010742,0.4397722569,AISKGConstrainedTransfer,full_document
36500726,C039128,D014230,Negative_Correlation,D014230,0.6718772509,AISKGConstrainedTransfer,full_document
36500726,D007938,D010742,Negative_Correlation,D007938,0.5136310696,AISKGConstrainedTransfer,full_document
36500726,D007938,D014230,Negative_Correlation,D007938,0.468187267,AISKGConstrainedTransfer,full_document
36500726,D009336,D011419,Positive_Correlation,D009336,0.5597792158,AISKGConstrainedTransfer,full_document
36500726,D010742,D014230,Negative_Correlation,D014230,0.5013453759,AISKGConstrainedTransfer,full_document
36500726,D010742,D054198,Positive_Correlation,D010742,0.4546545412,AISKGConstrainedTransfer,full_document
36500726,D014230,D054198,Positive_Correlation,D014230,0.4568269546,AISKGConstrainedTransfer,full_document
36503542,116554,D000255,Negative_Correlation,D000255,0.5482393945,AISKGConstrainedTransfer,full_document
36503542,116554,D006930,Association,116554,0.8769343161,AISKGConstrainedTransfer,full_document
36503542,116554,D007249,Association,116554,0.8786486892,AISKGConstrainedTransfer,full_document
36503542,116554,D008070,Negative_Correlation,D008070,0.5482393945,AISKGConstrainedTransfer,full_document
36503542,116554,D013119,Association,116554,0.8774978666,AISKGConstrainedTransfer,full_document
36503542,116590,D000255,Negative_Correlation,D000255,0.5031191849,AISKGConstrainedTransfer,full_document
36503542,116590,D006930,Association,116590,0.8694813292,AISKGConstrainedTransfer,full_document
36503542,116590,D007249,Association,116590,0.880837104,AISKGConstrainedTransfer,full_document
36503542,116590,D008070,Negative_Correlation,D008070,0.5031191849,AISKGConstrainedTransfer,full_document
36503542,116590,D013119,Association,116590,0.8810368906,AISKGConstrainedTransfer,full_document
36503542,24253,287362,Association,,0.4852648345,AISKGConstrainedTransfer,full_document
36503542,24253,D000090862,Association,24253,0.7879067611,AISKGConstrainedTransfer,full_document
36503542,24253,D000255,Negative_Correlation,D000255,0.4932634107,AISKGConstrainedTransfer,full_document
36503542,24253,D008070,Negative_Correlation,D008070,0.4932634107,AISKGConstrainedTransfer,full_document
36503542,24253,D009437,Association,24253,0.8795493268,AISKGConstrainedTransfer,full_document
36503542,24253,D013119,Association,24253,0.7186276218,AISKGConstrainedTransfer,full_document
36503542,25155,D000255,Negative_Correlation,D000255,0.4982465367,AISKGConstrainedTransfer,full_document
36503542,25155,D006930,Association,25155,0.88153156,AISKGConstrainedTransfer,full_document
36503542,25155,D007249,Association,25155,0.8915966177,AISKGConstrainedTransfer,full_document
36503542,25155,D008070,Negative_Correlation,D008070,0.4982465367,AISKGConstrainedTransfer,full_document
36503542,25155,D013119,Association,25155,0.8890616704,AISKGConstrainedTransfer,full_document
36503542,25166,D000255,Negative_Correlation,D000255,0.407225403,AISKGConstrainedTransfer,full_document
36503542,25166,D006930,Association,25166,0.8889438305,AISKGConstrainedTransfer,full_document
36503542,25166,D007249,Association,25166,0.8808172358,AISKGConstrainedTransfer,full_document
36503542,25166,D008070,Negative_Correlation,D008070,0.407225403,AISKGConstrainedTransfer,full_document
36503542,25166,D013119,Association,25166,0.898268624,AISKGConstrainedTransfer,full_document
36503542,287362,315084,Association,,0.4033262715,AISKGConstrainedTransfer,full_document
36503542,287362,502902,Association,,0.4852648345,AISKGConstrainedTransfer,full_document
36503542,287362,D000090862,Association,287362,0.827205943,AISKGConstrainedTransfer,full_document
36503542,287362,D000255,Negative_Correlation,D000255,0.407225403,AISKGConstrainedTransfer,full_document
36503542,287362,D006930,Association,287362,0.8889438305,AISKGConstrainedTransfer,full_document
36503542,287362,D007249,Association,287362,0.8906771426,AISKGConstrainedTransfer,full_document
36503542,287362,D008070,Negative_Correlation,D008070,0.407225403,AISKGConstrainedTransfer,full_document
36503542,287362,D009437,Association,287362,0.7413514068,AISKGConstrainedTransfer,full_document
36503542,287362,D013119,Association,287362,0.898268624,AISKGConstrainedTransfer,full_document
36503542,315084,D000255,Negative_Correlation,D000255,0.407225403,AISKGConstrainedTransfer,full_document
36503542,315084,D006930,Association,315084,0.8995989817,AISKGConstrainedTransfer,full_document
36503542,315084,D007249,Association,315084,0.8808172358,AISKGConstrainedTransfer,full_document
36503542,315084,D008070,Negative_Correlation,D008070,0.407225403,AISKGConstrainedTransfer,full_document
36503542,315084,D013119,Association,315084,0.898268624,AISKGConstrainedTransfer,full_document
36503542,502902,D000090862,Association,502902,0.827205943,AISKGConstrainedTransfer,full_document
36503542,502902,D000255,Positive_Correlation,D000255,0.4234418136,AISKGConstrainedTransfer,full_document
36503542,502902,D006930,Association,502902,0.8889438305,AISKGConstrainedTransfer,full_document
36503542,502902,D007249,Association,502902,0.8906771426,AISKGConstrainedTransfer,full_document
36503542,502902,D008070,Positive_Correlation,D008070,0.4234418136,AISKGConstrainedTransfer,full_document
36503542,502902,D009422,Association,502902,0.9067096204,AISKGConstrainedTransfer,full_document
36503542,502902,D009437,Association,502902,0.8795493268,AISKGConstrainedTransfer,full_document
36503542,502902,D013119,Association,502902,0.7186276218,AISKGConstrainedTransfer,full_document
36503542,D000255,D013119,Positive_Correlation,D000255,0.5821327155,AISKGConstrainedTransfer,full_document
36503542,D008070,D013119,Positive_Correlation,D008070,0.5821327155,AISKGConstrainedTransfer,full_document
36511679,7015,D008577,Association,7015,0.4705029134,AISKGConstrainedTransfer,full_document
36511679,D000068258,D008577,Negative_Correlation,D000068258,0.4363374347,AISKGConstrainedTransfer,full_document
36511679,D000068338,D008577,Negative_Correlation,D000068338,0.4465832605,AISKGConstrainedTransfer,full_document
36511679,D000077210,D008577,Negative_Correlation,D000077210,0.4481558357,AISKGConstrainedTransfer,full_document
36511679,D008577,D015282,Negative_Correlation,D008577,0.4013942029,AISKGConstrainedTransfer,full_document
36512268,4524,875,Association,,0.4242958012,AISKGConstrainedTransfer,full_document
36512268,4524,D006712,Association,4524,0.8747381311,AISKGConstrainedTransfer,full_document
36512268,875,D006712,Association,875,0.8988255761,AISKGConstrainedTransfer,full_document
36512268,D006710,D006712,Positive_Correlation,D006710,0.6236906923,AISKGConstrainedTransfer,full_document
36512268,D006710,D008661,Positive_Correlation,D006710,0.6370712224,AISKGConstrainedTransfer,full_document
36512268,D006712,rs1194897557,Positive_Correlation,,0.4210500999,AISKGConstrainedTransfer,full_document
36512569,43740568,43740578,Positive_Correlation,43740578,0.4934750761,AISKGConstrainedTransfer,full_document
36520821,15511,26416,Association,,0.5126113765,AISKGConstrainedTransfer,full_document
36520821,15511,C093642,Negative_Correlation,C093642,0.5565080551,AISKGConstrainedTransfer,full_document
36520821,15511,C093973,Negative_Correlation,C093973,0.5565080551,AISKGConstrainedTransfer,full_document
36520821,15511,C432165,Negative_Correlation,C432165,0.5565080551,AISKGConstrainedTransfer,full_document
36520821,15511,C550733,Negative_Correlation,C550733,0.45001809,AISKGConstrainedTransfer,full_document
36520821,16193,26413,Association,,0.5239671026,AISKGConstrainedTransfer,full_document
36520821,16193,26416,Association,,0.5119751032,AISKGConstrainedTransfer,full_document
36520821,16193,26417,Association,,0.5239671026,AISKGConstrainedTransfer,full_document
36520821,16193,26419,Negative_Correlation,26419,0.4485602896,AISKGConstrainedTransfer,full_document
36520821,16193,C093642,Negative_Correlation,C093642,0.516469549,AISKGConstrainedTransfer,full_document
36520821,16193,C093973,Negative_Correlation,C093973,0.5687972007,AISKGConstrainedTransfer,full_document
36520821,16193,C432165,Negative_Correlation,C432165,0.52521767,AISKGConstrainedTransfer,full_document
36520821,16193,C550733,Negative_Correlation,C550733,0.5766331729,AISKGConstrainedTransfer,full_document
36520821,16193,C585893,Negative_Correlation,C585893,0.405546473,AISKGConstrainedTransfer,full_document
36520821,16193,D007249,Association,16193,0.9290289329,AISKGConstrainedTransfer,full_document
36520821,26413,26416,Association,,0.4999066733,AISKGConstrainedTransfer,full_document
36520821,26413,26419,Association,,0.3971157902,AISKGConstrainedTransfer,full_document
36520821,26413,C093973,Negative_Correlation,C093973,0.4321818008,AISKGConstrainedTransfer,full_document
36520821,26413,C432165,Negative_Correlation,C432165,0.4321818008,AISKGConstrainedTransfer,full_document
36520821,26413,D000527,Association,D000527,0.4516044658,AISKGConstrainedTransfer,full_document
36520821,26416,26417,Association,,0.4364914666,AISKGConstrainedTransfer,full_document
36520821,26416,C093642,Negative_Correlation,C093642,0.4870459348,AISKGConstrainedTransfer,full_document
36520821,26416,C585893,Negative_Correlation,C585893,0.4088653364,AISKGConstrainedTransfer,full_document
36520821,26416,D000527,Negative_Correlation,D000527,0.5133846948,AISKGConstrainedTransfer,full_document
36520821,26417,26419,Association,,0.3971157902,AISKGConstrainedTransfer,full_document
36520821,26417,C093973,Negative_Correlation,C093973,0.4321818008,AISKGConstrainedTransfer,full_document
36520821,26417,C432165,Negative_Correlation,C432165,0.4321818008,AISKGConstrainedTransfer,full_document
36520821,26417,D000527,Association,D000527,0.4516044658,AISKGConstrainedTransfer,full_document
36520821,26419,C093973,Negative_Correlation,C093973,0.5021028483,AISKGConstrainedTransfer,full_document
36520821,26419,C432165,Negative_Correlation,C432165,0.4573478388,AISKGConstrainedTransfer,full_document
36520821,26419,D000527,Negative_Correlation,D000527,0.5168308181,AISKGConstrainedTransfer,full_document
36520821,C093642,C550733,Negative_Correlation,C550733,0.505044998,AISKGConstrainedTransfer,full_document
36520821,C093642,D000527,Negative_Correlation,D000527,0.6572659747,AISKGConstrainedTransfer,full_document
36520821,C093973,D000527,Negative_Correlation,D000527,0.505044998,AISKGConstrainedTransfer,full_document
36520821,C432165,C550733,Negative_Correlation,C550733,0.505044998,AISKGConstrainedTransfer,full_document
36520821,C432165,C585893,Negative_Correlation,C585893,0.505044998,AISKGConstrainedTransfer,full_document
36520821,C432165,D000527,Negative_Correlation,D000527,0.505044998,AISKGConstrainedTransfer,full_document
36520821,C550733,D000527,Negative_Correlation,D000527,0.7407095639,AISKGConstrainedTransfer,full_document
36523794,4255,D003520,Negative_Correlation,D003520,0.3980902623,AISKGConstrainedTransfer,full_document
36523794,4255,D004317,Negative_Correlation,D004317,0.3980902623,AISKGConstrainedTransfer,full_document
36523794,4255,D005047,Negative_Correlation,D005047,0.3980902623,AISKGConstrainedTransfer,full_document
36523794,4255,D005557,Negative_Correlation,D005557,0.3955906951,AISKGConstrainedTransfer,full_document
36523794,4255,D007069,Negative_Correlation,D007069,0.3980902623,AISKGConstrainedTransfer,full_document
36523794,4255,D010232,Negative_Correlation,D010232,0.3945631911,AISKGConstrainedTransfer,full_document
36523794,4255,D012512,Association,4255,0.9387812395,AISKGConstrainedTransfer,full_document
36523794,4255,D014750,Negative_Correlation,D014750,0.3980902623,AISKGConstrainedTransfer,full_document
36523794,D000077146,D012512,Positive_Correlation,D000077146,0.5768704605,AISKGConstrainedTransfer,full_document
36523794,D000077204,D012512,Positive_Correlation,D000077204,0.5768704605,AISKGConstrainedTransfer,full_document
36523814,3458,D007249,Association,3458,0.8468617087,AISKGConstrainedTransfer,full_document
36523814,3458,D010300,Association,3458,0.8774207863,AISKGConstrainedTransfer,full_document
36523814,3458,D020078,Association,3458,0.8522725113,AISKGConstrainedTransfer,full_document
36523814,3553,D007249,Association,3553,0.8363564038,AISKGConstrainedTransfer,full_document
36523814,4790,D009573,Positive_Correlation,D009573,0.4697377658,AISKGConstrainedTransfer,full_document
36523814,4790,D010300,Association,4790,0.7939978031,AISKGConstrainedTransfer,full_document
36523814,4790,D015632,Positive_Correlation,D015632,0.5108145577,AISKGConstrainedTransfer,full_document
36523814,4790,D016627,Positive_Correlation,D016627,0.498898692,AISKGConstrainedTransfer,full_document
36523814,4843,D005947,Association,D005947,0.3928374671,AISKGConstrainedTransfer,full_document
36523814,4843,D007249,Association,4843,0.8423780852,AISKGConstrainedTransfer,full_document
36523814,4843,D009573,Positive_Correlation,D009573,0.5219618969,AISKGConstrainedTransfer,full_document
36523814,4843,D010300,Association,4843,0.7641815019,AISKGConstrainedTransfer,full_document
36523814,4843,D015632,Positive_Correlation,D015632,0.4584195064,AISKGConstrainedTransfer,full_document
36523814,4843,D016627,Positive_Correlation,D016627,0.5070123474,AISKGConstrainedTransfer,full_document
36523814,834,D007249,Association,834,0.8342619992,AISKGConstrainedTransfer,full_document
36523814,D005947,D007249,Positive_Correlation,D005947,0.5165032155,AISKGConstrainedTransfer,full_document
36523814,D005947,D010300,Positive_Correlation,D005947,0.4517487478,AISKGConstrainedTransfer,full_document
36523814,D005947,D020078,Positive_Correlation,D005947,0.5841973216,AISKGConstrainedTransfer,full_document
36523814,D009573,D010300,Positive_Correlation,D009573,0.6291373313,AISKGConstrainedTransfer,full_document
36523814,D010300,D015632,Positive_Correlation,D010300,0.6319869528,AISKGConstrainedTransfer,full_document
36523814,D010300,D016627,Positive_Correlation,D010300,0.6670355324,AISKGConstrainedTransfer,full_document
36527059,1588,D008175,Association,1588,0.6983443788,AISKGConstrainedTransfer,full_document
36527059,1588,D009369,Association,1588,0.858340391,AISKGConstrainedTransfer,full_document
36527059,D000077192,rs28757157,Positive_Correlation,,0.5455992312,AISKGConstrainedTransfer,full_document
36527059,D000077192,rs3751592,Positive_Correlation,,0.5455992312,AISKGConstrainedTransfer,full_document
36527059,D002294,rs28757157,Positive_Correlation,,0.5787769189,AISKGConstrainedTransfer,full_document
36527059,D002294,rs3751592,Positive_Correlation,,0.5022886025,AISKGConstrainedTransfer,full_document
36527059,D008175,rs28757157,Association,,0.4626350775,AISKGConstrainedTransfer,full_document
36527059,D008175,rs3751592,Association,,0.5478940938,AISKGConstrainedTransfer,full_document
36527059,D008175,rs59429575,Association,,0.5478940938,AISKGConstrainedTransfer,full_document
36527059,D009369,rs28757157,Positive_Correlation,,0.5723180983,AISKGConstrainedTransfer,full_document
36528612,26993,43740570,Association,,0.5207752391,AISKGConstrainedTransfer,full_document
36528612,26993,43740571,Association,,0.5632646627,AISKGConstrainedTransfer,full_document
36528612,43740568,D000086382,Association,43740568,0.8908066125,AISKGConstrainedTransfer,full_document
36528612,43740570,D000086382,Association,43740570,0.9052056672,AISKGConstrainedTransfer,full_document
36528612,43740571,D000086382,Association,43740571,0.9120546596,AISKGConstrainedTransfer,full_document
36528612,43740575,D000086382,Association,43740575,0.8922414938,AISKGConstrainedTransfer,full_document
36530994,3091,D000860,Association,3091,0.8306630187,AISKGConstrainedTransfer,full_document
36530994,3091,D006528,Association,3091,0.8238095927,AISKGConstrainedTransfer,full_document
36530994,445,51741,Positive_Correlation,51741,0.4308555082,AISKGConstrainedTransfer,full_document
36530994,445,D000860,Association,445,0.8306630187,AISKGConstrainedTransfer,full_document
36530994,445,D001120,Positive_Correlation,D001120,0.3984052233,AISKGConstrainedTransfer,full_document
36530994,445,D006528,Association,445,0.900415025,AISKGConstrainedTransfer,full_document
36530994,51741,79623,Association,,0.6238458885,AISKGConstrainedTransfer,full_document
36530994,51741,C512527,Negative_Correlation,C512527,0.4441702706,AISKGConstrainedTransfer,full_document
36530994,51741,D000860,Association,51741,0.8983915842,AISKGConstrainedTransfer,full_document
36530994,51741,D001120,Positive_Correlation,D001120,0.3984052233,AISKGConstrainedTransfer,full_document
36530994,51741,D006528,Association,51741,0.7840565352,AISKGConstrainedTransfer,full_document
36530994,51741,D009369,Association,51741,0.8740330222,AISKGConstrainedTransfer,full_document
36530994,C410216,D006528,Negative_Correlation,C410216,0.5402746159,AISKGConstrainedTransfer,full_document
36530994,C512527,D000860,Positive_Correlation,C512527,0.5004139603,AISKGConstrainedTransfer,full_document
36530994,C512527,D006528,Positive_Correlation,C512527,0.4730221992,AISKGConstrainedTransfer,full_document
36530994,C512527,rs13338697,Association,rs13338697,0.6415037206,AISKGConstrainedTransfer,full_document
36530994,C512527,rs6025211,Association,rs6025211,0.591351943,AISKGConstrainedTransfer,full_document
36530994,D000860,rs13338697,Positive_Correlation,,0.6149038797,AISKGConstrainedTransfer,full_document
36530994,D001120,rs13338697,Association,rs13338697,0.5115034166,AISKGConstrainedTransfer,full_document
36530994,D006528,rs13338697,Positive_Correlation,,0.712956497,AISKGConstrainedTransfer,full_document
36530994,D006528,rs6025211,Positive_Correlation,,0.4994973775,AISKGConstrainedTransfer,full_document
36530994,D009369,rs13338697,Positive_Correlation,,0.5043258948,AISKGConstrainedTransfer,full_document
36530994,D009369,rs6025211,Positive_Correlation,,0.5685732931,AISKGConstrainedTransfer,full_document
36531003,10111,367,Association,,0.5743430842,AISKGConstrainedTransfer,full_document
36531003,10111,4763,Association,,0.4675129897,AISKGConstrainedTransfer,full_document
36531003,10111,4851,Association,,0.6526212021,AISKGConstrainedTransfer,full_document
36531003,10111,5925,Association,,0.4652485053,AISKGConstrainedTransfer,full_document
36531003,10111,6098,Association,,0.5811417903,AISKGConstrainedTransfer,full_document
36531003,10111,672,Association,,0.4829565172,AISKGConstrainedTransfer,full_document
36531003,10111,675,Association,,0.57538773,AISKGConstrainedTransfer,full_document
36531003,10111,7157,Association,,0.6352109532,AISKGConstrainedTransfer,full_document
36531003,10111,D018297,Association,10111,0.8412120571,AISKGConstrainedTransfer,full_document
36531003,11200,D018297,Association,11200,0.766747331,AISKGConstrainedTransfer,full_document
36531003,207,4763,Association,,0.4675129897,AISKGConstrainedTransfer,full_document
36531003,207,5290,Association,,0.4846457583,AISKGConstrainedTransfer,full_document
36531003,207,5925,Association,,0.4652485053,AISKGConstrainedTransfer,full_document
36531003,207,672,Association,,0.4829565172,AISKGConstrainedTransfer,full_document
36531003,207,7157,Association,,0.442025277,AISKGConstrainedTransfer,full_document
36531003,207,D018297,Association,207,0.8934277446,AISKGConstrainedTransfer,full_document
36531003,367,4851,Association,,0.5458363131,AISKGConstrainedTransfer,full_document
36531003,367,6098,Association,,0.5925686516,AISKGConstrainedTransfer,full_document
36531003,367,675,Association,,0.5546230935,AISKGConstrainedTransfer,full_document
36531003,367,D018297,Association,367,0.8644051939,AISKGConstrainedTransfer,full_document
36531003,472,D010051,Association,472,0.8716810222,AISKGConstrainedTransfer,full_document
36531003,472,D018297,Association,472,0.8159259721,AISKGConstrainedTransfer,full_document
36531003,472,D049914,Association,472,0.8843215634,AISKGConstrainedTransfer,full_document
36531003,4763,5290,Association,,0.4917785054,AISKGConstrainedTransfer,full_document
36531003,4763,672,Association,,0.4979389859,AISKGConstrainedTransfer,full_document
36531003,4763,7157,Association,,0.4507209553,AISKGConstrainedTransfer,full_document
36531003,4763,D018297,Association,4763,0.8939088806,AISKGConstrainedTransfer,full_document
36531003,4851,6098,Association,,0.6504114367,AISKGConstrainedTransfer,full_document
36531003,4851,675,Association,,0.5581495964,AISKGConstrainedTransfer,full_document
36531003,4851,7157,Association,,0.516410615,AISKGConstrainedTransfer,full_document
36531003,4851,D018297,Association,4851,0.8321686568,AISKGConstrainedTransfer,full_document
36531003,5290,5925,Association,,0.458600505,AISKGConstrainedTransfer,full_document
36531003,5290,672,Association,,0.4829565172,AISKGConstrainedTransfer,full_document
36531003,5290,675,Association,,0.4802183328,AISKGConstrainedTransfer,full_document
36531003,5290,7157,Association,,0.442025277,AISKGConstrainedTransfer,full_document
36531003,5290,D018297,Association,5290,0.8934277446,AISKGConstrainedTransfer,full_document
36531003,5889,D010051,Association,5889,0.865081159,AISKGConstrainedTransfer,full_document
36531003,5889,D049914,Association,5889,0.8796068425,AISKGConstrainedTransfer,full_document
36531003,5890,D010051,Association,5890,0.865081159,AISKGConstrainedTransfer,full_document
36531003,5890,D049914,Association,5890,0.8796068425,AISKGConstrainedTransfer,full_document
36531003,5892,D010051,Association,5892,0.865081159,AISKGConstrainedTransfer,full_document
36531003,5892,D049914,Association,5892,0.8796068425,AISKGConstrainedTransfer,full_document
36531003,5925,672,Association,,0.4825650057,AISKGConstrainedTransfer,full_document
36531003,5925,675,Association,,0.471935011,AISKGConstrainedTransfer,full_document
36531003,5925,7157,Association,,0.4397469132,AISKGConstrainedTransfer,full_document
36531003,5925,D018297,Association,5925,0.8873989556,AISKGConstrainedTransfer,full_document
36531003,6098,675,Association,,0.6650268216,AISKGConstrainedTransfer,full_document
36531003,6098,7157,Association,,0.6352109532,AISKGConstrainedTransfer,full_document
36531003,6098,D018297,Association,6098,0.867255265,AISKGConstrainedTransfer,full_document
36531003,672,D010051,Association,672,0.8630382581,AISKGConstrainedTransfer,full_document
36531003,672,D018297,Association,672,0.8956614372,AISKGConstrainedTransfer,full_document
36531003,675,7157,Association,,0.6246892827,AISKGConstrainedTransfer,full_document
36531003,675,D010051,Association,675,0.8630382581,AISKGConstrainedTransfer,full_document
36531003,675,D018297,Association,675,0.8471338733,AISKGConstrainedTransfer,full_document
36531003,7157,D018297,Association,7157,0.8652041833,AISKGConstrainedTransfer,full_document
36531003,79728,D010051,Association,79728,0.865081159,AISKGConstrainedTransfer,full_document
36531003,79728,D049914,Association,79728,0.8796068425,AISKGConstrainedTransfer,full_document
36531003,83990,D010051,Association,83990,0.865081159,AISKGConstrainedTransfer,full_document
36531003,83990,D018297,Association,83990,0.7771346614,AISKGConstrainedTransfer,full_document
36531003,83990,D049914,Association,83990,0.8638762838,AISKGConstrainedTransfer,full_document
36531003,D018297,rs121908700,Positive_Correlation,,0.3990380825,AISKGConstrainedTransfer,full_document
36531003,D018297,rs28934578,Positive_Correlation,,0.4209228781,AISKGConstrainedTransfer,full_document
36531003,D018297,rs912203557,Positive_Correlation,,0.4036027409,AISKGConstrainedTransfer,full_document
36531218,101060264,28,Association,,0.5766839427,AISKGConstrainedTransfer,full_document
36531218,101060264,3455,Association,,0.5766839427,AISKGConstrainedTransfer,full_document
36531218,101060264,348,Association,,0.5708780295,AISKGConstrainedTransfer,full_document
36531218,101060264,7124,Association,,0.562888465,AISKGConstrainedTransfer,full_document
36531218,101060264,D007249,Association,101060264,0.8904796791,AISKGConstrainedTransfer,full_document
36531218,28,3455,Association,,0.5642440979,AISKGConstrainedTransfer,full_document
36531218,28,348,Association,,0.5619085717,AISKGConstrainedTransfer,full_document
36531218,28,7124,Association,,0.562888465,AISKGConstrainedTransfer,full_document
36531218,28,D007249,Association,28,0.8904796791,AISKGConstrainedTransfer,full_document
36531218,3455,348,Association,,0.5708780295,AISKGConstrainedTransfer,full_document
36531218,3455,7124,Association,,0.5744865123,AISKGConstrainedTransfer,full_document
36531218,3455,D007249,Association,3455,0.8890054022,AISKGConstrainedTransfer,full_document
36531218,348,7124,Association,,0.463946982,AISKGConstrainedTransfer,full_document
36531218,348,D007249,Association,348,0.8700236927,AISKGConstrainedTransfer,full_document
36531218,7124,D007249,Association,7124,0.8711679351,AISKGConstrainedTransfer,full_document
36531218,D007249,rs1799964,Association,,0.4827291185,AISKGConstrainedTransfer,full_document
36531218,D007249,rs1886814,Association,,0.5707432901,AISKGConstrainedTransfer,full_document
36531218,D007249,rs429358,Association,,0.5432057059,AISKGConstrainedTransfer,full_document
36531218,D007249,rs9975538,Association,,0.4827291185,AISKGConstrainedTransfer,full_document
36531775,2348,C567791,Association,2348,0.8603295117,AISKGConstrainedTransfer,full_document
36531775,C567791,D005492,Positive_Correlation,C567791,0.4471737831,AISKGConstrainedTransfer,full_document
36531775,C567791,rs200728335,Positive_Correlation,,0.562293823,AISKGConstrainedTransfer,full_document
36531775,D001259,D002955,Positive_Correlation,D001259,0.4477753011,AISKGConstrainedTransfer,full_document
36531775,D002955,D012640,Negative_Correlation,D002955,0.402270144,AISKGConstrainedTransfer,full_document
36531775,OMIM:615760,rs200728335,Positive_Correlation,,0.4581770131,AISKGConstrainedTransfer,full_document
36531961,10568,D012964,Association,D012964,0.4508441837,AISKGConstrainedTransfer,full_document
36531961,10991,D012964,Association,D012964,0.4508441837,AISKGConstrainedTransfer,full_document
36531961,1181,D012964,Association,D012964,0.4508441837,AISKGConstrainedTransfer,full_document
36531961,1187,D012964,Association,D012964,0.4508441837,AISKGConstrainedTransfer,full_document
36531961,23678,D012964,Association,D012964,0.3974000125,AISKGConstrainedTransfer,full_document
36531961,2890,D012964,Association,D012964,0.4508441837,AISKGConstrainedTransfer,full_document
36531961,2898,D012964,Association,D012964,0.4508441837,AISKGConstrainedTransfer,full_document
36531961,340024,D012964,Association,D012964,0.4508441837,AISKGConstrainedTransfer,full_document
36531961,3738,D012964,Association,D012964,0.3988372256,AISKGConstrainedTransfer,full_document
36531961,3741,D012964,Association,D012964,0.4041002875,AISKGConstrainedTransfer,full_document
36531961,3759,D012964,Association,D012964,0.4131242345,AISKGConstrainedTransfer,full_document
36531961,3768,D012964,Association,D012964,0.4353614942,AISKGConstrainedTransfer,full_document
36531961,3778,D012964,Association,D012964,0.3974000125,AISKGConstrainedTransfer,full_document
36531961,3784,D012964,Association,D012964,0.4131242345,AISKGConstrainedTransfer,full_document
36531961,478,D012964,Association,D012964,0.4794151658,AISKGConstrainedTransfer,full_document
36531961,55503,D012964,Association,D012964,0.3974000125,AISKGConstrainedTransfer,full_document
36531961,56302,D012964,Association,D012964,0.3974000125,AISKGConstrainedTransfer,full_document
36531961,6331,D012964,Association,D012964,0.4570358958,AISKGConstrainedTransfer,full_document
36531961,6337,D012964,Association,D012964,0.4618255608,AISKGConstrainedTransfer,full_document
36531961,6506,D012964,Association,D012964,0.4508441837,AISKGConstrainedTransfer,full_document
36531961,6507,D012964,Association,D012964,0.4508441837,AISKGConstrainedTransfer,full_document
36531961,6510,D012964,Association,D012964,0.4508441837,AISKGConstrainedTransfer,full_document
36531961,6511,D012964,Association,D012964,0.4508441837,AISKGConstrainedTransfer,full_document
36531961,6512,D012964,Association,D012964,0.4508441837,AISKGConstrainedTransfer,full_document
36531961,6523,D012964,Association,D012964,0.4508441837,AISKGConstrainedTransfer,full_document
36531961,6535,D012964,Association,D012964,0.4508441837,AISKGConstrainedTransfer,full_document
36531961,6550,D012964,Association,D012964,0.4356012139,AISKGConstrainedTransfer,full_document
36531961,6569,D012964,Association,D012964,0.4508441837,AISKGConstrainedTransfer,full_document
36531961,9058,D012964,Association,D012964,0.4557470311,AISKGConstrainedTransfer,full_document
36531961,91544,D012964,Association,D012964,0.3974000125,AISKGConstrainedTransfer,full_document
36533174,9379,D010300,Association,9379,0.8793901175,AISKGConstrainedTransfer,full_document
36533174,9379,D019636,Association,9379,0.8802650542,AISKGConstrainedTransfer,full_document
36533174,D010300,p|SUB|G|849|D,Association,,0.5119587949,AISKGConstrainedTransfer,full_document
36542547,8291,C537995,Association,8291,0.8849522248,AISKGConstrainedTransfer,full_document
36542547,C537995,c|DUP|407||,Positive_Correlation,,0.4301968826,AISKGConstrainedTransfer,full_document
36542547,C537995,c|SUB|C|1397+649|T,Positive_Correlation,,0.5433391728,AISKGConstrainedTransfer,full_document
36548088,16333,D015430,Association,16333,0.7434315429,AISKGConstrainedTransfer,full_document
36548088,16337,D015430,Association,16337,0.765831377,AISKGConstrainedTransfer,full_document
36548088,D005947,p|SUB|L|973|F,Association,p|SUB|L|973|F,0.5766955711,AISKGConstrainedTransfer,full_document
36548088,D015430,p|SUB|L|973|F,Positive_Correlation,,0.5901525382,AISKGConstrainedTransfer,full_document
36548551,24248,D007249,Association,24248,0.7632155498,AISKGConstrainedTransfer,full_document
36548551,24494,D007249,Association,24494,0.804341404,AISKGConstrainedTransfer,full_document
36548551,24786,D007249,Association,24786,0.7546261654,AISKGConstrainedTransfer,full_document
36548551,24835,D007249,Association,24835,0.7598601879,AISKGConstrainedTransfer,full_document
36548551,C091888,D007249,Negative_Correlation,C091888,0.480549996,AISKGConstrainedTransfer,full_document
36548551,C091888,D008569,Positive_Correlation,C091888,0.5256326967,AISKGConstrainedTransfer,full_document
36548551,C091888,D019954,Positive_Correlation,C091888,0.559957248,AISKGConstrainedTransfer,full_document
36548551,C091888,D020258,Negative_Correlation,C091888,0.5476101311,AISKGConstrainedTransfer,full_document
36548551,D003300,D007249,Positive_Correlation,D003300,0.4970197553,AISKGConstrainedTransfer,full_document
36548551,D003300,D008569,Positive_Correlation,D003300,0.5256326967,AISKGConstrainedTransfer,full_document
36548551,D003300,D019954,Positive_Correlation,D003300,0.5640815922,AISKGConstrainedTransfer,full_document
36548551,D003300,D020258,Negative_Correlation,D003300,0.5204310873,AISKGConstrainedTransfer,full_document
36548551,D007249,D008063,Positive_Correlation,D007249,0.5136801976,AISKGConstrainedTransfer,full_document
36548551,D007249,D009573,Positive_Correlation,D007249,0.4998434426,AISKGConstrainedTransfer,full_document
36548551,D007249,D017382,Positive_Correlation,D007249,0.5415860596,AISKGConstrainedTransfer,full_document
36548551,D007249,D017392,Positive_Correlation,D007249,0.5517530711,AISKGConstrainedTransfer,full_document
36548551,D008063,D008569,Positive_Correlation,D008063,0.5347970506,AISKGConstrainedTransfer,full_document
36548551,D008063,D019954,Positive_Correlation,D008063,0.5191577181,AISKGConstrainedTransfer,full_document
36548551,D008063,D020258,Negative_Correlation,D008063,0.5366034919,AISKGConstrainedTransfer,full_document
36551633,4914,D009369,Association,4914,0.8758415265,AISKGConstrainedTransfer,full_document
36551633,4914,D016606,Association,4914,0.8875865242,AISKGConstrainedTransfer,full_document
36551633,4916,D009369,Association,4916,0.8758415265,AISKGConstrainedTransfer,full_document
36551633,4916,D016606,Association,4916,0.8875865242,AISKGConstrainedTransfer,full_document
36551633,5728,D009369,Association,5728,0.8721703361,AISKGConstrainedTransfer,full_document
36551633,5728,D016606,Association,5728,0.8754160749,AISKGConstrainedTransfer,full_document
36551633,673,D009369,Association,673,0.8702757282,AISKGConstrainedTransfer,full_document
36551633,673,D016606,Association,673,0.8794596151,AISKGConstrainedTransfer,full_document
36551633,7157,D009369,Association,7157,0.8748824191,AISKGConstrainedTransfer,full_document
36551633,7157,D016606,Association,7157,0.8857965479,AISKGConstrainedTransfer,full_document
36551633,D009369,rs113488022,Association,,0.5755545734,AISKGConstrainedTransfer,full_document
36551633,D016606,rs113488022,Association,,0.509040689,AISKGConstrainedTransfer,full_document
36552614,18024,C004999,Negative_Correlation,C004999,0.4108583963,AISKGConstrainedTransfer,full_document
36552614,18024,C012843,Negative_Correlation,C012843,0.4162226624,AISKGConstrainedTransfer,full_document
36552614,18024,C016766,Negative_Correlation,C016766,0.4069544469,AISKGConstrainedTransfer,full_document
36552614,18024,C032005,Negative_Correlation,C032005,0.4069544469,AISKGConstrainedTransfer,full_document
36552614,18024,C040920,Negative_Correlation,C040920,0.4150198602,AISKGConstrainedTransfer,full_document
36552614,18024,D002726,Negative_Correlation,D002726,0.4108004721,AISKGConstrainedTransfer,full_document
36552614,18024,D003092,Association,18024,0.8483206281,AISKGConstrainedTransfer,full_document
36552614,18024,D007249,Association,18024,0.8177362048,AISKGConstrainedTransfer,full_document
36552614,18024,D016264,Negative_Correlation,D016264,0.4327020859,AISKGConstrainedTransfer,full_document
36552614,50868,C016766,Negative_Correlation,C016766,0.4351469623,AISKGConstrainedTransfer,full_document
36552614,50868,C040920,Negative_Correlation,C040920,0.4415907054,AISKGConstrainedTransfer,full_document
36552614,50868,D003092,Association,50868,0.8274328242,AISKGConstrainedTransfer,full_document
36552614,50868,D007249,Association,50868,0.84842069,AISKGConstrainedTransfer,full_document
36552614,50868,D016264,Negative_Correlation,D016264,0.4327020859,AISKGConstrainedTransfer,full_document
36552614,C004999,D003092,Positive_Correlation,C004999,0.4508162968,AISKGConstrainedTransfer,full_document
36552614,C004999,D007249,Positive_Correlation,C004999,0.4676361367,AISKGConstrainedTransfer,full_document
36552614,C012843,D003092,Positive_Correlation,C012843,0.4414488847,AISKGConstrainedTransfer,full_document
36552614,C012843,D007249,Positive_Correlation,C012843,0.4630616633,AISKGConstrainedTransfer,full_document
36552614,C016766,D003092,Positive_Correlation,C016766,0.4739596945,AISKGConstrainedTransfer,full_document
36552614,C016766,D007249,Positive_Correlation,C016766,0.4591960489,AISKGConstrainedTransfer,full_document
36552614,C016766,D016264,Negative_Correlation,D016264,0.405285288,AISKGConstrainedTransfer,full_document
36552614,C032005,D003092,Positive_Correlation,C032005,0.4371912888,AISKGConstrainedTransfer,full_document
36552614,C032005,D007249,Positive_Correlation,C032005,0.4231184619,AISKGConstrainedTransfer,full_document
36552614,C040920,D002726,Negative_Correlation,D002726,0.4013769545,AISKGConstrainedTransfer,full_document
36552614,C040920,D003092,Negative_Correlation,C040920,0.4552482345,AISKGConstrainedTransfer,full_document
36552614,C040920,D007249,Positive_Correlation,C040920,0.4175779307,AISKGConstrainedTransfer,full_document
36552614,C040920,D016264,Negative_Correlation,D016264,0.4720262873,AISKGConstrainedTransfer,full_document
36552614,D002726,D003092,Positive_Correlation,D002726,0.4805234263,AISKGConstrainedTransfer,full_document
36552614,D002726,D007249,Positive_Correlation,D002726,0.4298657021,AISKGConstrainedTransfer,full_document
36552614,D003092,D016264,Positive_Correlation,D003092,0.562841507,AISKGConstrainedTransfer,full_document
36552614,D007249,D016264,Positive_Correlation,D007249,0.3987467655,AISKGConstrainedTransfer,full_document
36553811,D004220,c|SUB|G|28|C,Association,c|SUB|G|28|C,0.5621113632,AISKGConstrainedTransfer,full_document
36553811,D004220,p|SUB|A|37|P,Association,p|SUB|A|37|P,0.567514954,AISKGConstrainedTransfer,full_document
36553811,D004220,p|SUB|M|176|V,Association,p|SUB|M|176|V,0.567514954,AISKGConstrainedTransfer,full_document
36553811,D004220,p|SUB|M|294|R,Association,p|SUB|M|294|R,0.5621113632,AISKGConstrainedTransfer,full_document
36553811,D004220,p|SUB|P|206|C,Association,p|SUB|P|206|C,0.5621113632,AISKGConstrainedTransfer,full_document
36553811,D004220,p|SUB|Q|34|P,Association,p|SUB|Q|34|P,0.567514954,AISKGConstrainedTransfer,full_document
36553811,D004220,rs756784071,Association,rs756784071,0.567514954,AISKGConstrainedTransfer,full_document
36555402,2879,D006973,Association,2879,0.8577050769,AISKGConstrainedTransfer,full_document
36555402,2879,D011225,Association,2879,0.7821546436,AISKGConstrainedTransfer,full_document
36555402,2879,D015179,Association,2879,0.7696449931,AISKGConstrainedTransfer,full_document
36555402,2879,D020521,Association,2879,0.8412170059,AISKGConstrainedTransfer,full_document
36555402,D006973,rs713041,Positive_Correlation,,0.6247808204,AISKGConstrainedTransfer,full_document
36555402,D009369,D012643,Positive_Correlation,D009369,0.4732593447,AISKGConstrainedTransfer,full_document
36555402,D009369,rs713041,Positive_Correlation,,0.4519179494,AISKGConstrainedTransfer,full_document
36555402,D011225,rs713041,Positive_Correlation,,0.629659952,AISKGConstrainedTransfer,full_document
36555402,D012643,rs713041,Association,rs713041,0.4908654264,AISKGConstrainedTransfer,full_document
36555402,D015179,rs173041,Positive_Correlation,,0.5277469755,AISKGConstrainedTransfer,full_document
36555402,D015179,rs713041,Positive_Correlation,,0.5512285939,AISKGConstrainedTransfer,full_document
36555402,D020521,rs713041,Positive_Correlation,,0.6305927391,AISKGConstrainedTransfer,full_document
36558016,C000615229,C004312,Conversion,C004312,0.5307352121,AISKGConstrainedTransfer,full_document
36558016,C000615229,C013690,Conversion,C013690,0.5304720236,AISKGConstrainedTransfer,full_document
36558016,C000615229,C029899,Negative_Correlation,C029899,0.4470211628,AISKGConstrainedTransfer,full_document
36558016,C000615229,D004811,Conversion,D004811,0.5307352121,AISKGConstrainedTransfer,full_document
36558016,C000615229,D012825,Cotreatment,,0.432990814,AISKGConstrainedTransfer,full_document
36558016,C004312,C013690,Conversion,C013690,0.6235466383,AISKGConstrainedTransfer,full_document
36558016,C004312,C029899,Conversion,C029899,0.6366387909,AISKGConstrainedTransfer,full_document
36558016,C004312,C049037,Conversion,C049037,0.6265863148,AISKGConstrainedTransfer,full_document
36558016,C004312,D002245,Conversion,D002245,0.5713667421,AISKGConstrainedTransfer,full_document
36558016,C004312,D002254,Conversion,D002254,0.6313065466,AISKGConstrainedTransfer,full_document
36558016,C004312,D004811,Conversion,D004811,0.6490389083,AISKGConstrainedTransfer,full_document
36558016,C004312,D004852,Conversion,D004852,0.6490389083,AISKGConstrainedTransfer,full_document
36558016,C004312,D008277,Conversion,D008277,0.6265863148,AISKGConstrainedTransfer,full_document
36558016,C004312,D009584,Conversion,D009584,0.5434586369,AISKGConstrainedTransfer,full_document
36558016,C004312,D012825,Conversion,D012825,0.5307352121,AISKGConstrainedTransfer,full_document
36558016,C013690,C029899,Conversion,C029899,0.6501598603,AISKGConstrainedTransfer,full_document
36558016,C013690,C049037,Conversion,C049037,0.6428812953,AISKGConstrainedTransfer,full_document
36558016,C013690,D002245,Conversion,D002245,0.5499284734,AISKGConstrainedTransfer,full_document
36558016,C013690,D002254,Conversion,D002254,0.6460646726,AISKGConstrainedTransfer,full_document
36558016,C013690,D004811,Conversion,D004811,0.6505852025,AISKGConstrainedTransfer,full_document
36558016,C013690,D004852,Conversion,D004852,0.6285960953,AISKGConstrainedTransfer,full_document
36558016,C013690,D008277,Conversion,D008277,0.6581527949,AISKGConstrainedTransfer,full_document
36558016,C013690,D009584,Conversion,D009584,0.5450969051,AISKGConstrainedTransfer,full_document
36558016,C013690,D012825,Conversion,D012825,0.5313804032,AISKGConstrainedTransfer,full_document
36558016,C029899,C049037,Conversion,C049037,0.6542816641,AISKGConstrainedTransfer,full_document
36558016,C029899,D002245,Conversion,D002245,0.5736642013,AISKGConstrainedTransfer,full_document
36558016,C029899,D002254,Conversion,D002254,0.6379458437,AISKGConstrainedTransfer,full_document
36558016,C029899,D004811,Conversion,D004811,0.6481533495,AISKGConstrainedTransfer,full_document
36558016,C029899,D004852,Conversion,D004852,0.6332521799,AISKGConstrainedTransfer,full_document
36558016,C029899,D012825,Cotreatment,,0.4082520663,AISKGConstrainedTransfer,full_document
36558016,C049037,D002245,Association,C049037,0.4238856556,AISKGConstrainedTransfer,full_document
36558016,C049037,D002254,Conversion,D002254,0.6527133214,AISKGConstrainedTransfer,full_document
36558016,C049037,D004811,Conversion,D004811,0.6419236935,AISKGConstrainedTransfer,full_document
36558016,C049037,D004852,Conversion,D004852,0.6265863148,AISKGConstrainedTransfer,full_document
36558016,C049037,D008277,Conversion,D008277,0.6490389083,AISKGConstrainedTransfer,full_document
36558016,C049037,D009584,Conversion,D009584,0.5434586369,AISKGConstrainedTransfer,full_document
36558016,C509969,D002245,Conversion,D002245,0.6015012519,AISKGConstrainedTransfer,full_document
36558016,C509969,D002254,Conversion,D002254,0.5591870535,AISKGConstrainedTransfer,full_document
36558016,C509969,D004852,Conversion,D004852,0.6015012519,AISKGConstrainedTransfer,full_document
36558016,D000535,D000641,Association,D000535,0.4159168812,AISKGConstrainedTransfer,full_document
36558016,D000535,D002245,Conversion,D002245,0.6050492208,AISKGConstrainedTransfer,full_document
36558016,D000535,D002254,Conversion,D002254,0.5920950761,AISKGConstrainedTransfer,full_document
36558016,D000535,D004852,Conversion,D004852,0.6015012519,AISKGConstrainedTransfer,full_document
36558016,D000535,D008277,Association,D000535,0.4926024123,AISKGConstrainedTransfer,full_document
36558016,D002245,D004811,Conversion,D004811,0.5480842846,AISKGConstrainedTransfer,full_document
36558016,D002245,D004852,Conversion,D004852,0.6948211761,AISKGConstrainedTransfer,full_document
36558016,D002245,D008277,Conversion,D008277,0.5927128406,AISKGConstrainedTransfer,full_document
36558016,D002254,D004811,Conversion,D004811,0.6416478281,AISKGConstrainedTransfer,full_document
36558016,D002254,D004852,Conversion,D004852,0.6960760963,AISKGConstrainedTransfer,full_document
36558016,D002254,D008277,Conversion,D008277,0.6416478281,AISKGConstrainedTransfer,full_document
36558016,D004811,D004852,Conversion,D004852,0.6265863148,AISKGConstrainedTransfer,full_document
36558016,D004811,D008277,Conversion,D008277,0.6419236935,AISKGConstrainedTransfer,full_document
36558016,D004811,D009584,Conversion,D009584,0.5434586369,AISKGConstrainedTransfer,full_document
36558016,D004811,D012825,Conversion,D012825,0.5307352121,AISKGConstrainedTransfer,full_document
36558016,D004852,D008277,Conversion,D008277,0.6419236935,AISKGConstrainedTransfer,full_document
36558016,D008277,D009584,Conversion,D009584,0.5434586369,AISKGConstrainedTransfer,full_document
36558033,1956,D002289,Association,1956,0.7835330543,AISKGConstrainedTransfer,full_document
36558033,1956,D011810,Negative_Correlation,D011810,0.4439487165,AISKGConstrainedTransfer,full_document
36558033,D011810,rs1057519861,Association,rs1057519861,0.529091078,AISKGConstrainedTransfer,full_document
36558033,D011810,rs121434568,Association,rs121434568,0.529091078,AISKGConstrainedTransfer,full_document
36558033,D011810,rs121434569,Association,rs121434569,0.529091078,AISKGConstrainedTransfer,full_document
36559664,12606,12608,Association,,0.5356251301,AISKGConstrainedTransfer,full_document
36559664,12606,19016,Association,,0.4994164415,AISKGConstrainedTransfer,full_document
36559664,12606,19225,Association,,0.4906240888,AISKGConstrainedTransfer,full_document
36559664,12606,D007249,Association,12606,0.8316379647,AISKGConstrainedTransfer,full_document
36559664,12608,19225,Association,,0.4906240888,AISKGConstrainedTransfer,full_document
36559664,12608,D007249,Association,12608,0.8121151346,AISKGConstrainedTransfer,full_document
36559664,18126,19225,Association,,0.5354461476,AISKGConstrainedTransfer,full_document
36559664,18126,D007249,Association,18126,0.8318510294,AISKGConstrainedTransfer,full_document
36559664,19016,D007249,Association,19016,0.8122462298,AISKGConstrainedTransfer,full_document
36559664,19225,D007249,Association,19225,0.8039224236,AISKGConstrainedTransfer,full_document
36559664,C007768,D007249,Positive_Correlation,C007768,0.482933897,AISKGConstrainedTransfer,full_document
36559664,C007768,D008055,Association,C007768,0.5153403316,AISKGConstrainedTransfer,full_document
36559664,C039602,D007249,Positive_Correlation,C039602,0.482933897,AISKGConstrainedTransfer,full_document
36559664,C039602,D008055,Association,C039602,0.4367816291,AISKGConstrainedTransfer,full_document
36559664,D000077385,D007249,Positive_Correlation,D000077385,0.482933897,AISKGConstrainedTransfer,full_document
36559664,D000077385,D008055,Association,D000077385,0.5153403316,AISKGConstrainedTransfer,full_document
36559664,D005419,D007249,Positive_Correlation,D005419,0.4645723559,AISKGConstrainedTransfer,full_document
36559664,D007249,D008055,Positive_Correlation,D007249,0.4603441969,AISKGConstrainedTransfer,full_document
36568277,2290,5587,Positive_Correlation,5587,0.4328987906,AISKGConstrainedTransfer,full_document
36568277,2290,C567924,Association,2290,0.8993579669,AISKGConstrainedTransfer,full_document
36568277,2290,D008607,Association,2290,0.8989820376,AISKGConstrainedTransfer,full_document
36568277,2290,D015518,Association,2290,0.86660266,AISKGConstrainedTransfer,full_document
36568277,2290,D065886,Association,2290,0.8636596725,AISKGConstrainedTransfer,full_document
36568277,4204,5587,Association,,0.4715612241,AISKGConstrainedTransfer,full_document
36568277,4204,D015518,Association,4204,0.86660266,AISKGConstrainedTransfer,full_document
36568277,5587,6792,Association,,0.4715612241,AISKGConstrainedTransfer,full_document
36568277,5587,D015518,Association,5587,0.86549083,AISKGConstrainedTransfer,full_document
36568277,6792,D015518,Association,6792,0.8737167367,AISKGConstrainedTransfer,full_document
36568277,D008607,c|SUB|G|385|T,Positive_Correlation,,0.5622906346,AISKGConstrainedTransfer,full_document
36568277,D008607,p|SUB|E|129|X,Positive_Correlation,,0.522313479,AISKGConstrainedTransfer,full_document
36568277,D065886,c|SUB|G|385|T,Positive_Correlation,,0.6010229751,AISKGConstrainedTransfer,full_document
36568277,D065886,p|SUB|E|129|X,Positive_Correlation,,0.5661619409,AISKGConstrainedTransfer,full_document
36568392,7054,C538007,Association,7054,0.8234075172,AISKGConstrainedTransfer,full_document
36568392,7054,D001927,Association,7054,0.8263548977,AISKGConstrainedTransfer,full_document
36568392,7054,D002395,Association,D002395,0.5991639177,AISKGConstrainedTransfer,full_document
36568392,7054,D004298,Positive_Correlation,D004298,0.4570499318,AISKGConstrainedTransfer,full_document
36568392,7054,D004421,Association,7054,0.865448694,AISKGConstrainedTransfer,full_document
36568392,7054,D014202,Association,7054,0.8424858825,AISKGConstrainedTransfer,full_document
36568392,C538007,D002395,Positive_Correlation,C538007,0.490021087,AISKGConstrainedTransfer,full_document
36568392,C538007,D004298,Positive_Correlation,C538007,0.523497598,AISKGConstrainedTransfer,full_document
36568392,C538007,D007980,Positive_Correlation,C538007,0.5371331476,AISKGConstrainedTransfer,full_document
36568392,D001927,D004298,Positive_Correlation,D001927,0.5520308528,AISKGConstrainedTransfer,full_document
36568392,D002395,D004298,Association,D002395,0.5710896251,AISKGConstrainedTransfer,full_document
36568392,D004298,D004421,Positive_Correlation,D004298,0.5109342705,AISKGConstrainedTransfer,full_document
36568392,D004298,D014202,Positive_Correlation,D004298,0.5650209057,AISKGConstrainedTransfer,full_document
36568436,26276,C535382,Association,26276,0.9064184902,AISKGConstrainedTransfer,full_document
36568436,26276,D030342,Association,26276,0.9198011634,AISKGConstrainedTransfer,full_document
36568436,63894,C535382,Association,63894,0.8792244962,AISKGConstrainedTransfer,full_document
36568436,63894,D030342,Association,63894,0.9230673434,AISKGConstrainedTransfer,full_document
36571426,100508689,6664,Positive_Correlation,6664,0.4095457898,AISKGConstrainedTransfer,full_document
36571426,140806,53603,Positive_Correlation,53603,0.3973926237,AISKGConstrainedTransfer,full_document
36571426,140806,541307,Positive_Correlation,541307,0.4001309454,AISKGConstrainedTransfer,full_document
36571426,140806,D065631,Association,140806,0.8217628134,AISKGConstrainedTransfer,full_document
36571426,17833,53603,Positive_Correlation,53603,0.4110340266,AISKGConstrainedTransfer,full_document
36571426,17833,541307,Positive_Correlation,541307,0.4207719376,AISKGConstrainedTransfer,full_document
36571426,17833,6664,Association,,0.465567384,AISKGConstrainedTransfer,full_document
36571426,17833,D065631,Association,17833,0.8276105704,AISKGConstrainedTransfer,full_document
36571426,20666,D065631,Association,20666,0.811174635,AISKGConstrainedTransfer,full_document
36571426,4586,6664,Positive_Correlation,6664,0.4351544798,AISKGConstrainedTransfer,full_document
36571426,4586,D018793,Negative_Correlation,D018793,0.4590268801,AISKGConstrainedTransfer,full_document
36571426,53603,541307,Positive_Correlation,541307,0.4201222421,AISKGConstrainedTransfer,full_document
36571426,53603,77125,Positive_Correlation,77125,0.3973926237,AISKGConstrainedTransfer,full_document
36571426,53603,D065631,Association,53603,0.8349388426,AISKGConstrainedTransfer,full_document
36571426,541307,6664,Association,,0.4110726047,AISKGConstrainedTransfer,full_document
36571426,541307,77125,Positive_Correlation,77125,0.4001309454,AISKGConstrainedTransfer,full_document
36571426,541307,D065631,Association,541307,0.8270679037,AISKGConstrainedTransfer,full_document
36571426,6664,6778,Association,,0.399409678,AISKGConstrainedTransfer,full_document
36571426,6664,D007249,Association,6664,0.8812065927,AISKGConstrainedTransfer,full_document
36571426,6664,D065631,Association,6664,0.7585911856,AISKGConstrainedTransfer,full_document
36571426,77125,D065631,Association,77125,0.8217628134,AISKGConstrainedTransfer,full_document
36571426,D006632,D010047,Comparison,,0.452750793,AISKGConstrainedTransfer,full_document
36571426,D006632,D065631,Positive_Correlation,D006632,0.6285418392,AISKGConstrainedTransfer,full_document
36571426,D010047,D065631,Positive_Correlation,D010047,0.6696672632,AISKGConstrainedTransfer,full_document
36572978,2155,D004844,Association,2155,0.846666218,AISKGConstrainedTransfer,full_document
36572978,2155,D005168,Association,2155,0.8354354597,AISKGConstrainedTransfer,full_document
36572978,2155,D008595,Association,2155,0.846666218,AISKGConstrainedTransfer,full_document
36572978,D005168,rs1250853566,Positive_Correlation,,0.441017799,AISKGConstrainedTransfer,full_document
36572978,D005168,rs376168927,Positive_Correlation,,0.4533169635,AISKGConstrainedTransfer,full_document
36578343,C011006,C030737,Negative_Correlation,C030737,0.4590381826,AISKGConstrainedTransfer,full_document
36578343,C011006,D000040,Negative_Correlation,D000040,0.4590381826,AISKGConstrainedTransfer,full_document
36578343,C011006,D002104,Negative_Correlation,D002104,0.607149489,AISKGConstrainedTransfer,full_document
36578343,C011006,D005459,Negative_Correlation,D005459,0.4920355828,AISKGConstrainedTransfer,full_document
36578343,C011006,D020156,Negative_Correlation,D020156,0.4522750877,AISKGConstrainedTransfer,full_document
36578343,C030737,D000040,Negative_Correlation,D000040,0.4590381826,AISKGConstrainedTransfer,full_document
36578343,C030737,D002104,Negative_Correlation,D002104,0.5078943359,AISKGConstrainedTransfer,full_document
36578343,C030737,D005459,Negative_Correlation,D005459,0.4920355828,AISKGConstrainedTransfer,full_document
36578343,C030737,D020156,Negative_Correlation,D020156,0.4590381826,AISKGConstrainedTransfer,full_document
36578343,C540010,D002104,Negative_Correlation,D002104,0.4665901982,AISKGConstrainedTransfer,full_document
36578343,C540010,D002241,Negative_Correlation,D002241,0.6269484532,AISKGConstrainedTransfer,full_document
36578343,C540010,D011392,Negative_Correlation,D011392,0.6391373811,AISKGConstrainedTransfer,full_document
36578343,D000040,D002104,Negative_Correlation,D002104,0.607149489,AISKGConstrainedTransfer,full_document
36578343,D000040,D005459,Negative_Correlation,D005459,0.5908761822,AISKGConstrainedTransfer,full_document
36578343,D000040,D020156,Negative_Correlation,D020156,0.4522750877,AISKGConstrainedTransfer,full_document
36578343,D002104,D012969,Negative_Correlation,D012969,0.4364640136,AISKGConstrainedTransfer,full_document
36578343,D002104,D020156,Negative_Correlation,D020156,0.5811933892,AISKGConstrainedTransfer,full_document
36578343,D002118,D005459,Negative_Correlation,D005459,0.3910551604,AISKGConstrainedTransfer,full_document
36578343,D002241,D011392,Negative_Correlation,D011392,0.6391373811,AISKGConstrainedTransfer,full_document
36578343,D005459,D020156,Negative_Correlation,D020156,0.5632011206,AISKGConstrainedTransfer,full_document
36583021,5805,C003402,Association,C003402,0.4902679152,AISKGConstrainedTransfer,full_document
36583021,5805,C535325,Association,5805,0.879990966,AISKGConstrainedTransfer,full_document
36583021,5805,D010661,Association,5805,0.8483120164,AISKGConstrainedTransfer,full_document
36583021,C003402,D010661,Positive_Correlation,C003402,0.5425766273,AISKGConstrainedTransfer,full_document
36583021,C535325,c|INS|46_147|TG,Association,,0.5081149661,AISKGConstrainedTransfer,full_document
36583021,C535325,c|SUB|A|164-36|G,Positive_Correlation,,0.5365252425,AISKGConstrainedTransfer,full_document
36585034,1602,4160,Association,,0.5367143633,AISKGConstrainedTransfer,full_document
36585034,1602,D003920,Association,1602,0.8919576638,AISKGConstrainedTransfer,full_document
36585034,1602,D010182,Association,1602,0.9101627833,AISKGConstrainedTransfer,full_document
36585034,164656,4160,Association,,0.3952273357,AISKGConstrainedTransfer,full_document
36585034,164656,5990,Association,,0.52208354,AISKGConstrainedTransfer,full_document
36585034,164656,6239,Association,,0.52208354,AISKGConstrainedTransfer,full_document
36585034,164656,D002096,Negative_Correlation,D002096,0.4621279806,AISKGConstrainedTransfer,full_document
36585034,164656,D003920,Association,164656,0.8995204386,AISKGConstrainedTransfer,full_document
36585034,2646,3083,Association,,0.4935146871,AISKGConstrainedTransfer,full_document
36585034,2646,D003920,Association,2646,0.8827204725,AISKGConstrainedTransfer,full_document
36585034,2646,D010182,Association,2646,0.9101627833,AISKGConstrainedTransfer,full_document
36585034,3083,5990,Association,,0.4773178399,AISKGConstrainedTransfer,full_document
36585034,3083,6239,Association,,0.4935146871,AISKGConstrainedTransfer,full_document
36585034,3083,D002096,Negative_Correlation,D002096,0.4461830035,AISKGConstrainedTransfer,full_document
36585034,3083,D003920,Association,3083,0.8919576638,AISKGConstrainedTransfer,full_document
36585034,4160,5990,Association,,0.5254187425,AISKGConstrainedTransfer,full_document
36585034,4160,6239,Association,,0.5254187425,AISKGConstrainedTransfer,full_document
36585034,4160,6523,Association,,0.4239685978,AISKGConstrainedTransfer,full_document
36585034,4160,84327,Association,,0.5254187425,AISKGConstrainedTransfer,full_document
36585034,4160,D002096,Negative_Correlation,D002096,0.3902264013,AISKGConstrainedTransfer,full_document
36585034,4160,D003920,Association,4160,0.9009185703,AISKGConstrainedTransfer,full_document
36585034,5990,843,Association,,0.4935146871,AISKGConstrainedTransfer,full_document
36585034,5990,84327,Association,,0.4859474993,AISKGConstrainedTransfer,full_document
36585034,5990,D003920,Association,5990,0.8861999232,AISKGConstrainedTransfer,full_document
36585034,5990,D010182,Association,5990,0.9229900629,AISKGConstrainedTransfer,full_document
36585034,6239,843,Association,,0.4935146871,AISKGConstrainedTransfer,full_document
36585034,6239,D003920,Association,6239,0.8861999232,AISKGConstrainedTransfer,full_document
36585034,6239,D010182,Association,6239,0.9229900629,AISKGConstrainedTransfer,full_document
36585034,6523,D003920,Association,6523,0.8827204725,AISKGConstrainedTransfer,full_document
36585034,6523,D010182,Association,6523,0.9101627833,AISKGConstrainedTransfer,full_document
36585034,843,84327,Association,,0.4935146871,AISKGConstrainedTransfer,full_document
36585034,843,D002096,Negative_Correlation,D002096,0.4461830035,AISKGConstrainedTransfer,full_document
36585034,843,D003920,Association,843,0.8919576638,AISKGConstrainedTransfer,full_document
36585034,84327,D003920,Association,84327,0.8919576638,AISKGConstrainedTransfer,full_document
36585034,84327,D010182,Association,84327,0.9101627833,AISKGConstrainedTransfer,full_document
36585034,D002096,D003920,Positive_Correlation,D002096,0.5115889298,AISKGConstrainedTransfer,full_document
36585034,D002096,D010182,Positive_Correlation,D002096,0.5879743152,AISKGConstrainedTransfer,full_document
36585034,D002096,rs1175125123,Association,rs1175125123,0.5126578709,AISKGConstrainedTransfer,full_document
36585034,D010182,c|SUB|A|932|T,Positive_Correlation,,0.5532681503,AISKGConstrainedTransfer,full_document
36585034,D010182,rs1175125123,Positive_Correlation,,0.5589704237,AISKGConstrainedTransfer,full_document
36593749,207,5291,Association,,0.4859896915,AISKGConstrainedTransfer,full_document
36593749,207,C085911,Positive_Correlation,C085911,0.4997037052,AISKGConstrainedTransfer,full_document
36593749,207,D007249,Association,207,0.9152605847,AISKGConstrainedTransfer,full_document
36593749,207,D011225,Association,207,0.8455613709,AISKGConstrainedTransfer,full_document
36593749,3553,D007249,Association,3553,0.826477723,AISKGConstrainedTransfer,full_document
36593749,3553,D011225,Association,3553,0.7310776054,AISKGConstrainedTransfer,full_document
36593749,3565,D007249,Association,3565,0.8312444668,AISKGConstrainedTransfer,full_document
36593749,3565,D011225,Association,3565,0.7490786073,AISKGConstrainedTransfer,full_document
36593749,3586,D007249,Association,3586,0.8328401965,AISKGConstrainedTransfer,full_document
36593749,3586,D011225,Association,3586,0.7388738835,AISKGConstrainedTransfer,full_document
36593749,3596,D007249,Association,3596,0.8552119313,AISKGConstrainedTransfer,full_document
36593749,3596,D011225,Association,3596,0.7130689744,AISKGConstrainedTransfer,full_document
36593749,4313,D007249,Association,4313,0.8627552541,AISKGConstrainedTransfer,full_document
36593749,4313,D011225,Association,4313,0.8336576052,AISKGConstrainedTransfer,full_document
36593749,4318,D007249,Association,4318,0.8704932158,AISKGConstrainedTransfer,full_document
36593749,4318,D011225,Association,4318,0.8244229239,AISKGConstrainedTransfer,full_document
36593749,5111,D007249,Association,5111,0.8460750527,AISKGConstrainedTransfer,full_document
36593749,5111,D011225,Association,5111,0.731832391,AISKGConstrainedTransfer,full_document
36593749,5291,C085911,Negative_Correlation,C085911,0.4363475818,AISKGConstrainedTransfer,full_document
36593749,5291,D007249,Association,5291,0.9128682815,AISKGConstrainedTransfer,full_document
36593749,5291,D011225,Association,5291,0.8435293296,AISKGConstrainedTransfer,full_document
36593749,595,D007249,Association,595,0.8657199966,AISKGConstrainedTransfer,full_document
36593749,595,D011225,Association,595,0.7134586271,AISKGConstrainedTransfer,full_document
36593749,595,D011374,Negative_Correlation,D011374,0.4820096182,AISKGConstrainedTransfer,full_document
36593749,7124,D007249,Association,7124,0.8365346894,AISKGConstrainedTransfer,full_document
36593749,7124,D011225,Association,7124,0.7360937497,AISKGConstrainedTransfer,full_document
36593749,C085911,D011225,Positive_Correlation,C085911,0.6808277296,AISKGConstrainedTransfer,full_document
36593749,D007249,D011374,Positive_Correlation,D007249,0.6076639076,AISKGConstrainedTransfer,full_document
36593749,D011225,D011374,Positive_Correlation,D011225,0.5170435267,AISKGConstrainedTransfer,full_document
36599841,3717,C528327,Negative_Correlation,C528327,0.707296359,AISKGConstrainedTransfer,full_document
36599841,3717,C540383,Negative_Correlation,C540383,0.6677861461,AISKGConstrainedTransfer,full_document
36599841,3717,C546012,Negative_Correlation,C546012,0.4706946503,AISKGConstrainedTransfer,full_document
36599841,3717,C571029,Negative_Correlation,C571029,0.707296359,AISKGConstrainedTransfer,full_document
36599841,3717,D055728,Association,3717,0.7910854637,AISKGConstrainedTransfer,full_document
36599841,C528327,D000740,Positive_Correlation,C528327,0.5636961115,AISKGConstrainedTransfer,full_document
36599841,C528327,D055728,Negative_Correlation,C528327,0.5712898069,AISKGConstrainedTransfer,full_document
36599841,C540383,D055728,Negative_Correlation,C540383,0.5712898069,AISKGConstrainedTransfer,full_document
36599841,C546012,C571029,Negative_Correlation,C571029,0.4391639703,AISKGConstrainedTransfer,full_document
36599841,C546012,D000740,Positive_Correlation,C546012,0.6204782136,AISKGConstrainedTransfer,full_document
36599841,C546012,D055728,Negative_Correlation,C546012,0.5770035495,AISKGConstrainedTransfer,full_document
36599841,C571029,D055728,Negative_Correlation,C571029,0.5712898069,AISKGConstrainedTransfer,full_document
36611868,123,D005234,Association,123,0.8213462724,AISKGConstrainedTransfer,full_document
36611868,440503,D005234,Association,440503,0.8710263463,AISKGConstrainedTransfer,full_document
36611868,440503,D005235,Association,440503,0.8724414095,AISKGConstrainedTransfer,full_document
36611868,440503,D005355,Association,440503,0.8556710455,AISKGConstrainedTransfer,full_document
36611868,440503,D007249,Association,440503,0.8565299279,AISKGConstrainedTransfer,full_document
36611868,440503,D065626,Association,440503,0.8691724174,AISKGConstrainedTransfer,full_document
36611868,5346,57104,Association,,0.471114508,AISKGConstrainedTransfer,full_document
36611868,5346,D005234,Association,5346,0.8710263463,AISKGConstrainedTransfer,full_document
36611868,57104,D005234,Association,57104,0.8620552805,AISKGConstrainedTransfer,full_document
36611868,80339,D005234,Association,80339,0.7901377024,AISKGConstrainedTransfer,full_document
36611868,80339,D005235,Association,80339,0.9096923784,AISKGConstrainedTransfer,full_document
36611868,80339,D005355,Association,80339,0.8562462076,AISKGConstrainedTransfer,full_document
36611868,80339,D006528,Association,80339,0.9006424724,AISKGConstrainedTransfer,full_document
36611868,80339,D007249,Association,80339,0.8564880616,AISKGConstrainedTransfer,full_document
36611868,80339,D008103,Association,80339,0.9091998259,AISKGConstrainedTransfer,full_document
36611868,80339,D065626,Association,80339,0.9077090971,AISKGConstrainedTransfer,full_document
36611868,D005234,rs738409,Positive_Correlation,,0.5166175133,AISKGConstrainedTransfer,full_document
36611868,D005235,rs738409,Positive_Correlation,,0.5166175133,AISKGConstrainedTransfer,full_document
36611868,D005355,rs738409,Positive_Correlation,,0.5056623615,AISKGConstrainedTransfer,full_document
36611868,D006528,rs738409,Positive_Correlation,,0.5001749665,AISKGConstrainedTransfer,full_document
36611868,D007249,rs738409,Association,,0.5134174988,AISKGConstrainedTransfer,full_document
36611868,D008103,rs738409,Positive_Correlation,,0.520680867,AISKGConstrainedTransfer,full_document
36611868,D065626,rs738409,Positive_Correlation,,0.5141959757,AISKGConstrainedTransfer,full_document
36613877,53354,C011988,Association,C011988,0.5877129301,AISKGConstrainedTransfer,full_document
36613877,53354,D006211,Association,53354,0.8537808235,AISKGConstrainedTransfer,full_document
36613877,53354,D010205,Association,D010205,0.5415726319,AISKGConstrainedTransfer,full_document
36613877,53354,D028361,Association,53354,0.6025863499,AISKGConstrainedTransfer,full_document
36613877,79646,C011988,Association,C011988,0.5877129301,AISKGConstrainedTransfer,full_document
36613877,79646,D006211,Association,79646,0.8537808235,AISKGConstrainedTransfer,full_document
36613877,79646,D010205,Association,D010205,0.5415726319,AISKGConstrainedTransfer,full_document
36613877,79646,D028361,Association,79646,0.6025863499,AISKGConstrainedTransfer,full_document
36613877,80025,C011988,Association,C011988,0.5877129301,AISKGConstrainedTransfer,full_document
36613877,80025,D006211,Association,80025,0.9006795905,AISKGConstrainedTransfer,full_document
36613877,80025,D010205,Association,D010205,0.5415726319,AISKGConstrainedTransfer,full_document
36613877,80025,D019636,Association,80025,0.8955495952,AISKGConstrainedTransfer,full_document
36613877,80025,D028361,Association,80025,0.6025863499,AISKGConstrainedTransfer,full_document
36613877,852144,D028361,Association,852144,0.6585440777,AISKGConstrainedTransfer,full_document
36613877,C011988,D003065,Association,C011988,0.4566437622,AISKGConstrainedTransfer,full_document
36613877,D003065,D010205,Association,D003065,0.4947409627,AISKGConstrainedTransfer,full_document
36614109,3845,D002289,Association,3845,0.8260403942,AISKGConstrainedTransfer,full_document
36614109,3845,D009369,Association,3845,0.8484953683,AISKGConstrainedTransfer,full_document
36614109,C000604908,D000068538,Negative_Correlation,D000068538,0.532606557,AISKGConstrainedTransfer,full_document
36614109,C000604908,D018120,Negative_Correlation,D018120,0.532606557,AISKGConstrainedTransfer,full_document
36614109,C000629551,C525726,Negative_Correlation,C525726,0.532606557,AISKGConstrainedTransfer,full_document
36614109,C000629551,rs121913530,Association,rs121913530,0.6238220597,AISKGConstrainedTransfer,full_document
36614109,C487932,D018120,Negative_Correlation,D018120,0.532606557,AISKGConstrainedTransfer,full_document
36614109,C487932,rs121913530,Association,rs121913530,0.6238220597,AISKGConstrainedTransfer,full_document
36614109,C525726,D000068538,Negative_Correlation,D000068538,0.532606557,AISKGConstrainedTransfer,full_document
36614109,C525726,D018120,Negative_Correlation,D018120,0.532606557,AISKGConstrainedTransfer,full_document
36614109,D000068538,D000077716,Negative_Correlation,D000077716,0.532606557,AISKGConstrainedTransfer,full_document
36614109,D000077716,D018120,Negative_Correlation,D018120,0.532606557,AISKGConstrainedTransfer,full_document
36614109,D000077716,rs121913530,Association,rs121913530,0.6238220597,AISKGConstrainedTransfer,full_document
36614109,D002289,rs121913530,Positive_Correlation,,0.5762354212,AISKGConstrainedTransfer,full_document
36614109,D009369,rs121913530,Positive_Correlation,,0.5711127032,AISKGConstrainedTransfer,full_document
36619221,1789,3569,Association,,0.4541544763,AISKGConstrainedTransfer,full_document
36619221,1789,444985,Association,,0.4541544763,AISKGConstrainedTransfer,full_document
36619221,2146,3569,Negative_Correlation,3569,0.4013375902,AISKGConstrainedTransfer,full_document
36619221,2146,3570,Negative_Correlation,3570,0.4013375902,AISKGConstrainedTransfer,full_document
36619221,2146,6671,Positive_Correlation,6671,0.4365790373,AISKGConstrainedTransfer,full_document
36619221,2146,D007676,Association,2146,0.8482105827,AISKGConstrainedTransfer,full_document
36619221,3569,3570,Association,,0.455229593,AISKGConstrainedTransfer,full_document
36619221,3569,6671,Association,,0.438196306,AISKGConstrainedTransfer,full_document
36619221,3570,6671,Association,,0.56820894,AISKGConstrainedTransfer,full_document
36619221,444985,6671,Association,,0.4237529479,AISKGConstrainedTransfer,full_document
36619229,2099,2752,Positive_Correlation,2752,0.420415301,AISKGConstrainedTransfer,full_document
36619229,2099,D001943,Association,2099,0.7824763534,AISKGConstrainedTransfer,full_document
36619229,2099,D009362,Association,2099,0.7657831129,AISKGConstrainedTransfer,full_document
36619229,2099,D009369,Association,2099,0.8255564533,AISKGConstrainedTransfer,full_document
36619229,2099,D012008,Association,2099,0.8964593211,AISKGConstrainedTransfer,full_document
36619229,2752,3565,Association,,0.4417359261,AISKGConstrainedTransfer,full_document
36619229,2752,D001943,Association,2752,0.8332887077,AISKGConstrainedTransfer,full_document
36619229,2752,D005973,Positive_Correlation,D005973,0.4130003226,AISKGConstrainedTransfer,full_document
36619229,2752,D007249,Association,2752,0.9273205658,AISKGConstrainedTransfer,full_document
36619229,2752,D009369,Association,2752,0.7297983425,AISKGConstrainedTransfer,full_document
36619229,2752,D012008,Association,2752,0.899543783,AISKGConstrainedTransfer,full_document
36619229,2752,D013629,Negative_Correlation,D013629,0.4186853541,AISKGConstrainedTransfer,full_document
36619229,C004858,D001943,Negative_Correlation,C004858,0.4683359147,AISKGConstrainedTransfer,full_document
36619229,C004858,D009853,Association,C004858,0.438627286,AISKGConstrainedTransfer,full_document
36619229,C004858,D013629,Association,C004858,0.438627286,AISKGConstrainedTransfer,full_document
36619229,C004858,D016210,Association,C004858,0.4514088581,AISKGConstrainedTransfer,full_document
36619229,C054871,D001943,Negative_Correlation,C054871,0.4683359147,AISKGConstrainedTransfer,full_document
36619229,C054871,D003523,Association,C054871,0.438627286,AISKGConstrainedTransfer,full_document
36619229,C054871,D009853,Association,C054871,0.438627286,AISKGConstrainedTransfer,full_document
36619229,C054871,D013629,Association,C054871,0.4369568923,AISKGConstrainedTransfer,full_document
36619229,C054871,D016291,Association,C054871,0.4184713326,AISKGConstrainedTransfer,full_document
36619229,D000077267,D001943,Negative_Correlation,D000077267,0.4683359147,AISKGConstrainedTransfer,full_document
36619229,D000077267,D009853,Association,D000077267,0.438627286,AISKGConstrainedTransfer,full_document
36619229,D000077267,D013629,Association,D000077267,0.438627286,AISKGConstrainedTransfer,full_document
36619229,D000077267,D016291,Association,D000077267,0.4184713326,AISKGConstrainedTransfer,full_document
36619229,D001943,D003523,Positive_Correlation,D001943,0.4170817107,AISKGConstrainedTransfer,full_document
36619229,D001943,D009853,Positive_Correlation,D001943,0.3927197744,AISKGConstrainedTransfer,full_document
36619229,D001943,D013629,Positive_Correlation,D001943,0.4709716802,AISKGConstrainedTransfer,full_document
36619229,D001943,D016210,Positive_Correlation,D001943,0.4138147796,AISKGConstrainedTransfer,full_document
36619229,D001943,D016291,Positive_Correlation,D001943,0.4002446685,AISKGConstrainedTransfer,full_document
36619229,D003523,D009853,Association,D003523,0.438627286,AISKGConstrainedTransfer,full_document
36619229,D003523,D013629,Association,D003523,0.438627286,AISKGConstrainedTransfer,full_document
36619229,D003523,D016210,Association,D003523,0.4514088581,AISKGConstrainedTransfer,full_document
36619229,D005973,D009369,Positive_Correlation,D005973,0.4397341294,AISKGConstrainedTransfer,full_document
36619229,D009362,D013629,Positive_Correlation,D009362,0.558383898,AISKGConstrainedTransfer,full_document
36619229,D009369,D013629,Positive_Correlation,D009369,0.555068248,AISKGConstrainedTransfer,full_document
36619229,D009853,D013629,Association,D009853,0.4369568923,AISKGConstrainedTransfer,full_document
36619229,D009853,D016291,Association,D009853,0.4184713326,AISKGConstrainedTransfer,full_document
36619229,D012008,D013629,Positive_Correlation,D012008,0.5436587209,AISKGConstrainedTransfer,full_document
36619229,D013629,D016210,Association,D013629,0.4479140939,AISKGConstrainedTransfer,full_document
36619229,D013629,D016291,Association,D013629,0.4184713326,AISKGConstrainedTransfer,full_document
36619229,D016210,D016291,Association,D016210,0.4174049986,AISKGConstrainedTransfer,full_document
36622214,2828033,5857592,Association,,0.6095732913,AISKGConstrainedTransfer,full_document
36622214,2828033,D016712,Association,D016712,0.4851862801,AISKGConstrainedTransfer,full_document
36622214,D002939,D004917,Negative_Correlation,D004917,0.3911994496,AISKGConstrainedTransfer,full_document
36622214,D002939,D012293,Negative_Correlation,D012293,0.3911994496,AISKGConstrainedTransfer,full_document
36622214,D008712,D016712,Negative_Correlation,D016712,0.4445536209,AISKGConstrainedTransfer,full_document
36622214,D016712,p|SUB|V|588|F,Association,p|SUB|V|588|F,0.6661011251,AISKGConstrainedTransfer,full_document
36622214,D016712,p|SUB|V|631|F,Association,p|SUB|V|631|F,0.8271715355,AISKGConstrainedTransfer,full_document
36627670,100287569,4609,Association,,0.5265798661,AISKGConstrainedTransfer,full_document
36627670,100287569,D000077192,Association,100287569,0.8766108731,AISKGConstrainedTransfer,full_document
36627670,100287569,D002294,Association,100287569,0.8352403178,AISKGConstrainedTransfer,full_document
36627670,100287569,D008175,Association,100287569,0.8352403178,AISKGConstrainedTransfer,full_document
36627670,100287569,D055752,Association,100287569,0.8352403178,AISKGConstrainedTransfer,full_document
36627670,100302123,207,Association,,0.5160795387,AISKGConstrainedTransfer,full_document
36627670,100302123,4609,Association,,0.5160795387,AISKGConstrainedTransfer,full_document
36627670,100302123,596,Association,,0.5122562263,AISKGConstrainedTransfer,full_document
36627670,100302123,D000077192,Association,100302123,0.8968038912,AISKGConstrainedTransfer,full_document
36627670,100302123,D002945,Association,D002945,0.4329900942,AISKGConstrainedTransfer,full_document
36627670,147011,207,Association,,0.5160795387,AISKGConstrainedTransfer,full_document
36627670,147011,4609,Association,,0.5160795387,AISKGConstrainedTransfer,full_document
36627670,147011,596,Association,,0.4125519263,AISKGConstrainedTransfer,full_document
36627670,147011,D000077192,Association,147011,0.8968038912,AISKGConstrainedTransfer,full_document
36627670,147011,D002945,Association,D002945,0.4329900942,AISKGConstrainedTransfer,full_document
36627670,147011,D009369,Association,147011,0.8292071426,AISKGConstrainedTransfer,full_document
36627670,207,4609,Association,,0.4262259235,AISKGConstrainedTransfer,full_document
36627670,207,596,Association,,0.5026276949,AISKGConstrainedTransfer,full_document
36627670,207,678,Association,,0.5160795387,AISKGConstrainedTransfer,full_document
36627670,207,D000077192,Association,207,0.8360854419,AISKGConstrainedTransfer,full_document
36627670,4609,596,Association,,0.5026276949,AISKGConstrainedTransfer,full_document
36627670,4609,678,Association,,0.5160795387,AISKGConstrainedTransfer,full_document
36627670,4609,D000077192,Association,4609,0.8360854419,AISKGConstrainedTransfer,full_document
36627670,596,678,Association,,0.4265766279,AISKGConstrainedTransfer,full_document
36627670,596,D000077192,Association,596,0.9064491802,AISKGConstrainedTransfer,full_document
36627670,596,D002945,Association,D002945,0.4314723393,AISKGConstrainedTransfer,full_document
36627670,596,D009369,Association,596,0.8528317534,AISKGConstrainedTransfer,full_document
36627670,678,D000077192,Association,678,0.8968038912,AISKGConstrainedTransfer,full_document
36627670,678,D009369,Association,678,0.852623206,AISKGConstrainedTransfer,full_document
36627670,D000077192,D002945,Positive_Correlation,D000077192,0.5551819152,AISKGConstrainedTransfer,full_document
36627670,D002294,D002945,Positive_Correlation,D002294,0.4348606037,AISKGConstrainedTransfer,full_document
36627670,D002945,D008175,Positive_Correlation,D002945,0.4396665859,AISKGConstrainedTransfer,full_document
36627670,D002945,D009369,Positive_Correlation,D002945,0.4758932057,AISKGConstrainedTransfer,full_document
36627670,D002945,D055752,Negative_Correlation,D002945,0.4760274985,AISKGConstrainedTransfer,full_document
36635651,116512,3099,Association,,0.5028455476,AISKGConstrainedTransfer,full_document
36635651,116512,5209,Association,,0.5641697959,AISKGConstrainedTransfer,full_document
36635651,116512,7040,Positive_Correlation,7040,0.4033799129,AISKGConstrainedTransfer,full_document
36635651,116512,D005355,Association,116512,0.8908337124,AISKGConstrainedTransfer,full_document
36635651,3099,3916,Association,,0.5589447264,AISKGConstrainedTransfer,full_document
36635651,3099,C025946,Association,C025946,0.4229002066,AISKGConstrainedTransfer,full_document
36635651,3099,C040929,Association,C040929,0.4001086054,AISKGConstrainedTransfer,full_document
36635651,3099,D001761,Negative_Correlation,D001761,0.3943038986,AISKGConstrainedTransfer,full_document
36635651,3099,D019344,Negative_Correlation,D019344,0.5597146385,AISKGConstrainedTransfer,full_document
36635651,3916,5071,Association,,0.3938652891,AISKGConstrainedTransfer,full_document
36635651,3916,5209,Association,,0.6274074804,AISKGConstrainedTransfer,full_document
36635651,3916,C025946,Association,C025946,0.4584875823,AISKGConstrainedTransfer,full_document
36635651,3916,C040929,Association,C040929,0.43730645,AISKGConstrainedTransfer,full_document
36635651,5071,7040,Association,,0.4984322511,AISKGConstrainedTransfer,full_document
36635651,5209,C040929,Association,C040929,0.43730645,AISKGConstrainedTransfer,full_document
36635651,5209,D019344,Negative_Correlation,D019344,0.5134971063,AISKGConstrainedTransfer,full_document
36635651,58,C581752,Association,C581752,0.4416584832,AISKGConstrainedTransfer,full_document
36635651,58,D024042,Association,,0.5349291684,AISKGConstrainedTransfer,full_document
36635651,7040,84557,Association,,0.491223949,AISKGConstrainedTransfer,full_document
36635651,7040,D005947,Association,D005947,0.4584100767,AISKGConstrainedTransfer,full_document
36635651,7040,D019344,Negative_Correlation,D019344,0.5437492087,AISKGConstrainedTransfer,full_document
36635651,84557,C025946,Association,C025946,0.4584875823,AISKGConstrainedTransfer,full_document
36635651,84557,C040929,Association,C040929,0.43730645,AISKGConstrainedTransfer,full_document
36635651,C581752,D001761,Negative_Correlation,D001761,0.42273046,AISKGConstrainedTransfer,full_document
36635651,C581752,D005355,Positive_Correlation,C581752,0.5258131291,AISKGConstrainedTransfer,full_document
36635651,C581752,D024042,Association,D024042,0.7190735039,AISKGConstrainedTransfer,full_document
36644390,12333,D000860,Association,12333,0.8284011332,AISKGConstrainedTransfer,full_document
36644390,12333,D002908,Association,12333,0.8861674995,AISKGConstrainedTransfer,full_document
36644390,12333,D014652,Association,12333,0.7627108865,AISKGConstrainedTransfer,full_document
36644390,12333,D028361,Association,12333,0.8304849605,AISKGConstrainedTransfer,full_document
36644390,18127,C035054,Negative_Correlation,C035054,0.6503224577,AISKGConstrainedTransfer,full_document
36644390,18127,D000860,Association,18127,0.7466286467,AISKGConstrainedTransfer,full_document
36644390,18127,D014652,Association,18127,0.7823403441,AISKGConstrainedTransfer,full_document
36644390,18127,D028361,Association,18127,0.8304849605,AISKGConstrainedTransfer,full_document
36644390,4846,C035054,Negative_Correlation,C035054,0.6503224577,AISKGConstrainedTransfer,full_document
36644390,4846,D000860,Association,4846,0.8347543585,AISKGConstrainedTransfer,full_document
36644390,4846,D014652,Association,4846,0.8274577737,AISKGConstrainedTransfer,full_document
36644390,4846,D028361,Association,4846,0.8304849605,AISKGConstrainedTransfer,full_document
36644390,51792,C035054,Negative_Correlation,C035054,0.6503224577,AISKGConstrainedTransfer,full_document
36644390,51792,D000860,Association,51792,0.7466286467,AISKGConstrainedTransfer,full_document
36644390,51792,D014652,Association,51792,0.7823403441,AISKGConstrainedTransfer,full_document
36644390,51792,D028361,Association,51792,0.8304849605,AISKGConstrainedTransfer,full_document
36644390,5524,C035054,Negative_Correlation,C035054,0.6503224577,AISKGConstrainedTransfer,full_document
36644390,5524,D000860,Association,5524,0.7466286467,AISKGConstrainedTransfer,full_document
36644390,5524,D014652,Association,5524,0.8347543585,AISKGConstrainedTransfer,full_document
36644390,5524,D028361,Association,5524,0.8304849605,AISKGConstrainedTransfer,full_document
36644390,823,D000860,Association,823,0.8284011332,AISKGConstrainedTransfer,full_document
36644390,823,D002908,Association,823,0.8861674995,AISKGConstrainedTransfer,full_document
36644390,823,D009569,Association,D009569,0.4786970904,AISKGConstrainedTransfer,full_document
36644390,823,D014652,Association,823,0.7627108865,AISKGConstrainedTransfer,full_document
36644390,823,D028361,Association,823,0.8304849605,AISKGConstrainedTransfer,full_document
36644390,C001803,D000860,Positive_Correlation,C001803,0.4470253519,AISKGConstrainedTransfer,full_document
36644390,C001803,D014652,Positive_Correlation,C001803,0.4470253519,AISKGConstrainedTransfer,full_document
36644390,C001803,D028361,Positive_Correlation,C001803,0.5179203507,AISKGConstrainedTransfer,full_document
36644390,C035054,D000860,Positive_Correlation,C035054,0.5305514948,AISKGConstrainedTransfer,full_document
36644390,C035054,D002908,Positive_Correlation,C035054,0.5305514948,AISKGConstrainedTransfer,full_document
36644390,C035054,D014652,Positive_Correlation,C035054,0.5008309109,AISKGConstrainedTransfer,full_document
36644390,C035054,D028361,Positive_Correlation,C035054,0.5148838246,AISKGConstrainedTransfer,full_document
36644390,D000111,D000860,Positive_Correlation,D000111,0.4634412426,AISKGConstrainedTransfer,full_document
36644390,D000111,D014652,Positive_Correlation,D000111,0.4634412426,AISKGConstrainedTransfer,full_document
36644390,D000111,D028361,Positive_Correlation,D000111,0.5334875633,AISKGConstrainedTransfer,full_document
36644390,D000860,D006861,Positive_Correlation,D000860,0.4273552262,AISKGConstrainedTransfer,full_document
36644390,D000860,D017382,Positive_Correlation,D000860,0.4984557439,AISKGConstrainedTransfer,full_document
36644390,D000860,D019319,Positive_Correlation,D000860,0.4667459053,AISKGConstrainedTransfer,full_document
36644390,D002908,D017382,Positive_Correlation,D002908,0.4984557439,AISKGConstrainedTransfer,full_document
36644390,D009569,D014652,Positive_Correlation,D009569,0.4093974893,AISKGConstrainedTransfer,full_document
36644390,D014652,D017382,Positive_Correlation,D014652,0.5292072501,AISKGConstrainedTransfer,full_document
36644390,D014652,D019319,Positive_Correlation,D014652,0.4667459053,AISKGConstrainedTransfer,full_document
36644390,D019319,D028361,Positive_Correlation,D019319,0.4763818356,AISKGConstrainedTransfer,full_document
36650399,10057,10351,Positive_Correlation,10351,0.391603564,AISKGConstrainedTransfer,full_document
36650399,10057,23456,Positive_Correlation,23456,0.391603564,AISKGConstrainedTransfer,full_document
36650399,10057,89845,Positive_Correlation,89845,0.391603564,AISKGConstrainedTransfer,full_document
36650399,10057,9429,Association,,0.4047832566,AISKGConstrainedTransfer,full_document
36650399,10057,D001749,Association,10057,0.8680833077,AISKGConstrainedTransfer,full_document
36650399,10351,23456,Positive_Correlation,23456,0.391603564,AISKGConstrainedTransfer,full_document
36650399,10351,89845,Positive_Correlation,89845,0.391603564,AISKGConstrainedTransfer,full_document
36650399,10351,9429,Association,,0.4047832566,AISKGConstrainedTransfer,full_document
36650399,10351,9619,Positive_Correlation,9619,0.391603564,AISKGConstrainedTransfer,full_document
36650399,10351,D001749,Association,10351,0.8680833077,AISKGConstrainedTransfer,full_document
36650399,10864,D001749,Association,10864,0.8447809257,AISKGConstrainedTransfer,full_document
36650399,10864,D002945,Positive_Correlation,D002945,0.4558751998,AISKGConstrainedTransfer,full_document
36650399,10864,D064420,Association,10864,0.8132652815,AISKGConstrainedTransfer,full_document
36650399,1244,D001749,Association,1244,0.8431930652,AISKGConstrainedTransfer,full_document
36650399,1244,D064420,Association,1244,0.7979125583,AISKGConstrainedTransfer,full_document
36650399,1317,D006311,Association,1317,0.8423070789,AISKGConstrainedTransfer,full_document
36650399,1317,D007674,Association,1317,0.8362755166,AISKGConstrainedTransfer,full_document
36650399,1468,D001749,Association,1468,0.8545543791,AISKGConstrainedTransfer,full_document
36650399,1468,D010984,Positive_Correlation,D010984,0.432510702,AISKGConstrainedTransfer,full_document
36650399,146802,D002945,Negative_Correlation,D002945,0.4426210778,AISKGConstrainedTransfer,full_document
36650399,146802,D006311,Association,146802,0.8423070789,AISKGConstrainedTransfer,full_document
36650399,146802,D007674,Association,146802,0.8362755166,AISKGConstrainedTransfer,full_document
36650399,23456,540,Positive_Correlation,540,0.391603564,AISKGConstrainedTransfer,full_document
36650399,23456,89845,Positive_Correlation,89845,0.391603564,AISKGConstrainedTransfer,full_document
36650399,23456,9619,Positive_Correlation,9619,0.391603564,AISKGConstrainedTransfer,full_document
36650399,23456,D001749,Association,23456,0.8545543791,AISKGConstrainedTransfer,full_document
36650399,5243,D001749,Association,5243,0.8431930652,AISKGConstrainedTransfer,full_document
36650399,5243,D064420,Association,5243,0.7979125583,AISKGConstrainedTransfer,full_document
36650399,538,D001749,Association,538,0.8431930652,AISKGConstrainedTransfer,full_document
36650399,538,D064420,Association,538,0.7979125583,AISKGConstrainedTransfer,full_document
36650399,540,89845,Positive_Correlation,89845,0.391603564,AISKGConstrainedTransfer,full_document
36650399,540,9619,Positive_Correlation,9619,0.391603564,AISKGConstrainedTransfer,full_document
36650399,540,D001749,Association,540,0.8545543791,AISKGConstrainedTransfer,full_document
36650399,55244,D002945,Negative_Correlation,D002945,0.4426210778,AISKGConstrainedTransfer,full_document
36650399,55244,D006311,Association,55244,0.8423070789,AISKGConstrainedTransfer,full_document
36650399,55244,D007674,Association,55244,0.8362755166,AISKGConstrainedTransfer,full_document
36650399,6582,D001749,Association,6582,0.8431930652,AISKGConstrainedTransfer,full_document
36650399,6582,D064420,Association,6582,0.7979125583,AISKGConstrainedTransfer,full_document
36650399,89845,9429,Association,,0.4047832566,AISKGConstrainedTransfer,full_document
36650399,89845,9619,Positive_Correlation,9619,0.391603564,AISKGConstrainedTransfer,full_document
36650399,89845,D001749,Association,89845,0.8545543791,AISKGConstrainedTransfer,full_document
36650399,89874,D001749,Association,89874,0.8431930652,AISKGConstrainedTransfer,full_document
36650399,89874,D064420,Association,89874,0.7979125583,AISKGConstrainedTransfer,full_document
36650399,9356,D001749,Association,9356,0.8447809257,AISKGConstrainedTransfer,full_document
36650399,9356,D064420,Association,9356,0.8132652815,AISKGConstrainedTransfer,full_document
36650399,9429,D001749,Association,9429,0.8644424262,AISKGConstrainedTransfer,full_document
36650399,9429,D010984,Association,D010984,0.3932300851,AISKGConstrainedTransfer,full_document
36650399,9619,D001749,Association,9619,0.8545543791,AISKGConstrainedTransfer,full_document
36650399,D001749,D002945,Positive_Correlation,D001749,0.5300626065,AISKGConstrainedTransfer,full_document
36650399,D001749,D010984,Positive_Correlation,D001749,0.5195662105,AISKGConstrainedTransfer,full_document
36650399,D002945,D006311,Positive_Correlation,D002945,0.4267738551,AISKGConstrainedTransfer,full_document
36650399,D002945,D007674,Positive_Correlation,D002945,0.4604046314,AISKGConstrainedTransfer,full_document
36650399,D002945,D010984,Negative_Correlation,D010984,0.4925234594,AISKGConstrainedTransfer,full_document
36650399,D002945,D064420,Positive_Correlation,D002945,0.685023654,AISKGConstrainedTransfer,full_document
36650399,D010984,D064420,Positive_Correlation,D010984,0.5939260122,AISKGConstrainedTransfer,full_document
36660193,1244,373156,Positive_Correlation,373156,0.4427276124,AISKGConstrainedTransfer,full_document
36660193,1244,4363,Positive_Correlation,4363,0.4427276124,AISKGConstrainedTransfer,full_document
36660193,1244,9429,Positive_Correlation,9429,0.4427276124,AISKGConstrainedTransfer,full_document
36660193,373156,4363,Positive_Correlation,4363,0.4901247694,AISKGConstrainedTransfer,full_document
36660193,373156,9429,Positive_Correlation,9429,0.4427276124,AISKGConstrainedTransfer,full_document
36660193,4363,9429,Positive_Correlation,9429,0.4427276124,AISKGConstrainedTransfer,full_document
36660193,D000077204,D002945,Negative_Correlation,D002945,0.5664433005,AISKGConstrainedTransfer,full_document
36660193,D000077204,D005047,Cotreatment,,0.4368124784,AISKGConstrainedTransfer,full_document
36660193,D000077204,D005472,Negative_Correlation,D005472,0.6015105088,AISKGConstrainedTransfer,full_document
36660193,D000077204,D005909,Negative_Correlation,D000077204,0.5086915453,AISKGConstrainedTransfer,full_document
36660193,D000077204,D017239,Negative_Correlation,D017239,0.6109138668,AISKGConstrainedTransfer,full_document
36660193,D002945,D005047,Negative_Correlation,D005047,0.4328157793,AISKGConstrainedTransfer,full_document
36660193,D002945,D005472,Cotreatment,,0.3902078613,AISKGConstrainedTransfer,full_document
36660193,D002945,D009369,Negative_Correlation,D002945,0.4804209249,AISKGConstrainedTransfer,full_document
36660193,D005047,D005472,Negative_Correlation,D005472,0.6015105088,AISKGConstrainedTransfer,full_document
36660193,D005047,D005909,Negative_Correlation,D005047,0.4855788411,AISKGConstrainedTransfer,full_document
36660193,D005047,D017239,Negative_Correlation,D017239,0.6109138668,AISKGConstrainedTransfer,full_document
36660193,D005472,D009369,Negative_Correlation,D005472,0.5522495825,AISKGConstrainedTransfer,full_document
36660193,D009369,D017239,Negative_Correlation,D009369,0.4959201603,AISKGConstrainedTransfer,full_document
36661504,6657,79923,Association,,0.5223875541,AISKGConstrainedTransfer,full_document
36661504,6657,9314,Positive_Correlation,9314,0.5870857524,AISKGConstrainedTransfer,full_document
36661504,79923,9314,Positive_Correlation,9314,0.4917940329,AISKGConstrainedTransfer,full_document
36661504,79923,D009369,Association,79923,0.8643970358,AISKGConstrainedTransfer,full_document
36661504,79923,D013274,Association,79923,0.8288676375,AISKGConstrainedTransfer,full_document
36661504,8795,D002945,Positive_Correlation,D002945,0.5175927106,AISKGConstrainedTransfer,full_document
36661504,8795,D053221,Negative_Correlation,D053221,0.3975034286,AISKGConstrainedTransfer,full_document
36661504,8797,D002945,Positive_Correlation,D002945,0.5175927106,AISKGConstrainedTransfer,full_document
36661504,8797,D053221,Positive_Correlation,D053221,0.4493673193,AISKGConstrainedTransfer,full_document
36661504,9314,D013274,Association,9314,0.8301436279,AISKGConstrainedTransfer,full_document
36661504,9314,D053221,Positive_Correlation,D053221,0.4497958548,AISKGConstrainedTransfer,full_document
36661504,D013274,D053221,Negative_Correlation,D013274,0.4353401516,AISKGConstrainedTransfer,full_document
36661544,2353,C566121,Association,2353,0.8456662538,AISKGConstrainedTransfer,full_document
36661544,2353,D002971,Association,2353,0.8369896282,AISKGConstrainedTransfer,full_document
36661544,2353,D019465,Association,2353,0.8182721061,AISKGConstrainedTransfer,full_document
36661544,4313,C566121,Association,4313,0.8260017598,AISKGConstrainedTransfer,full_document
36661544,4313,D002971,Association,4313,0.835721516,AISKGConstrainedTransfer,full_document
36661544,4313,D019465,Association,4313,0.8055237051,AISKGConstrainedTransfer,full_document
36661544,83716,C566121,Association,83716,0.8369896282,AISKGConstrainedTransfer,full_document
36661544,83716,D002971,Association,83716,0.8369896282,AISKGConstrainedTransfer,full_document
36661544,83716,D019465,Association,83716,0.8513113774,AISKGConstrainedTransfer,full_document
36661544,841,C566121,Association,841,0.8496782716,AISKGConstrainedTransfer,full_document
36661544,841,D002971,Association,841,0.8474632992,AISKGConstrainedTransfer,full_document
36661544,841,D019465,Association,841,0.8194062459,AISKGConstrainedTransfer,full_document
36661544,C566121,rs1046117,Positive_Correlation,,0.6735723802,AISKGConstrainedTransfer,full_document
36661544,C566121,rs243836,Positive_Correlation,,0.5843166102,AISKGConstrainedTransfer,full_document
36661544,C566121,rs3769825,Positive_Correlation,,0.6735723802,AISKGConstrainedTransfer,full_document
36661544,C566121,rs8061351,Positive_Correlation,,0.6905233774,AISKGConstrainedTransfer,full_document
36661544,D002971,rs1046117,Positive_Correlation,,0.6905233774,AISKGConstrainedTransfer,full_document
36661544,D002971,rs243836,Positive_Correlation,,0.6049626571,AISKGConstrainedTransfer,full_document
36661544,D002971,rs3769825,Positive_Correlation,,0.6188916519,AISKGConstrainedTransfer,full_document
36661544,D002971,rs8061351,Positive_Correlation,,0.6905233774,AISKGConstrainedTransfer,full_document
36661544,D019465,rs1046117,Positive_Correlation,,0.5572126835,AISKGConstrainedTransfer,full_document
36672327,10018,5604,Association,,0.5112546583,AISKGConstrainedTransfer,full_document
36672327,10018,5605,Association,,0.5112546583,AISKGConstrainedTransfer,full_document
36672327,10018,6714,Association,,0.5184043714,AISKGConstrainedTransfer,full_document
36672327,10018,C528561,Negative_Correlation,C528561,0.5372659098,AISKGConstrainedTransfer,full_document
36672327,10018,C560077,Negative_Correlation,C560077,0.5372659098,AISKGConstrainedTransfer,full_document
36672327,10018,D000069439,Negative_Correlation,D000069439,0.5372659098,AISKGConstrainedTransfer,full_document
36672327,10018,D013964,Association,10018,0.7181671351,AISKGConstrainedTransfer,full_document
36672327,207,C560077,Positive_Correlation,C560077,0.4921158983,AISKGConstrainedTransfer,full_document
36672327,3845,5594,Association,,0.4584327811,AISKGConstrainedTransfer,full_document
36672327,3845,C560077,Negative_Correlation,C560077,0.5465716311,AISKGConstrainedTransfer,full_document
36672327,3845,D000069439,Negative_Correlation,D000069439,0.5098185013,AISKGConstrainedTransfer,full_document
36672327,3845,D013964,Association,3845,0.8597831461,AISKGConstrainedTransfer,full_document
36672327,5594,5979,Association,,0.4436289878,AISKGConstrainedTransfer,full_document
36672327,5594,C560077,Negative_Correlation,C560077,0.4181893635,AISKGConstrainedTransfer,full_document
36672327,5594,D000069439,Negative_Correlation,D000069439,0.4181893635,AISKGConstrainedTransfer,full_document
36672327,5594,D013964,Association,5594,0.9082125102,AISKGConstrainedTransfer,full_document
36672327,5604,D013964,Association,5604,0.80185518,AISKGConstrainedTransfer,full_document
36672327,5605,D013964,Association,5605,0.80185518,AISKGConstrainedTransfer,full_document
36672327,5609,C560077,Positive_Correlation,C560077,0.5073583384,AISKGConstrainedTransfer,full_document
36672327,5609,D000069439,Positive_Correlation,D000069439,0.5073583384,AISKGConstrainedTransfer,full_document
36672327,5747,C560077,Positive_Correlation,C560077,0.5073583384,AISKGConstrainedTransfer,full_document
36672327,5747,D000069439,Positive_Correlation,D000069439,0.5073583384,AISKGConstrainedTransfer,full_document
36672327,5979,D013964,Association,5979,0.8959212089,AISKGConstrainedTransfer,full_document
36672327,598,C528561,Negative_Correlation,C528561,0.5283471543,AISKGConstrainedTransfer,full_document
36672327,598,C560077,Negative_Correlation,C560077,0.5406471203,AISKGConstrainedTransfer,full_document
36672327,598,D000069439,Negative_Correlation,D000069439,0.5406471203,AISKGConstrainedTransfer,full_document
36672327,6714,C560077,Positive_Correlation,C560077,0.5073583384,AISKGConstrainedTransfer,full_document
36672327,6714,D000069439,Negative_Correlation,D000069439,0.4454500269,AISKGConstrainedTransfer,full_document
36672327,6714,D013964,Association,6714,0.7425189016,AISKGConstrainedTransfer,full_document
36672327,673,C560077,Negative_Correlation,C560077,0.5184623848,AISKGConstrainedTransfer,full_document
36672327,673,D000069439,Negative_Correlation,D000069439,0.4806567602,AISKGConstrainedTransfer,full_document
36672327,673,D013964,Association,673,0.8535182701,AISKGConstrainedTransfer,full_document
36672327,C528561,C560077,Negative_Correlation,C560077,0.5768600362,AISKGConstrainedTransfer,full_document
36672327,C528561,D000069439,Negative_Correlation,D000069439,0.5768600362,AISKGConstrainedTransfer,full_document
36672327,C560077,D000069439,Cotreatment,,0.5663264826,AISKGConstrainedTransfer,full_document
36672327,C560077,D013964,Negative_Correlation,C560077,0.5238058704,AISKGConstrainedTransfer,full_document
36672327,D000069439,D013964,Negative_Correlation,D000069439,0.4878393845,AISKGConstrainedTransfer,full_document
36672750,1312,D001943,Association,1312,0.7571913301,AISKGConstrainedTransfer,full_document
36672750,1312,D010146,Association,1312,0.7676191744,AISKGConstrainedTransfer,full_document
36672750,1312,D020069,Association,1312,0.7753389921,AISKGConstrainedTransfer,full_document
36672750,1312,D059350,Association,1312,0.7857503011,AISKGConstrainedTransfer,full_document
36672750,4988,D001943,Association,4988,0.7793681352,AISKGConstrainedTransfer,full_document
36672750,4988,D010146,Association,4988,0.797757154,AISKGConstrainedTransfer,full_document
36672750,4988,D020069,Association,4988,0.7874022084,AISKGConstrainedTransfer,full_document
36672750,4988,D059350,Association,4988,0.8102357909,AISKGConstrainedTransfer,full_document
36672750,D010146,rs1799971,Positive_Correlation,,0.4455315237,AISKGConstrainedTransfer,full_document
36672750,D010146,rs4680,Positive_Correlation,,0.5295616148,AISKGConstrainedTransfer,full_document
36672750,D010146,rs540825,Positive_Correlation,,0.5226694244,AISKGConstrainedTransfer,full_document
36672750,D010146,rs6269,Positive_Correlation,,0.4869533813,AISKGConstrainedTransfer,full_document
36673448,C002230,C008450,Association,C002230,0.4355534822,AISKGConstrainedTransfer,full_document
36673448,C002230,C017515,Association,C002230,0.4037109452,AISKGConstrainedTransfer,full_document
36673448,C002230,C024829,Association,C002230,0.4037109452,AISKGConstrainedTransfer,full_document
36673448,C002230,C025946,Association,C002230,0.4253916071,AISKGConstrainedTransfer,full_document
36673448,C002230,C046175,Association,C002230,0.4355534822,AISKGConstrainedTransfer,full_document
36673448,C002230,D001943,Negative_Correlation,C002230,0.3972449175,AISKGConstrainedTransfer,full_document
36673448,C005273,D002392,Cotreatment,,0.5835392422,AISKGConstrainedTransfer,full_document
36673448,C005273,D005419,Negative_Correlation,D005419,0.4706735557,AISKGConstrainedTransfer,full_document
36673448,C005273,D009369,Positive_Correlation,C005273,0.4794802837,AISKGConstrainedTransfer,full_document
36673448,C005273,D009385,Negative_Correlation,C005273,0.5245095509,AISKGConstrainedTransfer,full_document
36673448,C005273,D015127,Negative_Correlation,D015127,0.663033734,AISKGConstrainedTransfer,full_document
36673448,C005273,D047310,Negative_Correlation,D047310,0.4159320413,AISKGConstrainedTransfer,full_document
36673448,C005273,D059808,Negative_Correlation,D059808,0.4964391947,AISKGConstrainedTransfer,full_document
36673448,C005273,D063646,Positive_Correlation,C005273,0.4162873374,AISKGConstrainedTransfer,full_document
36673448,C008450,C024829,Association,C008450,0.4355534822,AISKGConstrainedTransfer,full_document
36673448,C008450,C042810,Association,C008450,0.4355534822,AISKGConstrainedTransfer,full_document
36673448,C008450,D001943,Negative_Correlation,C008450,0.3972449175,AISKGConstrainedTransfer,full_document
36673448,C017515,C042810,Association,C017515,0.4355534822,AISKGConstrainedTransfer,full_document
36673448,C017515,C046175,Association,C017515,0.4355534822,AISKGConstrainedTransfer,full_document
36673448,C017515,D001943,Negative_Correlation,C017515,0.3972449175,AISKGConstrainedTransfer,full_document
36673448,C024829,C042810,Association,C024829,0.4355534822,AISKGConstrainedTransfer,full_document
36673448,C024829,C046175,Association,C024829,0.4355534822,AISKGConstrainedTransfer,full_document
36673448,C042810,D001943,Negative_Correlation,C042810,0.3972449175,AISKGConstrainedTransfer,full_document
36673448,C046175,D001943,Negative_Correlation,C046175,0.3972449175,AISKGConstrainedTransfer,full_document
36673448,D001943,D005419,Positive_Correlation,D001943,0.5023205104,AISKGConstrainedTransfer,full_document
36673448,D001943,D009705,Positive_Correlation,D001943,0.4856273017,AISKGConstrainedTransfer,full_document
36673448,D001943,D015032,Positive_Correlation,D001943,0.4617930335,AISKGConstrainedTransfer,full_document
36673448,D001943,D015127,Negative_Correlation,D001943,0.441673193,AISKGConstrainedTransfer,full_document
36673448,D001943,D059808,Positive_Correlation,D001943,0.461369482,AISKGConstrainedTransfer,full_document
36673448,D002392,D005419,Cotreatment,,0.4160381623,AISKGConstrainedTransfer,full_document
36673448,D002392,D009385,Negative_Correlation,D002392,0.4897672614,AISKGConstrainedTransfer,full_document
36673448,D002392,D015032,Negative_Correlation,D015032,0.4663817796,AISKGConstrainedTransfer,full_document
36673448,D002392,D047310,Negative_Correlation,D047310,0.4159320413,AISKGConstrainedTransfer,full_document
36673448,D002392,D059808,Negative_Correlation,D059808,0.4217555604,AISKGConstrainedTransfer,full_document
36673448,D002392,D063646,Positive_Correlation,D002392,0.4162873374,AISKGConstrainedTransfer,full_document
36673448,D005419,D009369,Positive_Correlation,D005419,0.4923042041,AISKGConstrainedTransfer,full_document
36673448,D005419,D015032,Cotreatment,,0.4139266944,AISKGConstrainedTransfer,full_document
36673448,D005419,D047310,Cotreatment,,0.4160381623,AISKGConstrainedTransfer,full_document
36673448,D005419,D063646,Positive_Correlation,D005419,0.4162873374,AISKGConstrainedTransfer,full_document
36673448,D009369,D009705,Positive_Correlation,D009369,0.4774880851,AISKGConstrainedTransfer,full_document
36673448,D009369,D015032,Positive_Correlation,D009369,0.4774880851,AISKGConstrainedTransfer,full_document
36673448,D009369,D059808,Positive_Correlation,D009369,0.4871631492,AISKGConstrainedTransfer,full_document
36673448,D009385,D015032,Negative_Correlation,D009385,0.4506118949,AISKGConstrainedTransfer,full_document
36673448,D009385,D015127,Positive_Correlation,D009385,0.4809253814,AISKGConstrainedTransfer,full_document
36673448,D009385,D047310,Negative_Correlation,D009385,0.4515760577,AISKGConstrainedTransfer,full_document
36673448,D009385,D059808,Negative_Correlation,D009385,0.4543728844,AISKGConstrainedTransfer,full_document
36673448,D015032,D015127,Negative_Correlation,D015127,0.4981559432,AISKGConstrainedTransfer,full_document
36673448,D015032,D047310,Cotreatment,,0.3935562053,AISKGConstrainedTransfer,full_document
36673448,D015032,D059808,Drug_Interaction,,0.503869135,AISKGConstrainedTransfer,full_document
36673448,D015032,D063646,Negative_Correlation,D015032,0.4239911081,AISKGConstrainedTransfer,full_document
36673448,D015127,D059808,Negative_Correlation,D059808,0.4627340993,AISKGConstrainedTransfer,full_document
36673448,D047310,D059808,Negative_Correlation,D059808,0.4217555604,AISKGConstrainedTransfer,full_document
36673448,D047310,D063646,Positive_Correlation,D047310,0.4162873374,AISKGConstrainedTransfer,full_document
36680390,445,OMIM:215700,Association,445,0.8632656576,AISKGConstrainedTransfer,full_document
36682035,3556,3569,Association,,0.6949459028,AISKGConstrainedTransfer,full_document
36682035,3556,640,Association,,0.6682235961,AISKGConstrainedTransfer,full_document
36682035,3556,7078,Association,,0.6575360697,AISKGConstrainedTransfer,full_document
36682035,3556,9173,Association,,0.5064615602,AISKGConstrainedTransfer,full_document
36682035,3556,D002294,Association,3556,0.8825373822,AISKGConstrainedTransfer,full_document
36682035,3556,D003643,Association,3556,0.8335932818,AISKGConstrainedTransfer,full_document
36682035,3556,D007822,Association,3556,0.8825373822,AISKGConstrainedTransfer,full_document
36682035,3556,D009369,Association,3556,0.8541298333,AISKGConstrainedTransfer,full_document
36682035,3569,640,Association,,0.513814889,AISKGConstrainedTransfer,full_document
36682035,3569,7078,Association,,0.6593641459,AISKGConstrainedTransfer,full_document
36682035,3569,9173,Association,,0.513814889,AISKGConstrainedTransfer,full_document
36682035,3569,D002294,Association,3569,0.8815201744,AISKGConstrainedTransfer,full_document
36682035,3569,D007822,Association,3569,0.8815201744,AISKGConstrainedTransfer,full_document
36682035,640,7078,Association,,0.4949328809,AISKGConstrainedTransfer,full_document
36682035,640,9173,Association,,0.6682235961,AISKGConstrainedTransfer,full_document
36682035,640,D002294,Association,640,0.8817620379,AISKGConstrainedTransfer,full_document
36682035,640,D007822,Association,640,0.8817620379,AISKGConstrainedTransfer,full_document
36682035,7078,9173,Association,,0.6481190495,AISKGConstrainedTransfer,full_document
36682035,7078,D002294,Association,7078,0.8947904994,AISKGConstrainedTransfer,full_document
36682035,7078,D007822,Association,7078,0.8947904994,AISKGConstrainedTransfer,full_document
36682035,9173,D002294,Association,9173,0.8817620379,AISKGConstrainedTransfer,full_document
36682035,9173,D007822,Association,9173,0.8817620379,AISKGConstrainedTransfer,full_document
36682035,D002294,rs1041973,Association,,0.5003565727,AISKGConstrainedTransfer,full_document
36682035,D002294,rs13277113,Association,,0.5003565727,AISKGConstrainedTransfer,full_document
36682035,D002294,rs1800795,Association,,0.5003565727,AISKGConstrainedTransfer,full_document
36682035,D002294,rs4624606,Positive_Correlation,,0.5271483945,AISKGConstrainedTransfer,full_document
36682035,D002294,rs9621532,Association,,0.5174088542,AISKGConstrainedTransfer,full_document
36682035,D003643,rs4624606,Positive_Correlation,,0.6489718801,AISKGConstrainedTransfer,full_document
36682035,D007822,rs1041973,Association,,0.5003565727,AISKGConstrainedTransfer,full_document
36682035,D007822,rs13277113,Association,,0.5003565727,AISKGConstrainedTransfer,full_document
36682035,D007822,rs1800795,Association,,0.5003565727,AISKGConstrainedTransfer,full_document
36682035,D007822,rs4624606,Positive_Correlation,,0.5271483945,AISKGConstrainedTransfer,full_document
36682035,D007822,rs9621532,Association,,0.5174088542,AISKGConstrainedTransfer,full_document
36682035,D009369,rs4624606,Association,,0.5519735294,AISKGConstrainedTransfer,full_document
36685169,2161,26509,Association,,0.7073484992,AISKGConstrainedTransfer,full_document
36685169,2161,284,Association,,0.7189129438,AISKGConstrainedTransfer,full_document
36685169,2161,3827,Association,,0.7189129438,AISKGConstrainedTransfer,full_document
36685169,2161,5340,Association,,0.7189129438,AISKGConstrainedTransfer,full_document
36685169,2161,64711,Association,,0.7073484992,AISKGConstrainedTransfer,full_document
36685169,2161,D056828,Association,2161,0.8539972353,AISKGConstrainedTransfer,full_document
36685169,26509,284,Association,,0.7189129438,AISKGConstrainedTransfer,full_document
36685169,26509,3827,Association,,0.7189129438,AISKGConstrainedTransfer,full_document
36685169,26509,5340,Association,,0.7189129438,AISKGConstrainedTransfer,full_document
36685169,26509,64711,Association,,0.7189129438,AISKGConstrainedTransfer,full_document
36685169,26509,D056828,Association,26509,0.9274459121,AISKGConstrainedTransfer,full_document
36685169,284,3827,Association,,0.7189129438,AISKGConstrainedTransfer,full_document
36685169,284,5340,Association,,0.7189129438,AISKGConstrainedTransfer,full_document
36685169,284,64711,Association,,0.7189129438,AISKGConstrainedTransfer,full_document
36685169,284,D056828,Association,284,0.9274459121,AISKGConstrainedTransfer,full_document
36685169,3818,3827,Association,,0.4280860924,AISKGConstrainedTransfer,full_document
36685169,3818,5340,Association,,0.4049906128,AISKGConstrainedTransfer,full_document
36685169,3818,D056828,Association,3818,0.8539972353,AISKGConstrainedTransfer,full_document
36685169,3827,5340,Association,,0.7189129438,AISKGConstrainedTransfer,full_document
36685169,3827,64711,Association,,0.7189129438,AISKGConstrainedTransfer,full_document
36685169,3827,D056828,Association,3827,0.8201196966,AISKGConstrainedTransfer,full_document
36685169,5340,64711,Association,,0.7073484992,AISKGConstrainedTransfer,full_document
36685169,5340,D056828,Association,5340,0.8557014724,AISKGConstrainedTransfer,full_document
36685169,64711,D056828,Association,64711,0.9625743467,AISKGConstrainedTransfer,full_document
36685169,710,D056828,Association,710,0.8748807342,AISKGConstrainedTransfer,full_document
36685169,710,D056829,Association,710,0.8710768256,AISKGConstrainedTransfer,full_document
36687078,D000077192,D002867,Positive_Correlation,D000077192,0.4642839281,AISKGConstrainedTransfer,full_document
36687078,D000077192,D010087,Positive_Correlation,D000077192,0.4642839281,AISKGConstrainedTransfer,full_document
36687078,D002867,D015473,Negative_Correlation,D002867,0.39309067,AISKGConstrainedTransfer,full_document
36687078,D002867,D064420,Positive_Correlation,D002867,0.472450064,AISKGConstrainedTransfer,full_document
36687078,D010087,D015473,Negative_Correlation,D010087,0.39309067,AISKGConstrainedTransfer,full_document
36687078,D010087,D064420,Positive_Correlation,D010087,0.472450064,AISKGConstrainedTransfer,full_document
36690661,10728,5743,Positive_Correlation,5743,0.5062522845,AISKGConstrainedTransfer,full_document
36690661,10728,D009400,Association,10728,0.7933035368,AISKGConstrainedTransfer,full_document
36690661,10728,D015232,Positive_Correlation,D015232,0.5165893352,AISKGConstrainedTransfer,full_document
36690661,5742,D009400,Association,5742,0.8594207437,AISKGConstrainedTransfer,full_document
36690661,5742,D015232,Positive_Correlation,D015232,0.3905217398,AISKGConstrainedTransfer,full_document
36690661,5742,D050197,Association,5742,0.7912517819,AISKGConstrainedTransfer,full_document
36690661,5743,D009400,Association,5743,0.8317538127,AISKGConstrainedTransfer,full_document
36690661,5743,D015232,Positive_Correlation,D015232,0.3905217398,AISKGConstrainedTransfer,full_document
36690661,80142,D009400,Association,80142,0.8317538127,AISKGConstrainedTransfer,full_document
36690661,80142,D015232,Positive_Correlation,D015232,0.3905217398,AISKGConstrainedTransfer,full_document
36690661,9536,D009400,Association,9536,0.8317538127,AISKGConstrainedTransfer,full_document
36690661,9536,D015232,Positive_Correlation,D015232,0.3905217398,AISKGConstrainedTransfer,full_document
36690661,D009400,D015232,Positive_Correlation,D009400,0.4327229945,AISKGConstrainedTransfer,full_document
36690661,D009400,rs11300958,Positive_Correlation,,0.6800706113,AISKGConstrainedTransfer,full_document
36690661,D009400,rs2958155,Positive_Correlation,,0.6802616873,AISKGConstrainedTransfer,full_document
36690661,D009400,rs4648268,Positive_Correlation,,0.6802616873,AISKGConstrainedTransfer,full_document
36690661,D050197,rs10306194,Positive_Correlation,,0.6404013511,AISKGConstrainedTransfer,full_document
36698099,1557,6326,Association,,0.4825838841,AISKGConstrainedTransfer,full_document
36698099,1557,D001714,Association,1557,0.8405848737,AISKGConstrainedTransfer,full_document
36698099,1557,D003865,Association,1557,0.7907475121,AISKGConstrainedTransfer,full_document
36698099,5243,D001714,Association,5243,0.8150407118,AISKGConstrainedTransfer,full_document
36698099,5243,D003865,Association,5243,0.8245331752,AISKGConstrainedTransfer,full_document
36698099,6326,D003865,Association,6326,0.8373094765,AISKGConstrainedTransfer,full_document
36698099,D001714,rs1045642,Positive_Correlation,,0.5977772968,AISKGConstrainedTransfer,full_document
36698099,D001714,rs17183814,Positive_Correlation,,0.4986813753,AISKGConstrainedTransfer,full_document
36698099,D001714,rs4244285,Positive_Correlation,,0.7456926535,AISKGConstrainedTransfer,full_document
36698099,D001714,rs4986893,Positive_Correlation,,0.5281780667,AISKGConstrainedTransfer,full_document
36698099,D003865,rs1045642,Positive_Correlation,,0.5957773221,AISKGConstrainedTransfer,full_document
36698099,D003865,rs17183814,Positive_Correlation,,0.4910821462,AISKGConstrainedTransfer,full_document
36698099,D003865,rs4244285,Positive_Correlation,,0.7446905486,AISKGConstrainedTransfer,full_document
36698099,D003865,rs4986893,Positive_Correlation,,0.6171553767,AISKGConstrainedTransfer,full_document
36700212,22220430,D000357,Association,22220430,0.8293933078,AISKGConstrainedTransfer,full_document
36711025,19126,D009173,Negative_Correlation,D009173,0.5391555032,AISKGConstrainedTransfer,full_document
36711025,19126,D009369,Association,19126,0.6201115332,AISKGConstrainedTransfer,full_document
36711025,20674,D009173,Negative_Correlation,D009173,0.5419346364,AISKGConstrainedTransfer,full_document
36711025,20674,D009369,Association,20674,0.5973194998,AISKGConstrainedTransfer,full_document
36711025,3569,3614,Association,,0.3907968469,AISKGConstrainedTransfer,full_document
36711025,3569,7412,Association,,0.3907968469,AISKGConstrainedTransfer,full_document
36711025,3569,D006151,Negative_Correlation,D006151,0.3933725786,AISKGConstrainedTransfer,full_document
36711025,3569,D007249,Association,3569,0.8656312234,AISKGConstrainedTransfer,full_document
36711025,3576,D007249,Association,3576,0.8569243573,AISKGConstrainedTransfer,full_document
36711025,3614,D007249,Association,3614,0.8659067057,AISKGConstrainedTransfer,full_document
36711025,3614,D009173,Negative_Correlation,D009173,0.6155810485,AISKGConstrainedTransfer,full_document
36711025,3614,D009369,Association,3614,0.6927371104,AISKGConstrainedTransfer,full_document
36711025,3614,D011687,Association,D011687,0.4220805343,AISKGConstrainedTransfer,full_document
36711025,3614,D018281,Association,3614,0.9158896691,AISKGConstrainedTransfer,full_document
36711025,3615,D006151,Negative_Correlation,D006151,0.4701724179,AISKGConstrainedTransfer,full_document
36711025,3615,D009369,Association,3615,0.8030011151,AISKGConstrainedTransfer,full_document
36711025,3615,D011687,Negative_Correlation,D011687,0.4579964542,AISKGConstrainedTransfer,full_document
36711025,3615,D018281,Association,3615,0.8394160753,AISKGConstrainedTransfer,full_document
36711025,471,D011687,Association,D011687,0.4228587186,AISKGConstrainedTransfer,full_document
36711025,471,D018281,Association,471,0.8552327627,AISKGConstrainedTransfer,full_document
36711025,5198,D011687,Association,D011687,0.4228587186,AISKGConstrainedTransfer,full_document
36711025,5198,D018281,Association,5198,0.8552327627,AISKGConstrainedTransfer,full_document
36711025,5471,D006151,Negative_Correlation,D006151,0.4701724179,AISKGConstrainedTransfer,full_document
36711025,5471,D009369,Association,5471,0.8169333926,AISKGConstrainedTransfer,full_document
36711025,5471,D011687,Association,D011687,0.4220805343,AISKGConstrainedTransfer,full_document
36711025,5471,D018281,Association,5471,0.9158896691,AISKGConstrainedTransfer,full_document
36711025,6696,D007249,Association,6696,0.8659067057,AISKGConstrainedTransfer,full_document
36711025,7412,D007249,Association,7412,0.8659067057,AISKGConstrainedTransfer,full_document
36711025,7422,D006151,Negative_Correlation,D006151,0.4003343506,AISKGConstrainedTransfer,full_document
36711025,7422,D007249,Association,7422,0.8418554604,AISKGConstrainedTransfer,full_document
36711025,D006151,D007249,Positive_Correlation,D006151,0.5016145743,AISKGConstrainedTransfer,full_document
36711025,D006151,D009369,Negative_Correlation,D006151,0.51575609,AISKGConstrainedTransfer,full_document
36711025,D006151,D011687,Negative_Correlation,D011687,0.4135538076,AISKGConstrainedTransfer,full_document
36711025,D006151,D018281,Negative_Correlation,D006151,0.4388806448,AISKGConstrainedTransfer,full_document
36711025,D007288,D011687,Negative_Correlation,D011687,0.4135538076,AISKGConstrainedTransfer,full_document
36711025,D007288,D019820,Negative_Correlation,D019820,0.4116685786,AISKGConstrainedTransfer,full_document
36711025,D009173,D009369,Negative_Correlation,D009173,0.6156743241,AISKGConstrainedTransfer,full_document
36711025,D009369,D011687,Positive_Correlation,D009369,0.432719116,AISKGConstrainedTransfer,full_document
36711025,D011687,D018281,Positive_Correlation,D011687,0.4860389922,AISKGConstrainedTransfer,full_document
36711025,D011687,D019271,Negative_Correlation,D019271,0.4135538076,AISKGConstrainedTransfer,full_document
36711025,D011687,D019820,Negative_Correlation,D019820,0.4295501926,AISKGConstrainedTransfer,full_document
36711701,29110,C108475,Negative_Correlation,C108475,0.5692409956,AISKGConstrainedTransfer,full_document
36711701,29110,D007249,Association,29110,0.7400944843,AISKGConstrainedTransfer,full_document
36711701,29110,D009369,Association,29110,0.7779876697,AISKGConstrainedTransfer,full_document
36711701,3661,D007249,Association,3661,0.7400944843,AISKGConstrainedTransfer,full_document
36711701,3661,D009369,Association,3661,0.7779876697,AISKGConstrainedTransfer,full_document
36711701,3661,D010190,Association,3661,0.7857646502,AISKGConstrainedTransfer,full_document
36711701,3661,D050500,Association,3661,0.8638751618,AISKGConstrainedTransfer,full_document
36711701,7098,90865,Association,,0.5017767807,AISKGConstrainedTransfer,full_document
36711701,7099,90865,Association,,0.5017767807,AISKGConstrainedTransfer,full_document
36711701,90865,C108475,Negative_Correlation,C108475,0.555937448,AISKGConstrainedTransfer,full_document
36711701,90865,D007249,Association,90865,0.7974536723,AISKGConstrainedTransfer,full_document
36711701,90865,D009369,Association,90865,0.7820355246,AISKGConstrainedTransfer,full_document
36711701,90865,D010190,Association,90865,0.7857646502,AISKGConstrainedTransfer,full_document
36711701,90865,D050500,Association,90865,0.8638751618,AISKGConstrainedTransfer,full_document
36711701,C108475,D007249,Positive_Correlation,C108475,0.5223469277,AISKGConstrainedTransfer,full_document
36711701,C108475,D009369,Positive_Correlation,C108475,0.4777760216,AISKGConstrainedTransfer,full_document
36711701,C108475,D010190,Negative_Correlation,C108475,0.4820797726,AISKGConstrainedTransfer,full_document
36711701,C108475,D050500,Positive_Correlation,C108475,0.514218968,AISKGConstrainedTransfer,full_document
36727005,1644,C537437,Association,1644,0.8438136624,AISKGConstrainedTransfer,full_document
36737753,101928337,D013964,Association,101928337,0.8502220628,AISKGConstrainedTransfer,full_document
36737753,57715,7173,Association,,0.5471576297,AISKGConstrainedTransfer,full_document
36737753,57715,D013964,Association,57715,0.836299973,AISKGConstrainedTransfer,full_document
36737753,7173,D013964,Association,7173,0.8369941458,AISKGConstrainedTransfer,full_document
36737753,D013964,rs2048722,Positive_Correlation,,0.5805422703,AISKGConstrainedTransfer,full_document
36737753,D013964,rs4919510,Positive_Correlation,,0.549918579,AISKGConstrainedTransfer,full_document
36737753,D013964,rs925489,Positive_Correlation,,0.4945604109,AISKGConstrainedTransfer,full_document
36741386,13733,C017875,Negative_Correlation,C017875,0.4484515366,AISKGConstrainedTransfer,full_document
36741386,207,C017875,Negative_Correlation,C017875,0.4582730305,AISKGConstrainedTransfer,full_document
36741386,207,D000077271,Negative_Correlation,D000077271,0.4249805775,AISKGConstrainedTransfer,full_document
36741386,207,D003872,Association,207,0.8391717925,AISKGConstrainedTransfer,full_document
36741386,207,D011565,Association,207,0.8615604482,AISKGConstrainedTransfer,full_document
36741386,207,D012871,Association,207,0.8528144264,AISKGConstrainedTransfer,full_document
36741386,2475,3605,Association,,0.4130651856,AISKGConstrainedTransfer,full_document
36741386,2475,D000077271,Negative_Correlation,D000077271,0.461189955,AISKGConstrainedTransfer,full_document
36741386,2475,D003872,Association,2475,0.8395834545,AISKGConstrainedTransfer,full_document
36741386,2475,D011565,Association,2475,0.8987887818,AISKGConstrainedTransfer,full_document
36741386,2475,D012871,Association,2475,0.8532703756,AISKGConstrainedTransfer,full_document
36741386,2475,D020123,Negative_Correlation,D020123,0.6034105082,AISKGConstrainedTransfer,full_document
36741386,2475,D059808,Negative_Correlation,D059808,0.4257041541,AISKGConstrainedTransfer,full_document
36741386,3605,D000077271,Negative_Correlation,D000077271,0.4098644019,AISKGConstrainedTransfer,full_document
36741386,3605,D011565,Association,3605,0.8974216024,AISKGConstrainedTransfer,full_document
36741386,5291,D011565,Association,5291,0.9013724381,AISKGConstrainedTransfer,full_document
36741386,6198,C017875,Negative_Correlation,C017875,0.447416423,AISKGConstrainedTransfer,full_document
36741386,6198,D011565,Association,6198,0.8654513361,AISKGConstrainedTransfer,full_document
36741386,6198,D059808,Negative_Correlation,D059808,0.4257041541,AISKGConstrainedTransfer,full_document
36741386,915,C017875,Negative_Correlation,C017875,0.636327309,AISKGConstrainedTransfer,full_document
36741386,915,D020123,Negative_Correlation,D020123,0.6441574486,AISKGConstrainedTransfer,full_document
36741386,916,C017875,Negative_Correlation,C017875,0.636327309,AISKGConstrainedTransfer,full_document
36741386,916,D020123,Negative_Correlation,D020123,0.6441574486,AISKGConstrainedTransfer,full_document
36741386,917,C017875,Negative_Correlation,C017875,0.636327309,AISKGConstrainedTransfer,full_document
36741386,917,D020123,Negative_Correlation,D020123,0.6441574486,AISKGConstrainedTransfer,full_document
36741386,919,C017875,Negative_Correlation,C017875,0.636327309,AISKGConstrainedTransfer,full_document
36741386,919,D020123,Negative_Correlation,D020123,0.6441574486,AISKGConstrainedTransfer,full_document
36741386,920,C017875,Negative_Correlation,C017875,0.6317495088,AISKGConstrainedTransfer,full_document
36741386,920,D020123,Negative_Correlation,D020123,0.6235551253,AISKGConstrainedTransfer,full_document
36741386,940,C017875,Negative_Correlation,C017875,0.636327309,AISKGConstrainedTransfer,full_document
36741386,940,D020123,Negative_Correlation,D020123,0.6441574486,AISKGConstrainedTransfer,full_document
36741386,C017875,D003872,Negative_Correlation,C017875,0.5184794936,AISKGConstrainedTransfer,full_document
36741386,C017875,D011565,Positive_Correlation,C017875,0.4928459184,AISKGConstrainedTransfer,full_document
36741386,C017875,D012871,Positive_Correlation,C017875,0.6009573883,AISKGConstrainedTransfer,full_document
36741386,C017875,D020123,Negative_Correlation,D020123,0.5209292549,AISKGConstrainedTransfer,full_document
36741386,D000077271,D003872,Positive_Correlation,D000077271,0.4842023318,AISKGConstrainedTransfer,full_document
36741386,D000077271,D011565,Positive_Correlation,D000077271,0.5452295496,AISKGConstrainedTransfer,full_document
36741386,D000077271,D012871,Positive_Correlation,D000077271,0.6009573883,AISKGConstrainedTransfer,full_document
36741386,D003872,D020123,Positive_Correlation,D003872,0.4518999843,AISKGConstrainedTransfer,full_document
36741386,D011565,D020123,Positive_Correlation,D011565,0.600317365,AISKGConstrainedTransfer,full_document
36741386,D012871,D020123,Positive_Correlation,D012871,0.5909706174,AISKGConstrainedTransfer,full_document
36744531,1588,C035144,Negative_Correlation,C035144,0.4328134943,AISKGConstrainedTransfer,full_document
36744531,1588,D004997,Negative_Correlation,D004997,0.4328474624,AISKGConstrainedTransfer,full_document
36744531,5741,D000450,Association,D000450,0.503727837,AISKGConstrainedTransfer,full_document
36744531,5741,D061205,Association,5741,0.922912206,AISKGConstrainedTransfer,full_document
36744531,C035144,D000450,Negative_Correlation,D000450,0.4621568392,AISKGConstrainedTransfer,full_document
36744531,C035144,D000809,Negative_Correlation,D000809,0.4621568392,AISKGConstrainedTransfer,full_document
36744531,C035144,D002784,Association,C035144,0.4209222208,AISKGConstrainedTransfer,full_document
36744531,C035144,D004953,Comparison,,0.4035047705,AISKGConstrainedTransfer,full_document
36744531,C035144,D004967,Negative_Correlation,D004967,0.6462639839,AISKGConstrainedTransfer,full_document
36744531,C035144,D004997,Negative_Correlation,D004997,0.4960409058,AISKGConstrainedTransfer,full_document
36744531,C035144,D011372,Cotreatment,,0.4770140992,AISKGConstrainedTransfer,full_document
36744531,C035144,D014280,Negative_Correlation,D014280,0.39643573,AISKGConstrainedTransfer,full_document
36744531,D000450,D004997,Negative_Correlation,D004997,0.4621568392,AISKGConstrainedTransfer,full_document
36744531,D000450,D061205,Positive_Correlation,D000450,0.4585629081,AISKGConstrainedTransfer,full_document
36744531,D000809,D004997,Negative_Correlation,D004997,0.4621568392,AISKGConstrainedTransfer,full_document
36744531,D002784,D004953,Negative_Correlation,D004953,0.3984744635,AISKGConstrainedTransfer,full_document
36744531,D002784,D004958,Negative_Correlation,D004958,0.4230918763,AISKGConstrainedTransfer,full_document
36744531,D002784,D014280,Drug_Interaction,,0.4172516556,AISKGConstrainedTransfer,full_document
36744531,D004953,D004958,Negative_Correlation,D004958,0.4818684644,AISKGConstrainedTransfer,full_document
36744531,D004953,D013148,Cotreatment,,0.407486651,AISKGConstrainedTransfer,full_document
36744531,D004953,D014280,Negative_Correlation,D014280,0.4524370272,AISKGConstrainedTransfer,full_document
36744531,D004958,D004997,Negative_Correlation,D004997,0.5091968499,AISKGConstrainedTransfer,full_document
36744531,D004958,D014280,Negative_Correlation,D014280,0.4771358127,AISKGConstrainedTransfer,full_document
36744531,D004967,D011372,Negative_Correlation,D011372,0.6104925012,AISKGConstrainedTransfer,full_document
36744531,D004997,D013148,Cotreatment,,0.407486651,AISKGConstrainedTransfer,full_document
36744531,D004997,D019851,Positive_Correlation,D004997,0.4122719656,AISKGConstrainedTransfer,full_document
36759515,120892,D010300,Association,120892,0.7438841859,AISKGConstrainedTransfer,full_document
36759515,2534,D010300,Association,2534,0.7438841859,AISKGConstrainedTransfer,full_document
36759515,54832,D010300,Association,54832,0.7438841859,AISKGConstrainedTransfer,full_document
36759515,64710,D010300,Association,64710,0.7438841859,AISKGConstrainedTransfer,full_document
36759515,6622,D010300,Association,6622,0.7438841859,AISKGConstrainedTransfer,full_document
36759515,8934,D010300,Association,8934,0.7438841859,AISKGConstrainedTransfer,full_document
36759515,D010300,rs11557080,Positive_Correlation,,0.5849202213,AISKGConstrainedTransfer,full_document
36759515,D010300,rs2251086,Positive_Correlation,,0.5849202213,AISKGConstrainedTransfer,full_document
36759515,D010300,rs33949390,Positive_Correlation,,0.5590919621,AISKGConstrainedTransfer,full_document
36759515,D010300,rs34594498,Positive_Correlation,,0.5590919621,AISKGConstrainedTransfer,full_document
36759515,D010300,rs34778348,Positive_Correlation,,0.5590919621,AISKGConstrainedTransfer,full_document
36759515,D010300,rs356182,Positive_Correlation,,0.5849202213,AISKGConstrainedTransfer,full_document
36759515,D010300,rs61204179,Positive_Correlation,,0.5352583001,AISKGConstrainedTransfer,full_document
36759515,D010300,rs997368,Positive_Correlation,,0.5849202213,AISKGConstrainedTransfer,full_document
36760581,10891,D050177,Association,10891,0.8640556087,AISKGConstrainedTransfer,full_document
36760581,10891,D063766,Association,10891,0.8893260455,AISKGConstrainedTransfer,full_document
36760581,252995,D050177,Association,252995,0.8640556087,AISKGConstrainedTransfer,full_document
36760581,252995,D063766,Association,252995,0.8893260455,AISKGConstrainedTransfer,full_document
36760581,D050177,rs16835198,Positive_Correlation,,0.5487605739,AISKGConstrainedTransfer,full_document
36760581,D050177,rs3755863,Association,,0.512317691,AISKGConstrainedTransfer,full_document
36760581,D050177,rs8192678,Positive_Correlation,,0.6250067602,AISKGConstrainedTransfer,full_document
36760581,D063766,rs16835198,Positive_Correlation,,0.5447113725,AISKGConstrainedTransfer,full_document
36760581,D063766,rs3755863,Association,,0.5139968296,AISKGConstrainedTransfer,full_document
36760581,D063766,rs8192678,Positive_Correlation,,0.5816526215,AISKGConstrainedTransfer,full_document
36760778,2155,D005168,Association,2155,0.8778696753,AISKGConstrainedTransfer,full_document
36760778,2155,D020300,Association,2155,0.8836231036,AISKGConstrainedTransfer,full_document
36760778,D020300,c|DEL|790|C,Positive_Correlation,,0.5803176708,AISKGConstrainedTransfer,full_document
36761951,80169,C566283,Association,80169,0.901627417,AISKGConstrainedTransfer,full_document
36761951,80169,D004211,Association,80169,0.8910165788,AISKGConstrainedTransfer,full_document
36761951,80169,D005221,Association,80169,0.8835615623,AISKGConstrainedTransfer,full_document
36761951,80169,D012817,Association,80169,0.8900270066,AISKGConstrainedTransfer,full_document
36761951,80169,D013921,Association,80169,0.8898452247,AISKGConstrainedTransfer,full_document
36761951,80169,D014652,Association,80169,0.916207082,AISKGConstrainedTransfer,full_document
36761951,80169,D059885,Association,80169,0.8758282313,AISKGConstrainedTransfer,full_document
36761951,C566283,c|SUB|A|435+9|C,Positive_Correlation,,0.6031774617,AISKGConstrainedTransfer,full_document
36761951,C566283,rs183966301,Positive_Correlation,,0.6138998685,AISKGConstrainedTransfer,full_document
36761951,D011241,D013792,Negative_Correlation,D013792,0.41171382,AISKGConstrainedTransfer,full_document
36761951,D011241,D020123,Negative_Correlation,D020123,0.5085176226,AISKGConstrainedTransfer,full_document
36761951,D011241,D059885,Negative_Correlation,D011241,0.440461614,AISKGConstrainedTransfer,full_document
36761951,D013792,D020123,Negative_Correlation,D020123,0.5085176226,AISKGConstrainedTransfer,full_document
36761951,D013792,D059885,Negative_Correlation,D013792,0.440461614,AISKGConstrainedTransfer,full_document
36761951,D020123,D059885,Negative_Correlation,D020123,0.462860128,AISKGConstrainedTransfer,full_document
36761951,D059885,c|SUB|A|435+9|C,Positive_Correlation,,0.6196090642,AISKGConstrainedTransfer,full_document
36761951,D059885,rs183966301,Positive_Correlation,,0.6082177594,AISKGConstrainedTransfer,full_document
36768587,1019,403412,Association,,0.4780755578,AISKGConstrainedTransfer,full_document
36768587,403412,449028,Positive_Correlation,449028,0.4663730426,AISKGConstrainedTransfer,full_document
36789003,65250,C536293,Association,65250,0.9172476053,AISKGConstrainedTransfer,full_document
36789003,65250,D000072661,Association,65250,0.8786018787,AISKGConstrainedTransfer,full_document
36789003,C536293,c|DUP|8948|T|,Positive_Correlation,,0.5354904942,AISKGConstrainedTransfer,full_document
36789003,C536293,c|SUB|G|247|T,Positive_Correlation,,0.5493176146,AISKGConstrainedTransfer,full_document
36789003,C536293,p|FS|P|2984|T|7,Positive_Correlation,,0.584532004,AISKGConstrainedTransfer,full_document
36789003,C536293,p|SUB|G|83|X,Positive_Correlation,,0.6529927984,AISKGConstrainedTransfer,full_document
36789003,D000072661,c|DUP|8948|T|,Positive_Correlation,,0.4691029183,AISKGConstrainedTransfer,full_document
36798132,13610,16176,Positive_Correlation,16176,0.5094400212,AISKGConstrainedTransfer,full_document
36798132,13610,216799,Association,,0.4160187978,AISKGConstrainedTransfer,full_document
36798132,13610,52150,Positive_Correlation,52150,0.5394362536,AISKGConstrainedTransfer,full_document
36798132,13610,C548679,Negative_Correlation,C548679,0.5646919622,AISKGConstrainedTransfer,full_document
36798132,13610,D011654,Association,13610,0.6319475285,AISKGConstrainedTransfer,full_document
36798132,16176,216799,Association,,0.4160187978,AISKGConstrainedTransfer,full_document
36798132,16176,52150,Association,,0.6549901141,AISKGConstrainedTransfer,full_document
36798132,16176,D000255,Association,D000255,0.4713234845,AISKGConstrainedTransfer,full_document
36798132,16176,D011188,Association,D011188,0.480301872,AISKGConstrainedTransfer,full_document
36798132,20698,216799,Association,,0.4693400754,AISKGConstrainedTransfer,full_document
36798132,216799,52150,Association,,0.5635636336,AISKGConstrainedTransfer,full_document
36798132,216799,C060506,Negative_Correlation,C060506,0.4307868944,AISKGConstrainedTransfer,full_document
36798132,216799,D000077271,Positive_Correlation,D000077271,0.3932270767,AISKGConstrainedTransfer,full_document
36798132,216799,D008070,Negative_Correlation,D008070,0.4555032524,AISKGConstrainedTransfer,full_document
36798132,216799,D009550,Positive_Correlation,D009550,0.3932270767,AISKGConstrainedTransfer,full_document
36798132,52150,D000255,Positive_Correlation,D000255,0.5965420606,AISKGConstrainedTransfer,full_document
36798132,52150,D008070,Negative_Correlation,D008070,0.429114311,AISKGConstrainedTransfer,full_document
36798132,C548679,D011654,Negative_Correlation,C548679,0.4870310571,AISKGConstrainedTransfer,full_document
36798132,D000077271,D008070,Negative_Correlation,D008070,0.5330081237,AISKGConstrainedTransfer,full_document
36798132,D000255,D008070,Association,D000255,0.4339913539,AISKGConstrainedTransfer,full_document
36798132,D000255,D011188,Negative_Correlation,D011188,0.4290195018,AISKGConstrainedTransfer,full_document
36798132,D008070,D009550,Negative_Correlation,D009550,0.4839898969,AISKGConstrainedTransfer,full_document
36798132,D008070,D011188,Association,D008070,0.4596142471,AISKGConstrainedTransfer,full_document
