doc_id,id1,id2,relation,subject,score,system,mode
19016528,3586,3588,Bind,3588,0.709858,BioREDirect,sentence_local
19016528,3587,3586,Bind,3586,0.6479496,BioREDirect,sentence_local
19016528,3587,6774,Association,3587,0.93430793,BioREDirect,sentence_local
19016528,3587,9021,Association,3587,0.9911479,BioREDirect,sentence_local
19016528,2828273,9021,Positive_Correlation,2828273,0.7676575,BioREDirect,sentence_local
19016528,2828273,3586,Bind,3586,0.79647887,BioREDirect,sentence_local
19016528,2828273,6774,Association,2828273,0.9909418,BioREDirect,sentence_local
19016528,2828273,3587,Association,3587,0.9503616,BioREDirect,sentence_local
22476228,rs3775067,rs4963,Association,,0.8208603,BioREDirect,sentence_local
22476228,rs3775067,rs1263359,Association,,0.8489779,BioREDirect,sentence_local
22476228,rs3775067,rs4961,Association,,0.81146353,BioREDirect,sentence_local
22476228,rs1263359,rs4963,Association,,0.77875435,BioREDirect,sentence_local
22476228,rs1263359,rs4961,Association,,0.74850225,BioREDirect,sentence_local
24722316,81686,2908,Association,2908,0.9480091,BioREDirect,sentence_local
24722316,D006862,D004487,Positive_Correlation,D006862,0.6896472,BioREDirect,sentence_local
24722316,D055371,81686,Association,81686,0.94825846,BioREDirect,sentence_local
24722316,D006862,4313,Positive_Correlation,D006862,0.9917493,BioREDirect,sentence_local
24722316,D055371,4313,Association,4313,0.9572346,BioREDirect,sentence_local
24722316,D055371,4318,Association,4318,0.88312703,BioREDirect,sentence_local
24722316,D006862,4318,Positive_Correlation,D006862,0.9914724,BioREDirect,sentence_local
24722316,D004318,81687,Negative_Correlation,D004318,0.5738321,BioREDirect,sentence_local
24722316,D004318,81686,Negative_Correlation,D004318,0.6663398,BioREDirect,sentence_local
24722316,D004318,4313,Negative_Correlation,D004318,0.8526804,BioREDirect,sentence_local
24722316,D004318,4318,Negative_Correlation,D004318,0.9272105,BioREDirect,sentence_local
24722316,81687,2908,Association,2908,0.93516004,BioREDirect,sentence_local
24722316,4313,2908,Association,2908,0.9587515,BioREDirect,sentence_local
24722316,4318,2908,Association,2908,0.9423812,BioREDirect,sentence_local
24722316,D015735,24413,Negative_Correlation,D015735,0.9705979,BioREDirect,sentence_local
24722316,D015735,2908,Negative_Correlation,D015735,0.9705979,BioREDirect,sentence_local
24722316,81687,24413,Association,24413,0.93516004,BioREDirect,sentence_local
24722316,D004487,2908,Association,2908,0.92029935,BioREDirect,sentence_local
24722316,D004487,24413,Association,24413,0.92029935,BioREDirect,sentence_local
24722316,81686,24413,Association,24413,0.9480091,BioREDirect,sentence_local
24722316,4318,24413,Association,24413,0.9423812,BioREDirect,sentence_local
24722316,4313,24413,Association,24413,0.9587515,BioREDirect,sentence_local
24722316,D003907,81687,Negative_Correlation,D003907,0.9892462,BioREDirect,sentence_local
24722316,D003907,D055371,Negative_Correlation,D003907,0.9863988,BioREDirect,sentence_local
24722316,D003907,81686,Negative_Correlation,D003907,0.9886742,BioREDirect,sentence_local
24722316,D003907,D015735,Association,D015735,0.9104193,BioREDirect,sentence_local
24722316,D003907,2908,Positive_Correlation,D003907,0.98430353,BioREDirect,sentence_local
24722316,D003907,D004487,Negative_Correlation,D003907,0.9845316,BioREDirect,sentence_local
24722316,D003907,4313,Negative_Correlation,D003907,0.9893846,BioREDirect,sentence_local
24722316,D006862,D055371,Positive_Correlation,D006862,0.8790063,BioREDirect,sentence_local
24722316,D003907,24413,Positive_Correlation,D003907,0.98430353,BioREDirect,sentence_local
24722316,D003907,4318,Negative_Correlation,D003907,0.9901564,BioREDirect,sentence_local
24722316,D003907,D006862,Negative_Correlation,D003907,0.9739741,BioREDirect,sentence_local
24722316,D006862,81687,Positive_Correlation,D006862,0.9913105,BioREDirect,sentence_local
24722316,D055371,81687,Association,81687,0.873352,BioREDirect,sentence_local
24722316,D006862,81686,Positive_Correlation,D006862,0.9916944,BioREDirect,sentence_local
27374774,C537475,55863,Association,55863,0.98948765,BioREDirect,sentence_local
27374774,D028361,rs141542003,Association,rs141542003,0.99056774,BioREDirect,sentence_local
27374774,D028361,rs886037835,Association,rs886037835,0.99062634,BioREDirect,sentence_local
27374774,D028361,p|FS|N|134|I|2,Association,p,0.99282336,BioREDirect,sentence_local
27374774,D028361,55863,Association,55863,0.97099763,BioREDirect,sentence_local
27374774,D007676,55863,Association,55863,0.9437969,BioREDirect,sentence_local
27374774,D009135,55863,Association,55863,0.9668551,BioREDirect,sentence_local
27374774,D009202,55863,Association,55863,0.95404387,BioREDirect,sentence_local
27623776,D002413,D000077261,Negative_Correlation,D000077261,0.7207989,BioREDirect,sentence_local
27623776,D000077261,6262,Negative_Correlation,D000077261,0.65300125,BioREDirect,sentence_local
27623776,D002118,D000077261,Negative_Correlation,D000077261,0.7207989,BioREDirect,sentence_local
27623776,D000068577,20191,Negative_Correlation,D000068577,0.9393412,BioREDirect,sentence_local
27623776,D000068577,C536334,Negative_Correlation,D000068577,0.98106766,BioREDirect,sentence_local
27623776,D000068577,D017180,Negative_Correlation,D000068577,0.95521444,BioREDirect,sentence_local
27623776,D000068577,D002413,Negative_Correlation,D000068577,0.98612565,BioREDirect,sentence_local
27623776,D000068577,6262,Association,D000068577,0.9151849,BioREDirect,sentence_local
27623776,D000068577,D002118,Negative_Correlation,D000068577,0.98612565,BioREDirect,sentence_local
27623776,D017180,20191,Association,20191,0.5754874,BioREDirect,sentence_local
27623776,D002413,D001145,Association,,0.62862885,BioREDirect,sentence_local
27623776,D017180,6262,Association,6262,0.5728074,BioREDirect,sentence_local
27623776,D002413,20191,Association,20191,0.56073725,BioREDirect,sentence_local
27623776,D002413,6262,Association,6262,0.5210178,BioREDirect,sentence_local
27623776,D002118,D001145,Association,,0.62862885,BioREDirect,sentence_local
27623776,D002118,20191,Association,20191,0.56073725,BioREDirect,sentence_local
27623776,D002118,6262,Association,6262,0.5210178,BioREDirect,sentence_local
27623776,C536334,20191,Association,20191,0.59941316,BioREDirect,sentence_local
27623776,C536334,p|SUB|R|4496|C,Association,p,0.8265331,BioREDirect,sentence_local
27623776,D019331,4843,Negative_Correlation,D019331,0.9785669,BioREDirect,sentence_local
27623776,C536334,6262,Association,6262,0.73023355,BioREDirect,sentence_local
27623776,D000077261,C536334,Negative_Correlation,D000077261,0.7399491,BioREDirect,sentence_local
27623776,D000077261,D017180,Negative_Correlation,D000077261,0.53408587,BioREDirect,sentence_local
27623776,D000077261,20191,Association,D000077261,0.54275596,BioREDirect,sentence_local
27784654,171519,25029,Association,171519,0.61511624,BioREDirect,sentence_local
27784654,C093973,50689,Negative_Correlation,C093973,0.904332,BioREDirect,sentence_local
27784654,D011225,171519,Association,171519,0.91492313,BioREDirect,sentence_local
27784654,399475,58966,Association,,0.59685403,BioREDirect,sentence_local
27784654,25029,58966,Association,,0.77378803,BioREDirect,sentence_local
27784654,171519,116590,Positive_Correlation,171519,0.98931956,BioREDirect,sentence_local
27784654,25029,56820,Association,,0.8440821,BioREDirect,sentence_local
27784654,D014409,C093973,Negative_Correlation,C093973,0.8139009,BioREDirect,sentence_local
27784654,D014409,171519,Association,171519,0.94508284,BioREDirect,sentence_local
27784654,D014409,D011225,Association,D014409,0.53800005,BioREDirect,sentence_local
27784654,399475,56820,Association,,0.5243233,BioREDirect,sentence_local
27784654,171519,58965,Association,171519,0.9383739,BioREDirect,sentence_local
27784654,D014409,25029,Negative_Correlation,D014409,0.7284599,BioREDirect,sentence_local
27784654,171519,50689,Positive_Correlation,171519,0.98779196,BioREDirect,sentence_local
27784654,D014409,58965,Negative_Correlation,D014409,0.80147296,BioREDirect,sentence_local
27784654,C093973,58965,Negative_Correlation,C093973,0.6293504,BioREDirect,sentence_local
27784654,25029,58965,Association,,0.7252146,BioREDirect,sentence_local
27897268,D015179,1956,Association,1956,0.7633433,BioREDirect,sentence_local
27897268,D009369,1956,Association,1956,0.9237843,BioREDirect,sentence_local
28053271,C580383,51010,Association,51010,0.85156703,BioREDirect,sentence_local
28053271,D016472,51010,Association,51010,0.9326321,BioREDirect,sentence_local
28053271,D009422,854023,Association,854023,0.70588386,BioREDirect,sentence_local
28053271,D009422,51010,Association,51010,0.71670085,BioREDirect,sentence_local
28053271,D009422,rs387907196,Positive_Correlation,rs387907196,0.6689651,BioREDirect,sentence_local
28053271,D009422,rs730882145,Positive_Correlation,rs730882145,0.50996107,BioREDirect,sentence_local
28053271,D009422,c|SUB|G|148|C,Association,c,0.5010296,BioREDirect,sentence_local
28053271,D009422,p|SUB|W|195|R,Association,p,0.83541346,BioREDirect,sentence_local
28053271,D009422,c|SUB|G|8|A,Positive_Correlation,c,0.5898145,BioREDirect,sentence_local
28053271,D009422,rs672601332,Association,rs672601332,0.5885929,BioREDirect,sentence_local
28270517,854656,850980,Association,854656,0.9456588,BioREDirect,sentence_local
28270517,D009841,854656,Association,,0.7383121,BioREDirect,sentence_local
28270517,852501,850793,Association,,0.67791504,BioREDirect,sentence_local
28270517,854656,852258,Association,854656,0.9532835,BioREDirect,sentence_local
28270517,856680,850793,Association,,0.67791504,BioREDirect,sentence_local
28270517,854656,856680,Association,854656,0.9456588,BioREDirect,sentence_local
28270517,854656,850793,Association,854656,0.9520079,BioREDirect,sentence_local
28270517,854656,852501,Association,854656,0.9456588,BioREDirect,sentence_local
28270517,852673,850793,Association,,0.67791504,BioREDirect,sentence_local
28270517,850980,850793,Association,,0.67791504,BioREDirect,sentence_local
28270517,854656,856130,Association,854656,0.9456588,BioREDirect,sentence_local
28270517,856130,850793,Association,,0.67791504,BioREDirect,sentence_local
28270517,852258,850793,Association,,0.69603187,BioREDirect,sentence_local
28270517,854656,852673,Association,854656,0.9456588,BioREDirect,sentence_local
28430993,D006319,5428,Association,5428,0.7504599,BioREDirect,sentence_local
28430993,D017093,5428,Association,5428,0.86030596,BioREDirect,sentence_local
28430993,D002386,5428,Association,5428,0.9234607,BioREDirect,sentence_local
28430993,D028361,5428,Association,5428,0.7565998,BioREDirect,sentence_local
28430993,D002386,rs113994099,Association,rs113994099,0.7172593,BioREDirect,sentence_local
28430993,D017093,rs113994099,Positive_Correlation,rs113994099,0.53319293,BioREDirect,sentence_local
28430993,D009135,5428,Association,5428,0.8235538,BioREDirect,sentence_local
28430993,D028361,rs113994099,Positive_Correlation,rs113994099,0.98779905,BioREDirect,sentence_local
28430993,D009135,rs113994099,Association,rs113994099,0.5909871,BioREDirect,sentence_local
28430993,D017246,5428,Association,5428,0.96872026,BioREDirect,sentence_local
28430993,D001927,5428,Association,5428,0.96468276,BioREDirect,sentence_local
28430993,D006319,rs113994099,Positive_Correlation,rs113994099,0.69528824,BioREDirect,sentence_local
28430993,D002549,5428,Association,5428,0.8648789,BioREDirect,sentence_local
29218329,97165,13555,Negative_Correlation,13555,0.66165584,BioREDirect,sentence_local
29218329,20674,23957,Negative_Correlation,23957,0.97947305,BioREDirect,sentence_local
29218329,D009369,97165,Positive_Correlation,97165,0.99155253,BioREDirect,sentence_local
29218329,C000594653,18999,Negative_Correlation,C000594653,0.71875864,BioREDirect,sentence_local
29218329,97165,23957,Negative_Correlation,23957,0.9418403,BioREDirect,sentence_local
29218329,97165,20674,Positive_Correlation,97165,0.9888448,BioREDirect,sentence_local
29218329,387146,20674,Negative_Correlation,387146,0.9898078,BioREDirect,sentence_local
29218329,D008113,97165,Association,97165,0.9742974,BioREDirect,sentence_local
29218329,C000594653,97165,Negative_Correlation,C000594653,0.73372036,BioREDirect,sentence_local
29218329,D006528,3148,Positive_Correlation,3148,0.5403738,BioREDirect,sentence_local
29218329,D008113,387146,Association,387146,0.8987588,BioREDirect,sentence_local
29218329,C000594653,20674,Negative_Correlation,C000594653,0.95135295,BioREDirect,sentence_local
29218329,97165,387146,Negative_Correlation,387146,0.95210093,BioREDirect,sentence_local
29218329,97165,18999,Positive_Correlation,97165,0.95677173,BioREDirect,sentence_local
29379364,D004314,rs2424913,Association,rs2424913,0.98668635,BioREDirect,sentence_local
29379364,D004314,1789,Association,1789,0.9872707,BioREDirect,sentence_local
29379364,D012436,1789,Association,D012436,0.5293922,BioREDirect,sentence_local
31193310,D004827,112476,Association,112476,0.5649754,BioREDirect,sentence_local
31193310,D020936,112476,Association,112476,0.9217835,BioREDirect,sentence_local
31193310,C537180,112476,Association,112476,0.90531605,BioREDirect,sentence_local
31193310,D020325,112476,Association,112476,0.93925685,BioREDirect,sentence_local
31193310,C580065,112476,Association,112476,0.5712044,BioREDirect,sentence_local
31298765,D012162,550504,Association,550504,0.98126733,BioREDirect,sentence_local
31298765,D012162,rs1799652893,Positive_Correlation,rs1799652893,0.9895475,BioREDirect,sentence_local
31298765,D029241,550504,Association,550504,0.98744047,BioREDirect,sentence_local
31298765,D012162,rs1799747454,Positive_Correlation,rs1799747454,0.98873585,BioREDirect,sentence_local
31298765,D012162,rs28936415,Positive_Correlation,rs28936415,0.98829556,BioREDirect,sentence_local
31298765,D029241,rs1799747454,Positive_Correlation,rs1799747454,0.98738784,BioREDirect,sentence_local
31298765,D009896,550504,Association,550504,0.69368565,BioREDirect,sentence_local
31298765,D029241,rs1799652893,Positive_Correlation,rs1799652893,0.9874796,BioREDirect,sentence_local
31298765,D029241,rs28936415,Positive_Correlation,rs28936415,0.9866872,BioREDirect,sentence_local
31298765,D029241,4976,Association,4976,0.94072884,BioREDirect,sentence_local
31416966,D015179,6510,Positive_Correlation,6510,0.9892988,BioREDirect,sentence_local
31416966,D015179,8140,Positive_Correlation,8140,0.98935646,BioREDirect,sentence_local
31416966,D015179,125061,Positive_Correlation,125061,0.9906922,BioREDirect,sentence_local
31416966,D009369,4609,Association,4609,0.73178625,BioREDirect,sentence_local
31416966,4609,8140,Positive_Correlation,4609,0.9823355,BioREDirect,sentence_local
31416966,4609,6510,Positive_Correlation,4609,0.98544437,BioREDirect,sentence_local
31416966,D014364,D015179,Association,D014364,0.5972992,BioREDirect,sentence_local
31416966,D014364,4609,Positive_Correlation,4609,0.9824409,BioREDirect,sentence_local
31416966,D014364,196,Association,D014364,0.70058805,BioREDirect,sentence_local
31416966,D014364,8140,Association,,0.5839003,BioREDirect,sentence_local
31416966,D014364,6510,Association,,0.63535535,BioREDirect,sentence_local
31416966,D014364,125061,Association,,0.65251786,BioREDirect,sentence_local
31416966,D005973,D009369,Association,,0.7746437,BioREDirect,sentence_local
31416966,D005973,4609,Association,4609,0.7348805,BioREDirect,sentence_local
31416966,D007737,C511621,Negative_Correlation,C511621,0.96325,BioREDirect,sentence_local
31416966,C511621,D015179,Negative_Correlation,C511621,0.96762586,BioREDirect,sentence_local
31416966,C511621,196,Negative_Correlation,C511621,0.51015687,BioREDirect,sentence_local
31416966,4609,125061,Positive_Correlation,4609,0.9851666,BioREDirect,sentence_local
31416966,D007737,D015179,Association,D007737,0.9578045,BioREDirect,sentence_local
31416966,D007737,4609,Positive_Correlation,4609,0.98823905,BioREDirect,sentence_local
31416966,D007737,D009369,Association,D007737,0.95873266,BioREDirect,sentence_local
31416966,D007737,196,Association,D007737,0.97622854,BioREDirect,sentence_local
31416966,D015179,4609,Association,4609,0.91743124,BioREDirect,sentence_local
31416966,D014364,D007737,Association,,0.6961587,BioREDirect,sentence_local
31416966,D007737,125061,Association,125061,0.8280792,BioREDirect,sentence_local
31484706,C579720,D009447,Negative_Correlation,C579720,0.6271471,BioREDirect,sentence_local
31484706,D017313,468,Positive_Correlation,D017313,0.97797555,BioREDirect,sentence_local
31484706,D017313,596,Positive_Correlation,D017313,0.98422295,BioREDirect,sentence_local
31484706,C579720,468,Association,C579720,0.9335792,BioREDirect,sentence_local
31484706,D017313,D017382,Positive_Correlation,D017313,0.97868824,BioREDirect,sentence_local
31484706,C579720,D017382,Positive_Correlation,C579720,0.9515951,BioREDirect,sentence_local
31484706,D017313,5366,Positive_Correlation,D017313,0.97804147,BioREDirect,sentence_local
31484706,D017313,C579720,Positive_Correlation,D017313,0.96957904,BioREDirect,sentence_local
31484706,D003520,D019772,Cotreatment,,0.58771443,BioREDirect,sentence_local
31484706,C579720,5366,Positive_Correlation,C579720,0.941903,BioREDirect,sentence_local
31484706,D009447,596,Association,596,0.94816315,BioREDirect,sentence_local
31484706,D017313,D009447,Negative_Correlation,D017313,0.9495305,BioREDirect,sentence_local
31484706,D017313,467,Positive_Correlation,D017313,0.98036456,BioREDirect,sentence_local
31484706,D012176,D009447,Negative_Correlation,D012176,0.9630047,BioREDirect,sentence_local
31484706,C579720,596,Negative_Correlation,C579720,0.9765022,BioREDirect,sentence_local
31488414,D015179,rs6854845,Association,rs6854845,0.9135123,BioREDirect,sentence_local
31488414,D012004,rs6854845,Positive_Correlation,rs6854845,0.9844722,BioREDirect,sentence_local
31488414,D012004,rs1728400,Positive_Correlation,rs1728400,0.97181356,BioREDirect,sentence_local
31488414,D015179,rs17057166,Positive_Correlation,rs17057166,0.95488703,BioREDirect,sentence_local
31488414,D012004,rs17057166,Association,rs17057166,0.96704304,BioREDirect,sentence_local
31488414,D015179,rs202280,Positive_Correlation,rs202280,0.9729277,BioREDirect,sentence_local
31488414,D012004,rs202280,Positive_Correlation,rs202280,0.9709463,BioREDirect,sentence_local
31488414,D015179,rs823920,Association,rs823920,0.97034734,BioREDirect,sentence_local
31488414,D015179,rs6797464,Association,rs6797464,0.9563049,BioREDirect,sentence_local
31488414,D015179,rs1728400,Positive_Correlation,rs1728400,0.9645105,BioREDirect,sentence_local
31488414,D012004,rs17693104,Positive_Correlation,rs17693104,0.96489924,BioREDirect,sentence_local
31488414,D012004,rs17026425,Positive_Correlation,rs17026425,0.98727417,BioREDirect,sentence_local
31488414,D015179,rs17693104,Positive_Correlation,rs17693104,0.95601684,BioREDirect,sentence_local
31488414,D015179,rs17026425,Association,rs17026425,0.9345415,BioREDirect,sentence_local
31829566,D012794,D011134,Association,D011134,0.823892,BioREDirect,sentence_local
31829566,D012794,D005690,Association,,0.8911669,BioREDirect,sentence_local
32141127,D008055,93692,Negative_Correlation,93692,0.989808,BioREDirect,sentence_local
32141127,D009765,93692,Negative_Correlation,93692,0.5304444,BioREDirect,sentence_local
32141127,12608,56469,Association,,0.7979418,BioREDirect,sentence_local
32141127,D017382,D009765,Positive_Correlation,D017382,0.5960264,BioREDirect,sentence_local
32141127,12608,93692,Negative_Correlation,93692,0.9645107,BioREDirect,sentence_local
32577690,D005955,2539,Association,2539,0.763994,BioREDirect,sentence_local
32577690,D006886,D000086382,Negative_Correlation,D006886,0.96039075,BioREDirect,sentence_local
32577690,D002738,D000086382,Negative_Correlation,D002738,0.91389865,BioREDirect,sentence_local
32577690,D000086382,2539,Association,2539,0.8554126,BioREDirect,sentence_local
32577690,D005955,rs1050828,Positive_Correlation,rs1050828,0.9670852,BioREDirect,sentence_local
32789836,D006333,rs121918068,Association,rs121918068,0.99278367,BioREDirect,sentence_local
32789836,C567782,7276,Association,7276,0.8493616,BioREDirect,sentence_local
32789836,D020521,rs1377503416,Association,rs1377503416,0.9745438,BioREDirect,sentence_local
32789836,D015609,C567782,Association,D015609,0.89697665,BioREDirect,sentence_local
32862188,387135,17242,Association,,0.83286995,BioREDirect,sentence_local
32862188,D009410,387135,Association,387135,0.9567951,BioREDirect,sentence_local
32862188,C113580,17242,Negative_Correlation,C113580,0.9798925,BioREDirect,sentence_local
32862188,C113580,26413,Negative_Correlation,C113580,0.9659543,BioREDirect,sentence_local
32862188,D010100,D005947,Association,,0.82713014,BioREDirect,sentence_local
32862188,55985,26413,Association,,0.862676,BioREDirect,sentence_local
32862188,D009410,100041286,Association,100041286,0.9725821,BioREDirect,sentence_local
32862188,D009410,17242,Association,17242,0.9373908,BioREDirect,sentence_local
32862188,D009410,285958,Association,285958,0.8293013,BioREDirect,sentence_local
32862188,D009410,55985,Association,55985,0.9448422,BioREDirect,sentence_local
32862188,D009410,26413,Association,26413,0.90100783,BioREDirect,sentence_local
32862188,D020244,387135,Negative_Correlation,387135,0.668644,BioREDirect,sentence_local
32862188,D020244,55985,Positive_Correlation,D020244,0.9717073,BioREDirect,sentence_local
32862188,D020244,100041286,Positive_Correlation,D020244,0.9720532,BioREDirect,sentence_local
32862188,D000083242,100041286,Association,100041286,0.9898453,BioREDirect,sentence_local
32862188,D000083242,387135,Association,387135,0.93735164,BioREDirect,sentence_local
32862188,D000083242,17242,Association,17242,0.9446769,BioREDirect,sentence_local
32862188,D000083242,285958,Association,285958,0.90096784,BioREDirect,sentence_local
32862188,D000083242,55985,Association,55985,0.96998703,BioREDirect,sentence_local
32862188,D000083242,26413,Association,26413,0.8544173,BioREDirect,sentence_local
32862188,387135,55985,Association,387135,0.89912075,BioREDirect,sentence_local
32862188,100041286,387135,Bind,100041286,0.88905054,BioREDirect,sentence_local
32862188,100041286,17242,Association,100041286,0.9812088,BioREDirect,sentence_local
32862188,100041286,26413,Association,100041286,0.984746,BioREDirect,sentence_local
32862188,100041286,55985,Association,100041286,0.97227335,BioREDirect,sentence_local
32862188,26413,17242,Association,,0.6927137,BioREDirect,sentence_local
33038514,2064,4170,Positive_Correlation,2064,0.9869032,BioREDirect,sentence_local
33038514,D008175,1956,Association,1956,0.9502424,BioREDirect,sentence_local
33038514,C000596361,4170,Positive_Correlation,C000596361,0.9772739,BioREDirect,sentence_local
33038514,D000077192,rs121913444,Association,rs121913444,0.5224061,BioREDirect,sentence_local
33038514,2064,1956,Association,,0.6659411,BioREDirect,sentence_local
33038514,D000077192,1956,Association,1956,0.9175002,BioREDirect,sentence_local
33038514,D008175,rs121913444,Association,rs121913444,0.7139629,BioREDirect,sentence_local
33043462,c|SUB|G|5|C,c|INS|6_7|G,Association,,0.8792823,BioREDirect,sentence_local
33043462,c|SUB|A|[4|T,c|INS|6_7|G,Association,,0.93606436,BioREDirect,sentence_local
33043462,c|SUB|A|[4|T,c|SUB|G|5|C,Association,,0.91196454,BioREDirect,sentence_local
33054111,D006474,340146,Negative_Correlation,340146,0.97255,BioREDirect,sentence_local
33054111,D006474,rs104894809,Positive_Correlation,rs104894809,0.80438894,BioREDirect,sentence_local
33054111,D017086,2623,Association,2623,0.9277852,BioREDirect,sentence_local
33054111,C564526,2623,Association,2623,0.8353575,BioREDirect,sentence_local
33054111,D017086,rs104894809,Association,rs104894809,0.917071,BioREDirect,sentence_local
33054111,D006474,2623,Association,2623,0.9366165,BioREDirect,sentence_local
33054111,C564526,rs104894809,Positive_Correlation,rs104894809,0.7345744,BioREDirect,sentence_local
33054111,C564050,rs104894809,Positive_Correlation,rs104894809,0.8562797,BioREDirect,sentence_local
33054111,D006474,5742,Negative_Correlation,5742,0.98761183,BioREDirect,sentence_local
33054111,C564050,2623,Association,2623,0.94478434,BioREDirect,sentence_local
33060108,D021441,rs121913529,Association,rs121913529,0.7708553,BioREDirect,sentence_local
33060108,D012330,D009369,Association,,0.55867887,BioREDirect,sentence_local
33069768,55109,7157,Positive_Correlation,55109,0.9921566,BioREDirect,sentence_local
33069768,7157,4193,Association,,0.6342766,BioREDirect,sentence_local
33069768,D009369,p|SUB|Y|469|N,Negative_Correlation,p,0.98463887,BioREDirect,sentence_local
33069768,D009369,7157,Association,7157,0.8124966,BioREDirect,sentence_local
33069768,D009369,55109,Negative_Correlation,55109,0.96576816,BioREDirect,sentence_local
33069768,D009369,p|SUB|N|483|T,Negative_Correlation,p,0.9848717,BioREDirect,sentence_local
33069768,D009369,p|SUB|Q|467|H,Negative_Correlation,p,0.98516166,BioREDirect,sentence_local
33069768,D009369,4193,Association,4193,0.55824447,BioREDirect,sentence_local
33069768,55109,4193,Association,4193,0.6011934,BioREDirect,sentence_local
33144263,D006418,p|Allele|C|38,Association,p,0.8808521,BioREDirect,sentence_local
33144263,D009569,114757,Association,114757,0.84760296,BioREDirect,sentence_local
33144263,D008055,114757,Association,,0.5622176,BioREDirect,sentence_local
33144263,p|Allele|H|81,p|Allele|C|83,Association,,0.621547,BioREDirect,sentence_local
33144263,D006418,p|SUB|H|81|A,Association,p,0.85088205,BioREDirect,sentence_local
33144263,p|Allele|H|81,p|Allele|C|38,Association,,0.60409796,BioREDirect,sentence_local
33144263,D003486,114757,Association,114757,0.6984321,BioREDirect,sentence_local
33144263,D006418,114757,Association,,0.6395217,BioREDirect,sentence_local
33144263,D006418,p|Allele|C|83,Association,p,0.8879228,BioREDirect,sentence_local
33148508,17260,12393,Positive_Correlation,17260,0.83371544,BioREDirect,sentence_local
33148508,208727,12393,Association,208727,0.84853745,BioREDirect,sentence_local
33148508,208727,55948,Association,,0.75554067,BioREDirect,sentence_local
33148508,19227,12393,Negative_Correlation,19227,0.9847149,BioREDirect,sentence_local
33148508,D006984,15184,Negative_Correlation,15184,0.9696112,BioREDirect,sentence_local
33148508,208727,70661,Association,70661,0.9897036,BioREDirect,sentence_local
33148508,D006984,208727,Negative_Correlation,208727,0.9603957,BioREDirect,sentence_local
33148508,208727,17260,Association,208727,0.7892922,BioREDirect,sentence_local
33148508,D006984,19227,Negative_Correlation,19227,0.9705349,BioREDirect,sentence_local
33148508,19227,17260,Negative_Correlation,19227,0.9849208,BioREDirect,sentence_local
33148508,18747,235344,Association,,0.7669858,BioREDirect,sentence_local
33148508,18747,70661,Association,,0.647148,BioREDirect,sentence_local
33148508,19227,18747,Association,,0.6775896,BioREDirect,sentence_local
33148508,18747,17691,Association,,0.768845,BioREDirect,sentence_local
33148508,19227,17691,Association,,0.8468505,BioREDirect,sentence_local
33148508,D000242,18747,Association,,0.6225469,BioREDirect,sentence_local
33148508,D000242,235344,Association,,0.5482645,BioREDirect,sentence_local
33148508,D000242,17691,Association,,0.5388253,BioREDirect,sentence_local
33148508,19227,235344,Association,,0.8232832,BioREDirect,sentence_local
33148508,19227,208727,Association,19227,0.8839046,BioREDirect,sentence_local
33148508,19227,70661,Association,19227,0.95117325,BioREDirect,sentence_local
33148508,70661,55948,Association,,0.7868464,BioREDirect,sentence_local
33148508,19227,15184,Association,19227,0.75667787,BioREDirect,sentence_local
33161775,D014657,64017,Negative_Correlation,64017,0.9096396,BioREDirect,sentence_local
33161775,D007249,64017,Negative_Correlation,64017,0.9397933,BioREDirect,sentence_local
33161775,D017673,D006973,Positive_Correlation,D017673,0.7353905,BioREDirect,sentence_local
33278357,D009569,15978,Positive_Correlation,15978,0.8829159,BioREDirect,sentence_local
33278357,D009569,21926,Positive_Correlation,21926,0.9320113,BioREDirect,sentence_local
33278357,15978,16452,Positive_Correlation,15978,0.9837749,BioREDirect,sentence_local
33278357,15978,20846,Positive_Correlation,15978,0.9801587,BioREDirect,sentence_local
33278357,21926,15978,Association,,0.80188525,BioREDirect,sentence_local
33278357,D018805,21926,Association,21926,0.98921645,BioREDirect,sentence_local
33278357,D018805,15978,Association,15978,0.9900637,BioREDirect,sentence_local
33278357,D051359,21926,Association,21926,0.99103665,BioREDirect,sentence_local
33278357,D051359,15978,Association,15978,0.9925175,BioREDirect,sentence_local
33278357,D000080424,21926,Positive_Correlation,21926,0.9933634,BioREDirect,sentence_local
33278357,15978,12370,Positive_Correlation,15978,0.9856167,BioREDirect,sentence_local
33278357,12370,14082,Association,,0.5528352,BioREDirect,sentence_local
33278357,21926,12370,Positive_Correlation,21926,0.98820436,BioREDirect,sentence_local
33278357,D000080424,15978,Positive_Correlation,15978,0.9943242,BioREDirect,sentence_local
33278357,16452,16362,Association,,0.6112697,BioREDirect,sentence_local
33278357,20846,16362,Association,,0.5127916,BioREDirect,sentence_local
33278357,21926,16362,Positive_Correlation,21926,0.98852366,BioREDirect,sentence_local
33278357,21926,14082,Positive_Correlation,21926,0.9849194,BioREDirect,sentence_local
33278357,15978,14082,Positive_Correlation,15978,0.9848904,BioREDirect,sentence_local
33278357,D000086382,21926,Association,21926,0.9928952,BioREDirect,sentence_local
33278357,21926,20846,Positive_Correlation,21926,0.98623264,BioREDirect,sentence_local
33278357,D000086382,15978,Association,15978,0.99271303,BioREDirect,sentence_local
33278357,D007249,15978,Positive_Correlation,15978,0.9892518,BioREDirect,sentence_local
33278357,16452,20846,Association,,0.602135,BioREDirect,sentence_local
33278357,D007249,21926,Association,21926,0.99042046,BioREDirect,sentence_local
33278357,15978,16362,Positive_Correlation,15978,0.98157835,BioREDirect,sentence_local
33278357,21926,16452,Positive_Correlation,21926,0.9890288,BioREDirect,sentence_local
33303340,D010146,rs53576,Association,rs53576,0.968152,BioREDirect,sentence_local
33303340,D059373,5021,Association,5021,0.9879033,BioREDirect,sentence_local
33303340,D006930,5021,Association,5021,0.96662223,BioREDirect,sentence_local
33303340,D006930,rs2254298,Association,rs2254298,0.99098456,BioREDirect,sentence_local
33303340,D010146,5021,Association,5021,0.98205805,BioREDirect,sentence_local
33303340,D059373,rs53576,Positive_Correlation,rs53576,0.9929119,BioREDirect,sentence_local
33303340,D010146,rs4818,Association,rs4818,0.6084533,BioREDirect,sentence_local
33303340,D010146,rs4633,Association,rs4633,0.6132735,BioREDirect,sentence_local
33303340,D010146,rs4680,Association,rs4680,0.52500767,BioREDirect,sentence_local
33303340,D010146,rs2254298,Association,rs2254298,0.97004044,BioREDirect,sentence_local
33306506,D065626,rs738409,Association,rs738409,0.6421313,BioREDirect,sentence_local
33306506,D008715,D008103,Negative_Correlation,D008715,0.97026885,BioREDirect,sentence_local
33306506,D065626,80339,Association,80339,0.95718145,BioREDirect,sentence_local
33306506,D008715,rs738409,Association,rs738409,0.96276844,BioREDirect,sentence_local
33306506,D008715,80339,Association,,0.9586942,BioREDirect,sentence_local
33306506,D002794,D008103,Negative_Correlation,D002794,0.9680301,BioREDirect,sentence_local
33306506,D002794,rs738409,Association,rs738409,0.94428855,BioREDirect,sentence_local
33306506,D015525,rs738409,Association,rs738409,0.95938015,BioREDirect,sentence_local
33306506,D002794,80339,Association,80339,0.9514029,BioREDirect,sentence_local
33306506,D015525,D008103,Negative_Correlation,D015525,0.9743395,BioREDirect,sentence_local
33306506,D015525,80339,Association,80339,0.9666136,BioREDirect,sentence_local
33306506,D008103,rs738409,Association,rs738409,0.9878236,BioREDirect,sentence_local
33306506,D008103,80339,Association,80339,0.9835217,BioREDirect,sentence_local
33306506,D002241,rs738409,Association,rs738409,0.9700289,BioREDirect,sentence_local
33306506,D002241,D008103,Positive_Correlation,D002241,0.9808921,BioREDirect,sentence_local
33306506,D007529,rs738409,Association,rs738409,0.9464672,BioREDirect,sentence_local
33306506,D002241,80339,Association,80339,0.9634438,BioREDirect,sentence_local
33306506,D007529,D008103,Negative_Correlation,D007529,0.9726748,BioREDirect,sentence_local
33306506,D007529,80339,Association,80339,0.9277029,BioREDirect,sentence_local
33316326,55869,9126,Association,,0.68188494,BioREDirect,sentence_local
33316326,rs373199509,p|SUB|Y|306|F,Association,,0.75366676,BioREDirect,sentence_local
33316326,D003635,55869,Association,55869,0.5729027,BioREDirect,sentence_local
33325691,C567258,5468,Association,5468,0.9497958,BioREDirect,sentence_local
33325691,D009369,5468,Association,5468,0.82969254,BioREDirect,sentence_local
33325691,C567258,9370,Association,9370,0.839043,BioREDirect,sentence_local
33325691,C567258,5467,Association,5467,0.9312129,BioREDirect,sentence_local
33325691,5468,9370,Positive_Correlation,5468,0.97349066,BioREDirect,sentence_local
33325691,D009369,9370,Association,9370,0.7803268,BioREDirect,sentence_local
33325691,D008659,9370,Association,9370,0.83815765,BioREDirect,sentence_local
33325691,D009369,5467,Association,5467,0.8119633,BioREDirect,sentence_local
33325691,D008659,5468,Association,5468,0.94914585,BioREDirect,sentence_local
33325691,D000077154,5468,Association,D000077154,0.5233135,BioREDirect,sentence_local
33325691,D008659,5467,Association,5467,0.93790823,BioREDirect,sentence_local
33325691,D000077154,5467,Association,D000077154,0.53702414,BioREDirect,sentence_local
33325691,D000077154,5465,Association,D000077154,0.94759005,BioREDirect,sentence_local
33325691,D009705,D000077154,Association,,0.53396106,BioREDirect,sentence_local
33325691,5467,9370,Association,5467,0.9479494,BioREDirect,sentence_local
33325691,D000241,5467,Association,D000241,0.93905634,BioREDirect,sentence_local
33325691,D000241,5468,Association,D000241,0.9333826,BioREDirect,sentence_local
33325691,5468,140,Association,,0.75956935,BioREDirect,sentence_local
33325691,5467,140,Association,,0.73895013,BioREDirect,sentence_local
33325691,D009705,5467,Association,D009705,0.9328391,BioREDirect,sentence_local
33325691,D009705,5468,Association,D009705,0.92254484,BioREDirect,sentence_local
33384558,C108475,25272,Association,C108475,0.92625797,BioREDirect,sentence_local
33384558,D004949,25272,Association,D004949,0.89497805,BioREDirect,sentence_local
33384558,D004949,D009461,Negative_Correlation,D004949,0.985959,BioREDirect,sentence_local
33384558,C108475,D009461,Negative_Correlation,C108475,0.9875613,BioREDirect,sentence_local
33384558,C108475,D000083242,Negative_Correlation,C108475,0.88038224,BioREDirect,sentence_local
33384558,D004949,D000083242,Negative_Correlation,D004949,0.93940485,BioREDirect,sentence_local
33384558,C108475,116554,Negative_Correlation,C108475,0.967946,BioREDirect,sentence_local
33384558,D000069604,D020244,Negative_Correlation,D000069604,0.99006325,BioREDirect,sentence_local
33384558,D004949,116554,Negative_Correlation,D004949,0.97428066,BioREDirect,sentence_local
33384558,D015427,116554,Association,116554,0.9645545,BioREDirect,sentence_local
33384558,D000083242,25272,Association,25272,0.9299673,BioREDirect,sentence_local
33384558,D000069604,25272,Association,D000069604,0.88760465,BioREDirect,sentence_local
33384558,D000069604,D009461,Negative_Correlation,D000069604,0.9848934,BioREDirect,sentence_local
33384558,D000069604,D000083242,Negative_Correlation,D000069604,0.7985281,BioREDirect,sentence_local
33384558,D000069604,116554,Negative_Correlation,D000069604,0.96797794,BioREDirect,sentence_local
33384558,D002955,D020244,Negative_Correlation,D002955,0.98008907,BioREDirect,sentence_local
33384558,D002955,D000083242,Negative_Correlation,D002955,0.9109707,BioREDirect,sentence_local
33384558,D002955,116554,Negative_Correlation,D002955,0.9721601,BioREDirect,sentence_local
33384558,C432165,116554,Negative_Correlation,C432165,0.97562885,BioREDirect,sentence_local
33384558,D020078,309165,Association,309165,0.7780496,BioREDirect,sentence_local
33384558,D001930,116554,Association,116554,0.87570477,BioREDirect,sentence_local
33384558,D020078,25272,Association,25272,0.96809083,BioREDirect,sentence_local
33384558,D020078,24835,Association,24835,0.85190463,BioREDirect,sentence_local
33384558,D020244,25272,Positive_Correlation,D020244,0.93292594,BioREDirect,sentence_local
33384558,D020078,116554,Association,116554,0.7930354,BioREDirect,sentence_local
33384558,D019636,116554,Association,116554,0.9300177,BioREDirect,sentence_local
33384558,D004949,D020244,Negative_Correlation,D004949,0.9907294,BioREDirect,sentence_local
33384558,D009410,25272,Association,25272,0.9581189,BioREDirect,sentence_local
33384558,C108475,D020244,Negative_Correlation,C108475,0.9894804,BioREDirect,sentence_local
33412145,D005680,D005973,Association,,0.5984444,BioREDirect,sentence_local
33412145,D019216,D005680,Association,D019216,0.9750787,BioREDirect,sentence_local
33412145,D015032,D019636,Positive_Correlation,D015032,0.9032813,BioREDirect,sentence_local
33412145,D001729,D020258,Positive_Correlation,D001729,0.96525437,BioREDirect,sentence_local
33412145,D002104,D019636,Positive_Correlation,D002104,0.90337425,BioREDirect,sentence_local
33412145,D002104,D020258,Positive_Correlation,D002104,0.9707168,BioREDirect,sentence_local
33412145,D001151,D019636,Positive_Correlation,D001151,0.7300815,BioREDirect,sentence_local
33412145,D001151,D020258,Positive_Correlation,D001151,0.9740097,BioREDirect,sentence_local
33412145,D001729,D019636,Positive_Correlation,D001729,0.8686288,BioREDirect,sentence_local
33412145,D007854,D019636,Positive_Correlation,D007854,0.90279114,BioREDirect,sentence_local
33412145,D000535,D020258,Positive_Correlation,D000535,0.97094226,BioREDirect,sentence_local
33412145,D009532,D019636,Positive_Correlation,D009532,0.91626674,BioREDirect,sentence_local
33412145,D007854,D020258,Positive_Correlation,D007854,0.9688474,BioREDirect,sentence_local
33412145,D009532,D020258,Positive_Correlation,D009532,0.95955825,BioREDirect,sentence_local
33412145,D008345,D019636,Positive_Correlation,D008345,0.87774116,BioREDirect,sentence_local
33412145,D008345,D020258,Positive_Correlation,D008345,0.9698636,BioREDirect,sentence_local
33412145,D019216,D018698,Association,D019216,0.9798307,BioREDirect,sentence_local
33412145,D000535,D019636,Positive_Correlation,D000535,0.889391,BioREDirect,sentence_local
33412145,D019216,D005973,Association,D019216,0.9631821,BioREDirect,sentence_local
33412145,D018698,D005973,Association,,0.48929816,BioREDirect,sentence_local
33412145,D007501,D019636,Positive_Correlation,D007501,0.95650303,BioREDirect,sentence_local
33412145,D007501,D010300,Positive_Correlation,D007501,0.66501266,BioREDirect,sentence_local
33412145,D007501,D000690,Positive_Correlation,D007501,0.8007894,BioREDirect,sentence_local
33412145,D007501,D000068079,Positive_Correlation,D007501,0.94368017,BioREDirect,sentence_local
33412145,D007501,D000544,Positive_Correlation,D007501,0.627313,BioREDirect,sentence_local
33412145,D007501,D020258,Positive_Correlation,D007501,0.9610267,BioREDirect,sentence_local
33412145,D007501,D003072,Positive_Correlation,D007501,0.94368017,BioREDirect,sentence_local
33412145,D003300,D020258,Positive_Correlation,D003300,0.9668692,BioREDirect,sentence_local
33412145,D003300,D019636,Positive_Correlation,D003300,0.8839117,BioREDirect,sentence_local
33412145,D019216,D020258,Positive_Correlation,D019216,0.9224359,BioREDirect,sentence_local
33412145,D019216,D019636,Positive_Correlation,D019216,0.91131747,BioREDirect,sentence_local
33412145,D008628,D020258,Positive_Correlation,D008628,0.9707931,BioREDirect,sentence_local
33412145,D008628,D019636,Positive_Correlation,D008628,0.90808856,BioREDirect,sentence_local
33412145,D015032,D020258,Positive_Correlation,D015032,0.968306,BioREDirect,sentence_local
33484482,D002114,80036,Association,80036,0.9731962,BioREDirect,sentence_local
33484482,D002118,80036,Association,80036,0.75069726,BioREDirect,sentence_local
33484482,226025,12514,Association,226025,0.9643751,BioREDirect,sentence_local
33484482,D007905,80036,Association,80036,0.9731962,BioREDirect,sentence_local
33484482,D008850,226025,Association,226025,0.8695736,BioREDirect,sentence_local
33484482,80036,968,Association,80036,0.9686159,BioREDirect,sentence_local
33484482,D005124,80036,Association,80036,0.9427129,BioREDirect,sentence_local
33484482,D002386,226025,Association,226025,0.66223246,BioREDirect,sentence_local
33484482,80036,58,Association,80036,0.97558105,BioREDirect,sentence_local
33484482,D002386,p|SUB|I||M,Association,p,0.95881706,BioREDirect,sentence_local
33484482,D002386,80036,Association,80036,0.7636216,BioREDirect,sentence_local
33484482,D005128,80036,Association,80036,0.6701903,BioREDirect,sentence_local
33484482,D002386,p|SUB|I|65|M,Association,p,0.905248,BioREDirect,sentence_local
33484482,C020243,226025,Association,226025,0.90702724,BioREDirect,sentence_local
33491092,64332,3605,Association,,0.8443168,BioREDirect,sentence_local
33491092,3605,1432,Association,3605,0.92999107,BioREDirect,sentence_local
33491092,56300,4790,Association,4790,0.97830564,BioREDirect,sentence_local
33491092,64332,7124,Association,64332,0.9178415,BioREDirect,sentence_local
33491092,3605,5595,Association,3605,0.86594194,BioREDirect,sentence_local
33491092,7124,1432,Association,7124,0.9232832,BioREDirect,sentence_local
33491092,56300,5595,Association,,0.706414,BioREDirect,sentence_local
33491092,3605,56300,Positive_Correlation,3605,0.9807387,BioREDirect,sentence_local
33491092,7124,5595,Association,,0.82883227,BioREDirect,sentence_local
33491092,3605,5594,Association,3605,0.86594194,BioREDirect,sentence_local
33491092,56300,1432,Association,1432,0.93328947,BioREDirect,sentence_local
33491092,7124,4790,Association,,0.90944165,BioREDirect,sentence_local
33491092,64332,56300,Positive_Correlation,64332,0.9855423,BioREDirect,sentence_local
33491092,3605,4790,Association,3605,0.9398651,BioREDirect,sentence_local
33491092,7124,56300,Positive_Correlation,7124,0.97565866,BioREDirect,sentence_local
33491092,7124,3605,Association,,0.61544883,BioREDirect,sentence_local
33491092,56300,5594,Association,,0.706414,BioREDirect,sentence_local
33491092,7124,5594,Association,,0.82883227,BioREDirect,sentence_local
33539617,D011225,3689,Association,3689,0.9870079,BioREDirect,sentence_local
33539617,D011225,718,Association,718,0.8639361,BioREDirect,sentence_local
33539617,D007249,3684,Association,3684,0.7867184,BioREDirect,sentence_local
33539617,3689,718,Bind,718,0.8019775,BioREDirect,sentence_local
33539617,D011225,rs1143680,Association,rs1143680,0.9863316,BioREDirect,sentence_local
33539617,D011225,3684,Association,3684,0.98703486,BioREDirect,sentence_local
33539617,3684,718,Association,718,0.83160424,BioREDirect,sentence_local
33539617,D007249,3689,Association,3689,0.6272873,BioREDirect,sentence_local
33539617,3687,718,Bind,718,0.8144523,BioREDirect,sentence_local
33539617,D007249,3687,Association,3687,0.814347,BioREDirect,sentence_local
33539617,D011225,3687,Association,3687,0.989746,BioREDirect,sentence_local
33598942,D000077866,D019337,Negative_Correlation,D000077866,0.74483705,BioREDirect,sentence_local
33598942,D000077866,D005047,Cotreatment,,0.7083485,BioREDirect,sentence_local
33598942,D000069461,D019337,Negative_Correlation,D000069461,0.8134414,BioREDirect,sentence_local
33598942,D000077866,D003907,Cotreatment,,0.75267565,BioREDirect,sentence_local
33598942,D005047,D019337,Negative_Correlation,D005047,0.8763337,BioREDirect,sentence_local
33598942,D005047,D003907,Cotreatment,,0.6954168,BioREDirect,sentence_local
33598942,D000069461,D000077866,Cotreatment,,0.82253873,BioREDirect,sentence_local
33598942,D003907,D019337,Negative_Correlation,D003907,0.5993536,BioREDirect,sentence_local
33598942,D000069461,D005047,Cotreatment,,0.83558255,BioREDirect,sentence_local
33598942,D000069461,D003907,Cotreatment,,0.79753286,BioREDirect,sentence_local
33604927,D003643,20273,Association,20273,0.89939666,BioREDirect,sentence_local
33604927,D001049,20273,Association,20273,0.81490916,BioREDirect,sentence_local
33604927,D000080485,rs796053228,Association,rs796053228,0.8806418,BioREDirect,sentence_local
33604927,D001049,6334,Association,6334,0.5843868,BioREDirect,sentence_local
33604927,D000080485,rs202151337,Association,rs202151337,0.90570587,BioREDirect,sentence_local
33604927,D004827,rs1064794782,Association,rs1064794782,0.8324312,BioREDirect,sentence_local
33604927,D000080485,20273,Association,20273,0.9498126,BioREDirect,sentence_local
33604927,D010433,D012640,Positive_Correlation,D010433,0.92468846,BioREDirect,sentence_local
33604927,D012640,6334,Association,6334,0.64489734,BioREDirect,sentence_local
33604927,D004827,6334,Association,6334,0.59451646,BioREDirect,sentence_local
33604927,D012640,20273,Association,20273,0.82830715,BioREDirect,sentence_local
33604927,D004829,6334,Association,6334,0.6133822,BioREDirect,sentence_local
33604927,D003643,rs202151337,Association,rs202151337,0.8553514,BioREDirect,sentence_local
33619369,C524865,D009101,Negative_Correlation,C524865,0.9632198,BioREDirect,sentence_local
33619369,D009101,5478,Association,5478,0.9665462,BioREDirect,sentence_local
33619369,C524865,D003907,Cotreatment,,0.7129974,BioREDirect,sentence_local
33619369,C556306,D000077269,Cotreatment,,0.61930037,BioREDirect,sentence_local
33619369,D000069286,D009101,Negative_Correlation,D000069286,0.9841749,BioREDirect,sentence_local
33619369,D016572,D009101,Negative_Correlation,D016572,0.94723713,BioREDirect,sentence_local
33619369,C556306,D003907,Cotreatment,,0.7101873,BioREDirect,sentence_local
33619369,D000077269,D003907,Cotreatment,,0.62640756,BioREDirect,sentence_local
33619369,C556306,D009101,Negative_Correlation,C556306,0.96246916,BioREDirect,sentence_local
33619369,D000077269,D009101,Negative_Correlation,D000077269,0.96446556,BioREDirect,sentence_local
33619369,D003907,D009101,Negative_Correlation,D003907,0.97340596,BioREDirect,sentence_local
33619369,C524865,D000077269,Cotreatment,,0.6745364,BioREDirect,sentence_local
33619369,D009369,5478,Association,5478,0.7286694,BioREDirect,sentence_local
33619369,D016572,5478,Negative_Correlation,D016572,0.97221595,BioREDirect,sentence_local
33619369,C556306,C524865,Cotreatment,,0.65710604,BioREDirect,sentence_local
33636222,D002311,21924,Association,21924,0.9683187,BioREDirect,sentence_local
33636222,D002312,21924,Association,21924,0.9694108,BioREDirect,sentence_local
33636222,D002312,p|SUB|I|61|Q,Positive_Correlation,p,0.97379977,BioREDirect,sentence_local
33636222,D002118,D002311,Association,,0.5486732,BioREDirect,sentence_local
33636222,D002118,D002312,Association,,0.5890948,BioREDirect,sentence_local
33636222,D002118,rs200720341,Association,rs200720341,0.67503965,BioREDirect,sentence_local
33636222,D002118,21924,Association,21924,0.5561937,BioREDirect,sentence_local
33636222,D002311,rs200720341,Positive_Correlation,rs200720341,0.9768126,BioREDirect,sentence_local
33636222,D002118,p|SUB|I|61|Q,Association,p,0.6719404,BioREDirect,sentence_local
33636222,D002312,rs200720341,Positive_Correlation,rs200720341,0.97268945,BioREDirect,sentence_local
33636222,D002311,p|SUB|I|61|Q,Positive_Correlation,p,0.9813053,BioREDirect,sentence_local
33660564,D002658,rs375983845,Positive_Correlation,rs375983845,0.99162406,BioREDirect,sentence_local
33660564,5879,1793,Association,,0.6608682,BioREDirect,sentence_local
33660564,D002658,rs183146864,Positive_Correlation,rs183146864,0.9905579,BioREDirect,sentence_local
33660564,79767,1793,Association,,0.60648936,BioREDirect,sentence_local
33660564,5879,1795,Association,,0.8148463,BioREDirect,sentence_local
33660564,D000067877,79767,Association,79767,0.9843329,BioREDirect,sentence_local
33660564,D000067877,rs375983845,Association,rs375983845,0.98933053,BioREDirect,sentence_local
33660564,D008607,5879,Association,5879,0.51322895,BioREDirect,sentence_local
33660564,D000067877,rs183146864,Association,rs183146864,0.98567086,BioREDirect,sentence_local
33660564,D008607,79767,Association,79767,0.9647424,BioREDirect,sentence_local
33660564,D006160,5879,Association,,0.6279362,BioREDirect,sentence_local
33660564,5879,9732,Association,,0.8148463,BioREDirect,sentence_local
33660564,5879,80005,Association,,0.8148463,BioREDirect,sentence_local
33660564,79767,5879,Positive_Correlation,79767,0.95275927,BioREDirect,sentence_local
33660564,5879,1794,Association,,0.8148463,BioREDirect,sentence_local
33660564,D002658,79767,Association,79767,0.98668206,BioREDirect,sentence_local
33662365,D012694,D000086382,Association,D012694,0.98302335,BioREDirect,sentence_local
33662365,D018698,D000086382,Association,D018698,0.97476166,BioREDirect,sentence_local
33662365,C006584,D000086382,Association,C006584,0.97530127,BioREDirect,sentence_local
33662365,C546216,D000086382,Association,C546216,0.9870489,BioREDirect,sentence_local
33662365,D010649,D000086382,Positive_Correlation,D010649,0.98353577,BioREDirect,sentence_local
33662365,D002784,D000086382,Association,D002784,0.98114794,BioREDirect,sentence_local
33662365,C517078,D000086382,Association,C517078,0.9679722,BioREDirect,sentence_local
33662365,C114956,D000086382,Association,C114956,0.9734484,BioREDirect,sentence_local
33662365,C008757,D000086382,Association,C008757,0.975894,BioREDirect,sentence_local
33662365,D020155,D000086382,Association,D020155,0.96423465,BioREDirect,sentence_local
33662365,C031570,D000086382,Positive_Correlation,C031570,0.97913504,BioREDirect,sentence_local
33662365,D019802,D000086382,Association,D019802,0.9577864,BioREDirect,sentence_local
33662365,D019815,D000086382,Association,D019815,0.9703167,BioREDirect,sentence_local
33662365,D019301,D000086382,Association,D019301,0.9692365,BioREDirect,sentence_local
33662365,D019343,D000086382,Association,D019343,0.97218,BioREDirect,sentence_local
33662365,D020148,D000086382,Positive_Correlation,D020148,0.9810219,BioREDirect,sentence_local
33662365,C030242,D000086382,Association,C030242,0.857803,BioREDirect,sentence_local
33662365,D019344,D000086382,Association,D019344,0.98036045,BioREDirect,sentence_local
33662365,D009952,D000086382,Association,D009952,0.96683973,BioREDirect,sentence_local
33662365,D005632,D000086382,Association,D005632,0.9803765,BioREDirect,sentence_local
33664057,D009369,7157,Negative_Correlation,7157,0.8960377,BioREDirect,sentence_local
33664057,D005234,rs774859528,Association,rs774859528,0.93475163,BioREDirect,sentence_local
33664057,D002908,rs774859528,Association,rs774859528,0.966061,BioREDirect,sentence_local
33664057,7157,55544,Association,55544,0.95237124,BioREDirect,sentence_local
33664057,7157,1977,Association,,0.7332885,BioREDirect,sentence_local
33664057,D009369,rs774859528,Association,rs774859528,0.9538014,BioREDirect,sentence_local
33664057,D007249,rs774859528,Association,rs774859528,0.966061,BioREDirect,sentence_local
33664057,rs765064896,p|SUB|Y|192|C,Association,,0.79020166,BioREDirect,sentence_local
33664057,1977,55544,Association,,0.8174613,BioREDirect,sentence_local
33686748,D007737,3620,Association,,0.49713033,BioREDirect,sentence_local
33686748,D009537,D018805,Negative_Correlation,D009537,0.91389847,BioREDirect,sentence_local
33686748,D007538,D000086382,Negative_Correlation,D007538,0.636533,BioREDirect,sentence_local
33686748,C018613,D000086382,Negative_Correlation,C018613,0.7641241,BioREDirect,sentence_local
33686748,D009536,D000086382,Negative_Correlation,D009536,0.9406261,BioREDirect,sentence_local
33686748,D009536,D009243,Association,D009536,0.5949878,BioREDirect,sentence_local
33686748,D014364,D007737,Association,,0.74463606,BioREDirect,sentence_local
33686748,D014364,3620,Association,,0.55932665,BioREDirect,sentence_local
33686748,C018613,D018805,Negative_Correlation,C018613,0.8886945,BioREDirect,sentence_local
33686748,D007538,D018805,Negative_Correlation,D007538,0.83357155,BioREDirect,sentence_local
33686748,D009536,D018805,Negative_Correlation,D009536,0.9732314,BioREDirect,sentence_local
33686748,D009537,D000086382,Negative_Correlation,D009537,0.88929117,BioREDirect,sentence_local
33686748,D009536,D014364,Association,,0.61651474,BioREDirect,sentence_local
33774023,D000086382,rs3788979,Positive_Correlation,rs3788979,0.9929489,BioREDirect,sentence_local
33774023,D000086382,59272,Association,59272,0.96860695,BioREDirect,sentence_local
33774023,1803,213,Association,1803,0.9573878,BioREDirect,sentence_local
33774023,D000086382,1803,Negative_Correlation,1803,0.9553443,BioREDirect,sentence_local
33789164,D009196,25,Association,25,0.92660123,BioREDirect,sentence_local
33789164,D055728,3717,Association,3717,0.6513793,BioREDirect,sentence_local
33789164,D009196,811,Association,811,0.92064977,BioREDirect,sentence_local
33789164,D055728,4352,Association,4352,0.9607938,BioREDirect,sentence_local
33789164,D009196,613,Association,613,0.8747662,BioREDirect,sentence_local
33789164,D013920,811,Association,811,0.9883659,BioREDirect,sentence_local
33789164,D009196,4352,Association,4352,0.9277215,BioREDirect,sentence_local
33789164,D013920,3717,Association,3717,0.94706625,BioREDirect,sentence_local
33789164,D009196,3717,Association,3717,0.8875155,BioREDirect,sentence_local
33789164,D013920,4352,Association,4352,0.95985144,BioREDirect,sentence_local
33789164,D011087,3717,Association,3717,0.49674803,BioREDirect,sentence_local
33789164,D011087,4352,Association,4352,0.9625033,BioREDirect,sentence_local
33789164,D055728,811,Association,811,0.98673254,BioREDirect,sentence_local
33878394,D000077195,6194,Association,6194,0.9734041,BioREDirect,sentence_local
33878394,D000077195,1956,Association,1956,0.89090914,BioREDirect,sentence_local
33878394,D000077195,20104,Association,20104,0.98086995,BioREDirect,sentence_local
33878394,C500026,D000077716,Cotreatment,,0.8567184,BioREDirect,sentence_local
33878394,D000077195,595,Association,595,0.89275146,BioREDirect,sentence_local
33878394,D000077195,1021,Association,1021,0.8961823,BioREDirect,sentence_local
33878394,C500026,6194,Negative_Correlation,C500026,0.9702416,BioREDirect,sentence_local
33878394,C500026,1019,Negative_Correlation,C500026,0.9673998,BioREDirect,sentence_local
33878394,C500026,20104,Negative_Correlation,C500026,0.97137725,BioREDirect,sentence_local
33878394,C500026,D000077195,Negative_Correlation,C500026,0.76355416,BioREDirect,sentence_local
33878394,C500026,1021,Negative_Correlation,C500026,0.9673998,BioREDirect,sentence_local
33878394,D007971,1019,Association,1019,0.6282841,BioREDirect,sentence_local
33878394,D007971,6194,Association,6194,0.9226527,BioREDirect,sentence_local
33878394,1956,6194,Association,1956,0.8311774,BioREDirect,sentence_local
33878394,D007971,1021,Association,1021,0.6282841,BioREDirect,sentence_local
33878394,D009369,6194,Association,6194,0.94247264,BioREDirect,sentence_local
33878394,595,6194,Association,,0.67835605,BioREDirect,sentence_local
33878394,D009369,1019,Association,1019,0.6424551,BioREDirect,sentence_local
33878394,D009369,7157,Association,7157,0.8579874,BioREDirect,sentence_local
33878394,D009369,595,Association,595,0.5704199,BioREDirect,sentence_local
33878394,D009369,1956,Association,1956,0.76949143,BioREDirect,sentence_local
33878394,D000077716,6194,Negative_Correlation,D000077716,0.97597426,BioREDirect,sentence_local
33878394,D009369,p|SUB|R|172|H,Association,p,0.9030114,BioREDirect,sentence_local
33878394,D009369,3845,Association,3845,0.59690213,BioREDirect,sentence_local
33878394,D000077716,1019,Negative_Correlation,D000077716,0.7679237,BioREDirect,sentence_local
33878394,D009369,1021,Association,1021,0.6424551,BioREDirect,sentence_local
33878394,D000077716,20104,Negative_Correlation,D000077716,0.9658563,BioREDirect,sentence_local
33878394,1021,6194,Association,,0.5260792,BioREDirect,sentence_local
33878394,D000077716,D000077195,Negative_Correlation,D000077716,0.5702561,BioREDirect,sentence_local
33878394,D000077716,1956,Negative_Correlation,D000077716,0.97954476,BioREDirect,sentence_local
33878394,1956,1021,Association,,0.65718645,BioREDirect,sentence_local
33878394,D000077716,1021,Negative_Correlation,D000077716,0.7679237,BioREDirect,sentence_local
33878394,1021,595,Association,,0.6780048,BioREDirect,sentence_local
33878394,D000077195,1019,Association,1019,0.8961823,BioREDirect,sentence_local
33878394,1019,6194,Association,,0.5260792,BioREDirect,sentence_local
33878394,1956,1019,Association,,0.65718645,BioREDirect,sentence_local
33878394,1019,595,Association,,0.6780048,BioREDirect,sentence_local
33905892,D007239,p|SUB|T|1117|I,Association,p,0.9581502,BioREDirect,sentence_local
33987320,D003317,rs771397083,Positive_Correlation,rs771397083,0.99193245,BioREDirect,sentence_local
33987320,D003317,4166,Association,4166,0.96149296,BioREDirect,sentence_local
33987320,D003317,rs1465389120,Positive_Correlation,rs1465389120,0.9914876,BioREDirect,sentence_local
33992693,43740568,59272,Bind,,0.5220063,BioREDirect,sentence_local
34016879,D011537,8647,Association,8647,0.92809224,BioREDirect,sentence_local
34016879,D011537,5205,Association,5205,0.93647605,BioREDirect,sentence_local
34016879,D002780,8647,Association,8647,0.92516845,BioREDirect,sentence_local
34016879,D002780,5244,Association,5244,0.811014,BioREDirect,sentence_local
34016879,D002780,5205,Association,5205,0.96067196,BioREDirect,sentence_local
34102393,D012640,rs121913279,Positive_Correlation,rs121913279,0.99046713,BioREDirect,sentence_local
34102393,207,2475,Association,,0.81787884,BioREDirect,sentence_local
34102393,5290,2475,Association,,0.74046546,BioREDirect,sentence_local
34102393,D004827,5290,Association,5290,0.9414304,BioREDirect,sentence_local
34102393,D004827,rs121913287,Association,rs121913287,0.9771064,BioREDirect,sentence_local
34102393,D004827,rs121913279,Association,rs121913279,0.9775775,BioREDirect,sentence_local
34102393,D005910,5290,Association,5290,0.7477326,BioREDirect,sentence_local
34102393,D004827,rs587777790,Association,rs587777790,0.97840786,BioREDirect,sentence_local
34102393,D005910,2475,Association,2475,0.732805,BioREDirect,sentence_local
34102393,D004827,rs121913273,Association,rs121913273,0.9800633,BioREDirect,sentence_local
34102393,D005910,207,Association,207,0.7538423,BioREDirect,sentence_local
34102393,5290,207,Association,,0.7788296,BioREDirect,sentence_local
34103301,C000600259,2322,Negative_Correlation,C000600259,0.92822355,BioREDirect,sentence_local
34103301,D015470,896,Association,896,0.5341151,BioREDirect,sentence_local
34103301,D012008,2322,Association,2322,0.84657913,BioREDirect,sentence_local
34103301,896,2322,Association,,0.72030485,BioREDirect,sentence_local
34103301,C000600259,p|SUB|Q|276|-,Negative_Correlation,p,0.9871274,BioREDirect,sentence_local
34103301,896,1019,Association,,0.83410954,BioREDirect,sentence_local
34103301,C000600259,D012008,Negative_Correlation,C000600259,0.9531993,BioREDirect,sentence_local
34103301,C000600259,p|SUB|T|283|A,Negative_Correlation,p,0.9923552,BioREDirect,sentence_local
34103301,896,1021,Association,,0.83410954,BioREDirect,sentence_local
34103301,C000600259,D015470,Negative_Correlation,C000600259,0.9174735,BioREDirect,sentence_local
34103301,D015470,2322,Association,2322,0.60436165,BioREDirect,sentence_local
34105970,D009202,p|SUB|I|467|T,Positive_Correlation,p,0.95579225,BioREDirect,sentence_local
34105970,D009202,p|SUB|I|457|T,Association,p,0.96799314,BioREDirect,sentence_local
34105970,D000244,D010710,Association,,0.7265482,BioREDirect,sentence_local
34105970,D009202,p|SUB|R|453|C,Positive_Correlation,p,0.95553255,BioREDirect,sentence_local
34105970,D000255,4625,Association,,0.51600325,BioREDirect,sentence_local
34105970,D009202,4625,Association,4625,0.71358657,BioREDirect,sentence_local
34105970,D000255,D000244,Association,,0.7979626,BioREDirect,sentence_local
34105970,D000255,D010710,Association,,0.5715953,BioREDirect,sentence_local
34105970,D000255,8625606,Association,,0.55483747,BioREDirect,sentence_local
34105970,D000255,D009202,Association,,0.58424187,BioREDirect,sentence_local
34107326,D000086382,p|SUB|D|614|G,Association,p,0.9523412,BioREDirect,sentence_local
34107326,D000084063,43740569,Association,,0.82594913,BioREDirect,sentence_local
34107326,D000086382,43740578,Association,43740578,0.87061566,BioREDirect,sentence_local
34107326,D000084063,p|INS|215|AGY,Association,p,0.96028113,BioREDirect,sentence_local
34107326,D000084063,p|SUB|D|614|G,Association,p,0.94925326,BioREDirect,sentence_local
34107326,D000086382,p|SUB|L|452|R,Association,p,0.9575232,BioREDirect,sentence_local
34107326,D000084063,43740578,Association,,0.8596577,BioREDirect,sentence_local
34107326,D000086382,43740575,Association,43740575,0.92246735,BioREDirect,sentence_local
34107326,D000086382,43740568,Association,43740568,0.96214616,BioREDirect,sentence_local
34107326,D000084063,p|SUB|L|452|R,Association,p,0.9748683,BioREDirect,sentence_local
34107326,D000086382,c|DEL|141_143|,Association,c,0.9565246,BioREDirect,sentence_local
34107326,D000084063,p|SUB|D|215|A,Association,p,0.97004247,BioREDirect,sentence_local
34107326,D000084063,43740568,Association,43740568,0.96029294,BioREDirect,sentence_local
34107326,D000086382,p|SUB|D|215|A,Association,p,0.9754449,BioREDirect,sentence_local
34107326,D000084063,43740575,Association,43740575,0.91721237,BioREDirect,sentence_local
34107326,D000084063,c|DEL|141_143|,Association,c,0.9551815,BioREDirect,sentence_local
34107326,D000086382,p|INS|215|AGY,Association,p,0.95556873,BioREDirect,sentence_local
34107326,D000086382,43740569,Association,,0.8224425,BioREDirect,sentence_local
34111421,D015179,4292,Association,4292,0.6887756,BioREDirect,sentence_local
34143713,D009798,7057,Association,7057,0.98310983,BioREDirect,sentence_local
34143713,D009798,rs2228262,Positive_Correlation,rs2228262,0.9853271,BioREDirect,sentence_local
34143713,D009798,1293,Association,1293,0.96416104,BioREDirect,sentence_local
34151866,C018524,D002956,Association,,0.75015223,BioREDirect,sentence_local
34151866,C018524,4843,Negative_Correlation,C018524,0.9616605,BioREDirect,sentence_local
34151866,D009569,23576,Association,23576,0.9683496,BioREDirect,sentence_local
34151866,D001997,23576,Association,23576,0.8545328,BioREDirect,sentence_local
34151866,23576,4843,Association,23576,0.9436635,BioREDirect,sentence_local
34151866,D006976,23576,Association,23576,0.6108233,BioREDirect,sentence_local
34151866,D001997,rs480414,Association,rs480414,0.98312104,BioREDirect,sentence_local
34151866,D009569,rs480414,Negative_Correlation,rs480414,0.987347,BioREDirect,sentence_local
34151866,D006976,rs480414,Positive_Correlation,rs480414,0.98607546,BioREDirect,sentence_local
34151866,C018524,23576,Association,,0.7250146,BioREDirect,sentence_local
34224748,D003480,p|SUB|L|205|R,Association,p,0.71904963,BioREDirect,sentence_local
34224748,D003480,p|SUB|E|31|V,Association,p,0.9436077,BioREDirect,sentence_local
34224748,D003480,p|SUB|W|196|R,Association,p,0.6771073,BioREDirect,sentence_local
34224748,D006854,5566,Association,,0.79722524,BioREDirect,sentence_local
34224748,5566,284485,Association,,0.7249758,BioREDirect,sentence_local
34224748,D018246,5566,Association,5566,0.96401155,BioREDirect,sentence_local
34224748,D006854,D018246,Association,,0.7794803,BioREDirect,sentence_local
34224748,D003480,5566,Association,5566,0.8903415,BioREDirect,sentence_local
34244312,5777,5594,Association,,0.78771937,BioREDirect,sentence_local
34244312,11148,126259,Bind,126259,0.8198861,BioREDirect,sentence_local
34244312,115653,11148,Association,115653,0.788203,BioREDirect,sentence_local
34244312,D009369,11148,Association,11148,0.7048435,BioREDirect,sentence_local
34244312,5781,7409,Association,,0.7688523,BioREDirect,sentence_local
34244312,5777,5595,Association,,0.78771937,BioREDirect,sentence_local
34244312,D009369,115653,Association,115653,0.9898164,BioREDirect,sentence_local
34244312,5777,7409,Association,5777,0.8731414,BioREDirect,sentence_local
34244312,5781,4790,Association,,0.85369784,BioREDirect,sentence_local
34244312,5777,4790,Association,5777,0.8498169,BioREDirect,sentence_local
34244312,115653,5781,Association,115653,0.98289055,BioREDirect,sentence_local
34244312,115653,925,Association,,0.84797657,BioREDirect,sentence_local
34244312,115653,207,Negative_Correlation,115653,0.99025947,BioREDirect,sentence_local
34244312,115653,5595,Negative_Correlation,115653,0.9909203,BioREDirect,sentence_local
34244312,115653,4790,Negative_Correlation,115653,0.9916528,BioREDirect,sentence_local
34244312,115653,5777,Association,115653,0.98351157,BioREDirect,sentence_local
34244312,115653,7409,Negative_Correlation,115653,0.9916375,BioREDirect,sentence_local
34244312,115653,5594,Negative_Correlation,115653,0.9909203,BioREDirect,sentence_local
34244312,11148,925,Association,11148,0.9540718,BioREDirect,sentence_local
34279042,rs140491,rs3747093,Association,,0.81655073,BioREDirect,sentence_local
34279042,7332,4790,Positive_Correlation,7332,0.8592795,BioREDirect,sentence_local
34279042,7332,7528,Association,,0.9256574,BioREDirect,sentence_local
34279042,7332,150223,Association,,0.8545251,BioREDirect,sentence_local
34279042,D001327,10664,Association,10664,0.9370421,BioREDirect,sentence_local
34279042,rs11089620,rs3747093,Association,,0.80934525,BioREDirect,sentence_local
34279042,rs140490,rs3747093,Association,,0.8052778,BioREDirect,sentence_local
34279042,D001327,150223,Association,150223,0.96281415,BioREDirect,sentence_local
34279042,150223,7528,Association,,0.9121773,BioREDirect,sentence_local
34279042,D001327,7528,Association,7528,0.91254896,BioREDirect,sentence_local
34279042,7332,10664,Association,,0.9118496,BioREDirect,sentence_local
34279042,D001327,7332,Association,7332,0.93095475,BioREDirect,sentence_local
34279042,150223,10664,Association,,0.914274,BioREDirect,sentence_local
34289528,D001281,rs376048590,Association,rs376048590,0.9922471,BioREDirect,sentence_local
34289528,D001281,1674,Association,1674,0.9600838,BioREDirect,sentence_local
34289528,D001281,rs782597157,Association,rs782597157,0.9914225,BioREDirect,sentence_local
34289528,D001281,9659,Association,9659,0.935366,BioREDirect,sentence_local
34289528,9659,5144,Association,,0.8227466,BioREDirect,sentence_local
34289528,5566,154,Association,,0.571851,BioREDirect,sentence_local
34289528,D006327,rs62636495,Positive_Correlation,rs62636495,0.99262553,BioREDirect,sentence_local
34289528,9659,154,Association,9659,0.97635776,BioREDirect,sentence_local
34289528,D006327,rs376048590,Association,rs376048590,0.9900864,BioREDirect,sentence_local
34289528,D006327,1674,Association,1674,0.9687563,BioREDirect,sentence_local
34289528,D006327,9659,Association,9659,0.97204685,BioREDirect,sentence_local
34289528,D006327,rs782597157,Association,rs782597157,0.9899368,BioREDirect,sentence_local
34289528,D000242,rs782597157,Positive_Correlation,rs782597157,0.9617549,BioREDirect,sentence_local
34289528,D000242,5566,Positive_Correlation,D000242,0.77229863,BioREDirect,sentence_local
34289528,D000242,154,Association,,0.6175798,BioREDirect,sentence_local
34289528,D000242,9659,Positive_Correlation,9659,0.93139064,BioREDirect,sentence_local
34289528,D002311,1674,Association,1674,0.93012214,BioREDirect,sentence_local
34289528,9659,5566,Association,9659,0.9453647,BioREDirect,sentence_local
34289528,D002311,rs62636495,Positive_Correlation,rs62636495,0.9917487,BioREDirect,sentence_local
34289528,D001145,1674,Association,1674,0.9317161,BioREDirect,sentence_local
34289528,1674,5144,Association,,0.7377628,BioREDirect,sentence_local
34289528,D001145,9659,Association,9659,0.97059435,BioREDirect,sentence_local
34289528,1674,5566,Association,5566,0.6182138,BioREDirect,sentence_local
34289528,1674,5581,Association,,0.63455856,BioREDirect,sentence_local
34289528,9659,1674,Association,,0.9424404,BioREDirect,sentence_local
34289528,D001281,rs62636495,Positive_Correlation,rs62636495,0.989764,BioREDirect,sentence_local
34368951,16591,12159,Negative_Correlation,16591,0.97139335,BioREDirect,sentence_local
34368951,D061205,12393,Association,12393,0.98122555,BioREDirect,sentence_local
34368951,D061205,16591,Association,16591,0.954034,BioREDirect,sentence_local
34368951,16591,55994,Association,16591,0.98120004,BioREDirect,sentence_local
34368951,16591,20516,Negative_Correlation,16591,0.9863923,BioREDirect,sentence_local
34368951,16591,17127,Association,16591,0.9810998,BioREDirect,sentence_local
34368951,16591,17126,Association,16591,0.9810998,BioREDirect,sentence_local
34368951,16591,17129,Association,16591,0.98120004,BioREDirect,sentence_local
34368951,16591,17125,Association,16591,0.98120004,BioREDirect,sentence_local
34368951,D002762,20516,Positive_Correlation,D002762,0.70251304,BioREDirect,sentence_local
34368951,D002762,55994,Association,D002762,0.6589399,BioREDirect,sentence_local
34368951,D002762,17126,Association,D002762,0.6278893,BioREDirect,sentence_local
34368951,D002762,12393,Positive_Correlation,D002762,0.82345986,BioREDirect,sentence_local
34368951,D002762,17127,Association,D002762,0.6278893,BioREDirect,sentence_local
34368951,D002762,16591,Negative_Correlation,16591,0.9874514,BioREDirect,sentence_local
34368951,D002762,17129,Association,D002762,0.6589399,BioREDirect,sentence_local
34368951,D002762,17125,Association,D002762,0.6589399,BioREDirect,sentence_local
34368951,D002762,D002114,Positive_Correlation,D002762,0.5267827,BioREDirect,sentence_local
34368951,12156,55994,Association,12156,0.81869197,BioREDirect,sentence_local
34368951,D002114,16591,Negative_Correlation,16591,0.99077284,BioREDirect,sentence_local
34368951,12156,20516,Positive_Correlation,12156,0.97091055,BioREDirect,sentence_local
34368951,12156,12393,Positive_Correlation,12156,0.90966195,BioREDirect,sentence_local
34368951,12156,17127,Association,12156,0.8373902,BioREDirect,sentence_local
34368951,12156,17126,Association,12156,0.8373902,BioREDirect,sentence_local
34368951,16591,12156,Negative_Correlation,16591,0.98984617,BioREDirect,sentence_local
34368951,12156,17129,Association,12156,0.81869197,BioREDirect,sentence_local
34368951,12156,17125,Association,12156,0.81869197,BioREDirect,sentence_local
34368951,D010710,D061205,Negative_Correlation,D010710,0.9408772,BioREDirect,sentence_local
34368951,16591,12393,Negative_Correlation,16591,0.9829012,BioREDirect,sentence_local
34368951,D010710,D054559,Negative_Correlation,D010710,0.6915725,BioREDirect,sentence_local
34368951,D061205,12156,Association,12156,0.98617506,BioREDirect,sentence_local
34368951,D010710,D002114,Negative_Correlation,D010710,0.9795131,BioREDirect,sentence_local
34376578,D009369,rs113488022,Association,rs113488022,0.8832146,BioREDirect,sentence_local
34376578,D009369,4893,Association,4893,0.9164708,BioREDirect,sentence_local
34376578,D009369,1019,Association,1019,0.91328174,BioREDirect,sentence_local
34376578,D009369,673,Association,673,0.93918514,BioREDirect,sentence_local
34376578,D009369,5609,Association,5609,0.7833034,BioREDirect,sentence_local
34376578,673,4893,Association,,0.6645316,BioREDirect,sentence_local
34376578,D009369,1021,Association,1021,0.91328174,BioREDirect,sentence_local
34376578,1019,1029,Association,,0.86004996,BioREDirect,sentence_local
34376578,1019,5609,Association,,0.8930226,BioREDirect,sentence_local
34376578,1019,673,Association,,0.5896884,BioREDirect,sentence_local
34376578,1019,5594,Positive_Correlation,1019,0.98275304,BioREDirect,sentence_local
34376578,673,5594,Negative_Correlation,673,0.73152363,BioREDirect,sentence_local
34376578,673,5609,Association,,0.68148786,BioREDirect,sentence_local
34376578,5609,5594,Positive_Correlation,5609,0.8547977,BioREDirect,sentence_local
34376578,1021,1029,Association,,0.86004996,BioREDirect,sentence_local
34376578,C560077,5609,Negative_Correlation,C560077,0.9474157,BioREDirect,sentence_local
34376578,1021,5609,Association,,0.8930226,BioREDirect,sentence_local
34376578,1021,673,Association,,0.5896884,BioREDirect,sentence_local
34376578,1021,5594,Positive_Correlation,1021,0.98275304,BioREDirect,sentence_local
34376578,D008545,1029,Association,1029,0.9647056,BioREDirect,sentence_local
34376578,D008545,4893,Association,4893,0.7713918,BioREDirect,sentence_local
34376578,D008545,rs113488022,Association,rs113488022,0.793126,BioREDirect,sentence_local
34376578,D008545,1019,Association,1019,0.67884636,BioREDirect,sentence_local
34376578,D008545,673,Association,673,0.93910813,BioREDirect,sentence_local
34376578,D008545,5609,Association,5609,0.71034855,BioREDirect,sentence_local
34376578,D008545,5594,Association,5594,0.8501701,BioREDirect,sentence_local
34376578,D008545,1021,Association,1021,0.67884636,BioREDirect,sentence_local
34376578,C500026,1021,Negative_Correlation,C500026,0.98261327,BioREDirect,sentence_local
34376578,673,1029,Association,673,0.6952499,BioREDirect,sentence_local
34376578,C500026,1019,Negative_Correlation,C500026,0.98261327,BioREDirect,sentence_local
34376578,D009369,1029,Negative_Correlation,1029,0.97058916,BioREDirect,sentence_local
34386973,D005442,D003975,Association,D005442,0.9246015,BioREDirect,sentence_local
34386973,D005680,D008874,Association,D008874,0.53687215,BioREDirect,sentence_local
34386973,D005680,553402,Positive_Correlation,D005680,0.60929334,BioREDirect,sentence_local
34386973,D005680,336252,Association,,0.6840808,BioREDirect,sentence_local
34386973,D001569,D005045,Association,,0.66941315,BioREDirect,sentence_local
34386973,D005680,768183,Positive_Correlation,D005680,0.61576426,BioREDirect,sentence_local
34386973,D001569,566922,Bind,D001569,0.6075452,BioREDirect,sentence_local
34386973,D001569,768183,Bind,D001569,0.6063466,BioREDirect,sentence_local
34386973,D001569,553402,Bind,D001569,0.60361856,BioREDirect,sentence_local
34386973,D005442,D008874,Association,D005442,0.9170328,BioREDirect,sentence_local
34386973,D001569,D005442,Negative_Correlation,D005442,0.90974665,BioREDirect,sentence_local
34386973,D005442,566922,Negative_Correlation,D005442,0.7581706,BioREDirect,sentence_local
34386973,D005442,553402,Negative_Correlation,D005442,0.764737,BioREDirect,sentence_local
34386973,D005442,768183,Negative_Correlation,D005442,0.73292303,BioREDirect,sentence_local
34386973,D008874,553402,Negative_Correlation,D008874,0.9482966,BioREDirect,sentence_local
34386973,D008874,566922,Negative_Correlation,D008874,0.95609856,BioREDirect,sentence_local
34386973,D008874,768183,Negative_Correlation,D008874,0.95308757,BioREDirect,sentence_local
34386973,D005479,553402,Negative_Correlation,D005479,0.70431674,BioREDirect,sentence_local
34386973,D005479,566922,Negative_Correlation,D005479,0.672098,BioREDirect,sentence_local
34386973,D005680,D005479,Negative_Correlation,D005479,0.8798143,BioREDirect,sentence_local
34386973,D005479,768183,Negative_Correlation,D005479,0.67477775,BioREDirect,sentence_local
34386973,D003975,566922,Negative_Correlation,D003975,0.89088124,BioREDirect,sentence_local
34386973,D003975,553402,Negative_Correlation,D003975,0.88505274,BioREDirect,sentence_local
34386973,D005680,D003975,Association,D003975,0.5468706,BioREDirect,sentence_local
34386973,D003975,768183,Negative_Correlation,D003975,0.8806544,BioREDirect,sentence_local
34386973,D005680,566922,Positive_Correlation,D005680,0.59893656,BioREDirect,sentence_local
34555226,D000242,D020889,Negative_Correlation,D020889,0.9742949,BioREDirect,sentence_local
34555226,D000242,5141,Association,5141,0.57218146,BioREDirect,sentence_local
34555226,D000242,154,Association,,0.59266114,BioREDirect,sentence_local
34555226,D000242,24176,Association,,0.8076722,BioREDirect,sentence_local
34555226,D000242,81503,Association,81503,0.75680006,BioREDirect,sentence_local
34555226,D000242,D012140,Association,D000242,0.9506146,BioREDirect,sentence_local
34555226,D020889,D014947,Negative_Correlation,D020889,0.7000684,BioREDirect,sentence_local
34555226,D020889,14825,Negative_Correlation,D020889,0.9750182,BioREDirect,sentence_local
34555226,D020889,5141,Negative_Correlation,D020889,0.9733459,BioREDirect,sentence_local
34555226,D020889,24176,Negative_Correlation,D020889,0.9510073,BioREDirect,sentence_local
34555226,3576,154,Association,3576,0.7140495,BioREDirect,sentence_local
34555226,D020889,81503,Negative_Correlation,D020889,0.97202694,BioREDirect,sentence_local
34555226,5141,3576,Association,,0.7228542,BioREDirect,sentence_local
34555226,5141,154,Association,,0.7915546,BioREDirect,sentence_local
34555226,81503,24176,Association,81503,0.9775677,BioREDirect,sentence_local
34555226,24176,25388,Association,,0.73751575,BioREDirect,sentence_local
34555226,24176,25638,Association,,0.84488714,BioREDirect,sentence_local
34555226,D012128,25638,Association,25638,0.98533106,BioREDirect,sentence_local
34555226,81503,25388,Association,81503,0.9460423,BioREDirect,sentence_local
34555226,D012140,5141,Association,5141,0.974159,BioREDirect,sentence_local
34555226,81503,25638,Association,81503,0.96448165,BioREDirect,sentence_local
34555226,D000242,3576,Association,,0.5292265,BioREDirect,sentence_local
34652576,D010523,10381,Association,10381,0.72119874,BioREDirect,sentence_local
34652576,D010523,rs864321716,Positive_Correlation,rs864321716,0.96297264,BioREDirect,sentence_local
34652576,D020233,10381,Association,10381,0.76677,BioREDirect,sentence_local
34652576,D020233,rs864321716,Positive_Correlation,rs864321716,0.8286718,BioREDirect,sentence_local
34652576,D009421,10381,Association,10381,0.6852764,BioREDirect,sentence_local
34652576,D001480,10381,Association,10381,0.6179587,BioREDirect,sentence_local
34652576,C580012,10381,Association,10381,0.70083606,BioREDirect,sentence_local
34652576,C580012,rs864321716,Positive_Correlation,rs864321716,0.9784227,BioREDirect,sentence_local
34652576,D005158,10381,Association,10381,0.49987867,BioREDirect,sentence_local
34652576,D005158,rs864321716,Association,rs864321716,0.9408871,BioREDirect,sentence_local
34652576,D054220,10381,Association,10381,0.9596184,BioREDirect,sentence_local
34652576,D003286,10381,Association,10381,0.65971464,BioREDirect,sentence_local
34652576,D003286,rs864321716,Positive_Correlation,rs864321716,0.9770684,BioREDirect,sentence_local
34655925,D002289,3320,Association,3320,0.9517722,BioREDirect,sentence_local
34655925,D055752,3320,Association,3320,0.96261275,BioREDirect,sentence_local
34655925,D016190,D017239,Cotreatment,,0.54091036,BioREDirect,sentence_local
34655925,D016190,3320,Negative_Correlation,D016190,0.93661785,BioREDirect,sentence_local
34655925,D016190,D008175,Negative_Correlation,D016190,0.9664641,BioREDirect,sentence_local
34655925,D009369,2064,Association,,0.6061762,BioREDirect,sentence_local
34655925,D009369,1956,Association,1956,0.7326155,BioREDirect,sentence_local
34655925,D009369,5979,Association,,0.6846554,BioREDirect,sentence_local
34655925,D017239,3320,Negative_Correlation,D017239,0.93251187,BioREDirect,sentence_local
34655925,D009369,3845,Association,3845,0.6318336,BioREDirect,sentence_local
34655925,D017239,D008175,Negative_Correlation,D017239,0.97019696,BioREDirect,sentence_local
34655925,C561943,D009369,Negative_Correlation,C561943,0.75746644,BioREDirect,sentence_local
34655925,C561943,D016190,Cotreatment,,0.71827066,BioREDirect,sentence_local
34655925,C561943,D017239,Cotreatment,,0.7061893,BioREDirect,sentence_local
34655925,C561943,3320,Negative_Correlation,C561943,0.9739454,BioREDirect,sentence_local
34655925,C561943,D008175,Negative_Correlation,C561943,0.8829834,BioREDirect,sentence_local
34655925,C561943,D002289,Negative_Correlation,C561943,0.6714337,BioREDirect,sentence_local
34659572,406989,5609,Association,406989,0.95481575,BioREDirect,sentence_local
34659572,406989,5594,Association,406989,0.95618474,BioREDirect,sentence_local
34659572,D009369,406989,Association,406989,0.9768316,BioREDirect,sentence_local
34659572,D009369,144501,Association,144501,0.9801072,BioREDirect,sentence_local
34659572,D009369,2113,Association,2113,0.98742384,BioREDirect,sentence_local
34659572,D009369,5594,Association,5594,0.5679251,BioREDirect,sentence_local
34659572,144501,595,Positive_Correlation,144501,0.98989785,BioREDirect,sentence_local
34659572,144501,999,Negative_Correlation,144501,0.9882798,BioREDirect,sentence_local
34659572,144501,406989,Association,406989,0.71499,BioREDirect,sentence_local
34659572,144501,596,Positive_Correlation,144501,0.98992187,BioREDirect,sentence_local
34659572,144501,4313,Positive_Correlation,144501,0.9899565,BioREDirect,sentence_local
34659572,144501,5609,Positive_Correlation,144501,0.9925787,BioREDirect,sentence_local
34659572,144501,5594,Positive_Correlation,144501,0.9919871,BioREDirect,sentence_local
34659572,144501,2113,Association,2113,0.9833799,BioREDirect,sentence_local
34659572,144501,581,Positive_Correlation,144501,0.9901335,BioREDirect,sentence_local
34659572,144501,4318,Positive_Correlation,144501,0.9902063,BioREDirect,sentence_local
34659572,D010051,406989,Association,406989,0.8960371,BioREDirect,sentence_local
34659572,D010051,144501,Association,144501,0.99168605,BioREDirect,sentence_local
34659572,D010051,5609,Association,5609,0.5799678,BioREDirect,sentence_local
34659572,D010051,5594,Association,5594,0.7197823,BioREDirect,sentence_local
34659572,D010051,2113,Association,2113,0.98402977,BioREDirect,sentence_local
34659572,5609,5594,Association,,0.5906834,BioREDirect,sentence_local
34659572,2113,5609,Association,2113,0.97546333,BioREDirect,sentence_local
34659572,406989,2113,Association,,0.80604124,BioREDirect,sentence_local
34659572,2113,5594,Association,2113,0.962665,BioREDirect,sentence_local
34659572,144501,1000,Positive_Correlation,144501,0.98981804,BioREDirect,sentence_local
34670407,14257,18033,Association,,0.62316865,BioREDirect,sentence_local
34670407,56426,19697,Negative_Correlation,56426,0.9900253,BioREDirect,sentence_local
34670407,D044148,56426,Association,56426,0.88567317,BioREDirect,sentence_local
34670407,14257,16647,Association,,0.9263579,BioREDirect,sentence_local
34670407,56426,26413,Negative_Correlation,56426,0.978216,BioREDirect,sentence_local
34670407,14257,19697,Association,,0.6162362,BioREDirect,sentence_local
34670407,D020786,56426,Association,56426,0.8530119,BioREDirect,sentence_local
34670407,D008232,56426,Association,56426,0.8715823,BioREDirect,sentence_local
34670407,56426,14257,Negative_Correlation,56426,0.98379874,BioREDirect,sentence_local
34670407,56426,26417,Negative_Correlation,56426,0.978216,BioREDirect,sentence_local
34670407,D044148,14257,Association,14257,0.957563,BioREDirect,sentence_local
34670407,14257,26413,Positive_Correlation,14257,0.8373652,BioREDirect,sentence_local
34670407,D020786,889,Association,889,0.97989607,BioREDirect,sentence_local
34670407,14257,26417,Positive_Correlation,14257,0.8373652,BioREDirect,sentence_local
34670407,D020786,83605,Association,83605,0.98025334,BioREDirect,sentence_local
34670407,56426,16647,Bind,56426,0.6790866,BioREDirect,sentence_local
34670407,D008232,14257,Association,14257,0.9396324,BioREDirect,sentence_local
34670407,16647,19697,Association,16647,0.94858944,BioREDirect,sentence_local
34777640,D000077465,D009202,Positive_Correlation,D000077465,0.86443794,BioREDirect,sentence_local
34777640,D000077465,D004298,Association,,0.8444375,BioREDirect,sentence_local
34777640,D006966,24318,Association,24318,0.9481387,BioREDirect,sentence_local
34777640,D001971,D001786,Negative_Correlation,D001971,0.87859654,BioREDirect,sentence_local
34777640,D010300,24318,Association,24318,0.95986646,BioREDirect,sentence_local
34777640,D006943,24318,Association,24318,0.9220859,BioREDirect,sentence_local
34777640,D009202,24318,Association,24318,0.9533418,BioREDirect,sentence_local
34777640,D001971,D003920,Negative_Correlation,D001971,0.85965234,BioREDirect,sentence_local
34777640,D001971,D010300,Negative_Correlation,D001971,0.9802449,BioREDirect,sentence_local
34777640,D001971,D006966,Negative_Correlation,D001971,0.97625136,BioREDirect,sentence_local
34777640,D001971,24211,Positive_Correlation,D001971,0.9915917,BioREDirect,sentence_local
34777640,D001971,24318,Positive_Correlation,D001971,0.97965485,BioREDirect,sentence_local
34777640,D001971,D006943,Negative_Correlation,D001971,0.979113,BioREDirect,sentence_local
34777640,D001971,D009202,Positive_Correlation,D001971,0.9362712,BioREDirect,sentence_local
34777640,D001971,D007674,Negative_Correlation,D001971,0.98359686,BioREDirect,sentence_local
34777640,D001971,D004298,Cotreatment,,0.8078705,BioREDirect,sentence_local
34777640,C064294,D000077465,Cotreatment,,0.88275325,BioREDirect,sentence_local
34777640,D007674,24211,Association,24211,0.61127174,BioREDirect,sentence_local
34777640,D000496,D003920,Positive_Correlation,D000496,0.9780341,BioREDirect,sentence_local
34777640,C064294,29595,Negative_Correlation,C064294,0.96466833,BioREDirect,sentence_local
34777640,C064294,D003920,Negative_Correlation,C064294,0.86301696,BioREDirect,sentence_local
34777640,C064294,D003928,Negative_Correlation,C064294,0.6433684,BioREDirect,sentence_local
34777640,C064294,D001971,Cotreatment,,0.8558174,BioREDirect,sentence_local
34777640,C064294,D009202,Negative_Correlation,C064294,0.9843849,BioREDirect,sentence_local
34777640,D000077465,D003920,Negative_Correlation,D000077465,0.8271526,BioREDirect,sentence_local
34777640,D000077465,D001786,Negative_Correlation,D000077465,0.9638017,BioREDirect,sentence_local
34777640,D000077465,D010300,Negative_Correlation,D000077465,0.97838324,BioREDirect,sentence_local
34777640,D000077465,D006966,Negative_Correlation,D000077465,0.9687318,BioREDirect,sentence_local
34777640,D000077465,D006943,Negative_Correlation,D000077465,0.9755214,BioREDirect,sentence_local
34777640,D000077465,24318,Positive_Correlation,D000077465,0.9775048,BioREDirect,sentence_local
34875272,2661,9210,Association,,0.7173457,BioREDirect,sentence_local
34921023,D016190,D002289,Negative_Correlation,D016190,0.96954983,BioREDirect,sentence_local
34921023,D002289,1956,Association,1956,0.76482064,BioREDirect,sentence_local
34921023,D000077594,D016190,Comparison,,0.76793957,BioREDirect,sentence_local
34921023,D047428,D002289,Negative_Correlation,D047428,0.97286093,BioREDirect,sentence_local
34921023,D009369,1956,Association,1956,0.75380224,BioREDirect,sentence_local
34921023,D000077594,D009369,Association,D000077594,0.6952421,BioREDirect,sentence_local
34921023,D016190,D000068437,Cotreatment,,0.677446,BioREDirect,sentence_local
34921023,D000077594,D002289,Negative_Correlation,D000077594,0.8180916,BioREDirect,sentence_local
34921023,D000077594,D000068437,Cotreatment,,0.677764,BioREDirect,sentence_local
34921023,D000068437,D002289,Negative_Correlation,D000068437,0.9599874,BioREDirect,sentence_local
34921023,1956,5133,Association,,0.7315805,BioREDirect,sentence_local
34921023,D002289,5133,Association,5133,0.9417834,BioREDirect,sentence_local
34921023,D000077594,1956,Negative_Correlation,D000077594,0.65730894,BioREDirect,sentence_local
34921023,D047428,1956,Negative_Correlation,D047428,0.9101601,BioREDirect,sentence_local
34921023,D000068437,1956,Negative_Correlation,D000068437,0.72076064,BioREDirect,sentence_local
34921023,D016190,1956,Negative_Correlation,D016190,0.84738225,BioREDirect,sentence_local
34930019,D007511,19123,Association,19123,0.91387343,BioREDirect,sentence_local
34930019,D007249,19123,Negative_Correlation,19123,0.9665414,BioREDirect,sentence_local
34930019,19123,11651,Association,19123,0.9238595,BioREDirect,sentence_local
34930019,D006331,19123,Negative_Correlation,19123,0.9896778,BioREDirect,sentence_local
34930019,D007511,19124,Association,19124,0.86523867,BioREDirect,sentence_local
34930019,19123,19124,Association,19123,0.82301575,BioREDirect,sentence_local
34930019,D015427,19124,Association,19124,0.9469966,BioREDirect,sentence_local
34930019,D015427,19123,Negative_Correlation,19123,0.9743971,BioREDirect,sentence_local
34930019,19123,105787,Association,19123,0.9442019,BioREDirect,sentence_local
34949751,D002475,D000431,Positive_Correlation,D002475,0.97582597,BioREDirect,sentence_local
34949751,2828223,853504,Association,,0.827236,BioREDirect,sentence_local
34949751,D000431,2828223,Association,2828223,0.84765935,BioREDirect,sentence_local
34949751,D019344,2828223,Association,2828223,0.843649,BioREDirect,sentence_local
34949751,D002482,2828223,Association,,0.6959568,BioREDirect,sentence_local
34949751,D002475,p|SUB|N|306|I,Association,p,0.7149604,BioREDirect,sentence_local
34949751,D002475,2828223,Association,,0.7088856,BioREDirect,sentence_local
34949751,D002475,D019344,Association,D002475,0.94584036,BioREDirect,sentence_local
34949751,D002475,D002482,Association,,0.6478154,BioREDirect,sentence_local
34949751,D002475,853504,Association,853504,0.8760114,BioREDirect,sentence_local
34955621,p|SUB|T|478|K,p|SUB|N|501|Y,Association,,0.88358283,BioREDirect,sentence_local
34955621,p|SUB|L|452|R,p|SUB|T|478|K,Association,,0.8491353,BioREDirect,sentence_local
34955621,p|SUB|L|452|R,p|SUB|N|501|Y,Association,,0.8847382,BioREDirect,sentence_local
34955621,43740568,59272,Association,,0.6747771,BioREDirect,sentence_local
35071113,D000069442,D001327,Negative_Correlation,D000069442,0.963742,BioREDirect,sentence_local
35071113,D000068878,D009369,Negative_Correlation,D000068878,0.97606397,BioREDirect,sentence_local
35071113,D000077284,D002318,Association,D000077284,0.8350379,BioREDirect,sentence_local
35071113,D000068879,D009369,Negative_Correlation,D000068879,0.8299351,BioREDirect,sentence_local
35071113,D000068258,D002318,Association,D000068258,0.7190233,BioREDirect,sentence_local
35071113,C502936,D000086382,Negative_Correlation,C502936,0.9253693,BioREDirect,sentence_local
35071113,C481642,D001327,Negative_Correlation,C481642,0.9742809,BioREDirect,sentence_local
35071113,D000069448,D009140,Negative_Correlation,D000069448,0.980031,BioREDirect,sentence_local
35071113,C481642,D009369,Negative_Correlation,C481642,0.85272276,BioREDirect,sentence_local
35071113,D000074323,D009369,Negative_Correlation,D000074323,0.9702535,BioREDirect,sentence_local
35071113,C504234,D000086382,Negative_Correlation,C504234,0.8141287,BioREDirect,sentence_local
35071113,D000068879,D001327,Negative_Correlation,D000068879,0.96353877,BioREDirect,sentence_local
35071113,D000069283,D009369,Negative_Correlation,D000069283,0.9800178,BioREDirect,sentence_local
35071113,C504234,3569,Negative_Correlation,C504234,0.97839886,BioREDirect,sentence_local
35071113,C502936,3569,Negative_Correlation,C502936,0.9753642,BioREDirect,sentence_local
35071113,D000068818,D009369,Negative_Correlation,D000068818,0.97457516,BioREDirect,sentence_local
35139355,12018,21423,Negative_Correlation,21423,0.835677,BioREDirect,sentence_local
35139355,18126,17210,Negative_Correlation,18126,0.98911244,BioREDirect,sentence_local
35139355,12018,12122,Association,,0.58915275,BioREDirect,sentence_local
35139355,15978,12018,Positive_Correlation,15978,0.9795131,BioREDirect,sentence_local
35139355,12018,18126,Negative_Correlation,18126,0.987465,BioREDirect,sentence_local
35139355,12018,17210,Negative_Correlation,17210,0.7475846,BioREDirect,sentence_local
35139355,12028,18126,Negative_Correlation,18126,0.9885705,BioREDirect,sentence_local
35139355,12370,12018,Positive_Correlation,12370,0.98421603,BioREDirect,sentence_local
35139355,12028,21423,Negative_Correlation,21423,0.7856154,BioREDirect,sentence_local
35139355,15978,12028,Positive_Correlation,15978,0.9786749,BioREDirect,sentence_local
35139355,12028,17210,Negative_Correlation,17210,0.72554165,BioREDirect,sentence_local
35139355,12370,12028,Positive_Correlation,12370,0.9850306,BioREDirect,sentence_local
35139355,D000086382,18126,Association,18126,0.8893754,BioREDirect,sentence_local
35139355,12370,18126,Positive_Correlation,18126,0.98027,BioREDirect,sentence_local
35139355,15978,12370,Association,15978,0.96302515,BioREDirect,sentence_local
35139355,D007249,18126,Association,18126,0.7902178,BioREDirect,sentence_local
35139355,D009569,18126,Association,18126,0.8322742,BioREDirect,sentence_local
35139355,12370,12043,Negative_Correlation,12370,0.9813402,BioREDirect,sentence_local
35139355,D009569,D000086382,Association,,0.78495777,BioREDirect,sentence_local
35139355,12370,12122,Association,,0.55592966,BioREDirect,sentence_local
35139355,D009569,D007249,Association,,0.80417305,BioREDirect,sentence_local
35139355,15978,21423,Association,15978,0.98895746,BioREDirect,sentence_local
35139355,15978,18126,Association,15978,0.93635786,BioREDirect,sentence_local
35139355,15978,17210,Association,15978,0.98786,BioREDirect,sentence_local
35139355,18126,21423,Negative_Correlation,18126,0.9880276,BioREDirect,sentence_local
35168627,D001168,947,Association,947,0.7288457,BioREDirect,sentence_local
35168627,D001168,7070,Association,7070,0.7997045,BioREDirect,sentence_local
35168627,7070,250,Positive_Correlation,7070,0.9754066,BioREDirect,sentence_local
35168627,947,7070,Association,,0.52508456,BioREDirect,sentence_local
35194375,D006493,p|SUB|E|484|Q,Association,p,0.8973944,BioREDirect,sentence_local
35194375,D006493,59272,Negative_Correlation,D006493,0.6128975,BioREDirect,sentence_local
35194375,p|SUB|L|452|R,p|SUB|E|484|Q,Association,,0.78096104,BioREDirect,sentence_local
35194375,D006493,p|SUB|L|452|R,Association,p,0.9035156,BioREDirect,sentence_local
35194375,D006493,43740568,Association,D006493,0.586789,BioREDirect,sentence_local
35194375,D006493,p|SUB|E|484|K,Association,p,0.8887179,BioREDirect,sentence_local
35194375,59272,43740568,Bind,43740568,0.7781989,BioREDirect,sentence_local
35194375,D006493,p|SUB|N|501|Y,Association,D006493,0.92418987,BioREDirect,sentence_local
35196427,C000723100,D015451,Negative_Correlation,C000723100,0.9599151,BioREDirect,sentence_local
35196427,695,5336,Positive_Correlation,695,0.7660552,BioREDirect,sentence_local
35196427,C000723100,695,Negative_Correlation,C000723100,0.95861346,BioREDirect,sentence_local
35196427,D015451,695,Association,695,0.8609021,BioREDirect,sentence_local
35217818,11441,12362,Negative_Correlation,11441,0.98544693,BioREDirect,sentence_local
35217818,D017544,11441,Association,11441,0.9903239,BioREDirect,sentence_local
35217818,D017544,69146,Association,69146,0.9021761,BioREDirect,sentence_local
35217818,D000804,D017544,Positive_Correlation,D000804,0.9728502,BioREDirect,sentence_local
35217818,21926,D000111,Negative_Correlation,D000111,0.97358435,BioREDirect,sentence_local
35217818,216799,12362,Association,,0.58904606,BioREDirect,sentence_local
35217818,D000111,69146,Negative_Correlation,D000111,0.98716754,BioREDirect,sentence_local
35217818,21926,216799,Positive_Correlation,21926,0.8786082,BioREDirect,sentence_local
35217818,D000111,216799,Negative_Correlation,D000111,0.9800726,BioREDirect,sentence_local
35217818,D017544,216799,Association,216799,0.90846336,BioREDirect,sentence_local
35217818,69146,12362,Association,,0.6022167,BioREDirect,sentence_local
35217818,11441,216799,Negative_Correlation,11441,0.99008304,BioREDirect,sentence_local
35217818,21926,11441,Association,11441,0.89412504,BioREDirect,sentence_local
35217818,216799,69146,Positive_Correlation,216799,0.98673314,BioREDirect,sentence_local
35217818,C498513,11441,Positive_Correlation,C498513,0.9614205,BioREDirect,sentence_local
35217818,11441,13717,Association,11441,0.9621056,BioREDirect,sentence_local
35217818,11441,69146,Negative_Correlation,11441,0.99098164,BioREDirect,sentence_local
35388181,243961,14816,Negative_Correlation,243961,0.98149717,BioREDirect,sentence_local
35388181,243961,16438,Negative_Correlation,243961,0.9730982,BioREDirect,sentence_local
35388181,D000067877,22941,Association,22941,0.9759094,BioREDirect,sentence_local
35388181,D000067877,14816,Association,14816,0.9559138,BioREDirect,sentence_local
35388181,D000067877,16438,Association,16438,0.8648187,BioREDirect,sentence_local
35388181,D000067877,p|SUB|R|882|H,Association,p,0.9791018,BioREDirect,sentence_local
35388181,D000067877,85358,Association,85358,0.9217948,BioREDirect,sentence_local
35388181,D000067877,243961,Association,243961,0.58941275,BioREDirect,sentence_local
35388181,D000067877,50944,Association,50944,0.88247067,BioREDirect,sentence_local
35388181,D000067877,p|SUB|R|874|H,Association,p,0.82315063,BioREDirect,sentence_local
35388181,D001321,14816,Association,14816,0.7654205,BioREDirect,sentence_local
35388181,D001007,p|SUB|R|882|H,Association,p,0.5367006,BioREDirect,sentence_local
35388181,D001321,243961,Association,243961,0.6332652,BioREDirect,sentence_local
35388181,D000067404,p|SUB|R|882|H,Association,p,0.937145,BioREDirect,sentence_local
35388181,D002118,16438,Association,,0.6099956,BioREDirect,sentence_local
35388181,D000067404,243961,Association,243961,0.92652214,BioREDirect,sentence_local
35388181,D002118,14816,Association,,0.66650397,BioREDirect,sentence_local
35388181,D002118,D000067877,Association,,0.70318043,BioREDirect,sentence_local
35388181,D001523,p|SUB|R|882|H,Association,p,0.9162398,BioREDirect,sentence_local
35388181,D002118,243961,Association,243961,0.90042645,BioREDirect,sentence_local
35388181,D001523,243961,Association,243961,0.9601166,BioREDirect,sentence_local
35388181,D000067877,c|SUB|G|2621|A,Association,c,0.8454432,BioREDirect,sentence_local
35388181,14816,16438,Association,,0.5513468,BioREDirect,sentence_local
35417530,D005909,3066,Association,3066,0.9430261,BioREDirect,sentence_local
35417530,D005909,p|SUB|Y|118|A,Association,p,0.92387384,BioREDirect,sentence_local
35417530,D005909,3065,Association,3065,0.9384574,BioREDirect,sentence_local
35417530,D005947,D005909,Association,,0.7441809,BioREDirect,sentence_local
35417530,C087123,3065,Negative_Correlation,C087123,0.9428917,BioREDirect,sentence_local
35417530,C000615229,D005909,Association,,0.7441809,BioREDirect,sentence_local
35417530,C087123,D005909,Negative_Correlation,C087123,0.5469021,BioREDirect,sentence_local
35417530,C087123,3066,Negative_Correlation,C087123,0.9415273,BioREDirect,sentence_local
35417530,836,4170,Association,,0.583322,BioREDirect,sentence_local
35417530,8192,3066,Association,,0.7142285,BioREDirect,sentence_local
35417530,8192,3065,Association,,0.7006281,BioREDirect,sentence_local
35417530,836,598,Association,,0.51785374,BioREDirect,sentence_local
35417530,D000077767,3065,Negative_Correlation,D000077767,0.93513876,BioREDirect,sentence_local
35417530,D000077767,D005909,Negative_Correlation,D000077767,0.59895366,BioREDirect,sentence_local
35417530,D000077767,3066,Negative_Correlation,D000077767,0.9328948,BioREDirect,sentence_local
35417530,D014233,D005909,Association,,0.74985546,BioREDirect,sentence_local
35417530,D005909,8192,Association,8192,0.97078323,BioREDirect,sentence_local
35467766,D000068818,D005472,Cotreatment,,0.51571006,BioREDirect,sentence_local
35467766,D000069287,D009369,Negative_Correlation,D000069287,0.98074704,BioREDirect,sentence_local
35467766,D000069287,6480,Association,6480,0.79538876,BioREDirect,sentence_local
35467766,D000069287,D060831,Positive_Correlation,D000069287,0.95971435,BioREDirect,sentence_local
35467766,D060831,6480,Association,6480,0.9895023,BioREDirect,sentence_local
35467766,D060831,rs6783836,Positive_Correlation,rs6783836,0.9935596,BioREDirect,sentence_local
35467766,D000077150,D009369,Negative_Correlation,D000077150,0.97895724,BioREDirect,sentence_local
35467766,D000077150,D002955,Cotreatment,,0.59751904,BioREDirect,sentence_local
35467766,D000077150,6480,Association,6480,0.93328136,BioREDirect,sentence_local
35467766,D000077150,D060831,Positive_Correlation,D000077150,0.9655476,BioREDirect,sentence_local
35467766,D000077150,D005472,Cotreatment,,0.5937951,BioREDirect,sentence_local
35467766,D003924,rs3887925,Association,rs3887925,0.9872459,BioREDirect,sentence_local
35467766,D003924,6480,Association,6480,0.9893991,BioREDirect,sentence_local
35467766,C519688,D009369,Negative_Correlation,C519688,0.97809327,BioREDirect,sentence_local
35467766,C519688,D000068818,Cotreatment,,0.5497346,BioREDirect,sentence_local
35467766,C519688,D060831,Positive_Correlation,C519688,0.95598555,BioREDirect,sentence_local
35467766,D000077150,D000068818,Cotreatment,,0.6564826,BioREDirect,sentence_local
35467766,D015179,6480,Association,6480,0.9299738,BioREDirect,sentence_local
35467766,D000069287,D000077150,Cotreatment,,0.62635636,BioREDirect,sentence_local
35467766,D000068818,D002955,Cotreatment,,0.5907896,BioREDirect,sentence_local
35468098,13614,21926,Positive_Correlation,13614,0.9841501,BioREDirect,sentence_local
35468098,D006943,1906,Association,1906,0.80418146,BioREDirect,sentence_local
35468098,406890,7124,Association,406890,0.901694,BioREDirect,sentence_local
35468098,D007249,1906,Association,1906,0.98977506,BioREDirect,sentence_local
35468098,D007249,7124,Association,7124,0.8292945,BioREDirect,sentence_local
35468098,D007249,13614,Association,13614,0.8768352,BioREDirect,sentence_local
35468098,D007249,3569,Association,3569,0.91114783,BioREDirect,sentence_local
35468098,D007249,406890,Association,406890,0.9854257,BioREDirect,sentence_local
35468098,D005355,1906,Association,1906,0.8579256,BioREDirect,sentence_local
35468098,D003920,1906,Association,1906,0.9707944,BioREDirect,sentence_local
35468098,D003920,7124,Association,,0.5805551,BioREDirect,sentence_local
35468098,1906,3039,Association,3039,0.8985817,BioREDirect,sentence_local
35468098,D003920,3569,Association,3569,0.9154253,BioREDirect,sentence_local
35468098,D003920,406890,Association,406890,0.63040334,BioREDirect,sentence_local
35468098,1906,7124,Association,1906,0.9689428,BioREDirect,sentence_local
35468098,1906,406890,Association,,0.7391266,BioREDirect,sentence_local
35468098,1906,3569,Association,1906,0.9571204,BioREDirect,sentence_local
35468098,13614,11651,Association,13614,0.87602514,BioREDirect,sentence_local
35468098,D055948,1906,Association,1906,0.8911607,BioREDirect,sentence_local
35468098,D003404,1906,Positive_Correlation,D003404,0.93959326,BioREDirect,sentence_local
35468098,D009135,1906,Association,1906,0.99059767,BioREDirect,sentence_local
35468098,D009135,7124,Association,7124,0.5033186,BioREDirect,sentence_local
35468098,D009135,13614,Association,13614,0.96513325,BioREDirect,sentence_local
35468098,D009135,3569,Association,3569,0.67755234,BioREDirect,sentence_local
35468098,D009135,406890,Association,406890,0.9417761,BioREDirect,sentence_local
35468098,13614,59027,Association,13614,0.9592012,BioREDirect,sentence_local
35468098,406890,3569,Positive_Correlation,406890,0.90309256,BioREDirect,sentence_local
35468098,13614,16193,Positive_Correlation,13614,0.9832239,BioREDirect,sentence_local
35468098,13614,18033,Association,13614,0.97014934,BioREDirect,sentence_local
35468098,13614,18708,Association,13614,0.89022654,BioREDirect,sentence_local
35468098,13614,387249,Negative_Correlation,13614,0.9677539,BioREDirect,sentence_local
35585372,D017382,5580,Association,5580,0.6942429,BioREDirect,sentence_local
35609210,221322,317662,Association,221322,0.95320725,BioREDirect,sentence_local
35609210,D000072661,221322,Association,221322,0.9230985,BioREDirect,sentence_local
35609210,C536293,221322,Association,221322,0.9657647,BioREDirect,sentence_local
35609210,23552,22858,Association,23552,0.65325046,BioREDirect,sentence_local
35609210,22858,29105,Association,,0.7287396,BioREDirect,sentence_local
35609210,C536293,317662,Association,317662,0.85257465,BioREDirect,sentence_local
35609210,221322,22858,Association,221322,0.9859838,BioREDirect,sentence_local
35609210,317662,22858,Association,,0.76309454,BioREDirect,sentence_local
35609210,D000072661,22858,Association,22858,0.75264436,BioREDirect,sentence_local
35609210,23552,317662,Association,,0.8819649,BioREDirect,sentence_local
35609210,D000072661,23552,Association,23552,0.83890903,BioREDirect,sentence_local
35609210,221322,29105,Association,221322,0.8760401,BioREDirect,sentence_local
35609210,221322,23552,Bind,221322,0.75646204,BioREDirect,sentence_local
35644262,p|SUB|K|417|T,p|SUB|E|484|K,Association,,0.7960523,BioREDirect,sentence_local
35747941,D011565,7297,Association,7297,0.9528694,BioREDirect,sentence_local
35747941,D001327,rs34536443,Negative_Correlation,rs34536443,0.9746338,BioREDirect,sentence_local
35747941,D008228,rs34536443,Positive_Correlation,rs34536443,0.991966,BioREDirect,sentence_local
35747941,D008175,rs34536443,Positive_Correlation,rs34536443,0.9906198,BioREDirect,sentence_local
35747941,D001327,7297,Association,7297,0.9676224,BioREDirect,sentence_local
35747941,D008228,7297,Association,7297,0.9923225,BioREDirect,sentence_local
35747941,C000628674,D011565,Negative_Correlation,C000628674,0.9785553,BioREDirect,sentence_local
35747941,D008175,7297,Association,7297,0.9916276,BioREDirect,sentence_local
35747941,C000628674,7297,Negative_Correlation,C000628674,0.98523617,BioREDirect,sentence_local
35747941,D011565,rs34536443,Negative_Correlation,rs34536443,0.97369325,BioREDirect,sentence_local
35751378,D011802,3757,Negative_Correlation,D011802,0.9701847,BioREDirect,sentence_local
35751378,D000077266,3757,Negative_Correlation,D000077266,0.9646623,BioREDirect,sentence_local
35751378,D008133,3757,Association,3757,0.89719534,BioREDirect,sentence_local
35751378,C067192,3757,Negative_Correlation,C067192,0.9765321,BioREDirect,sentence_local
35751378,D004329,3757,Negative_Correlation,D004329,0.9757839,BioREDirect,sentence_local
35751378,D016171,3757,Association,3757,0.97556233,BioREDirect,sentence_local
35751378,D018967,3757,Negative_Correlation,D018967,0.9735694,BioREDirect,sentence_local
35751378,C063533,3757,Negative_Correlation,C063533,0.9737597,BioREDirect,sentence_local
35751378,C066304,3757,Negative_Correlation,C066304,0.97544724,BioREDirect,sentence_local
35751378,C063533,D001145,Positive_Correlation,C063533,0.96954745,BioREDirect,sentence_local
35751378,D001145,3757,Association,3757,0.8398435,BioREDirect,sentence_local
35751378,D013881,3757,Negative_Correlation,D013881,0.9702331,BioREDirect,sentence_local
35751378,D016589,3757,Negative_Correlation,D016589,0.9750959,BioREDirect,sentence_local
35751378,D016593,3757,Negative_Correlation,D016593,0.9720909,BioREDirect,sentence_local
35751378,D010868,3757,Negative_Correlation,D010868,0.9731712,BioREDirect,sentence_local
35751378,D006220,3757,Negative_Correlation,D006220,0.97790396,BioREDirect,sentence_local
35751378,D013015,3757,Negative_Correlation,D013015,0.9745918,BioREDirect,sentence_local
35751378,D001262,3757,Negative_Correlation,D001262,0.9504698,BioREDirect,sentence_local
35751378,D001262,D008133,Association,D001262,0.9302351,BioREDirect,sentence_local
35751378,D020117,3757,Negative_Correlation,D020117,0.97407633,BioREDirect,sentence_local
35751378,D001262,154,Negative_Correlation,D001262,0.9733429,BioREDirect,sentence_local
35751378,D002746,3757,Negative_Correlation,D002746,0.9760635,BioREDirect,sentence_local
35751378,D008133,154,Negative_Correlation,154,0.66536134,BioREDirect,sentence_local
35757841,5106,2475,Positive_Correlation,5106,0.9929998,BioREDirect,sentence_local
35757841,D014233,5106,Association,,0.7672573,BioREDirect,sentence_local
35757841,D010728,5106,Association,,0.5249704,BioREDirect,sentence_local
35757841,D062907,D010728,Association,,0.6635885,BioREDirect,sentence_local
35757841,D009369,5106,Association,5106,0.98950166,BioREDirect,sentence_local
35757841,D005947,5106,Association,5106,0.9518733,BioREDirect,sentence_local
35757841,D009369,2099,Association,2099,0.7180943,BioREDirect,sentence_local
35757841,5106,1869,Positive_Correlation,5106,0.9924557,BioREDirect,sentence_local
35757841,D005947,D001943,Association,,0.6369945,BioREDirect,sentence_local
35757841,D005947,2099,Association,,0.68674517,BioREDirect,sentence_local
35757841,D001943,1869,Association,1869,0.59378284,BioREDirect,sentence_local
35757841,D005947,2475,Positive_Correlation,D005947,0.7086488,BioREDirect,sentence_local
35757841,D001943,5106,Association,5106,0.9916448,BioREDirect,sentence_local
35757841,D001943,2099,Association,2099,0.55160904,BioREDirect,sentence_local
35757841,D001943,2475,Association,2475,0.7467876,BioREDirect,sentence_local
35757841,5106,2099,Association,5106,0.98990613,BioREDirect,sentence_local
35757841,2099,2475,Association,,0.8165271,BioREDirect,sentence_local
35757841,D005973,5106,Positive_Correlation,5106,0.98615396,BioREDirect,sentence_local
35757841,D005973,D001943,Association,,0.6777174,BioREDirect,sentence_local
35757841,D005973,2099,Association,,0.7439953,BioREDirect,sentence_local
35757841,D005973,2475,Positive_Correlation,D005973,0.91799784,BioREDirect,sentence_local
35757841,D062907,5106,Association,5106,0.58850074,BioREDirect,sentence_local
35761436,C000604580,D000072716,Negative_Correlation,C000604580,0.67460805,BioREDirect,sentence_local
35761436,D000564,2263,Association,2263,0.91832304,BioREDirect,sentence_local
35761436,C000604580,2263,Negative_Correlation,C000604580,0.9771219,BioREDirect,sentence_local
35761436,C000604580,D001927,Negative_Correlation,C000604580,0.9513994,BioREDirect,sentence_local
35761436,D000072716,2263,Association,2263,0.7756665,BioREDirect,sentence_local
35761436,C000604580,D000564,Negative_Correlation,C000604580,0.6740185,BioREDirect,sentence_local
35764775,43740568,43740572,Association,,0.8249058,BioREDirect,sentence_local
35764775,43740568,43740577,Association,,0.88286054,BioREDirect,sentence_local
35772213,43740568,59272,Association,,0.7522687,BioREDirect,sentence_local
35780680,D059350,7099,Association,7099,0.929305,BioREDirect,sentence_local
35780680,D008070,84876,Positive_Correlation,84876,0.9928772,BioREDirect,sentence_local
35780680,D008070,5595,Positive_Correlation,D008070,0.82310873,BioREDirect,sentence_local
35780680,D008070,7124,Positive_Correlation,D008070,0.95813125,BioREDirect,sentence_local
35780680,D008070,3569,Positive_Correlation,D008070,0.94061905,BioREDirect,sentence_local
35780680,D008070,4790,Association,D008070,0.88290244,BioREDirect,sentence_local
35780680,D008070,5594,Positive_Correlation,D008070,0.82310873,BioREDirect,sentence_local
35780680,D002118,84876,Association,84876,0.6671055,BioREDirect,sentence_local
35780680,D002118,7099,Positive_Correlation,7099,0.9531891,BioREDirect,sentence_local
35780680,D002118,D019284,Association,D019284,0.7115593,BioREDirect,sentence_local
35780680,D002118,D008070,Positive_Correlation,D008070,0.9516637,BioREDirect,sentence_local
35780680,D007249,7124,Association,7124,0.82781124,BioREDirect,sentence_local
35780680,84876,7124,Positive_Correlation,84876,0.9881662,BioREDirect,sentence_local
35780680,D007249,84876,Association,84876,0.89471626,BioREDirect,sentence_local
35780680,7099,84876,Positive_Correlation,7099,0.9939812,BioREDirect,sentence_local
35780680,D000090862,84876,Association,84876,0.974632,BioREDirect,sentence_local
35780680,84876,3569,Positive_Correlation,84876,0.98906726,BioREDirect,sentence_local
35780680,D059350,84876,Association,84876,0.980053,BioREDirect,sentence_local
35780680,84876,4790,Association,,0.91593766,BioREDirect,sentence_local
35817954,C061282,D018698,Positive_Correlation,C061282,0.7939701,BioREDirect,sentence_local
35817954,D000241,29316,Positive_Correlation,D000241,0.6867864,BioREDirect,sentence_local
35817954,D007511,29316,Association,29316,0.96973443,BioREDirect,sentence_local
35817954,D010100,D005947,Association,,0.53872764,BioREDirect,sentence_local
35817954,D000241,29290,Positive_Correlation,D000241,0.61162823,BioREDirect,sentence_local
35817954,D000241,100911796,Positive_Correlation,D000241,0.73671854,BioREDirect,sentence_local
35817954,C061282,25369,Positive_Correlation,C061282,0.95230293,BioREDirect,sentence_local
35817954,D007511,29290,Association,29290,0.9643825,BioREDirect,sentence_local
35817954,D005947,D007511,Negative_Correlation,D005947,0.96272004,BioREDirect,sentence_local
35817954,D000241,25369,Positive_Correlation,D000241,0.75535756,BioREDirect,sentence_local
35817954,D007511,100911796,Association,100911796,0.9678744,BioREDirect,sentence_local
35817954,C098657,D002534,Negative_Correlation,C098657,0.98400927,BioREDirect,sentence_local
35817954,C098657,25369,Negative_Correlation,C098657,0.9633442,BioREDirect,sentence_local
35817954,D007511,25369,Association,25369,0.9496105,BioREDirect,sentence_local
35817954,D000241,D007511,Association,D000241,0.92003596,BioREDirect,sentence_local
35817954,D010100,D007511,Positive_Correlation,D010100,0.9719517,BioREDirect,sentence_local
35817954,D002545,25369,Association,25369,0.9128646,BioREDirect,sentence_local
35822697,D046589,4854,Association,4854,0.68163234,BioREDirect,sentence_local
35829840,D009165,rs368291075,Association,rs368291075,0.93578607,BioREDirect,sentence_local
35829840,149233,2833,Association,149233,0.87496847,BioREDirect,sentence_local
35829840,D009164,3458,Association,3458,0.975437,BioREDirect,sentence_local
35829840,51561,6774,Association,,0.85619646,BioREDirect,sentence_local
35829840,149233,6097,Positive_Correlation,149233,0.93948394,BioREDirect,sentence_local
35829840,D009164,p|SUB|C|115|Y,Positive_Correlation,p,0.89798266,BioREDirect,sentence_local
35829840,D009165,149233,Association,149233,0.5874902,BioREDirect,sentence_local
35829840,149233,3458,Positive_Correlation,149233,0.8792259,BioREDirect,sentence_local
35829840,51561,3605,Association,,0.7650624,BioREDirect,sentence_local
35829840,D009164,51561,Association,51561,0.7336346,BioREDirect,sentence_local
35829840,3458,920,Association,,0.6591552,BioREDirect,sentence_local
35829840,D009164,rs368291075,Positive_Correlation,rs368291075,0.98702765,BioREDirect,sentence_local
35829840,D009164,149233,Association,149233,0.8623212,BioREDirect,sentence_local
35829840,3458,51561,Association,51561,0.8478842,BioREDirect,sentence_local
35842466,D006160,43740575,Association,D006160,0.7330108,BioREDirect,sentence_local
35842466,D006147,D009843,Association,,0.8314067,BioREDirect,sentence_local
35842466,D009843,43740575,Association,43740575,0.87010413,BioREDirect,sentence_local
35842466,D006147,43740575,Bind,D006147,0.8196006,BioREDirect,sentence_local
35842466,D006147,D014364,Association,,0.7677449,BioREDirect,sentence_local
35842466,D012313,43740575,Association,,0.51028883,BioREDirect,sentence_local
35844799,407043,595,Association,407043,0.9613127,BioREDirect,sentence_local
35844799,407043,5594,Association,407043,0.91045624,BioREDirect,sentence_local
35844799,8660,5595,Association,,0.7072768,BioREDirect,sentence_local
35844799,8660,595,Association,,0.55708295,BioREDirect,sentence_local
35844799,595,5595,Association,,0.56826574,BioREDirect,sentence_local
35844799,D000077192,8660,Association,8660,0.8758887,BioREDirect,sentence_local
35844799,D000077192,407044,Association,407044,0.6968364,BioREDirect,sentence_local
35844799,D000077192,595,Association,595,0.82504845,BioREDirect,sentence_local
35844799,D000077192,407045,Association,407045,0.6968364,BioREDirect,sentence_local
35844799,D000077192,5594,Association,5594,0.5423248,BioREDirect,sentence_local
35844799,D000077192,407043,Association,407043,0.6968364,BioREDirect,sentence_local
35844799,407044,8660,Association,407044,0.8803677,BioREDirect,sentence_local
35844799,407044,5595,Association,,0.89365983,BioREDirect,sentence_local
35844799,407044,595,Association,407044,0.9613127,BioREDirect,sentence_local
35844799,407045,5595,Association,,0.89365983,BioREDirect,sentence_local
35844799,407044,5594,Association,407044,0.91045624,BioREDirect,sentence_local
35844799,407045,8660,Association,407045,0.8803677,BioREDirect,sentence_local
35844799,407045,595,Association,407045,0.9613127,BioREDirect,sentence_local
35844799,407045,5594,Association,407045,0.91045624,BioREDirect,sentence_local
35844799,407043,8660,Association,407043,0.8803677,BioREDirect,sentence_local
35844799,D002945,D009369,Negative_Correlation,D002945,0.82440424,BioREDirect,sentence_local
35844799,8660,5594,Association,,0.67996806,BioREDirect,sentence_local
35844799,5594,595,Association,,0.765655,BioREDirect,sentence_local
35844799,407043,5595,Association,,0.89365983,BioREDirect,sentence_local
35858331,D007249,5919,Association,5919,0.9514956,BioREDirect,sentence_local
35858331,14747,76113,Positive_Correlation,14747,0.9779618,BioREDirect,sentence_local
35858331,D006861,76113,Association,,0.72246593,BioREDirect,sentence_local
35858331,71660,14747,Association,,0.5704546,BioREDirect,sentence_local
35858331,5919,1240,Association,5919,0.67787904,BioREDirect,sentence_local
35858331,76113,20310,Association,76113,0.9693672,BioREDirect,sentence_local
35858331,D006861,20310,Association,D006861,0.84206784,BioREDirect,sentence_local
35858331,D006861,D013861,Association,D006861,0.8968006,BioREDirect,sentence_local
35858331,D006861,14825,Association,D006861,0.84206784,BioREDirect,sentence_local
35858331,D006861,D007960,Association,D006861,0.89512885,BioREDirect,sentence_local
35858331,D015212,1240,Association,1240,0.55599993,BioREDirect,sentence_local
35858331,D015212,5919,Association,5919,0.8312155,BioREDirect,sentence_local
35858331,D015212,4025,Association,4025,0.96661144,BioREDirect,sentence_local
35858331,76113,14825,Association,76113,0.9693672,BioREDirect,sentence_local
35858331,D003092,14747,Negative_Correlation,14747,0.9809157,BioREDirect,sentence_local
35858331,D003092,71660,Association,71660,0.98401296,BioREDirect,sentence_local
35858331,D003092,76113,Negative_Correlation,76113,0.9846074,BioREDirect,sentence_local
35858331,71660,76113,Association,71660,0.94472635,BioREDirect,sentence_local
35858331,D001424,14747,Association,14747,0.98208874,BioREDirect,sentence_local
35858331,D001424,71660,Association,71660,0.9749508,BioREDirect,sentence_local
35858331,D001424,76113,Association,76113,0.9581921,BioREDirect,sentence_local
35858331,D007960,14747,Association,14747,0.98681706,BioREDirect,sentence_local
35858331,D007960,20310,Association,20310,0.82371247,BioREDirect,sentence_local
35858331,D007960,76113,Association,76113,0.9880775,BioREDirect,sentence_local
35858331,D007960,14825,Association,14825,0.82371247,BioREDirect,sentence_local
35858331,D007960,71660,Association,71660,0.9869855,BioREDirect,sentence_local
35858331,D013861,76113,Association,,0.6728586,BioREDirect,sentence_local
35858331,D013861,D007960,Association,D013861,0.84087384,BioREDirect,sentence_local
35881285,D002251,D001663,Positive_Correlation,D002251,0.9866875,BioREDirect,sentence_local
35881285,D044945,24835,Negative_Correlation,D044945,0.98947096,BioREDirect,sentence_local
35881285,D044945,24494,Negative_Correlation,D044945,0.98914427,BioREDirect,sentence_local
35881285,D044945,D008103,Negative_Correlation,D044945,0.9895119,BioREDirect,sentence_local
35881285,D044945,24498,Negative_Correlation,D044945,0.98881525,BioREDirect,sentence_local
35881285,D044945,D056486,Negative_Correlation,D044945,0.9786441,BioREDirect,sentence_local
35881285,D044945,24153,Negative_Correlation,D044945,0.97844005,BioREDirect,sentence_local
35881285,D044945,D007249,Negative_Correlation,D044945,0.98930895,BioREDirect,sentence_local
35881285,D002251,24401,Positive_Correlation,D002251,0.98144674,BioREDirect,sentence_local
35881285,D044945,D008055,Negative_Correlation,D044945,0.98638344,BioREDirect,sentence_local
35881285,D002251,D008103,Positive_Correlation,D002251,0.96523565,BioREDirect,sentence_local
35881285,D044945,D002251,Negative_Correlation,D044945,0.9605325,BioREDirect,sentence_local
35881285,D002251,D056486,Positive_Correlation,D002251,0.9784838,BioREDirect,sentence_local
35881285,D002251,81670,Positive_Correlation,D002251,0.98075104,BioREDirect,sentence_local
35881285,D002251,24153,Positive_Correlation,D002251,0.9878314,BioREDirect,sentence_local
35881285,D007249,24494,Association,24494,0.97586447,BioREDirect,sentence_local
35881285,D002251,D007249,Positive_Correlation,D002251,0.98133576,BioREDirect,sentence_local
35881285,D007249,24835,Association,24835,0.9709,BioREDirect,sentence_local
35881285,D007249,24498,Association,24498,0.9636573,BioREDirect,sentence_local
35895835,D010300,120892,Association,120892,0.5032417,BioREDirect,sentence_local
35899201,D012640,79868,Association,79868,0.9228975,BioREDirect,sentence_local
35899201,D008607,79868,Association,79868,0.9025563,BioREDirect,sentence_local
35899201,D040181,79868,Association,79868,0.965036,BioREDirect,sentence_local
35899201,D013285,79868,Association,79868,0.9123599,BioREDirect,sentence_local
35899201,D002658,79868,Association,79868,0.9355486,BioREDirect,sentence_local
35917186,D001321,16001,Association,16001,0.9088691,BioREDirect,sentence_local
35917186,D000067877,64599,Association,64599,0.9820316,BioREDirect,sentence_local
35917186,57330,26413,Negative_Correlation,57330,0.9907799,BioREDirect,sentence_local
35917186,D000067877,57330,Association,57330,0.98950493,BioREDirect,sentence_local
35917186,57330,3480,Negative_Correlation,57330,0.98622525,BioREDirect,sentence_local
35917186,D000067877,3480,Association,3480,0.70280844,BioREDirect,sentence_local
35917186,64599,3480,Association,64599,0.98447824,BioREDirect,sentence_local
35917186,64599,16001,Negative_Correlation,64599,0.99148273,BioREDirect,sentence_local
35917186,D000067877,16001,Association,16001,0.52298456,BioREDirect,sentence_local
35917186,D003072,64599,Association,64599,0.87398833,BioREDirect,sentence_local
35917186,57330,16001,Association,57330,0.9931284,BioREDirect,sentence_local
35917186,D000067404,57330,Association,57330,0.97887486,BioREDirect,sentence_local
35917186,16001,26413,Association,,0.61348826,BioREDirect,sentence_local
35917186,D001321,57330,Association,57330,0.973033,BioREDirect,sentence_local
35938004,D058747,55636,Association,55636,0.593096,BioREDirect,sentence_local
35971028,D061325,672,Association,672,0.501378,BioREDirect,sentence_local
35971028,C566945,rs137852769,Association,rs137852769,0.91042376,BioREDirect,sentence_local
35971028,D061325,c|DEL|3700_3704|,Positive_Correlation,c,0.9632293,BioREDirect,sentence_local
35971028,C566945,3030,Association,3030,0.5308674,BioREDirect,sentence_local
35971028,D006938,rs373822756,Positive_Correlation,rs373822756,0.96773183,BioREDirect,sentence_local
35971028,C536404,7827,Association,7827,0.65653193,BioREDirect,sentence_local
35971028,C536404,c|DEL|1032|T,Positive_Correlation,c,0.9160668,BioREDirect,sentence_local
35971028,D006938,3949,Association,3949,0.68976176,BioREDirect,sentence_local
35976913,D005947,15277,Association,,0.59271944,BioREDirect,sentence_local
35976913,D013759,16956,Negative_Correlation,D013759,0.98937887,BioREDirect,sentence_local
35976913,D013759,22373,Negative_Correlation,D013759,0.98922616,BioREDirect,sentence_local
35976913,D013759,11520,Negative_Correlation,D013759,0.9899372,BioREDirect,sentence_local
35976913,D013759,11770,Negative_Correlation,D013759,0.9888988,BioREDirect,sentence_local
35976913,D013759,12802,Association,D013759,0.9574855,BioREDirect,sentence_local
35976913,D013759,20525,Negative_Correlation,D013759,0.9895448,BioREDirect,sentence_local
35976913,D013759,12991,Negative_Correlation,D013759,0.98978394,BioREDirect,sentence_local
35976913,D013759,14104,Negative_Correlation,D013759,0.99056315,BioREDirect,sentence_local
35976913,D013759,15277,Negative_Correlation,D013759,0.9899277,BioREDirect,sentence_local
35976913,D008055,11520,Association,,0.52830434,BioREDirect,sentence_local
35976913,D008055,16956,Association,,0.59607357,BioREDirect,sentence_local
35976913,D008055,14104,Association,,0.53842044,BioREDirect,sentence_local
35976913,D013759,D008055,Negative_Correlation,D013759,0.9913146,BioREDirect,sentence_local
35976913,D002185,D008055,Negative_Correlation,D002185,0.99083483,BioREDirect,sentence_local
35976913,D002185,22373,Negative_Correlation,D002185,0.98947436,BioREDirect,sentence_local
35976913,D002185,16956,Negative_Correlation,D002185,0.9883146,BioREDirect,sentence_local
35976913,D002185,D005947,Negative_Correlation,D002185,0.9900176,BioREDirect,sentence_local
35976913,D002185,11520,Negative_Correlation,D002185,0.9896876,BioREDirect,sentence_local
35976913,D002185,11770,Negative_Correlation,D002185,0.98878527,BioREDirect,sentence_local
35976913,D002185,12802,Positive_Correlation,D002185,0.97904265,BioREDirect,sentence_local
35976913,D002185,20525,Negative_Correlation,D002185,0.98901355,BioREDirect,sentence_local
35976913,D002185,12991,Negative_Correlation,D002185,0.9901412,BioREDirect,sentence_local
35976913,D002185,14104,Negative_Correlation,D002185,0.9900746,BioREDirect,sentence_local
35976913,D005947,16956,Association,,0.5178462,BioREDirect,sentence_local
35976913,D002185,15277,Negative_Correlation,D002185,0.9891238,BioREDirect,sentence_local
35976913,D005947,11520,Association,,0.573254,BioREDirect,sentence_local
35976913,D005947,11770,Association,,0.53525794,BioREDirect,sentence_local
35976913,D013759,D005947,Negative_Correlation,D013759,0.99038965,BioREDirect,sentence_local
35976913,D005947,20525,Association,,0.5965963,BioREDirect,sentence_local
35976913,D005947,14104,Association,,0.4992155,BioREDirect,sentence_local
36006710,D000080223,868,Association,868,0.65824044,BioREDirect,sentence_local
36006710,D000707,208650,Association,208650,0.6403842,BioREDirect,sentence_local
36006710,208650,14127,Association,,0.7114789,BioREDirect,sentence_local
36006710,D000707,p|SUB|H|257|L,Association,p,0.94877595,BioREDirect,sentence_local
36006710,D007154,868,Association,868,0.8308488,BioREDirect,sentence_local
36006710,D001327,868,Association,868,0.6007986,BioREDirect,sentence_local
36030825,D013438,851259,Association,,0.64628536,BioREDirect,sentence_local
36030825,D006861,851259,Association,D006861,0.52717006,BioREDirect,sentence_local
36030825,D000255,851259,Association,,0.5907347,BioREDirect,sentence_local
36030825,851259,852806,Association,,0.5314403,BioREDirect,sentence_local
36043564,D013705,255239,Association,255239,0.987651,BioREDirect,sentence_local
36043564,D013705,1813,Association,1813,0.9843157,BioREDirect,sentence_local
36043564,D059350,rs6276,Positive_Correlation,rs6276,0.9917351,BioREDirect,sentence_local
36043564,D059350,1813,Association,1813,0.99084574,BioREDirect,sentence_local
36056179,C000604877,7422,Negative_Correlation,C000604877,0.98097986,BioREDirect,sentence_local
36056179,D005472,D002955,Cotreatment,,0.67619884,BioREDirect,sentence_local
36056179,D002955,D021441,Negative_Correlation,D002955,0.8686036,BioREDirect,sentence_local
36056179,C000604877,D002955,Cotreatment,,0.78323364,BioREDirect,sentence_local
36056179,D005472,D021441,Negative_Correlation,D005472,0.9061994,BioREDirect,sentence_local
36056179,C000604877,D005472,Cotreatment,,0.82703835,BioREDirect,sentence_local
36056179,D000077146,D021441,Negative_Correlation,D000077146,0.9468398,BioREDirect,sentence_local
36056179,C000604877,D021441,Negative_Correlation,C000604877,0.8293815,BioREDirect,sentence_local
36056179,D000077146,D005472,Cotreatment,,0.68636805,BioREDirect,sentence_local
36056179,D000093542,D021441,Negative_Correlation,D000093542,0.9865226,BioREDirect,sentence_local
36056179,D000077146,D002955,Cotreatment,,0.648779,BioREDirect,sentence_local
36056179,C000604877,D007249,Negative_Correlation,C000604877,0.9804528,BioREDirect,sentence_local
36056179,C000604877,D000077146,Cotreatment,,0.8420814,BioREDirect,sentence_local
36066413,D009369,4907,Association,4907,0.9865941,BioREDirect,sentence_local
36066413,4233,8061,Association,,0.8783175,BioREDirect,sentence_local
36066413,4233,4907,Positive_Correlation,4233,0.98521096,BioREDirect,sentence_local
36066413,340061,6772,Association,,0.60400766,BioREDirect,sentence_local
36066413,4233,340061,Positive_Correlation,4233,0.9694113,BioREDirect,sentence_local
36066413,340061,3661,Association,,0.5341899,BioREDirect,sentence_local
36066413,4907,340061,Negative_Correlation,4907,0.98356944,BioREDirect,sentence_local
36066413,D000068437,6772,Positive_Correlation,D000068437,0.8868313,BioREDirect,sentence_local
36066413,D000068437,1956,Negative_Correlation,D000068437,0.813632,BioREDirect,sentence_local
36066413,D000068437,D009369,Positive_Correlation,D000068437,0.9888054,BioREDirect,sentence_local
36066413,D000068437,D008175,Negative_Correlation,D000068437,0.9806451,BioREDirect,sentence_local
36066413,D000068437,340061,Positive_Correlation,D000068437,0.9879367,BioREDirect,sentence_local
36066413,D000068437,3661,Positive_Correlation,D000068437,0.94726324,BioREDirect,sentence_local
36066413,D000068437,29110,Positive_Correlation,D000068437,0.9409035,BioREDirect,sentence_local
36066413,D000068437,D000241,Positive_Correlation,D000068437,0.98792404,BioREDirect,sentence_local
36066413,D008175,4233,Association,4233,0.8546349,BioREDirect,sentence_local
36066413,D008175,1956,Association,1956,0.90045613,BioREDirect,sentence_local
36066413,D008175,340061,Association,340061,0.72687024,BioREDirect,sentence_local
36066413,D008175,8061,Association,8061,0.8221676,BioREDirect,sentence_local
36066413,29110,3661,Association,,0.5037246,BioREDirect,sentence_local
36066413,D008175,4907,Association,4907,0.96698314,BioREDirect,sentence_local
36066413,29110,6772,Association,,0.62498176,BioREDirect,sentence_local
36066413,340061,29110,Association,,0.6080584,BioREDirect,sentence_local
36066413,3661,6772,Association,,0.69370484,BioREDirect,sentence_local
36066413,4907,8061,Association,8061,0.9105056,BioREDirect,sentence_local
36066413,4233,1956,Association,,0.6284069,BioREDirect,sentence_local
36066413,340061,1956,Association,,0.5338259,BioREDirect,sentence_local
36066413,4907,1956,Association,,0.5903971,BioREDirect,sentence_local
36066413,D009369,1956,Association,1956,0.8457354,BioREDirect,sentence_local
36066413,D009369,4233,Association,4233,0.9713409,BioREDirect,sentence_local
36066413,D009369,340061,Association,340061,0.92063844,BioREDirect,sentence_local
36073307,D000077594,D005334,Positive_Correlation,D000077594,0.93433934,BioREDirect,sentence_local
36073307,D016190,D000077192,Negative_Correlation,D016190,0.97898877,BioREDirect,sentence_local
36073307,D000074324,D000077192,Negative_Correlation,D000074324,0.97945535,BioREDirect,sentence_local
36073307,D000068437,D016190,Cotreatment,,0.85485095,BioREDirect,sentence_local
36073307,D000077594,D000077192,Negative_Correlation,D000077594,0.9793483,BioREDirect,sentence_local
36073307,D000074324,D016190,Cotreatment,,0.69955397,BioREDirect,sentence_local
36073307,D000082082,D000080424,Negative_Correlation,D000082082,0.70965385,BioREDirect,sentence_local
36073307,D000077594,D000068437,Cotreatment,,0.6719962,BioREDirect,sentence_local
36073307,D000077594,D016190,Cotreatment,,0.67097914,BioREDirect,sentence_local
36073307,D000082082,D002289,Negative_Correlation,D000082082,0.97878087,BioREDirect,sentence_local
36073307,D000068437,D000077192,Negative_Correlation,D000068437,0.97892934,BioREDirect,sentence_local
36073307,D000077594,D000074324,Cotreatment,,0.5778077,BioREDirect,sentence_local
36073307,D000074324,D002289,Negative_Correlation,D000074324,0.95760924,BioREDirect,sentence_local
36073307,D000077594,D002289,Negative_Correlation,D000077594,0.95792437,BioREDirect,sentence_local
36073307,D000074324,D000080424,Positive_Correlation,D000074324,0.8212733,BioREDirect,sentence_local
36073307,D000082082,D000086382,Negative_Correlation,D000082082,0.5179686,BioREDirect,sentence_local
36073307,D000077594,D000080424,Positive_Correlation,D000077594,0.9039994,BioREDirect,sentence_local
36073307,D000077594,D003967,Positive_Correlation,D000077594,0.9309035,BioREDirect,sentence_local
36104326,C538258,546,Association,546,0.7982731,BioREDirect,sentence_local
36104326,D003057,546,Association,546,0.4946284,BioREDirect,sentence_local
36104326,D003057,c|SUB|G|21-1|A,Association,c,0.765265,BioREDirect,sentence_local
36104326,C538258,c|SUB|G|21-1|A,Association,c,0.74739105,BioREDirect,sentence_local
36106887,D008288,3974689,Association,3974689,0.5481958,BioREDirect,sentence_local
36106887,D002738,D008288,Negative_Correlation,D002738,0.96350443,BioREDirect,sentence_local
36107259,3552,7133,Association,,0.85197055,BioREDirect,sentence_local
36107259,5032,953,Negative_Correlation,5032,0.75066084,BioREDirect,sentence_local
36107259,5032,6364,Positive_Correlation,5032,0.8765791,BioREDirect,sentence_local
36107259,5032,9021,Association,,0.961569,BioREDirect,sentence_local
36107259,5032,7133,Positive_Correlation,5032,0.9167134,BioREDirect,sentence_local
36107259,5032,7422,Positive_Correlation,5032,0.8618299,BioREDirect,sentence_local
36107259,5032,5578,Association,5578,0.9726245,BioREDirect,sentence_local
36107259,5032,7097,Negative_Correlation,5032,0.98070246,BioREDirect,sentence_local
36107259,6364,10411,Negative_Correlation,10411,0.9779008,BioREDirect,sentence_local
36107259,3554,10411,Association,10411,0.97428995,BioREDirect,sentence_local
36107259,5032,10411,Association,10411,0.9842972,BioREDirect,sentence_local
36107259,9021,10411,Positive_Correlation,10411,0.8830713,BioREDirect,sentence_local
36107259,7133,10411,Negative_Correlation,10411,0.9729294,BioREDirect,sentence_local
36107259,D002118,5032,Association,,0.8931026,BioREDirect,sentence_local
36107259,D000242,9021,Association,D000242,0.83441556,BioREDirect,sentence_local
36107259,D000242,5032,Positive_Correlation,D000242,0.97579736,BioREDirect,sentence_local
36107259,D000242,10411,Association,,0.6467733,BioREDirect,sentence_local
36107259,D000242,5141,Association,,0.5147291,BioREDirect,sentence_local
36107259,3554,3553,Association,,0.6899519,BioREDirect,sentence_local
36107259,5032,5027,Negative_Correlation,5032,0.9681893,BioREDirect,sentence_local
36107259,6364,3553,Association,3553,0.74995667,BioREDirect,sentence_local
36107259,5032,3553,Association,,0.9273687,BioREDirect,sentence_local
36107259,3553,7133,Association,,0.83299494,BioREDirect,sentence_local
36107259,3554,6364,Association,,0.64706206,BioREDirect,sentence_local
36107259,5032,3554,Positive_Correlation,5032,0.98740876,BioREDirect,sentence_local
36107259,3554,7422,Association,,0.8125793,BioREDirect,sentence_local
36107259,6364,3552,Association,3552,0.8923876,BioREDirect,sentence_local
36107259,3554,3552,Association,,0.68339765,BioREDirect,sentence_local
36107259,7422,3552,Association,3552,0.860755,BioREDirect,sentence_local
36107259,5032,3552,Association,,0.89173204,BioREDirect,sentence_local
36121916,11278,3939,Positive_Correlation,11278,0.9775614,BioREDirect,sentence_local
36121916,D019344,5970,Positive_Correlation,5970,0.99068975,BioREDirect,sentence_local
36121916,D005947,23528,Association,23528,0.99559116,BioREDirect,sentence_local
36121916,D019344,11278,Positive_Correlation,11278,0.9932039,BioREDirect,sentence_local
36121916,D005947,5970,Association,5970,0.9946614,BioREDirect,sentence_local
36121916,D005947,D013964,Association,,0.6017062,BioREDirect,sentence_local
36121916,D014238,D019289,Association,,0.68941176,BioREDirect,sentence_local
36121916,D005947,11278,Association,11278,0.9954739,BioREDirect,sentence_local
36121916,D014238,D013964,Association,D013964,0.62072575,BioREDirect,sentence_local
36121916,D019289,D013964,Association,,0.6909896,BioREDirect,sentence_local
36121916,5970,47,Association,5970,0.9711935,BioREDirect,sentence_local
36121916,D013964,23528,Association,23528,0.99075526,BioREDirect,sentence_local
36121916,5970,3418,Association,5970,0.9509713,BioREDirect,sentence_local
36121916,D013964,5970,Association,5970,0.98921376,BioREDirect,sentence_local
36121916,D013964,11278,Association,11278,0.99140394,BioREDirect,sentence_local
36121916,D000244,23528,Negative_Correlation,23528,0.9589328,BioREDirect,sentence_local
36121916,D000244,D013964,Association,,0.6468353,BioREDirect,sentence_local
36121916,D000244,5970,Negative_Correlation,5970,0.9174487,BioREDirect,sentence_local
36121916,D000244,11278,Negative_Correlation,11278,0.95489335,BioREDirect,sentence_local
36121916,D000255,23528,Negative_Correlation,23528,0.99384296,BioREDirect,sentence_local
36121916,11278,3418,Association,11278,0.9636168,BioREDirect,sentence_local
36121916,23528,4200,Association,23528,0.97464854,BioREDirect,sentence_local
36121916,D000255,D013964,Association,,0.71909,BioREDirect,sentence_local
36121916,23528,47,Association,23528,0.9796435,BioREDirect,sentence_local
36121916,D000255,5970,Negative_Correlation,5970,0.9929616,BioREDirect,sentence_local
36121916,23528,3418,Association,23528,0.9711664,BioREDirect,sentence_local
36121916,11278,4200,Association,11278,0.96735495,BioREDirect,sentence_local
36121916,23528,3939,Association,23528,0.9811497,BioREDirect,sentence_local
36121916,D000255,11278,Negative_Correlation,11278,0.9936237,BioREDirect,sentence_local
36121916,5970,4200,Association,5970,0.9603459,BioREDirect,sentence_local
36121916,5970,3939,Association,5970,0.9755297,BioREDirect,sentence_local
36121916,11278,47,Association,11278,0.97636014,BioREDirect,sentence_local
36121916,D019344,D013964,Association,,0.73567647,BioREDirect,sentence_local
36121916,D019344,23528,Positive_Correlation,23528,0.99316955,BioREDirect,sentence_local
36126070,D009765,rs1558902,Positive_Correlation,rs1558902,0.99428236,BioREDirect,sentence_local
36126070,D009765,rs1421085,Positive_Correlation,rs1421085,0.99418604,BioREDirect,sentence_local
36126070,D009765,9370,Association,9370,0.9749649,BioREDirect,sentence_local
36126070,D009765,1071,Association,1071,0.9406553,BioREDirect,sentence_local
36126070,D009765,3953,Association,3953,0.97832596,BioREDirect,sentence_local
36126070,D009765,rs1137101,Positive_Correlation,rs1137101,0.99292976,BioREDirect,sentence_local
36126070,D009765,rs2241766,Positive_Correlation,rs2241766,0.9928323,BioREDirect,sentence_local
36126070,D009765,rs17817449,Positive_Correlation,rs17817449,0.9935887,BioREDirect,sentence_local
36126070,D009765,3952,Association,3952,0.9309815,BioREDirect,sentence_local
36126070,D009765,79068,Association,79068,0.9552478,BioREDirect,sentence_local
36126070,D009765,rs9939609,Positive_Correlation,rs9939609,0.99366295,BioREDirect,sentence_local
36134995,g|SUB|T|398|A,g|SUB|T|3164|C,Association,,0.9191997,BioREDirect,sentence_local
36134995,D008414,282863,Association,282863,0.8716386,BioREDirect,sentence_local
36135322,C488777,4352,Positive_Correlation,C488777,0.97999483,BioREDirect,sentence_local
36135322,C537592,rs1215296259,Positive_Correlation,rs1215296259,0.99237365,BioREDirect,sentence_local
36135322,D016179,C488777,Cotreatment,,0.80025285,BioREDirect,sentence_local
36135322,C537592,6603,Association,6603,0.77215725,BioREDirect,sentence_local
36135322,D016179,4352,Association,,0.73514855,BioREDirect,sentence_local
36135322,C537592,rs1423900007,Positive_Correlation,rs1423900007,0.9853065,BioREDirect,sentence_local
36135322,D009190,6603,Association,6603,0.9297495,BioREDirect,sentence_local
36135322,D016179,C537592,Negative_Correlation,D016179,0.76216376,BioREDirect,sentence_local
36135322,D016179,D000084063,Negative_Correlation,D016179,0.75515646,BioREDirect,sentence_local
36135322,C537592,p|SUB|R|73|,Positive_Correlation,p,0.99064714,BioREDirect,sentence_local
36135322,D016179,D009503,Negative_Correlation,D016179,0.97500753,BioREDirect,sentence_local
36135322,C537592,c|DEL|1081|,Positive_Correlation,c,0.98866487,BioREDirect,sentence_local
36139522,D017239,D018297,Negative_Correlation,D017239,0.75511676,BioREDirect,sentence_local
36139522,C108475,D017239,Positive_Correlation,C108475,0.9717947,BioREDirect,sentence_local
36139522,D007559,D017239,Positive_Correlation,D007559,0.9701911,BioREDirect,sentence_local
36139522,D007559,D018297,Negative_Correlation,D007559,0.97987956,BioREDirect,sentence_local
36139522,D017239,D009369,Negative_Correlation,D017239,0.9810523,BioREDirect,sentence_local
36139522,C108475,D018297,Negative_Correlation,C108475,0.9830237,BioREDirect,sentence_local
36139815,26379,223696,Association,,0.81900746,BioREDirect,sentence_local
36139815,93759,223696,Association,,0.8062054,BioREDirect,sentence_local
36139815,93759,68346,Association,,0.8457895,BioREDirect,sentence_local
36139815,26379,67952,Association,,0.67392725,BioREDirect,sentence_local
36139815,26379,68346,Association,,0.9112934,BioREDirect,sentence_local
36139815,93759,26379,Association,,0.5736007,BioREDirect,sentence_local
36139815,D004365,67952,Positive_Correlation,D004365,0.98136395,BioREDirect,sentence_local
36139815,D004365,109778,Positive_Correlation,D004365,0.9678065,BioREDirect,sentence_local
36139815,D004365,20869,Association,D004365,0.97321755,BioREDirect,sentence_local
36139815,D001663,D001664,Association,,0.53694624,BioREDirect,sentence_local
36139815,D004365,223696,Association,D004365,0.95718354,BioREDirect,sentence_local
36139815,D004365,68346,Association,D004365,0.9527801,BioREDirect,sentence_local
36139815,D001664,109778,Association,,0.59061545,BioREDirect,sentence_local
36139815,D004365,26379,Association,D004365,0.9714139,BioREDirect,sentence_local
36139815,93759,67952,Association,93759,0.76883686,BioREDirect,sentence_local
36139815,D004365,105787,Positive_Correlation,D004365,0.94016165,BioREDirect,sentence_local
36139815,D001663,20869,Association,D001663,0.9495986,BioREDirect,sentence_local
36139815,D004365,93759,Association,D004365,0.954185,BioREDirect,sentence_local
36139815,D001663,109778,Positive_Correlation,109778,0.8095103,BioREDirect,sentence_local
36139815,D004365,20656,Positive_Correlation,D004365,0.9842988,BioREDirect,sentence_local
36139815,D001663,26379,Association,D001663,0.9518487,BioREDirect,sentence_local
36139815,67952,20656,Association,,0.89862543,BioREDirect,sentence_local
36139815,D001663,68346,Association,D001663,0.9477974,BioREDirect,sentence_local
36139815,20869,20656,Association,20869,0.92928135,BioREDirect,sentence_local
36139815,D001663,105787,Association,D001663,0.95753914,BioREDirect,sentence_local
36139815,223696,20656,Association,,0.86466163,BioREDirect,sentence_local
36139815,D004365,D001663,Positive_Correlation,D004365,0.9775574,BioREDirect,sentence_local
36139815,93759,20656,Association,,0.81798756,BioREDirect,sentence_local
36139815,D001663,93759,Association,D001663,0.96166855,BioREDirect,sentence_local
36139815,26379,20656,Association,,0.8915624,BioREDirect,sentence_local
36139815,109778,20869,Association,109778,0.94768393,BioREDirect,sentence_local
36139815,109778,67952,Association,109778,0.9697807,BioREDirect,sentence_local
36139815,109778,223696,Association,109778,0.96169335,BioREDirect,sentence_local
36139815,109778,68346,Association,109778,0.971152,BioREDirect,sentence_local
36139815,109778,26379,Association,109778,0.9541618,BioREDirect,sentence_local
36139815,109778,93759,Association,,0.92993766,BioREDirect,sentence_local
36139815,109778,20656,Association,109778,0.97960395,BioREDirect,sentence_local
36139815,20869,67952,Association,20869,0.85679996,BioREDirect,sentence_local
36139815,20869,223696,Association,,0.8412785,BioREDirect,sentence_local
36139815,20869,68346,Association,,0.9171458,BioREDirect,sentence_local
36139815,20869,26379,Association,,0.69929117,BioREDirect,sentence_local
36139815,20869,93759,Association,,0.63159275,BioREDirect,sentence_local
36140341,D002289,rs2072493,Positive_Correlation,rs2072493,0.9866252,BioREDirect,sentence_local
36140341,D029424,rs5744174,Positive_Correlation,rs5744174,0.99052584,BioREDirect,sentence_local
36140341,D029424,rs725084,Positive_Correlation,rs725084,0.9896373,BioREDirect,sentence_local
36140341,D008175,7100,Association,7100,0.98497427,BioREDirect,sentence_local
36140341,D029424,rs2072493,Positive_Correlation,rs2072493,0.9867241,BioREDirect,sentence_local
36140341,4790,1432,Association,,0.87503326,BioREDirect,sentence_local
36140341,D029424,7100,Association,7100,0.99000937,BioREDirect,sentence_local
36140341,4790,5594,Association,,0.8591177,BioREDirect,sentence_local
36140341,D002289,rs5744174,Positive_Correlation,rs5744174,0.9867619,BioREDirect,sentence_local
36140341,3726,5594,Association,5594,0.88841915,BioREDirect,sentence_local
36140341,D002294,rs5744174,Association,rs5744174,0.99013937,BioREDirect,sentence_local
36140341,3726,1432,Association,1432,0.9231312,BioREDirect,sentence_local
36140341,D002294,rs725084,Association,rs725084,0.9889032,BioREDirect,sentence_local
36140341,D002289,7100,Association,7100,0.98777777,BioREDirect,sentence_local
36140341,D002289,rs725084,Positive_Correlation,rs725084,0.98976594,BioREDirect,sentence_local
36142607,D000077195,221883,Association,221883,0.97957337,BioREDirect,sentence_local
36142607,D000077195,574452,Association,574452,0.81921446,BioREDirect,sentence_local
36142607,D000077195,1728,Association,1728,0.9906983,BioREDirect,sentence_local
36142607,D000077195,4835,Association,4835,0.99018735,BioREDirect,sentence_local
36142607,D009362,221883,Positive_Correlation,221883,0.98245966,BioREDirect,sentence_local
36142607,221883,574452,Association,221883,0.8654845,BioREDirect,sentence_local
36142607,4835,221883,Negative_Correlation,221883,0.9922861,BioREDirect,sentence_local
36142607,221883,2597,Negative_Correlation,221883,0.99050444,BioREDirect,sentence_local
36142607,1728,221883,Positive_Correlation,221883,0.9942445,BioREDirect,sentence_local
36142607,D005182,221883,Association,221883,0.9637459,BioREDirect,sentence_local
36142607,D005182,1728,Association,D005182,0.8671799,BioREDirect,sentence_local
36142607,D005182,2597,Association,,0.61847824,BioREDirect,sentence_local
36142607,221883,2146,Positive_Correlation,221883,0.98710966,BioREDirect,sentence_local
36142607,4835,2146,Association,2146,0.9642059,BioREDirect,sentence_local
36142607,D012266,4835,Association,,0.78635985,BioREDirect,sentence_local
36142607,1728,574452,Association,,0.8375139,BioREDirect,sentence_local
36142607,D019344,4199,Association,4199,0.90025157,BioREDirect,sentence_local
36142607,D015179,221883,Association,221883,0.9756496,BioREDirect,sentence_local
36142607,D009243,4835,Association,,0.7818456,BioREDirect,sentence_local
36142607,C015145,4835,Association,,0.78635985,BioREDirect,sentence_local
36143969,9575,406,Association,,0.89725417,BioREDirect,sentence_local
36143969,5187,8863,Association,8863,0.8853026,BioREDirect,sentence_local
36143969,7444,406,Association,,0.8032082,BioREDirect,sentence_local
36143969,9575,7444,Association,,0.87435377,BioREDirect,sentence_local
36145636,D006470,5243,Association,5243,0.9912107,BioREDirect,sentence_local
36145636,D006470,rs13306198,Positive_Correlation,rs13306198,0.99035066,BioREDirect,sentence_local
36145636,D006470,338,Association,338,0.98965925,BioREDirect,sentence_local
36145636,D006470,rs3842,Positive_Correlation,rs3842,0.9901635,BioREDirect,sentence_local
36145636,D000069552,D006470,Positive_Correlation,D000069552,0.97276974,BioREDirect,sentence_local
36147124,D003345,D014376,Negative_Correlation,D003345,0.9757376,BioREDirect,sentence_local
36147124,D011718,D005076,Negative_Correlation,D011718,0.6446455,BioREDirect,sentence_local
36147124,D011718,D004802,Negative_Correlation,D011718,0.9287707,BioREDirect,sentence_local
36147124,D011718,D056486,Negative_Correlation,D011718,0.9192189,BioREDirect,sentence_local
36147124,D012293,D004802,Positive_Correlation,D012293,0.928191,BioREDirect,sentence_local
36147124,D012293,D011718,Cotreatment,,0.65956265,BioREDirect,sentence_local
36147124,D011718,D005334,Positive_Correlation,D011718,0.8918146,BioREDirect,sentence_local
36147124,D064704,D014397,Negative_Correlation,D064704,0.9590445,BioREDirect,sentence_local
36147124,D012293,D005076,Negative_Correlation,D012293,0.78755033,BioREDirect,sentence_local
36147124,D012293,D056486,Negative_Correlation,D012293,0.94579345,BioREDirect,sentence_local
36147124,D012293,D005334,Positive_Correlation,D012293,0.94288254,BioREDirect,sentence_local
36147124,D013256,D063926,Negative_Correlation,D013256,0.9109803,BioREDirect,sentence_local
36147124,D013307,D014397,Negative_Correlation,D013307,0.9593719,BioREDirect,sentence_local
36147124,D013256,D014397,Negative_Correlation,D013256,0.91589147,BioREDirect,sentence_local
36147124,D004977,D004802,Positive_Correlation,D004977,0.8896838,BioREDirect,sentence_local
36147124,D004977,D005076,Positive_Correlation,D004977,0.53601813,BioREDirect,sentence_local
36147124,D004977,D056486,Positive_Correlation,D004977,0.91825193,BioREDirect,sentence_local
36147124,D011718,D004977,Cotreatment,,0.65175366,BioREDirect,sentence_local
36147124,D004977,D014397,Negative_Correlation,D004977,0.922172,BioREDirect,sentence_local
36147124,D012293,D004977,Cotreatment,,0.6246829,BioREDirect,sentence_local
36147124,D007538,D004977,Cotreatment,,0.5844174,BioREDirect,sentence_local
36147124,D004977,D005334,Positive_Correlation,D004977,0.79384804,BioREDirect,sentence_local
36147124,D007538,D005076,Positive_Correlation,D007538,0.7076029,BioREDirect,sentence_local
36147124,D007538,D004802,Positive_Correlation,D007538,0.9294535,BioREDirect,sentence_local
36147124,D007538,D056486,Negative_Correlation,D007538,0.94795936,BioREDirect,sentence_local
36147124,D007538,D011718,Cotreatment,,0.6434265,BioREDirect,sentence_local
36147124,D012293,D007538,Cotreatment,,0.5060417,BioREDirect,sentence_local
36147124,D007538,D005334,Positive_Correlation,D007538,0.92863387,BioREDirect,sentence_local
36153348,1017,1019,Association,,0.66050917,BioREDirect,sentence_local
36153348,1017,2099,Association,,0.77790594,BioREDirect,sentence_local
36153348,1017,1021,Association,,0.67543536,BioREDirect,sentence_local
36153348,D009369,898,Association,898,0.7237629,BioREDirect,sentence_local
36153348,D009369,1017,Association,1017,0.6852428,BioREDirect,sentence_local
36153348,1019,898,Association,,0.90174603,BioREDirect,sentence_local
36153348,D009369,1021,Association,1021,0.649653,BioREDirect,sentence_local
36153348,1019,1588,Negative_Correlation,,0.6586082,BioREDirect,sentence_local
36153348,1019,2099,Association,,0.6669941,BioREDirect,sentence_local
36153348,1019,1021,Positive_Correlation,1019,0.87672573,BioREDirect,sentence_local
36153348,D001943,898,Association,898,0.88294864,BioREDirect,sentence_local
36153348,D001943,1017,Association,1017,0.9306898,BioREDirect,sentence_local
36153348,D001943,2099,Association,2099,0.84910864,BioREDirect,sentence_local
36153348,D001943,1019,Association,,0.59720737,BioREDirect,sentence_local
36153348,D001943,1021,Association,1021,0.51758265,BioREDirect,sentence_local
36153348,2099,898,Association,,0.8693184,BioREDirect,sentence_local
36153348,1021,898,Positive_Correlation,,0.91217685,BioREDirect,sentence_local
36153348,1021,1588,Negative_Correlation,,0.61309206,BioREDirect,sentence_local
36153348,1021,2099,Association,,0.7507467,BioREDirect,sentence_local
36154845,D014859,rs9923231,Association,rs9923231,0.9242126,BioREDirect,sentence_local
36154845,D014859,D002318,Negative_Correlation,D014859,0.9745942,BioREDirect,sentence_local
36154845,D014859,79001,Association,79001,0.5954149,BioREDirect,sentence_local
36154845,D009135,10599,Association,10599,0.96630067,BioREDirect,sentence_local
36154845,D014859,1559,Association,1559,0.70982486,BioREDirect,sentence_local
36154845,D000077144,D002318,Negative_Correlation,D000077144,0.97619694,BioREDirect,sentence_local
36154845,D009135,rs4149056,Positive_Correlation,rs4149056,0.98344225,BioREDirect,sentence_local
36160880,C553458,D006973,Negative_Correlation,C553458,0.6196084,BioREDirect,sentence_local
36160880,D000077150,D013274,Negative_Correlation,D000077150,0.7073656,BioREDirect,sentence_local
36160880,C553458,D005221,Negative_Correlation,C553458,0.63655436,BioREDirect,sentence_local
36160880,C553458,C079198,Cotreatment,,0.6947701,BioREDirect,sentence_local
36160880,C553458,D000077150,Cotreatment,,0.6947701,BioREDirect,sentence_local
36160880,C079198,D013274,Negative_Correlation,C079198,0.7073656,BioREDirect,sentence_local
36160880,D000077150,D007970,Negative_Correlation,D000077150,0.85342777,BioREDirect,sentence_local
36160880,C079198,D007970,Negative_Correlation,C079198,0.85342777,BioREDirect,sentence_local
36160880,D000077150,D005221,Positive_Correlation,D000077150,0.797582,BioREDirect,sentence_local
36160880,C553458,D013274,Negative_Correlation,C553458,0.6588069,BioREDirect,sentence_local
36160880,C553458,D007970,Negative_Correlation,C553458,0.6995789,BioREDirect,sentence_local
36160880,C079198,D005221,Positive_Correlation,C079198,0.797582,BioREDirect,sentence_local
36168628,C010223,285962,Positive_Correlation,C010223,0.9659472,BioREDirect,sentence_local
36168628,C010223,D009369,Association,C010223,0.83383214,BioREDirect,sentence_local
36168628,C010223,D005909,Association,C010223,0.98384976,BioREDirect,sentence_local
36168628,C010223,6185,Association,C010223,0.910634,BioREDirect,sentence_local
36168628,C010223,10643,Association,10643,0.85754085,BioREDirect,sentence_local
36168628,285962,8453,Negative_Correlation,285962,0.96847534,BioREDirect,sentence_local
36168628,285962,6185,Association,285962,0.9931532,BioREDirect,sentence_local
36168628,285962,5290,Positive_Correlation,285962,0.9908269,BioREDirect,sentence_local
36168628,D005909,285962,Positive_Correlation,285962,0.99288964,BioREDirect,sentence_local
36168628,6185,5290,Association,,0.761941,BioREDirect,sentence_local
36168628,D005909,8453,Association,8453,0.7913638,BioREDirect,sentence_local
36168628,D005909,5290,Association,5290,0.86925393,BioREDirect,sentence_local
36168628,D005909,6185,Association,6185,0.83561313,BioREDirect,sentence_local
36168628,D005909,207,Association,207,0.8100844,BioREDirect,sentence_local
36168628,D005909,10643,Association,10643,0.9058084,BioREDirect,sentence_local
36168628,D000069439,285962,Negative_Correlation,285962,0.9846845,BioREDirect,sentence_local
36168628,6185,8453,Association,,0.6098848,BioREDirect,sentence_local
36168628,D000069439,D005909,Negative_Correlation,D000069439,0.9654115,BioREDirect,sentence_local
36168628,285962,207,Positive_Correlation,285962,0.98545307,BioREDirect,sentence_local
36168628,6185,207,Association,,0.77215666,BioREDirect,sentence_local
36168628,5290,207,Association,,0.8613517,BioREDirect,sentence_local
36168628,285962,10643,Association,,0.7915398,BioREDirect,sentence_local
36172092,D017542,rs3793692,Positive_Correlation,rs3793692,0.9883717,BioREDirect,sentence_local
36172092,D017542,4015,Association,4015,0.7091476,BioREDirect,sentence_local
36172092,D017542,rs10519694,Negative_Correlation,rs10519694,0.98731285,BioREDirect,sentence_local
36172092,D017542,rs1063582,Positive_Correlation,rs1063582,0.98830324,BioREDirect,sentence_local
36172092,D017542,rs17010022,Negative_Correlation,rs17010022,0.9776299,BioREDirect,sentence_local
36172092,D017542,rs1800449,Positive_Correlation,rs1800449,0.9878748,BioREDirect,sentence_local
36172092,D017542,rs17010021,Positive_Correlation,rs17010021,0.9886536,BioREDirect,sentence_local
36172092,D017542,rs2165241,Positive_Correlation,rs2165241,0.988089,BioREDirect,sentence_local
36172092,D017542,4016,Association,4016,0.97091305,BioREDirect,sentence_local
36172092,D017542,84171,Association,84171,0.55518657,BioREDirect,sentence_local
36172092,D017542,84695,Association,84695,0.929293,BioREDirect,sentence_local
36172092,D017542,4017,Association,4017,0.9554772,BioREDirect,sentence_local
36172092,D013345,4015,Association,4015,0.9578661,BioREDirect,sentence_local
36172092,D013345,4016,Association,4016,0.92868847,BioREDirect,sentence_local
36172092,D013345,4017,Association,4017,0.9363866,BioREDirect,sentence_local
36172092,D013345,84695,Association,84695,0.9567536,BioREDirect,sentence_local
36173498,43740568,59272,Association,,0.77924424,BioREDirect,sentence_local
36173498,D007239,43740568,Association,43740568,0.83823824,BioREDirect,sentence_local
36174980,D003907,D000255,Positive_Correlation,D003907,0.9875843,BioREDirect,sentence_local
36174980,D003907,D002118,Positive_Correlation,D003907,0.9898516,BioREDirect,sentence_local
36174980,D003907,D014233,Association,D003907,0.95867056,BioREDirect,sentence_local
36174980,D003907,280943,Negative_Correlation,D003907,0.990785,BioREDirect,sentence_local
36174980,D003907,281251,Negative_Correlation,D003907,0.98882806,BioREDirect,sentence_local
36174980,D003907,D006003,Positive_Correlation,D003907,0.9916373,BioREDirect,sentence_local
36174980,D003907,517016,Negative_Correlation,D003907,0.98994315,BioREDirect,sentence_local
36174980,D003907,280682,Positive_Correlation,D003907,0.99231154,BioREDirect,sentence_local
36174980,D003907,508233,Negative_Correlation,D003907,0.99021894,BioREDirect,sentence_local
36174980,D003907,506544,Negative_Correlation,D003907,0.990497,BioREDirect,sentence_local
36174980,D003907,282356,Positive_Correlation,D003907,0.9925189,BioREDirect,sentence_local
36174980,D003907,282361,Positive_Correlation,D003907,0.9911671,BioREDirect,sentence_local
36174980,D003907,D010428,Association,D003907,0.94953275,BioREDirect,sentence_local
36174980,D003907,D007960,Positive_Correlation,D003907,0.96190256,BioREDirect,sentence_local
36174980,D003907,D010758,Positive_Correlation,D003907,0.9888326,BioREDirect,sentence_local
36174980,D003907,281946,Positive_Correlation,D003907,0.9902288,BioREDirect,sentence_local
36174980,D003907,D005947,Positive_Correlation,D003907,0.9901501,BioREDirect,sentence_local
36174980,D003907,D006943,Positive_Correlation,D003907,0.9343275,BioREDirect,sentence_local
36174980,D005947,282356,Association,282356,0.7808067,BioREDirect,sentence_local
36174980,D005947,282361,Association,282361,0.7845046,BioREDirect,sentence_local
36174980,D003907,281179,Positive_Correlation,D003907,0.9916401,BioREDirect,sentence_local
36176335,C536293,65250,Association,65250,0.9867346,BioREDirect,sentence_local
36182010,D002637,g|SUB|G|28883|C,Positive_Correlation,g,0.99219644,BioREDirect,sentence_local
36182010,D002637,g|SUB|C|3916|T,Positive_Correlation,g,0.98331255,BioREDirect,sentence_local
36182010,D002637,g|SUB|G|28881|A,Positive_Correlation,g,0.9922816,BioREDirect,sentence_local
36182010,D010612,g|SUB|C|3916|T,Positive_Correlation,g,0.9930987,BioREDirect,sentence_local
36182010,D002637,g|SUB|G|28882|A,Positive_Correlation,g,0.990158,BioREDirect,sentence_local
36183834,D014364,4076,Association,D014364,0.97507846,BioREDirect,sentence_local
36183834,p|SUB|F|33|W,p|SUB|F|124|W,Association,,0.7954392,BioREDirect,sentence_local
36183834,p|SUB|F|15|W,p|SUB|F|124|W,Association,,0.82343143,BioREDirect,sentence_local
36183834,10146,4076,Association,,0.8668266,BioREDirect,sentence_local
36183834,9100,1080,Association,,0.7334983,BioREDirect,sentence_local
36183834,p|SUB|F|15|W,p|SUB|F|33|W,Association,,0.7978432,BioREDirect,sentence_local
36183834,10146,9100,Association,10146,0.91411096,BioREDirect,sentence_local
36183834,D014364,9100,Association,D014364,0.986942,BioREDirect,sentence_local
36183834,D014364,10146,Association,10146,0.50691926,BioREDirect,sentence_local
36188601,D001168,20309,Association,20309,0.72392523,BioREDirect,sentence_local
36188601,D001168,21926,Association,21926,0.91344666,BioREDirect,sentence_local
36188601,D001168,110355,Association,110355,0.8474574,BioREDirect,sentence_local
36188601,D001168,216869,Association,216869,0.87182486,BioREDirect,sentence_local
36188601,11555,18024,Positive_Correlation,11555,0.98943686,BioREDirect,sentence_local
36188601,11555,12824,Positive_Correlation,11555,0.9914663,BioREDirect,sentence_local
36188601,11555,11595,Positive_Correlation,11555,0.99085325,BioREDirect,sentence_local
36188601,11555,19017,Positive_Correlation,11555,0.9909984,BioREDirect,sentence_local
36188601,D007545,16176,Negative_Correlation,D007545,0.9407324,BioREDirect,sentence_local
36188601,110355,11555,Association,11555,0.9016968,BioREDirect,sentence_local
36188601,D007545,23794,Negative_Correlation,D007545,0.9866019,BioREDirect,sentence_local
36188601,D007545,12043,Positive_Correlation,D007545,0.9861769,BioREDirect,sentence_local
36188601,D007545,16193,Negative_Correlation,D007545,0.9780563,BioREDirect,sentence_local
36188601,D007545,D001168,Negative_Correlation,D007545,0.97012234,BioREDirect,sentence_local
36188601,D000420,23794,Negative_Correlation,D000420,0.98475444,BioREDirect,sentence_local
36188601,D007545,20309,Negative_Correlation,D007545,0.97700435,BioREDirect,sentence_local
36188601,D000420,17392,Negative_Correlation,D000420,0.98519725,BioREDirect,sentence_local
36188601,D007545,17392,Negative_Correlation,D007545,0.98633415,BioREDirect,sentence_local
36188601,D000420,12043,Positive_Correlation,D000420,0.9850498,BioREDirect,sentence_local
36188601,D007545,110355,Negative_Correlation,D007545,0.98914015,BioREDirect,sentence_local
36188601,D000420,16193,Negative_Correlation,D000420,0.97623163,BioREDirect,sentence_local
36188601,D007545,83995,Negative_Correlation,D007545,0.98379254,BioREDirect,sentence_local
36188601,D000420,D001168,Negative_Correlation,D000420,0.9079074,BioREDirect,sentence_local
36188601,D007545,17395,Negative_Correlation,D007545,0.98607385,BioREDirect,sentence_local
36188601,D000420,20309,Negative_Correlation,D000420,0.9761662,BioREDirect,sentence_local
36188601,D000420,110355,Negative_Correlation,D000420,0.98258764,BioREDirect,sentence_local
36188601,D007545,216869,Negative_Correlation,D007545,0.97869873,BioREDirect,sentence_local
36188601,D000420,D005978,Negative_Correlation,D000420,0.9485991,BioREDirect,sentence_local
36188601,D007545,21926,Negative_Correlation,D007545,0.9829573,BioREDirect,sentence_local
36188601,D000420,83995,Negative_Correlation,D000420,0.98174435,BioREDirect,sentence_local
36188601,D000420,17395,Negative_Correlation,D000420,0.98509467,BioREDirect,sentence_local
36188601,D007249,11555,Association,11555,0.89827764,BioREDirect,sentence_local
36188601,D000420,12359,Negative_Correlation,D000420,0.9343767,BioREDirect,sentence_local
36188601,D000420,216869,Negative_Correlation,D000420,0.93004906,BioREDirect,sentence_local
36188601,D000420,21926,Negative_Correlation,D000420,0.9817918,BioREDirect,sentence_local
36188601,D001168,16193,Association,16193,0.8162279,BioREDirect,sentence_local
36188601,D001168,16176,Association,16176,0.5765535,BioREDirect,sentence_local
36188601,D001168,11555,Association,11555,0.9804042,BioREDirect,sentence_local
36193787,D002289,1956,Association,1956,0.84280634,BioREDirect,sentence_local
36193787,D000077716,p|SUB|L|747|V,Association,D000077716,0.84005016,BioREDirect,sentence_local
36193787,D002289,rs121434568,Association,rs121434568,0.9370064,BioREDirect,sentence_local
36193787,D009362,p|SUB|L|747|V,Association,p,0.8536831,BioREDirect,sentence_local
36193787,D002289,p|SUB|L|747|V,Association,p,0.8056744,BioREDirect,sentence_local
36193787,D000077716,D009362,Negative_Correlation,D000077716,0.9029577,BioREDirect,sentence_local
36193787,rs121434568,p|SUB|L|747|V,Association,,0.7093023,BioREDirect,sentence_local
36193787,D000077716,1956,Negative_Correlation,D000077716,0.9607872,BioREDirect,sentence_local
36193787,D000077156,D009362,Negative_Correlation,D000077156,0.972409,BioREDirect,sentence_local
36193787,D000077716,D002289,Negative_Correlation,D000077716,0.9206127,BioREDirect,sentence_local
36193787,D000077716,D000077156,Cotreatment,,0.57229656,BioREDirect,sentence_local
36193787,D000077716,rs121434568,Negative_Correlation,D000077716,0.88008577,BioREDirect,sentence_local
36193787,D009362,1956,Association,1956,0.58134085,BioREDirect,sentence_local
36193932,D005231,D000083242,Negative_Correlation,D005231,0.955417,BioREDirect,sentence_local
36193932,D005231,3992,Association,3992,0.8558784,BioREDirect,sentence_local
36193932,D005231,9415,Association,9415,0.8680534,BioREDirect,sentence_local
36193932,D000083242,4524,Association,4524,0.9905301,BioREDirect,sentence_local
36193932,D000083242,3992,Association,3992,0.9775497,BioREDirect,sentence_local
36193932,D000083242,rs1801133,Positive_Correlation,rs1801133,0.9912374,BioREDirect,sentence_local
36193932,D000083242,217,Association,217,0.95697564,BioREDirect,sentence_local
36193932,D000083242,9415,Association,9415,0.98394555,BioREDirect,sentence_local
36193932,D000083242,745,Association,745,0.98350763,BioREDirect,sentence_local
36193932,D020521,3992,Association,3992,0.9761153,BioREDirect,sentence_local
36193932,D020521,rs174535,Negative_Correlation,rs174535,0.98442197,BioREDirect,sentence_local
36193932,D020521,rs174545,Negative_Correlation,rs174545,0.98452073,BioREDirect,sentence_local
36193932,D020521,rs3834458,Negative_Correlation,rs3834458,0.9772449,BioREDirect,sentence_local
36193932,D020521,9415,Association,9415,0.9711278,BioREDirect,sentence_local
36193932,3992,9415,Association,,0.69317126,BioREDirect,sentence_local
36193932,745,3992,Association,,0.7631227,BioREDirect,sentence_local
36193932,D000431,rs671,Association,rs671,0.97352386,BioREDirect,sentence_local
36193932,D000431,217,Association,,0.92555577,BioREDirect,sentence_local
36193932,D006710,D000083242,Association,D006710,0.716554,BioREDirect,sentence_local
36193932,D006710,4524,Association,4524,0.531735,BioREDirect,sentence_local
36195861,D002658,rs12722561,Positive_Correlation,rs12722561,0.9927651,BioREDirect,sentence_local
36195861,D011782,rs2025345,Positive_Correlation,rs2025345,0.99095774,BioREDirect,sentence_local
36195861,D002547,3559,Association,3559,0.98897725,BioREDirect,sentence_local
36195861,D002547,rs12722561,Positive_Correlation,rs12722561,0.9936752,BioREDirect,sentence_local
36195861,D002547,rs2025345,Positive_Correlation,rs2025345,0.99277675,BioREDirect,sentence_local
36199584,D001327,3459,Association,3459,0.7898275,BioREDirect,sentence_local
36199584,D008180,7128,Association,7128,0.80734247,BioREDirect,sentence_local
36199584,D008180,3459,Association,3459,0.96781987,BioREDirect,sentence_local
36199584,D008180,1051,Association,1051,0.9119266,BioREDirect,sentence_local
36199584,D001327,7128,Association,7128,0.9460557,BioREDirect,sentence_local
36199584,1051,3459,Association,1051,0.93256295,BioREDirect,sentence_local
36199584,5970,3459,Association,5970,0.6535512,BioREDirect,sentence_local
36199584,53832,1051,Association,1051,0.8929372,BioREDirect,sentence_local
36199584,7128,53832,Association,,0.747726,BioREDirect,sentence_local
36199584,D008180,53832,Association,53832,0.970341,BioREDirect,sentence_local
36199584,53832,5970,Association,5970,0.853594,BioREDirect,sentence_local
36199584,D008180,5970,Association,5970,0.8804398,BioREDirect,sentence_local
36199584,7128,1051,Association,1051,0.9570346,BioREDirect,sentence_local
36199584,D008180,rs10499197,Association,rs10499197,0.8870094,BioREDirect,sentence_local
36199584,7128,5970,Association,5970,0.8974532,BioREDirect,sentence_local
36199584,D001327,53832,Association,53832,0.5457385,BioREDirect,sentence_local
36203844,D001714,rs11126936,Association,rs11126936,0.72743416,BioREDirect,sentence_local
36203844,D018698,D001714,Association,,0.80308557,BioREDirect,sentence_local
36203844,D018698,7781,Association,7781,0.9139046,BioREDirect,sentence_local
36203844,D018698,D012559,Association,,0.8855716,BioREDirect,sentence_local
36203844,D001714,7781,Association,7781,0.9503196,BioREDirect,sentence_local
36203844,D001523,7781,Association,7781,0.9684978,BioREDirect,sentence_local
36203844,D012559,7781,Association,7781,0.57741284,BioREDirect,sentence_local
36203844,D001714,rs11126929,Association,rs11126929,0.74331605,BioREDirect,sentence_local
36203954,2475,4609,Positive_Correlation,2475,0.7741155,BioREDirect,sentence_local
36203954,5133,2475,Association,,0.6344717,BioREDirect,sentence_local
36203954,D008545,5133,Association,5133,0.77964604,BioREDirect,sentence_local
36203954,D008545,29126,Association,29126,0.7152321,BioREDirect,sentence_local
36203954,D008545,2475,Association,2475,0.9187523,BioREDirect,sentence_local
36203954,D011108,D008545,Negative_Correlation,D011108,0.9637728,BioREDirect,sentence_local
36203954,D011108,29126,Association,D011108,0.98544276,BioREDirect,sentence_local
36203954,D011108,C572449,Association,D011108,0.9329811,BioREDirect,sentence_local
36203954,C572449,D008545,Negative_Correlation,C572449,0.9866024,BioREDirect,sentence_local
36203954,D010984,C572449,Association,D010984,0.9411546,BioREDirect,sentence_local
36203954,C572449,29126,Negative_Correlation,C572449,0.9809871,BioREDirect,sentence_local
36203954,C572449,3091,Negative_Correlation,C572449,0.876942,BioREDirect,sentence_local
36203954,C572449,4609,Negative_Correlation,C572449,0.9658701,BioREDirect,sentence_local
36203954,C572449,D008670,Association,,0.90636575,BioREDirect,sentence_local
36203954,C572449,2475,Negative_Correlation,C572449,0.97547525,BioREDirect,sentence_local
36203954,C572449,5133,Negative_Correlation,C572449,0.98447084,BioREDirect,sentence_local
36203954,D010984,D008545,Negative_Correlation,D010984,0.9772289,BioREDirect,sentence_local
36203954,D011108,C034221,Association,,0.7426741,BioREDirect,sentence_local
36203954,D010984,29126,Association,D010984,0.98264736,BioREDirect,sentence_local
36203954,C034221,D008545,Negative_Correlation,C034221,0.9615494,BioREDirect,sentence_local
36203954,C034221,C572449,Association,C034221,0.9230461,BioREDirect,sentence_local
36203954,D010984,C034221,Association,,0.7456502,BioREDirect,sentence_local
36203954,C034221,29126,Association,C034221,0.98303,BioREDirect,sentence_local
36203954,2475,3091,Association,,0.5776112,BioREDirect,sentence_local
36203954,D009369,2475,Association,2475,0.62620395,BioREDirect,sentence_local
36203954,5133,29126,Bind,29126,0.7597171,BioREDirect,sentence_local
36203954,29126,2475,Association,,0.9314963,BioREDirect,sentence_local
36204321,C535566,57724,Association,57724,0.59763336,BioREDirect,sentence_local
36208776,D020961,6622,Association,6622,0.971244,BioREDirect,sentence_local
36208776,D010300,rs104893877,Positive_Correlation,rs104893877,0.58507764,BioREDirect,sentence_local
36208776,D000080874,6622,Association,6622,0.9676115,BioREDirect,sentence_local
36208776,D010300,6622,Association,6622,0.90094256,BioREDirect,sentence_local
36208776,D010300,rs104893875,Positive_Correlation,rs104893875,0.6210656,BioREDirect,sentence_local
36208776,D010300,rs431905511,Positive_Correlation,rs431905511,0.7352939,BioREDirect,sentence_local
36208776,D008055,6622,Association,D008055,0.84815645,BioREDirect,sentence_local
36208776,D010300,c|SUB|A|30|G/P,Positive_Correlation,c,0.7707107,BioREDirect,sentence_local
36208776,D004298,6622,Association,,0.62288433,BioREDirect,sentence_local
36208776,D019578,6622,Association,6622,0.97302365,BioREDirect,sentence_local
36208776,D008055,D004298,Association,D008055,0.5522747,BioREDirect,sentence_local
36208776,C042859,6622,Association,,0.57450026,BioREDirect,sentence_local
36208776,D010300,rs201106962,Positive_Correlation,rs201106962,0.70671135,BioREDirect,sentence_local
36212142,D005955,2539,Association,2539,0.9139622,BioREDirect,sentence_local
36214671,D010051,21417,Association,21417,0.7514013,BioREDirect,sentence_local
36214671,D010051,20674,Association,20674,0.7716874,BioREDirect,sentence_local
36214671,D010051,19698,Association,19698,0.9870207,BioREDirect,sentence_local
36214671,21944,20674,Positive_Correlation,21944,0.98947096,BioREDirect,sentence_local
36214671,21944,21417,Positive_Correlation,21944,0.9885147,BioREDirect,sentence_local
36214671,27279,19698,Association,27279,0.67975944,BioREDirect,sentence_local
36214671,21944,19698,Association,,0.7598136,BioREDirect,sentence_local
36214671,21944,16590,Positive_Correlation,21944,0.9779508,BioREDirect,sentence_local
36214671,D009364,27279,Association,27279,0.99148506,BioREDirect,sentence_local
36214671,D009364,21944,Association,21944,0.98824126,BioREDirect,sentence_local
36214671,D009364,19698,Association,19698,0.9834493,BioREDirect,sentence_local
36214671,27279,18033,Positive_Correlation,27279,0.8519561,BioREDirect,sentence_local
36214671,21944,18033,Positive_Correlation,21944,0.7421149,BioREDirect,sentence_local
36214671,D016190,27279,Negative_Correlation,27279,0.9124729,BioREDirect,sentence_local
36214671,D016190,21944,Positive_Correlation,D016190,0.9277846,BioREDirect,sentence_local
36214671,D016190,22352,Positive_Correlation,D016190,0.9529735,BioREDirect,sentence_local
36214671,D016190,D010051,Negative_Correlation,D016190,0.96535057,BioREDirect,sentence_local
36214671,D016190,21417,Positive_Correlation,D016190,0.9572162,BioREDirect,sentence_local
36214671,21944,22352,Positive_Correlation,21944,0.99097544,BioREDirect,sentence_local
36214671,21944,27279,Bind,,0.6055226,BioREDirect,sentence_local
36214671,D010051,27279,Association,27279,0.99046373,BioREDirect,sentence_local
36214671,D010051,18033,Association,18033,0.66229784,BioREDirect,sentence_local
36214671,D010051,21944,Association,21944,0.9920587,BioREDirect,sentence_local
36214671,D010051,22352,Association,22352,0.7990602,BioREDirect,sentence_local
36221131,27086,3576,Negative_Correlation,27086,0.98621655,BioREDirect,sentence_local
36221131,D054990,rs35480566,Negative_Correlation,rs35480566,0.9867764,BioREDirect,sentence_local
36221131,D007249,3569,Association,3569,0.9703233,BioREDirect,sentence_local
36221131,27086,3569,Negative_Correlation,27086,0.9864764,BioREDirect,sentence_local
36221131,D054990,4312,Association,4312,0.59217536,BioREDirect,sentence_local
36221131,D007249,3576,Association,3576,0.9654516,BioREDirect,sentence_local
36221131,D029424,4312,Association,4312,0.58772475,BioREDirect,sentence_local
36221131,27086,4313,Negative_Correlation,27086,0.98865044,BioREDirect,sentence_local
36221131,D029424,4314,Association,4314,0.6283892,BioREDirect,sentence_local
36221131,27086,4314,Negative_Correlation,27086,0.98865044,BioREDirect,sentence_local
36221131,D029424,27086,Negative_Correlation,27086,0.9888548,BioREDirect,sentence_local
36221131,27086,4312,Negative_Correlation,27086,0.9873204,BioREDirect,sentence_local
36221131,D029424,3576,Association,3576,0.6931171,BioREDirect,sentence_local
36221131,D054990,27086,Negative_Correlation,27086,0.988633,BioREDirect,sentence_local
36221131,D029424,4313,Association,4313,0.6283892,BioREDirect,sentence_local
36221131,D008171,27086,Association,27086,0.92533994,BioREDirect,sentence_local
36221131,D007249,27086,Association,27086,0.9757106,BioREDirect,sentence_local
36221131,D054990,rs1499894,Negative_Correlation,rs1499894,0.98727137,BioREDirect,sentence_local
36224043,D000068258,7422,Negative_Correlation,D000068258,0.9838424,BioREDirect,sentence_local
36224043,D000068258,D003967,Positive_Correlation,D000068258,0.7086448,BioREDirect,sentence_local
36224043,D000068258,D006509,Negative_Correlation,D000068258,0.9761327,BioREDirect,sentence_local
36224043,D000068258,D007416,Positive_Correlation,D000068258,0.98000526,BioREDirect,sentence_local
36224043,D000068258,D006528,Negative_Correlation,D000068258,0.97486275,BioREDirect,sentence_local
36224043,D000069285,D007416,Negative_Correlation,D000069285,0.975395,BioREDirect,sentence_local
36224043,D000069285,D013256,Cotreatment,,0.56680167,BioREDirect,sentence_local
36224043,D000069285,D006528,Negative_Correlation,D000069285,0.9486962,BioREDirect,sentence_local
36224043,D013256,D007416,Negative_Correlation,D013256,0.9298475,BioREDirect,sentence_local
36224043,D013256,D006528,Negative_Correlation,D013256,0.9527695,BioREDirect,sentence_local
36224043,D011239,D004751,Negative_Correlation,D011239,0.9447529,BioREDirect,sentence_local
36224043,D011239,D003967,Negative_Correlation,D011239,0.6503938,BioREDirect,sentence_local
36224043,D007416,7422,Association,7422,0.6209092,BioREDirect,sentence_local
36224043,C000594389,D015746,Positive_Correlation,C000594389,0.67962945,BioREDirect,sentence_local
36224043,C000594389,D000068258,Cotreatment,,0.5172678,BioREDirect,sentence_local
36224043,D000069285,C000594389,Cotreatment,,0.7185752,BioREDirect,sentence_local
36224043,D013256,C000594389,Cotreatment,,0.53948444,BioREDirect,sentence_local
36224043,C000594389,D003967,Positive_Correlation,C000594389,0.7249793,BioREDirect,sentence_local
36224043,C000594389,D007416,Positive_Correlation,C000594389,0.95322645,BioREDirect,sentence_local
36224043,C000594389,D006509,Negative_Correlation,C000594389,0.9804032,BioREDirect,sentence_local
36224043,D004751,925,Association,925,0.7920487,BioREDirect,sentence_local
36224043,C000594389,D006528,Negative_Correlation,C000594389,0.9792062,BioREDirect,sentence_local
36224043,D000068258,D004751,Positive_Correlation,D000068258,0.76087856,BioREDirect,sentence_local
36224043,D000069285,D000068258,Cotreatment,,0.75186807,BioREDirect,sentence_local
36224043,D000068258,D015746,Negative_Correlation,D000068258,0.8416894,BioREDirect,sentence_local
36224043,D013256,D000068258,Negative_Correlation,D000068258,0.6738146,BioREDirect,sentence_local
36226181,D009369,7157,Association,7157,0.94141954,BioREDirect,sentence_local
36226181,D010100,D000255,Association,,0.7190738,BioREDirect,sentence_local
36226181,D009369,rs587782329,Association,rs587782329,0.5768918,BioREDirect,sentence_local
36226181,D009369,22059,Negative_Correlation,22059,0.9045656,BioREDirect,sentence_local
36226181,D009369,rs28934576,Association,rs28934576,0.971973,BioREDirect,sentence_local
36226181,D005947,rs587782329,Association,rs587782329,0.783266,BioREDirect,sentence_local
36226181,D010100,D008055,Association,,0.68589646,BioREDirect,sentence_local
36226181,7157,57103,Association,,0.70904297,BioREDirect,sentence_local
36226181,D003110,rs587782329,Association,rs587782329,0.5228181,BioREDirect,sentence_local
36226181,D008055,rs587782329,Association,rs587782329,0.915303,BioREDirect,sentence_local
36226181,D008055,7157,Association,7157,0.8249028,BioREDirect,sentence_local
36230720,58490,9076,Association,58490,0.97126925,BioREDirect,sentence_local
36230720,58490,652,Association,58490,0.97201097,BioREDirect,sentence_local
36230720,58490,595,Bind,58490,0.9578828,BioREDirect,sentence_local
36230720,58490,6925,Association,,0.88401634,BioREDirect,sentence_local
36230720,58490,7422,Association,58490,0.9764316,BioREDirect,sentence_local
36230720,58490,7474,Association,,0.8710468,BioREDirect,sentence_local
36230720,D009369,1027,Negative_Correlation,1027,0.9463096,BioREDirect,sentence_local
36230720,D009369,58490,Association,58490,0.7638313,BioREDirect,sentence_local
36230720,D009369,3065,Association,3065,0.8241566,BioREDirect,sentence_local
36230720,D009369,1026,Negative_Correlation,1026,0.94918686,BioREDirect,sentence_local
36230720,3065,9076,Association,3065,0.8850933,BioREDirect,sentence_local
36230720,6925,7474,Positive_Correlation,7474,0.8683524,BioREDirect,sentence_local
36230720,D063646,58490,Positive_Correlation,58490,0.9029214,BioREDirect,sentence_local
36230720,D063646,3065,Negative_Correlation,3065,0.92358756,BioREDirect,sentence_local
36230720,58490,3065,Bind,3065,0.89405704,BioREDirect,sentence_local
36230720,3065,595,Association,3065,0.9333852,BioREDirect,sentence_local
36230720,3065,652,Association,3065,0.8951901,BioREDirect,sentence_local
36230720,3065,7474,Association,,0.87769914,BioREDirect,sentence_local
36230720,3065,7422,Association,3065,0.9297165,BioREDirect,sentence_local
36230720,3065,5467,Association,3065,0.9106298,BioREDirect,sentence_local
36230720,58490,5467,Association,58490,0.9726763,BioREDirect,sentence_local
36231099,D010051,54106,Association,54106,0.8700611,BioREDirect,sentence_local
36231099,D010051,rs4986790,Positive_Correlation,rs4986790,0.9886502,BioREDirect,sentence_local
36231099,D010051,7099,Association,7099,0.9905958,BioREDirect,sentence_local
36231922,D000086382,59272,Association,59272,0.981171,BioREDirect,sentence_local
36232959,177,56338,Association,177,0.9658422,BioREDirect,sentence_local
36232959,D000067616,177,Positive_Correlation,D000067616,0.73799044,BioREDirect,sentence_local
36232959,D000067616,10628,Positive_Correlation,D000067616,0.91087395,BioREDirect,sentence_local
36232959,177,216799,Association,177,0.59463394,BioREDirect,sentence_local
36232959,177,3553,Positive_Correlation,177,0.73722106,BioREDirect,sentence_local
36232959,177,10628,Positive_Correlation,177,0.98890483,BioREDirect,sentence_local
36232959,56338,3553,Positive_Correlation,56338,0.97992444,BioREDirect,sentence_local
36232959,114548,10628,Association,,0.7247466,BioREDirect,sentence_local
36232959,10628,216799,Association,,0.5475934,BioREDirect,sentence_local
36232959,114548,56338,Positive_Correlation,56338,0.97983515,BioREDirect,sentence_local
36232959,D055370,4360,Association,4360,0.906634,BioREDirect,sentence_local
36232959,177,114548,Positive_Correlation,177,0.98793215,BioREDirect,sentence_local
36232959,D017382,177,Positive_Correlation,177,0.68253917,BioREDirect,sentence_local
36232959,D055370,114548,Association,114548,0.97659135,BioREDirect,sentence_local
36232959,D055370,2214,Association,2214,0.88958967,BioREDirect,sentence_local
36232959,D055370,10628,Association,10628,0.9809092,BioREDirect,sentence_local
36232959,D055371,114548,Positive_Correlation,114548,0.98691535,BioREDirect,sentence_local
36232959,D055371,177,Positive_Correlation,177,0.98641425,BioREDirect,sentence_local
36232959,D055371,216799,Association,216799,0.69521946,BioREDirect,sentence_local
36232959,D055371,10628,Positive_Correlation,10628,0.98736304,BioREDirect,sentence_local
36232959,D000067616,114548,Positive_Correlation,D000067616,0.74988955,BioREDirect,sentence_local
36233117,D015228,111,Association,111,0.9932172,BioREDirect,sentence_local
36233117,D015228,rs2642438,Positive_Correlation,rs2642438,0.9909792,BioREDirect,sentence_local
36233117,D008055,111,Association,111,0.94166344,BioREDirect,sentence_local
36233117,D015228,rs6564851,Positive_Correlation,rs6564851,0.99148965,BioREDirect,sentence_local
36233117,D052439,64757,Association,64757,0.94575614,BioREDirect,sentence_local
36233117,D015228,53630,Association,53630,0.9850486,BioREDirect,sentence_local
36233117,D015228,64757,Association,64757,0.99257106,BioREDirect,sentence_local
36233117,D008055,53630,Association,53630,0.93642807,BioREDirect,sentence_local
36233117,D052439,111,Association,111,0.95896995,BioREDirect,sentence_local
36233117,D008055,rs6564851,Association,rs6564851,0.9622518,BioREDirect,sentence_local
36233117,D052439,53630,Association,53630,0.9471856,BioREDirect,sentence_local
36233117,D008055,64757,Association,64757,0.9565328,BioREDirect,sentence_local
36233117,111,53630,Association,,0.6233484,BioREDirect,sentence_local
36233781,D018698,D003865,Association,D018698,0.5098552,BioREDirect,sentence_local
36233781,D003865,6506,Association,6506,0.89466506,BioREDirect,sentence_local
36233781,D018698,6506,Association,6506,0.49402118,BioREDirect,sentence_local
36233781,D005998,D003865,Association,D005998,0.9164926,BioREDirect,sentence_local
36233781,D000275,6506,Association,6506,0.9839706,BioREDirect,sentence_local
36233781,D005998,9152,Association,9152,0.85516036,BioREDirect,sentence_local
36233781,D018698,D005998,Association,D005998,0.7275475,BioREDirect,sentence_local
36233781,D005998,6536,Association,6536,0.88726914,BioREDirect,sentence_local
36233781,D003865,rs4354668,Association,rs4354668,0.9664384,BioREDirect,sentence_local
36233781,D000275,rs4354668,Positive_Correlation,rs4354668,0.9866682,BioREDirect,sentence_local
36252682,20597,16176,Positive_Correlation,20597,0.9894924,BioREDirect,sentence_local
36252682,D006937,216799,Association,D006937,0.85541487,BioREDirect,sentence_local
36252682,D006937,20597,Association,20597,0.9335146,BioREDirect,sentence_local
36252682,C003001,16176,Positive_Correlation,C003001,0.96392584,BioREDirect,sentence_local
36252682,216799,56338,Association,,0.8195387,BioREDirect,sentence_local
36252682,C003001,56338,Association,,0.8025368,BioREDirect,sentence_local
36252682,C003001,216799,Positive_Correlation,C003001,0.93893147,BioREDirect,sentence_local
36252682,C003001,20597,Association,20597,0.9920257,BioREDirect,sentence_local
36252682,C003001,D000639,Negative_Correlation,D000639,0.8689303,BioREDirect,sentence_local
36252682,D000639,20597,Negative_Correlation,D000639,0.9619916,BioREDirect,sentence_local
36252682,C003001,12362,Positive_Correlation,C003001,0.94920784,BioREDirect,sentence_local
36252682,20597,66824,Association,,0.80751824,BioREDirect,sentence_local
36252682,20597,216799,Positive_Correlation,20597,0.99228853,BioREDirect,sentence_local
36252682,D013481,20597,Association,20597,0.9226539,BioREDirect,sentence_local
36252682,D050197,216799,Association,216799,0.74309826,BioREDirect,sentence_local
36252682,D013481,56338,Association,,0.856412,BioREDirect,sentence_local
36252682,D013481,13058,Association,,0.5443316,BioREDirect,sentence_local
36252682,D002518,D013481,Positive_Correlation,D002518,0.96028775,BioREDirect,sentence_local
36252682,216799,12362,Association,,0.7913147,BioREDirect,sentence_local
36252682,20597,12362,Positive_Correlation,20597,0.99135596,BioREDirect,sentence_local
36252682,D002518,D006937,Association,D002518,0.96287537,BioREDirect,sentence_local
36252682,D002518,216799,Association,D002518,0.9606851,BioREDirect,sentence_local
36252682,D002518,20597,Association,,0.6128803,BioREDirect,sentence_local
36252682,D058426,20597,Association,20597,0.962062,BioREDirect,sentence_local
36253741,OMIM:208540,27031,Association,27031,0.8948128,BioREDirect,sentence_local
36254249,D008345,p|DEL|109_120|AQ,Association,p,0.81493336,BioREDirect,sentence_local
36254249,D003513,27032,Association,D003513,0.72121876,BioREDirect,sentence_local
36254249,D016506,p|DEL|109_120|AQ,Positive_Correlation,p,0.9727808,BioREDirect,sentence_local
36254249,D016506,c|SUB|A|325-2|G,Positive_Correlation,c,0.9742089,BioREDirect,sentence_local
36254249,D016506,27032,Association,27032,0.913737,BioREDirect,sentence_local
36258913,D002289,406973,Association,406973,0.8798312,BioREDirect,sentence_local
36258913,D009369,rs3746444,Association,rs3746444,0.951818,BioREDirect,sentence_local
36258913,D002289,rs11614913,Positive_Correlation,rs11614913,0.98163164,BioREDirect,sentence_local
36258913,D002289,406972,Association,406972,0.8798312,BioREDirect,sentence_local
36258913,D002289,rs3746444,Association,rs3746444,0.96744484,BioREDirect,sentence_local
36261171,D007239,340061,Association,340061,0.92811257,BioREDirect,sentence_local
36261171,D005227,340061,Association,340061,0.9332285,BioREDirect,sentence_local
36261171,D007249,340061,Association,340061,0.96465445,BioREDirect,sentence_local
36261171,D009369,340061,Association,340061,0.9681542,BioREDirect,sentence_local
36261171,D009712,340061,Association,,0.8917273,BioREDirect,sentence_local
36261171,rs78233829,rs7380824,Association,,0.6911445,BioREDirect,sentence_local
36261171,D009712,3439,Association,,0.7757566,BioREDirect,sentence_local
36261171,D014364,340061,Association,,0.6983321,BioREDirect,sentence_local
36262065,C051786,D014280,Positive_Correlation,C051786,0.986047,BioREDirect,sentence_local
36262065,D001280,81670,Positive_Correlation,D001280,0.986741,BioREDirect,sentence_local
36262065,C051786,D007674,Positive_Correlation,C051786,0.987425,BioREDirect,sentence_local
36262065,D001280,D056486,Positive_Correlation,D001280,0.98644674,BioREDirect,sentence_local
36262065,C051786,D004700,Association,C051786,0.93102646,BioREDirect,sentence_local
36262065,C051786,25721,Positive_Correlation,C051786,0.98231053,BioREDirect,sentence_local
36262065,C051786,D003404,Positive_Correlation,C051786,0.9881714,BioREDirect,sentence_local
36262065,C051786,58962,Negative_Correlation,C051786,0.9848968,BioREDirect,sentence_local
36262065,C051786,24161,Positive_Correlation,C051786,0.98056823,BioREDirect,sentence_local
36262065,C051786,D008315,Positive_Correlation,C051786,0.99008757,BioREDirect,sentence_local
36262065,C051786,D005978,Negative_Correlation,C051786,0.97330713,BioREDirect,sentence_local
36262065,C051786,24248,Negative_Correlation,C051786,0.97817546,BioREDirect,sentence_local
36262065,C051786,25586,Positive_Correlation,C051786,0.9793768,BioREDirect,sentence_local
36262065,C051786,81670,Positive_Correlation,C051786,0.9855989,BioREDirect,sentence_local
36262065,C051786,D056486,Positive_Correlation,C051786,0.986118,BioREDirect,sentence_local
36262065,C051786,D001280,Cotreatment,,0.7214358,BioREDirect,sentence_local
36262065,D001280,D000091662,Positive_Correlation,D001280,0.98976034,BioREDirect,sentence_local
36262065,D001280,D002784,Positive_Correlation,D001280,0.9888826,BioREDirect,sentence_local
36262065,D001280,24786,Negative_Correlation,D001280,0.98733425,BioREDirect,sentence_local
36262065,D001280,D001663,Positive_Correlation,D001280,0.9852953,BioREDirect,sentence_local
36262065,D001280,24248,Negative_Correlation,D001280,0.9798313,BioREDirect,sentence_local
36262065,D001280,D013733,Positive_Correlation,D001280,0.9515267,BioREDirect,sentence_local
36262065,D001280,24208,Association,D001280,0.71843046,BioREDirect,sentence_local
36262065,D001280,D002318,Positive_Correlation,D001280,0.9863777,BioREDirect,sentence_local
36262065,D001280,D014280,Positive_Correlation,D001280,0.98747,BioREDirect,sentence_local
36262065,D001280,D007674,Positive_Correlation,D001280,0.98671466,BioREDirect,sentence_local
36262065,D001280,25586,Positive_Correlation,D001280,0.98157537,BioREDirect,sentence_local
36262065,C051786,D000091662,Positive_Correlation,C051786,0.98943454,BioREDirect,sentence_local
36262065,D001280,D004700,Association,D001280,0.72955716,BioREDirect,sentence_local
36262065,D001280,25721,Positive_Correlation,D001280,0.983851,BioREDirect,sentence_local
36262065,D001280,D003404,Positive_Correlation,D001280,0.9877893,BioREDirect,sentence_local
36262065,C051786,D002784,Positive_Correlation,C051786,0.9875744,BioREDirect,sentence_local
36262065,D001280,58962,Negative_Correlation,D001280,0.98462045,BioREDirect,sentence_local
36262065,C051786,24786,Negative_Correlation,C051786,0.98683375,BioREDirect,sentence_local
36262065,D001280,24161,Positive_Correlation,D001280,0.9819748,BioREDirect,sentence_local
36262065,C051786,D001663,Positive_Correlation,C051786,0.98485065,BioREDirect,sentence_local
36262065,D001280,D008315,Positive_Correlation,D001280,0.9902182,BioREDirect,sentence_local
36262065,C051786,D013733,Positive_Correlation,C051786,0.94152266,BioREDirect,sentence_local
36262065,D001280,D005978,Negative_Correlation,D001280,0.9765435,BioREDirect,sentence_local
36262065,C051786,24208,Association,C051786,0.7337333,BioREDirect,sentence_local
36262065,C051786,D002318,Positive_Correlation,C051786,0.9870531,BioREDirect,sentence_local
36263152,D000641,D020159,Positive_Correlation,D000641,0.903116,BioREDirect,sentence_local
36263152,D020159,445,Association,445,0.57880825,BioREDirect,sentence_local
36266725,8029,81693,Association,8029,0.92714566,BioREDirect,sentence_local
36266725,D014805,81693,Association,,0.8242359,BioREDirect,sentence_local
36266725,8029,259,Association,,0.581175,BioREDirect,sentence_local
36266725,8029,7018,Association,,0.50542575,BioREDirect,sentence_local
36266725,D014805,8029,Bind,D014805,0.6338283,BioREDirect,sentence_local
36266725,8029,213,Association,,0.61921376,BioREDirect,sentence_local
36266725,D000419,8029,Association,8029,0.9890448,BioREDirect,sentence_local
36266725,D011507,8029,Association,8029,0.9867318,BioREDirect,sentence_local
36267056,D002318,rs730882082,Positive_Correlation,rs730882082,0.99135697,BioREDirect,sentence_local
36267056,D017202,rs730882082,Positive_Correlation,rs730882082,0.9919035,BioREDirect,sentence_local
36267056,D006938,3949,Association,3949,0.57335424,BioREDirect,sentence_local
36267056,D050197,rs730882082,Association,rs730882082,0.9914329,BioREDirect,sentence_local
36267056,D002318,3949,Association,3949,0.6407927,BioREDirect,sentence_local
36267056,D006938,rs730882082,Positive_Correlation,rs730882082,0.99186593,BioREDirect,sentence_local
36267056,D008055,rs730882082,Positive_Correlation,rs730882082,0.9237367,BioREDirect,sentence_local
36267056,D008055,3949,Association,3949,0.71446764,BioREDirect,sentence_local
36267056,D058729,rs730882082,Positive_Correlation,rs730882082,0.99286836,BioREDirect,sentence_local
36273440,D017074,1493,Association,1493,0.57683486,BioREDirect,sentence_local
36273440,D001171,1493,Association,1493,0.8413112,BioREDirect,sentence_local
36273440,D007153,1493,Association,1493,0.5118875,BioREDirect,sentence_local
36273440,D001327,1493,Association,1493,0.9329605,BioREDirect,sentence_local
36273440,D001327,c|INDEL|445_568-544|TTTGCGATTG,Positive_Correlation,c,0.99014574,BioREDirect,sentence_local
36274208,D002386,c|SUB|C|[265|T,Positive_Correlation,c,0.9906775,BioREDirect,sentence_local
36274208,D002386,rs4682801,Positive_Correlation,rs4682801,0.99118817,BioREDirect,sentence_local
36274208,D002386,79443,Association,79443,0.9897176,BioREDirect,sentence_local
36274208,D002386,rs141476300,Positive_Correlation,rs141476300,0.99079376,BioREDirect,sentence_local
36274837,2010,8841,Association,2010,0.69186676,BioREDirect,sentence_local
36274837,D000083143,2010,Association,2010,0.90708995,BioREDirect,sentence_local
36274837,2010,2146,Association,2010,0.86297846,BioREDirect,sentence_local
36274837,2010,10919,Association,,0.903838,BioREDirect,sentence_local
36274837,8841,2146,Association,,0.74957263,BioREDirect,sentence_local
36274837,D020389,2010,Association,2010,0.9504639,BioREDirect,sentence_local
36276968,D003324,348,Association,348,0.96277153,BioREDirect,sentence_local
36276968,D003324,rs429358,Positive_Correlation,rs429358,0.98686767,BioREDirect,sentence_local
36276968,D000544,348,Association,348,0.9772438,BioREDirect,sentence_local
36276968,D003072,348,Association,348,0.9845632,BioREDirect,sentence_local
36276968,D000544,rs429358,Positive_Correlation,rs429358,0.9898413,BioREDirect,sentence_local
36276968,D008268,348,Association,348,0.9794748,BioREDirect,sentence_local
36276968,D008268,rs429358,Positive_Correlation,rs429358,0.9896885,BioREDirect,sentence_local
36276968,D003072,rs429358,Positive_Correlation,rs429358,0.9902502,BioREDirect,sentence_local
36283703,6517,3630,Positive_Correlation,3630,0.5256381,BioREDirect,sentence_local
36283703,9882,7037,Association,9882,0.96507037,BioREDirect,sentence_local
36283703,10890,7037,Association,10890,0.9271346,BioREDirect,sentence_local
36283703,6517,9882,Association,9882,0.97785896,BioREDirect,sentence_local
36283703,6517,10890,Negative_Correlation,10890,0.9577217,BioREDirect,sentence_local
36283703,10890,63971,Bind,,0.5578635,BioREDirect,sentence_local
36283703,3630,7037,Association,3630,0.74922305,BioREDirect,sentence_local
36283703,6517,63971,Association,63971,0.9552733,BioREDirect,sentence_local
36283703,D005947,6517,Association,,0.62198937,BioREDirect,sentence_local
36283703,6517,286753,Association,286753,0.97117853,BioREDirect,sentence_local
36283703,D005947,3630,Association,3630,0.63657963,BioREDirect,sentence_local
36283703,6517,8675,Association,8675,0.96966684,BioREDirect,sentence_local
36283703,286753,7037,Association,286753,0.9729432,BioREDirect,sentence_local
36283703,10228,7037,Association,10228,0.9728565,BioREDirect,sentence_local
36283703,6517,51552,Association,51552,0.9494157,BioREDirect,sentence_local
36283703,6517,10228,Association,10228,0.9627175,BioREDirect,sentence_local
36283703,6517,11311,Association,11311,0.8576791,BioREDirect,sentence_local
36283703,8675,7037,Association,8675,0.97312284,BioREDirect,sentence_local
36289279,D000077192,rs200562975,Association,rs200562975,0.98493016,BioREDirect,sentence_local
36289279,D002294,rs190771411,Positive_Correlation,rs190771411,0.9917583,BioREDirect,sentence_local
36289279,D000230,1548,Association,1548,0.77975184,BioREDirect,sentence_local
36289279,D000077192,1548,Association,1548,0.98773056,BioREDirect,sentence_local
36289279,D002294,rs568781254,Positive_Correlation,rs568781254,0.9907013,BioREDirect,sentence_local
36289279,D002294,217,Association,217,0.98794377,BioREDirect,sentence_local
36289279,D000077192,rs568781254,Association,rs568781254,0.9839364,BioREDirect,sentence_local
36289279,D002294,1806,Association,1806,0.9917686,BioREDirect,sentence_local
36289279,D000230,rs200562975,Positive_Correlation,rs200562975,0.97129536,BioREDirect,sentence_local
36289279,D000077192,rs190771411,Association,rs190771411,0.9865031,BioREDirect,sentence_local
36289279,D000230,rs568781254,Positive_Correlation,rs568781254,0.95721424,BioREDirect,sentence_local
36289279,D000077192,217,Association,217,0.86090547,BioREDirect,sentence_local
36289279,D002294,rs200562975,Positive_Correlation,rs200562975,0.9902502,BioREDirect,sentence_local
36289279,D000230,rs190771411,Positive_Correlation,rs190771411,0.97094846,BioREDirect,sentence_local
36289279,D000077192,1806,Association,1806,0.9519155,BioREDirect,sentence_local
36289279,D000230,217,Association,217,0.8404381,BioREDirect,sentence_local
36289279,D000230,1806,Association,1806,0.9667804,BioREDirect,sentence_local
36290844,D002289,c|DEL|Exon19|,Association,c,0.49723577,BioREDirect,sentence_local
36290844,D002289,1956,Association,1956,0.75550663,BioREDirect,sentence_local
36290844,D000077156,rs121434568,Negative_Correlation,D000077156,0.5476054,BioREDirect,sentence_local
36290844,D002289,c|INS|Exon20|,Association,c,0.9583313,BioREDirect,sentence_local
36290844,D002289,rs121434568,Association,rs121434568,0.92056966,BioREDirect,sentence_local
36290844,D000077716,rs121434568,Negative_Correlation,D000077716,0.6366668,BioREDirect,sentence_local
36290844,D000077156,D000077716,Negative_Correlation,,0.53632104,BioREDirect,sentence_local
36290844,D010984,c|INS|Exon20|,Negative_Correlation,D010984,0.7067578,BioREDirect,sentence_local
36291383,D019382,3479,Positive_Correlation,D019382,0.95145696,BioREDirect,sentence_local
36291383,C536820,3479,Association,3479,0.9836781,BioREDirect,sentence_local
36291383,C536820,7227,Association,7227,0.9283972,BioREDirect,sentence_local
36291383,D019382,C536820,Negative_Correlation,D019382,0.9693992,BioREDirect,sentence_local
36291383,D019382,D004393,Negative_Correlation,D019382,0.8195542,BioREDirect,sentence_local
36294641,D006153,D006160,Association,,0.5113326,BioREDirect,sentence_local
36295559,D003643,rs822336,Association,rs822336,0.98587173,BioREDirect,sentence_local
36295559,D064726,rs822336,Association,rs822336,0.98668075,BioREDirect,sentence_local
36295559,D064726,29126,Association,29126,0.96759933,BioREDirect,sentence_local
36295559,D009369,rs822337,Association,rs822337,0.97326106,BioREDirect,sentence_local
36295559,D001943,rs822336,Association,rs822336,0.9858272,BioREDirect,sentence_local
36295559,D064726,rs822337,Association,rs822337,0.99163365,BioREDirect,sentence_local
36295559,D003643,rs822337,Association,rs822337,0.9852385,BioREDirect,sentence_local
36296984,D000077276,83619,Positive_Correlation,D000077276,0.98930734,BioREDirect,sentence_local
36296984,D000077276,367218,Positive_Correlation,D000077276,0.99125636,BioREDirect,sentence_local
36296984,D000077276,D005938,Negative_Correlation,D000077276,0.9841022,BioREDirect,sentence_local
36296984,D000077276,D008775,Negative_Correlation,D000077276,0.91854465,BioREDirect,sentence_local
36296984,D000077276,64566,Positive_Correlation,D000077276,0.9893323,BioREDirect,sentence_local
36296984,D000077276,84353,Positive_Correlation,D000077276,0.9894539,BioREDirect,sentence_local
36296984,D000077276,D058866,Negative_Correlation,D000077276,0.6662657,BioREDirect,sentence_local
36296984,D019833,D000077276,Cotreatment,,0.80984724,BioREDirect,sentence_local
36296984,D000077276,D001847,Negative_Correlation,D000077276,0.98989505,BioREDirect,sentence_local
36296984,D000077276,D010024,Negative_Correlation,D000077276,0.9326232,BioREDirect,sentence_local
36296984,D002338,D058866,Negative_Correlation,D002338,0.97072864,BioREDirect,sentence_local
36296984,D000077276,D003907,Negative_Correlation,D000077276,0.9567129,BioREDirect,sentence_local
36296984,D019833,83619,Positive_Correlation,D019833,0.98978245,BioREDirect,sentence_local
36296984,D002338,D010024,Negative_Correlation,D002338,0.9604092,BioREDirect,sentence_local
36296984,D019833,367218,Positive_Correlation,D019833,0.9918064,BioREDirect,sentence_local
36296984,D019833,84353,Positive_Correlation,D019833,0.9890259,BioREDirect,sentence_local
36296984,D019833,64566,Positive_Correlation,D019833,0.9881941,BioREDirect,sentence_local
36296984,D019833,D058866,Negative_Correlation,D019833,0.7741088,BioREDirect,sentence_local
36296984,D019833,D001847,Negative_Correlation,D019833,0.99051356,BioREDirect,sentence_local
36296984,D019833,D010024,Negative_Correlation,D019833,0.9461587,BioREDirect,sentence_local
36296984,D007529,D058866,Negative_Correlation,D007529,0.96926135,BioREDirect,sentence_local
36296984,D007529,D010024,Negative_Correlation,D007529,0.94829273,BioREDirect,sentence_local
36296984,D005938,D058866,Positive_Correlation,D005938,0.92689127,BioREDirect,sentence_local
36296984,D019833,D003907,Negative_Correlation,D019833,0.94147384,BioREDirect,sentence_local
36296984,D019833,D005938,Negative_Correlation,D019833,0.98480934,BioREDirect,sentence_local
36296984,D005938,D001847,Positive_Correlation,D005938,0.96623135,BioREDirect,sentence_local
36296984,D005938,D010024,Positive_Correlation,D005938,0.96918416,BioREDirect,sentence_local
36296984,D008775,D019386,Negative_Correlation,D019386,0.58585006,BioREDirect,sentence_local
36296984,D019833,D008775,Negative_Correlation,D008775,0.9206035,BioREDirect,sentence_local
36296984,D008775,D010024,Positive_Correlation,D008775,0.9766544,BioREDirect,sentence_local
36297369,D019289,3939,Association,,0.5961765,BioREDirect,sentence_local
36297369,C016517,7157,Association,C016517,0.9876637,BioREDirect,sentence_local
36297369,D009243,3939,Association,3939,0.54002047,BioREDirect,sentence_local
36297369,C016517,D009369,Association,C016517,0.90803874,BioREDirect,sentence_local
36297369,7157,3939,Association,7157,0.9415439,BioREDirect,sentence_local
36297369,D008113,7157,Association,7157,0.6899717,BioREDirect,sentence_local
36297369,C016517,D008113,Negative_Correlation,C016517,0.9479677,BioREDirect,sentence_local
36297369,407040,3939,Association,407040,0.8899755,BioREDirect,sentence_local
36297369,7157,4193,Association,,0.721691,BioREDirect,sentence_local
36297369,D008113,407040,Association,407040,0.92140365,BioREDirect,sentence_local
36297369,C016517,4193,Negative_Correlation,C016517,0.9887285,BioREDirect,sentence_local
36297369,C016517,407040,Negative_Correlation,C016517,0.9842094,BioREDirect,sentence_local
36297369,D008113,4193,Association,4193,0.72190017,BioREDirect,sentence_local
36297369,D019289,D019344,Association,,0.5076342,BioREDirect,sentence_local
36297369,7157,407040,Positive_Correlation,7157,0.90200365,BioREDirect,sentence_local
36297369,D019344,3939,Association,3939,0.60351306,BioREDirect,sentence_local
36297369,D008113,3939,Association,3939,0.9417223,BioREDirect,sentence_local
36297369,C016517,3939,Negative_Correlation,C016517,0.9836289,BioREDirect,sentence_local
36303223,C538141,6821,Association,6821,0.53267306,BioREDirect,sentence_local
36303223,D013447,rs780917238,Association,rs780917238,0.9491023,BioREDirect,sentence_local
36303223,D013447,p|SUB|Y|400|,Association,p,0.9158155,BioREDirect,sentence_local
36303223,C536184,6821,Association,6821,0.9258038,BioREDirect,sentence_local
36304533,D012293,D014376,Negative_Correlation,D012293,0.98262066,BioREDirect,sentence_local
36304533,D012293,D007239,Negative_Correlation,D012293,0.9507693,BioREDirect,sentence_local
36304533,D002180,6772,Association,6772,0.9768112,BioREDirect,sentence_local
36304533,D006529,6772,Association,6772,0.9510108,BioREDirect,sentence_local
36304533,D001327,6772,Association,6772,0.9536166,BioREDirect,sentence_local
36304533,D002178,6772,Association,6772,0.66902196,BioREDirect,sentence_local
36304533,D007538,D007239,Negative_Correlation,D007538,0.94101506,BioREDirect,sentence_local
36304533,D013163,6772,Association,6772,0.9510108,BioREDirect,sentence_local
36304533,D012141,6772,Association,6772,0.9241778,BioREDirect,sentence_local
36304533,D007538,D014376,Negative_Correlation,D007538,0.9835476,BioREDirect,sentence_local
36304533,D003922,6772,Association,6772,0.8290905,BioREDirect,sentence_local
36305088,51655,2902,Association,,0.56245667,BioREDirect,sentence_local
36305088,51655,9722,Bind,,0.62010026,BioREDirect,sentence_local
36305088,D012559,c|SUB|A|722|T,Association,c,0.9817806,BioREDirect,sentence_local
36305088,D012559,c|SUB|G|*31|A,Association,c,0.9551219,BioREDirect,sentence_local
36305088,D012559,2902,Association,2902,0.983004,BioREDirect,sentence_local
36305088,D012559,4842,Association,4842,0.9857406,BioREDirect,sentence_local
36305088,D012559,9722,Association,9722,0.98249185,BioREDirect,sentence_local
36305088,D012559,51655,Association,51655,0.96705806,BioREDirect,sentence_local
36305088,D001523,51655,Association,51655,0.9645829,BioREDirect,sentence_local
36305088,51655,4842,Bind,,0.6359176,BioREDirect,sentence_local
36306144,D003920,6850,Positive_Correlation,D003920,0.9923689,BioREDirect,sentence_local
36306144,D003920,12978,Association,12978,0.945867,BioREDirect,sentence_local
36306144,7305,3091,Positive_Correlation,7305,0.9890276,BioREDirect,sentence_local
36306144,D003920,83433,Positive_Correlation,D003920,0.99357784,BioREDirect,sentence_local
36306144,6850,3091,Positive_Correlation,6850,0.98982275,BioREDirect,sentence_local
36306144,54209,3091,Association,54209,0.97044563,BioREDirect,sentence_local
36306144,83433,3091,Positive_Correlation,83433,0.99096394,BioREDirect,sentence_local
36306144,6850,12978,Association,12978,0.8095917,BioREDirect,sentence_local
36306144,12978,54209,Association,,0.78656775,BioREDirect,sentence_local
36306144,D013311,12978,Positive_Correlation,D013311,0.9888393,BioREDirect,sentence_local
36306144,12978,7305,Association,,0.7866087,BioREDirect,sentence_local
36306144,D013311,22177,Positive_Correlation,D013311,0.9891081,BioREDirect,sentence_local
36306144,22177,12978,Association,,0.85933656,BioREDirect,sentence_local
36306144,83433,12978,Association,12978,0.7697664,BioREDirect,sentence_local
36306144,D013311,83433,Positive_Correlation,D013311,0.9881682,BioREDirect,sentence_local
36306144,D000860,6850,Positive_Correlation,D000860,0.988772,BioREDirect,sentence_local
36306144,54209,15251,Association,54209,0.9688154,BioREDirect,sentence_local
36306144,D000860,7422,Positive_Correlation,D000860,0.7654026,BioREDirect,sentence_local
36306144,6850,15251,Association,6850,0.9847648,BioREDirect,sentence_local
36306144,D000860,3091,Positive_Correlation,D000860,0.76745236,BioREDirect,sentence_local
36306144,7305,15251,Association,7305,0.96892494,BioREDirect,sentence_local
36306144,D000860,51129,Positive_Correlation,D000860,0.62662923,BioREDirect,sentence_local
36306144,22177,15251,Association,22177,0.9504117,BioREDirect,sentence_local
36306144,D000860,83433,Positive_Correlation,D000860,0.98799485,BioREDirect,sentence_local
36306144,83433,15251,Association,83433,0.9822344,BioREDirect,sentence_local
36306144,22177,7422,Positive_Correlation,22177,0.9818143,BioREDirect,sentence_local
36306144,D006943,83433,Positive_Correlation,D006943,0.9896624,BioREDirect,sentence_local
36306144,6850,7422,Positive_Correlation,6850,0.984688,BioREDirect,sentence_local
36306144,6850,22177,Positive_Correlation,22177,0.9777289,BioREDirect,sentence_local
36306144,6850,7305,Positive_Correlation,7305,0.9610578,BioREDirect,sentence_local
36306144,22177,51129,Positive_Correlation,22177,0.98549265,BioREDirect,sentence_local
36306144,6850,83433,Association,83433,0.9248991,BioREDirect,sentence_local
36306144,22177,3091,Positive_Correlation,22177,0.9892846,BioREDirect,sentence_local
36306144,83433,7422,Positive_Correlation,83433,0.98647714,BioREDirect,sentence_local
36306144,83433,22177,Positive_Correlation,22177,0.9890984,BioREDirect,sentence_local
36306144,6850,54209,Association,54209,0.7940908,BioREDirect,sentence_local
36306144,54209,1436,Association,,0.6582794,BioREDirect,sentence_local
36306144,D006943,6850,Positive_Correlation,D006943,0.9928288,BioREDirect,sentence_local
36306144,83433,54209,Association,54209,0.89745206,BioREDirect,sentence_local
36306144,54209,7305,Association,,0.5472911,BioREDirect,sentence_local
36306144,6850,1436,Association,,0.61118597,BioREDirect,sentence_local
36306144,7305,7422,Positive_Correlation,7305,0.9878441,BioREDirect,sentence_local
36306144,7305,1436,Association,,0.6777892,BioREDirect,sentence_local
36306144,83433,7305,Positive_Correlation,7305,0.9766358,BioREDirect,sentence_local
36306144,22177,1436,Association,,0.7819585,BioREDirect,sentence_local
36306144,6850,51129,Positive_Correlation,6850,0.9831171,BioREDirect,sentence_local
36306144,83433,1436,Association,1436,0.51319474,BioREDirect,sentence_local
36306144,7305,51129,Positive_Correlation,7305,0.98710155,BioREDirect,sentence_local
36306144,83433,51129,Positive_Correlation,83433,0.98618025,BioREDirect,sentence_local
36306287,D002738,3974689,Association,,0.75182885,BioREDirect,sentence_local
36306287,C034759,3974689,Association,,0.59290564,BioREDirect,sentence_local
36306287,D002738,p|SUB|F|145|I,Association,,0.74333334,BioREDirect,sentence_local
36306287,C034759,3043,Association,,0.84847146,BioREDirect,sentence_local
36306287,D002738,p|SUB|G|353|V,Association,,0.70135915,BioREDirect,sentence_local
36306287,C034759,p|SUB|F|145|I,Association,p,0.9671336,BioREDirect,sentence_local
36306287,D002738,p|SUB|M|343|L,Association,,0.7071368,BioREDirect,sentence_local
36306287,C034759,p|SUB|G|353|V,Association,p,0.9642886,BioREDirect,sentence_local
36306287,C034759,C039060,Cotreatment,,0.6750586,BioREDirect,sentence_local
36306287,C034759,p|SUB|M|343|L,Association,p,0.9412218,BioREDirect,sentence_local
36306287,3974689,3043,Association,,0.87475914,BioREDirect,sentence_local
36307211,D009202,4035,Association,4035,0.78709114,BioREDirect,sentence_local
36307211,C537617,4035,Association,4035,0.97297716,BioREDirect,sentence_local
36307211,D054079,4035,Association,4035,0.974901,BioREDirect,sentence_local
36308663,115650,207,Association,,0.8246808,BioREDirect,sentence_local
36308663,D000361,115650,Association,115650,0.96875954,BioREDirect,sentence_local
36308663,D007153,rs77874543,Association,rs77874543,0.98985684,BioREDirect,sentence_local
36308663,D008223,115650,Association,115650,0.5951318,BioREDirect,sentence_local
36308663,D002051,115650,Association,115650,0.48927772,BioREDirect,sentence_local
36308663,D008223,rs77874543,Association,rs77874543,0.94207513,BioREDirect,sentence_local
36308663,D017074,rs77874543,Association,rs77874543,0.9928939,BioREDirect,sentence_local
36308663,D002051,rs151243201,Association,rs151243201,0.6177489,BioREDirect,sentence_local
36308663,D008231,115650,Association,115650,0.9560913,BioREDirect,sentence_local
36308663,D017074,115650,Association,115650,0.7953033,BioREDirect,sentence_local
36308663,D002051,rs61756766,Association,rs61756766,0.7344672,BioREDirect,sentence_local
36308663,115650,974,Bind,974,0.68826705,BioREDirect,sentence_local
36308663,115650,10673,Bind,10673,0.6156649,BioREDirect,sentence_local
36308663,10673,4791,Positive_Correlation,10673,0.8813916,BioREDirect,sentence_local
36308663,D016393,115650,Association,115650,0.9522854,BioREDirect,sentence_local
36308663,D007153,115650,Association,115650,0.51504296,BioREDirect,sentence_local
36309503,63976,4585,Negative_Correlation,63976,0.87462026,BioREDirect,sentence_local
36309503,619351,406892,Association,619351,0.8743809,BioREDirect,sentence_local
36309503,619351,4585,Association,619351,0.90164846,BioREDirect,sentence_local
36309503,D009369,4585,Negative_Correlation,4585,0.9031174,BioREDirect,sentence_local
36309503,D009369,63976,Negative_Correlation,63976,0.8496483,BioREDirect,sentence_local
36309503,D009369,619351,Association,619351,0.93350464,BioREDirect,sentence_local
36309503,D009369,9231,Negative_Correlation,9231,0.96574646,BioREDirect,sentence_local
36309503,619351,2064,Association,619351,0.9279477,BioREDirect,sentence_local
36309503,D001943,4585,Association,4585,0.94657713,BioREDirect,sentence_local
36309503,D001943,406892,Association,406892,0.90340394,BioREDirect,sentence_local
36309503,D001943,2064,Association,2064,0.5858072,BioREDirect,sentence_local
36309503,D001943,574412,Association,574412,0.83444136,BioREDirect,sentence_local
36309503,D001943,63976,Association,63976,0.96517575,BioREDirect,sentence_local
36309503,D001943,619351,Association,619351,0.97141045,BioREDirect,sentence_local
36309503,D001943,9231,Association,9231,0.96829325,BioREDirect,sentence_local
36309503,574412,63976,Negative_Correlation,574412,0.8283603,BioREDirect,sentence_local
36309503,619351,574412,Association,619351,0.9311946,BioREDirect,sentence_local
36309503,619351,63976,Negative_Correlation,619351,0.9852732,BioREDirect,sentence_local
36309503,619351,9231,Association,619351,0.9830579,BioREDirect,sentence_local
36309503,D000068878,406892,Association,406892,0.9429075,BioREDirect,sentence_local
36309503,D000068878,4585,Association,4585,0.96458876,BioREDirect,sentence_local
36309503,D000068878,D001943,Negative_Correlation,D000068878,0.98311484,BioREDirect,sentence_local
36309503,D000068878,574412,Association,574412,0.9563229,BioREDirect,sentence_local
36309503,D000068878,9231,Association,9231,0.97816205,BioREDirect,sentence_local
36309503,D000068878,619351,Association,619351,0.6505164,BioREDirect,sentence_local
36309505,1736,7012,Negative_Correlation,1736,0.9898582,BioREDirect,sentence_local
36309505,C536068,rs878853071,Positive_Correlation,rs878853071,0.9851007,BioREDirect,sentence_local
36309505,C536068,1736,Association,1736,0.989512,BioREDirect,sentence_local
36313260,D000026,rs1048943,Negative_Correlation,rs1048943,0.9897654,BioREDirect,sentence_local
36313260,D000026,1543,Association,1543,0.99107695,BioREDirect,sentence_local
36313470,D010661,5092,Association,5092,0.55213237,BioREDirect,sentence_local
36313470,D010661,5860,Association,5860,0.82923776,BioREDirect,sentence_local
36313470,D010661,5053,Association,5053,0.9643908,BioREDirect,sentence_local
36313470,D010661,5805,Association,5805,0.55122375,BioREDirect,sentence_local
36313470,D008607,5860,Association,5860,0.9871265,BioREDirect,sentence_local
36313470,D008607,5805,Association,5805,0.9803578,BioREDirect,sentence_local
36313470,D003643,5860,Association,5860,0.9314206,BioREDirect,sentence_local
36313470,D000068079,5860,Association,5860,0.9871265,BioREDirect,sentence_local
36313470,D000068079,5805,Association,5805,0.9803578,BioREDirect,sentence_local
36313470,D011622,D010661,Association,D011622,0.68053514,BioREDirect,sentence_local
36313640,D016889,rs778572159,Association,rs778572159,0.97429556,BioREDirect,sentence_local
36313640,D016889,rs63750193,Association,rs63750193,0.95163864,BioREDirect,sentence_local
36313640,D002945,D016889,Negative_Correlation,D002945,0.9055567,BioREDirect,sentence_local
36313640,D009369,5426,Association,5426,0.57673293,BioREDirect,sentence_local
36313640,D002945,5426,Association,5426,0.5465585,BioREDirect,sentence_local
36313640,D016889,rs1057519945,Association,rs1057519945,0.966653,BioREDirect,sentence_local
36313640,D016889,rs1057519943,Association,rs1057519943,0.97030544,BioREDirect,sentence_local
36313640,D016889,5426,Association,5426,0.7817078,BioREDirect,sentence_local
36315099,851415,853997,Association,,0.8347439,BioREDirect,sentence_local
36315099,855470,851150,Association,,0.83940154,BioREDirect,sentence_local
36315099,855911,851150,Association,,0.8242326,BioREDirect,sentence_local
36315099,851415,855470,Association,,0.76327544,BioREDirect,sentence_local
36315099,D007210,853997,Association,D007210,0.64333385,BioREDirect,sentence_local
36315099,855470,855911,Association,,0.79422843,BioREDirect,sentence_local
36315099,851415,853811,Association,853811,0.9042589,BioREDirect,sentence_local
36315099,853997,853111,Association,,0.67118555,BioREDirect,sentence_local
36315099,853997,853801,Association,,0.679965,BioREDirect,sentence_local
36315099,851415,855911,Association,,0.7584792,BioREDirect,sentence_local
36315099,853997,855083,Bind,,0.57858676,BioREDirect,sentence_local
36315099,851415,851150,Association,,0.7864359,BioREDirect,sentence_local
36315099,853997,856918,Association,,0.70886105,BioREDirect,sentence_local
36315099,853811,853997,Association,853997,0.8016912,BioREDirect,sentence_local
36316870,D054556,3026,Association,3026,0.9773183,BioREDirect,sentence_local
36316870,D054556,rs1210201190,Positive_Correlation,rs1210201190,0.9911465,BioREDirect,sentence_local
36316870,D054556,rs1801131,Positive_Correlation,rs1801131,0.98830426,BioREDirect,sentence_local
36316870,D054556,rs1799963,Positive_Correlation,rs1799963,0.9894777,BioREDirect,sentence_local
36316870,D054556,rs1801133,Positive_Correlation,rs1801133,0.9866441,BioREDirect,sentence_local
36316870,D054556,2147,Association,2147,0.98345584,BioREDirect,sentence_local
36316870,D054556,2153,Association,2153,0.98137325,BioREDirect,sentence_local
36316870,D054556,rs7080536,Positive_Correlation,rs7080536,0.99007416,BioREDirect,sentence_local
36316870,D054556,5054,Association,5054,0.9874534,BioREDirect,sentence_local
36316870,D054556,10544,Association,10544,0.9796267,BioREDirect,sentence_local
36316870,D054556,rs867186,Positive_Correlation,rs867186,0.99029,BioREDirect,sentence_local
36316870,D054556,4524,Association,4524,0.9877424,BioREDirect,sentence_local
36316870,D054556,rs6025,Positive_Correlation,rs6025,0.98624367,BioREDirect,sentence_local
36317157,C000705711,1956,Negative_Correlation,C000705711,0.97008854,BioREDirect,sentence_local
36317157,C000718108,1956,Negative_Correlation,C000718108,0.96171016,BioREDirect,sentence_local
36317157,C000705711,D002289,Negative_Correlation,C000705711,0.9743465,BioREDirect,sentence_local
36317157,D002289,1956,Association,1956,0.8773226,BioREDirect,sentence_local
36317157,C000718108,rs121434569,Negative_Correlation,C000718108,0.9502867,BioREDirect,sentence_local
36317157,C000705711,rs121434569,Negative_Correlation,C000705711,0.96894103,BioREDirect,sentence_local
36317157,C000718108,D002289,Negative_Correlation,C000718108,0.9710929,BioREDirect,sentence_local
36317157,D002289,rs121434569,Association,rs121434569,0.64127195,BioREDirect,sentence_local
36317157,C000596361,1956,Negative_Correlation,C000596361,0.96509904,BioREDirect,sentence_local
36317157,C000596361,D002289,Negative_Correlation,C000596361,0.9634883,BioREDirect,sentence_local
36329033,16451,21926,Negative_Correlation,16451,0.92685103,BioREDirect,sentence_local
36329033,p|Allele|Y|384,16451,Association,16451,0.9576614,BioREDirect,sentence_local
36329033,19766,16451,Association,16451,0.9514335,BioREDirect,sentence_local
36329033,p|Allele|Y|384,21926,Association,,0.72418195,BioREDirect,sentence_local
36329033,p|Allele|Y|384,20779,Association,20779,0.93008184,BioREDirect,sentence_local
36329033,p|Allele|Y|384,19766,Association,19766,0.9620518,BioREDirect,sentence_local
36329033,D014443,p|SUB|Y|383|F,Association,,0.57684994,BioREDirect,sentence_local
36329033,D007239,19766,Association,19766,0.94790363,BioREDirect,sentence_local
36329033,D014443,19766,Association,,0.91872966,BioREDirect,sentence_local
36329033,D014443,D007249,Association,D014443,0.98652357,BioREDirect,sentence_local
36329033,p|Allele|Y|383,16451,Association,16451,0.9507651,BioREDirect,sentence_local
36329033,p|Allele|Y|383,20779,Association,20779,0.9050795,BioREDirect,sentence_local
36329033,p|Allele|Y|383,19766,Association,19766,0.97507745,BioREDirect,sentence_local
36329033,56532,12370,Association,,0.5371137,BioREDirect,sentence_local
36329033,20779,21926,Negative_Correlation,20779,0.91135734,BioREDirect,sentence_local
36329033,D012694,19766,Association,,0.7458127,BioREDirect,sentence_local
36329033,21926,17164,Association,,0.7892077,BioREDirect,sentence_local
36329033,D012694,D007249,Association,,0.85754395,BioREDirect,sentence_local
36329033,D013912,D007249,Association,,0.823597,BioREDirect,sentence_local
36329033,19766,17164,Association,,0.9443449,BioREDirect,sentence_local
36329033,19766,21926,Negative_Correlation,19766,0.76621497,BioREDirect,sentence_local
36329033,19766,20779,Association,20779,0.9120357,BioREDirect,sentence_local
36329033,D013912,19766,Association,,0.68610036,BioREDirect,sentence_local
36329033,D007249,12370,Association,12370,0.85923,BioREDirect,sentence_local
36329033,D007249,p|SUB|Y|383|F,Association,p,0.9836354,BioREDirect,sentence_local
36329033,D007249,19766,Association,19766,0.5703391,BioREDirect,sentence_local
36329997,11031,114548,Association,11031,0.9768156,BioREDirect,sentence_local
36329997,D016756,11031,Negative_Correlation,11031,0.9839834,BioREDirect,sentence_local
36329997,D009080,rs9965664,Association,rs9965664,0.9888375,BioREDirect,sentence_local
36329997,D016756,114548,Association,,0.91929466,BioREDirect,sentence_local
36329997,D009080,11031,Association,11031,0.9851789,BioREDirect,sentence_local
36329997,D016756,rs9965664,Positive_Correlation,rs9965664,0.9864893,BioREDirect,sentence_local
36329997,D016756,1432,Association,,0.79516244,BioREDirect,sentence_local
36329997,D016756,D009080,Negative_Correlation,D016756,0.9787678,BioREDirect,sentence_local
36329997,D016756,D003323,Negative_Correlation,D016756,0.97653633,BioREDirect,sentence_local
36329997,D016756,D007249,Negative_Correlation,D016756,0.97393847,BioREDirect,sentence_local
36329997,11031,1432,Association,11031,0.93023044,BioREDirect,sentence_local
36335669,D005355,20423,Association,20423,0.9795132,BioREDirect,sentence_local
36335669,D005355,3976,Positive_Correlation,3976,0.992192,BioREDirect,sentence_local
36335669,D051436,16878,Association,16878,0.98788303,BioREDirect,sentence_local
36335669,D051436,3976,Association,3976,0.9921462,BioREDirect,sentence_local
36335669,16880,20848,Positive_Correlation,16880,0.97673243,BioREDirect,sentence_local
36335669,16880,26413,Association,16880,0.9713297,BioREDirect,sentence_local
36335669,D007676,3976,Association,3976,0.99102765,BioREDirect,sentence_local
36335669,16880,13653,Association,,0.6917792,BioREDirect,sentence_local
36335669,13653,20848,Association,13653,0.8933276,BioREDirect,sentence_local
36335669,13653,26413,Association,13653,0.88900054,BioREDirect,sentence_local
36335669,16878,13653,Association,,0.8552116,BioREDirect,sentence_local
36335669,16878,20848,Positive_Correlation,16878,0.96607536,BioREDirect,sentence_local
36335669,16878,16880,Bind,16878,0.647335,BioREDirect,sentence_local
36335669,16878,26413,Positive_Correlation,16878,0.976718,BioREDirect,sentence_local
36335669,20423,20848,Positive_Correlation,20423,0.98112273,BioREDirect,sentence_local
36335669,20423,26413,Association,20423,0.9798877,BioREDirect,sentence_local
36335669,D007674,3569,Association,3569,0.8527182,BioREDirect,sentence_local
36335669,D007674,16880,Association,16880,0.98590463,BioREDirect,sentence_local
36335669,D005355,16880,Association,16880,0.9862316,BioREDirect,sentence_local
36335669,D007674,16878,Positive_Correlation,16878,0.9933469,BioREDirect,sentence_local
36335669,D007674,3976,Positive_Correlation,3976,0.99282795,BioREDirect,sentence_local
36335669,D005355,3569,Association,3569,0.8296548,BioREDirect,sentence_local
36335669,D005355,20848,Association,20848,0.70228386,BioREDirect,sentence_local
36335669,D005355,16878,Positive_Correlation,16878,0.9932841,BioREDirect,sentence_local
36338728,D009369,rs1800566,Association,rs1800566,0.9889113,BioREDirect,sentence_local
36338728,D009369,1728,Association,1728,0.96982646,BioREDirect,sentence_local
36348907,D006984,3690,Association,3690,0.9828516,BioREDirect,sentence_local
36348907,D006984,rs1801131,Association,rs1801131,0.99331576,BioREDirect,sentence_local
36348907,D008581,rs1801131,Association,rs1801131,0.99324554,BioREDirect,sentence_local
36348907,D006984,rs765625943,Association,rs765625943,0.99305725,BioREDirect,sentence_local
36348907,D008581,2153,Association,2153,0.9919848,BioREDirect,sentence_local
36348907,D008581,rs765625943,Association,rs765625943,0.99277264,BioREDirect,sentence_local
36348907,D008581,4524,Association,4524,0.98649,BioREDirect,sentence_local
36348907,D006984,4524,Association,4524,0.98965186,BioREDirect,sentence_local
36348907,D008581,3690,Association,3690,0.9792234,BioREDirect,sentence_local
36348907,D006984,rs1801133,Association,rs1801133,0.993218,BioREDirect,sentence_local
36348907,D008581,rs1801133,Association,rs1801133,0.99303246,BioREDirect,sentence_local
36348907,D008581,rs6025,Association,rs6025,0.99259186,BioREDirect,sentence_local
36348907,D006984,5054,Association,5054,0.9841643,BioREDirect,sentence_local
36348907,D008581,5054,Association,5054,0.97666967,BioREDirect,sentence_local
36348907,D006984,rs6025,Association,rs6025,0.99277264,BioREDirect,sentence_local
36348907,D006984,2153,Association,2153,0.9919733,BioREDirect,sentence_local
36351451,C000718217,43740578,Negative_Correlation,C000718217,0.9730815,BioREDirect,sentence_local
36351451,C000718217,p|SUB|T|304|I,Negative_Correlation,p,0.9310511,BioREDirect,sentence_local
36351451,C000718217,p|SUB|P|252|L,Association,p,0.9557549,BioREDirect,sentence_local
36351451,C000718217,D000086382,Negative_Correlation,C000718217,0.9810704,BioREDirect,sentence_local
36351451,C000718217,p|SUB|T|21|I,Negative_Correlation,p,0.9423512,BioREDirect,sentence_local
36353687,D002413,7226,Association,D002413,0.6830305,BioREDirect,sentence_local
36353687,D002118,p|SUB|R|845|A,Association,p,0.84824526,BioREDirect,sentence_local
36353687,D000246,p|SUB|D|820|A,Association,,0.6293311,BioREDirect,sentence_local
36353687,D002118,p|SUB|R|845|D,Association,,0.87201995,BioREDirect,sentence_local
36353687,D000246,p|SUB|R|845|A,Association,D000246,0.75367135,BioREDirect,sentence_local
36353687,D002118,7226,Association,D002118,0.6830305,BioREDirect,sentence_local
36353687,D000246,p|SUB|R|845|D,Association,D000246,0.8202215,BioREDirect,sentence_local
36353687,D019636,7226,Association,7226,0.9606026,BioREDirect,sentence_local
36353687,D002413,p|SUB|R|845|A,Association,p,0.84824526,BioREDirect,sentence_local
36353687,D002413,p|SUB|R|845|D,Association,,0.87201995,BioREDirect,sentence_local
36354768,D053840,7273,Association,7273,0.98115313,BioREDirect,sentence_local
36354768,D053840,6331,Association,6331,0.96885353,BioREDirect,sentence_local
36354768,D053840,3757,Association,3757,0.97658974,BioREDirect,sentence_local
36358848,C000718190,D002289,Negative_Correlation,C000718190,0.9631553,BioREDirect,sentence_local
36358848,3845,7157,Association,,0.5123215,BioREDirect,sentence_local
36358848,C000718190,3845,Negative_Correlation,C000718190,0.9688746,BioREDirect,sentence_local
36358848,C000706028,3845,Negative_Correlation,C000706028,0.9689135,BioREDirect,sentence_local
36358848,3845,6794,Association,,0.60211444,BioREDirect,sentence_local
36358848,3845,9817,Association,,0.54496765,BioREDirect,sentence_local
36358848,C000706028,D002289,Negative_Correlation,C000706028,0.9497628,BioREDirect,sentence_local
36358848,D002289,3845,Association,3845,0.878899,BioREDirect,sentence_local
36358848,D000230,3845,Association,3845,0.7922785,BioREDirect,sentence_local
36361524,D000077191,627,Negative_Correlation,D000077191,0.9880557,BioREDirect,sentence_local
36361524,D000077191,5291,Negative_Correlation,D000077191,0.9722453,BioREDirect,sentence_local
36361524,D020258,4915,Association,4915,0.6211491,BioREDirect,sentence_local
36361524,D000077191,1385,Negative_Correlation,D000077191,0.98552346,BioREDirect,sentence_local
36361524,D020258,627,Association,627,0.759526,BioREDirect,sentence_local
36361524,4915,1385,Association,,0.7302974,BioREDirect,sentence_local
36361524,C113580,596,Negative_Correlation,C113580,0.98741245,BioREDirect,sentence_local
36361524,D020258,1385,Association,1385,0.68895036,BioREDirect,sentence_local
36361524,D000544,4137,Association,4137,0.9466156,BioREDirect,sentence_local
36361524,1385,627,Association,,0.5307714,BioREDirect,sentence_local
36361524,C113580,627,Negative_Correlation,C113580,0.98936045,BioREDirect,sentence_local
36361524,C113580,5594,Negative_Correlation,C113580,0.958279,BioREDirect,sentence_local
36361524,C113580,1385,Negative_Correlation,C113580,0.9866818,BioREDirect,sentence_local
36361524,D019636,627,Association,627,0.78093755,BioREDirect,sentence_local
36361524,4915,627,Association,,0.5575147,BioREDirect,sentence_local
36361524,D003374,D017382,Negative_Correlation,D003374,0.985168,BioREDirect,sentence_local
36361524,D003374,627,Positive_Correlation,D003374,0.9729003,BioREDirect,sentence_local
36361524,D003374,839,Negative_Correlation,D003374,0.9877809,BioREDirect,sentence_local
36361524,D003374,5594,Positive_Correlation,D003374,0.9853387,BioREDirect,sentence_local
36361524,D003374,4915,Positive_Correlation,D003374,0.991875,BioREDirect,sentence_local
36361524,D003374,4137,Negative_Correlation,D003374,0.95239973,BioREDirect,sentence_local
36361524,D003374,5291,Association,D003374,0.98274994,BioREDirect,sentence_local
36361524,D003374,D000544,Negative_Correlation,D003374,0.859559,BioREDirect,sentence_local
36361524,D003374,836,Negative_Correlation,D003374,0.9867035,BioREDirect,sentence_local
36361524,D003374,834,Negative_Correlation,D003374,0.9864182,BioREDirect,sentence_local
36361524,D003374,D024801,Negative_Correlation,D003374,0.9190112,BioREDirect,sentence_local
36361524,D003374,207,Association,D003374,0.9766284,BioREDirect,sentence_local
36361524,D024801,4915,Association,4915,0.96006,BioREDirect,sentence_local
36361524,D003374,1385,Positive_Correlation,D003374,0.98888624,BioREDirect,sentence_local
36361524,D024801,4137,Association,4137,0.95298517,BioREDirect,sentence_local
36361524,D000077191,596,Negative_Correlation,D000077191,0.9820826,BioREDirect,sentence_local
36361524,4915,207,Association,,0.802777,BioREDirect,sentence_local
36361524,5291,207,Association,,0.7648379,BioREDirect,sentence_local
36361582,D000242,118221147,Association,,0.7759152,BioREDirect,sentence_local
36361894,219333,581,Association,219333,0.9905577,BioREDirect,sentence_local
36362461,D050171,79679,Association,79679,0.9918079,BioREDirect,sentence_local
36362461,D011565,rs2066398,Association,rs2066398,0.98638666,BioREDirect,sentence_local
36362461,D011565,rs12025144,Association,rs12025144,0.98939544,BioREDirect,sentence_local
36362461,D011565,79679,Association,79679,0.98210365,BioREDirect,sentence_local
36362461,D008055,rs2066398,Association,rs2066398,0.9908697,BioREDirect,sentence_local
36362461,D050197,79679,Association,79679,0.9895587,BioREDirect,sentence_local
36362461,D003922,79679,Association,79679,0.97837424,BioREDirect,sentence_local
36362461,D003920,rs12025144,Positive_Correlation,rs12025144,0.9925029,BioREDirect,sentence_local
36362461,D003920,79679,Association,79679,0.9906247,BioREDirect,sentence_local
36362461,D050197,rs2066398,Positive_Correlation,rs2066398,0.99143445,BioREDirect,sentence_local
36362461,D050197,335,Association,335,0.5245548,BioREDirect,sentence_local
36362461,D008727,D011565,Negative_Correlation,D008727,0.97470224,BioREDirect,sentence_local
36362461,D008727,D050197,Negative_Correlation,D008727,0.9905211,BioREDirect,sentence_local
36362461,D008727,D003920,Association,D008727,0.9456044,BioREDirect,sentence_local
36362461,D008727,335,Negative_Correlation,D008727,0.99162954,BioREDirect,sentence_local
36362461,D050171,rs2066398,Positive_Correlation,rs2066398,0.9930396,BioREDirect,sentence_local
36362461,D050171,rs12025144,Positive_Correlation,rs12025144,0.9931398,BioREDirect,sentence_local
36362642,D012559,7018,Association,7018,0.74128056,BioREDirect,sentence_local
36362642,D012559,rs3811655,Association,rs3811655,0.99268156,BioREDirect,sentence_local
36362642,D001523,7018,Association,7018,0.98990077,BioREDirect,sentence_local
36362642,D001523,rs3811655,Positive_Correlation,rs3811655,0.99399084,BioREDirect,sentence_local
36362642,D007501,rs3811655,Association,rs3811655,0.7193975,BioREDirect,sentence_local
36362642,D003072,7018,Association,7018,0.99018085,BioREDirect,sentence_local
36362642,D007501,D012559,Association,D007501,0.76585126,BioREDirect,sentence_local
36362642,D003072,rs3811655,Positive_Correlation,rs3811655,0.99323636,BioREDirect,sentence_local
36362642,D007501,D003072,Association,,0.82190186,BioREDirect,sentence_local
36362642,D007501,D001523,Association,,0.78517175,BioREDirect,sentence_local
36364874,D050177,120227,Association,120227,0.7102744,BioREDirect,sentence_local
36364874,D050177,rs7975232,Association,rs7975232,0.9430145,BioREDirect,sentence_local
36364874,D050177,rs10741657,Association,rs10741657,0.92865074,BioREDirect,sentence_local
36364874,D006943,120227,Association,120227,0.9660226,BioREDirect,sentence_local
36364874,D006943,rs12794714,Positive_Correlation,rs12794714,0.9887156,BioREDirect,sentence_local
36364874,D006943,rs10741657,Association,rs10741657,0.98774046,BioREDirect,sentence_local
36364874,D009765,120227,Association,120227,0.8037627,BioREDirect,sentence_local
36364874,D009765,7421,Association,7421,0.8869366,BioREDirect,sentence_local
36364874,D009765,rs7975232,Association,rs7975232,0.9739837,BioREDirect,sentence_local
36364874,D009765,rs10741657,Association,rs10741657,0.9659562,BioREDirect,sentence_local
36364874,D024821,120227,Association,120227,0.98527676,BioREDirect,sentence_local
36364874,D024821,rs12794714,Positive_Correlation,rs12794714,0.9917053,BioREDirect,sentence_local
36364874,D024821,rs10741657,Positive_Correlation,rs10741657,0.9910102,BioREDirect,sentence_local
36364874,D024821,7421,Association,7421,0.8681863,BioREDirect,sentence_local
36364874,D006973,7421,Association,7421,0.98075473,BioREDirect,sentence_local
36364874,D006973,120227,Association,120227,0.91366863,BioREDirect,sentence_local
36364874,D006973,rs7975232,Positive_Correlation,rs7975232,0.9885554,BioREDirect,sentence_local
36364874,D003920,120227,Association,120227,0.9751437,BioREDirect,sentence_local
36364874,D003920,7421,Association,7421,0.9813669,BioREDirect,sentence_local
36364874,D003920,rs7975232,Positive_Correlation,rs7975232,0.98643976,BioREDirect,sentence_local
36364874,D003920,rs10741657,Positive_Correlation,rs10741657,0.9886718,BioREDirect,sentence_local
36364874,D050177,7421,Association,7421,0.7893284,BioREDirect,sentence_local
36364930,D002289,rs3782130,Negative_Correlation,rs3782130,0.9860767,BioREDirect,sentence_local
36364930,D002289,rs703842,Negative_Correlation,rs703842,0.98611623,BioREDirect,sentence_local
36364930,D014807,D002289,Association,D014807,0.76381445,BioREDirect,sentence_local
36364930,D002289,rs1544410,Negative_Correlation,rs1544410,0.98852754,BioREDirect,sentence_local
36364930,D002289,rs731236,Negative_Correlation,rs731236,0.9853285,BioREDirect,sentence_local
36364930,D002289,7421,Association,7421,0.988877,BioREDirect,sentence_local
36364930,D002289,rs10877012,Negative_Correlation,rs10877012,0.98501706,BioREDirect,sentence_local
36364930,D002289,rs7975232,Negative_Correlation,rs7975232,0.98503244,BioREDirect,sentence_local
36364930,D002289,rs4646536,Negative_Correlation,rs4646536,0.986447,BioREDirect,sentence_local
36366419,D000069455,p|SUB|S|275|F,Association,p,0.91410536,BioREDirect,sentence_local
36366419,D060085,1494475,Association,1494475,0.82682127,BioREDirect,sentence_local
36366419,D014777,1494475,Association,1494475,0.82682127,BioREDirect,sentence_local
36384536,2965,23132,Association,,0.7515443,BioREDirect,sentence_local
36384536,D002294,2965,Association,2965,0.9708828,BioREDirect,sentence_local
36384536,D008175,rs3802967,Negative_Correlation,rs3802967,0.9372293,BioREDirect,sentence_local
36384536,D008175,rs11720298,Negative_Correlation,rs11720298,0.98227996,BioREDirect,sentence_local
36384536,D008175,23132,Association,23132,0.9913599,BioREDirect,sentence_local
36384536,D008175,rs4687592,Positive_Correlation,rs4687592,0.9896506,BioREDirect,sentence_local
36384536,D008175,2965,Negative_Correlation,2965,0.990606,BioREDirect,sentence_local
36384536,D008175,rs4150667,Negative_Correlation,rs4150667,0.986578,BioREDirect,sentence_local
36384536,D008175,rs9864693,Positive_Correlation,rs9864693,0.99002236,BioREDirect,sentence_local
36384536,D002294,rs3802967,Negative_Correlation,rs3802967,0.96231925,BioREDirect,sentence_local
36385756,D001523,67772,Association,67772,0.97738445,BioREDirect,sentence_local
36385756,D001523,p|SUB|N|2373|K,Association,p,0.9617658,BioREDirect,sentence_local
36385756,D000067877,67772,Association,67772,0.717079,BioREDirect,sentence_local
36385756,D001321,67772,Association,67772,0.8767041,BioREDirect,sentence_local
36385756,D000067877,rs1331026006,Positive_Correlation,rs1331026006,0.98093754,BioREDirect,sentence_local
36385756,D000067877,57680,Association,57680,0.8495448,BioREDirect,sentence_local
36385756,D001321,rs1331026006,Positive_Correlation,rs1331026006,0.9878564,BioREDirect,sentence_local
36386806,C536227,1991,Association,1991,0.748351,BioREDirect,sentence_local
36386806,C536227,c|SUB|T|180|G,Positive_Correlation,c,0.98616415,BioREDirect,sentence_local
36386806,C536227,p|SUB|I|60|M,Positive_Correlation,p,0.98978883,BioREDirect,sentence_local
36386806,C536227,rs137854447,Positive_Correlation,rs137854447,0.9758469,BioREDirect,sentence_local
36386806,D009503,1991,Association,1991,0.8332641,BioREDirect,sentence_local
36387492,D000086382,6401,Association,6401,0.99041766,BioREDirect,sentence_local
36387492,D000086382,rs2020921,Positive_Correlation,rs2020921,0.9924459,BioREDirect,sentence_local
36387492,D000086382,rs8176592,Positive_Correlation,rs8176592,0.99254906,BioREDirect,sentence_local
36387492,D000086382,6403,Association,6403,0.9907996,BioREDirect,sentence_local
36387492,D000086382,rs5361,Association,rs5361,0.99009717,BioREDirect,sentence_local
36387492,D000086382,rs6133,Association,rs6133,0.99031466,BioREDirect,sentence_local
36387492,D000086382,7035,Association,7035,0.9910993,BioREDirect,sentence_local
36387492,D000086382,5327,Association,5327,0.9879689,BioREDirect,sentence_local
36388127,C472645,D002118,Association,C472645,0.8272382,BioREDirect,sentence_local
36388127,C472645,D002312,Negative_Correlation,C472645,0.9684949,BioREDirect,sentence_local
36388127,C000605992,D002312,Negative_Correlation,C000605992,0.9442202,BioREDirect,sentence_local
36388127,D002312,p|SUB|R|403|Q,Association,p,0.67461807,BioREDirect,sentence_local
36388127,C547293,D002312,Negative_Correlation,C547293,0.9730161,BioREDirect,sentence_local
36388127,C547293,D002118,Association,C547293,0.83147943,BioREDirect,sentence_local
36388945,C023717,3553,Association,C023717,0.9649831,BioREDirect,sentence_local
36388945,D005419,D000086382,Association,D000086382,0.67244965,BioREDirect,sentence_local
36388945,D000086382,3605,Association,,0.62360793,BioREDirect,sentence_local
36388945,D000086382,43740578,Association,43740578,0.56986797,BioREDirect,sentence_local
36388945,D007249,3576,Association,3576,0.7503041,BioREDirect,sentence_local
36388945,D007249,7124,Association,7124,0.5214815,BioREDirect,sentence_local
36388945,D000086382,7124,Association,7124,0.81607515,BioREDirect,sentence_local
36388945,D000086382,3576,Association,3576,0.8846655,BioREDirect,sentence_local
36388945,D000086382,59272,Association,59272,0.70626587,BioREDirect,sentence_local
36388945,D007249,3553,Association,3553,0.6788708,BioREDirect,sentence_local
36388945,D000086382,43740568,Association,43740568,0.5985999,BioREDirect,sentence_local
36388945,C518327,D000086382,Negative_Correlation,C518327,0.96729696,BioREDirect,sentence_local
36388945,D000086382,7097,Association,,0.7613206,BioREDirect,sentence_local
36388945,D000086382,3553,Association,3553,0.82104677,BioREDirect,sentence_local
36388945,D004365,C518327,Association,D004365,0.8870958,BioREDirect,sentence_local
36388945,D000086382,3569,Association,3569,0.76496446,BioREDirect,sentence_local
36388945,C031327,D000086382,Negative_Correlation,C031327,0.9479755,BioREDirect,sentence_local
36388945,D004365,C031327,Association,D004365,0.89942455,BioREDirect,sentence_local
36388945,C006680,D000086382,Negative_Correlation,C006680,0.9469197,BioREDirect,sentence_local
36388945,D047311,D000086382,Negative_Correlation,D047311,0.9298257,BioREDirect,sentence_local
36388945,D011794,D000086382,Negative_Correlation,D011794,0.9256152,BioREDirect,sentence_local
36388945,D047311,3576,Association,D047311,0.96246666,BioREDirect,sentence_local
36388945,D011794,3553,Association,D011794,0.86471874,BioREDirect,sentence_local
36388945,C005273,D000086382,Negative_Correlation,C005273,0.96562105,BioREDirect,sentence_local
36388945,D047311,3553,Association,D047311,0.95327723,BioREDirect,sentence_local
36388945,D004365,D000086382,Association,D004365,0.79531205,BioREDirect,sentence_local
36388945,C023717,D000086382,Negative_Correlation,C023717,0.9590104,BioREDirect,sentence_local
36388945,D004365,3553,Association,D004365,0.9174447,BioREDirect,sentence_local
36388945,C006552,D000086382,Negative_Correlation,C006552,0.948638,BioREDirect,sentence_local
36388945,C023717,3576,Association,C023717,0.96797234,BioREDirect,sentence_local
36389080,D003704,3552,Association,3552,0.9655478,BioREDirect,sentence_local
36389080,D003704,3458,Association,3458,0.9671252,BioREDirect,sentence_local
36389080,D003704,7124,Association,7124,0.96723825,BioREDirect,sentence_local
36389080,rs361525,rs1800629,Association,,0.8072278,BioREDirect,sentence_local
36389080,D003704,3569,Association,3569,0.9618717,BioREDirect,sentence_local
36397318,D011225,c|SUB|A|-1166|C,Positive_Correlation,c,0.9916899,BioREDirect,sentence_local
36397318,D011225,185,Association,185,0.9887581,BioREDirect,sentence_local
36397853,OMIM:228520,1301,Association,1301,0.93881714,BioREDirect,sentence_local
36399957,D009569,14528,Negative_Correlation,D009569,0.9546362,BioREDirect,sentence_local
36399957,C007957,18126,Association,C007957,0.9406049,BioREDirect,sentence_local
36399957,C007957,D000111,Negative_Correlation,D000111,0.936939,BioREDirect,sentence_local
36399957,C007957,p|SUB|C|141|A,Association,C007957,0.9664473,BioREDirect,sentence_local
36399957,C007957,C090663,Negative_Correlation,C090663,0.9466586,BioREDirect,sentence_local
36399957,C007957,14528,Positive_Correlation,C007957,0.9797584,BioREDirect,sentence_local
36399957,C007957,2643,Association,C007957,0.9492803,BioREDirect,sentence_local
36399957,C007957,D003072,Positive_Correlation,C007957,0.90223825,BioREDirect,sentence_local
36399957,D000111,14528,Negative_Correlation,D000111,0.5265568,BioREDirect,sentence_local
36399957,C007957,C003402,Negative_Correlation,C007957,0.98753977,BioREDirect,sentence_local
36399957,18126,2643,Association,18126,0.9440027,BioREDirect,sentence_local
36399957,C003402,D000111,Negative_Correlation,D000111,0.824778,BioREDirect,sentence_local
36399957,C003402,C090663,Negative_Correlation,C090663,0.93610215,BioREDirect,sentence_local
36399957,C001803,18126,Negative_Correlation,C001803,0.58823436,BioREDirect,sentence_local
36399957,D003545,14528,Association,,0.57091916,BioREDirect,sentence_local
36399957,C001803,14528,Negative_Correlation,C001803,0.5418173,BioREDirect,sentence_local
36399957,D002561,14528,Association,14528,0.9763099,BioREDirect,sentence_local
36399957,D020138,2643,Association,2643,0.9202862,BioREDirect,sentence_local
36399957,D003072,18126,Association,18126,0.98188883,BioREDirect,sentence_local
36399957,D003072,14528,Association,14528,0.8518998,BioREDirect,sentence_local
36399957,D003072,2643,Association,2643,0.7847464,BioREDirect,sentence_local
36401380,D003924,6833,Association,6833,0.9547153,BioREDirect,sentence_local
36401380,D003924,rs5219,Positive_Correlation,rs5219,0.99326754,BioREDirect,sentence_local
36401380,D003924,3767,Association,3767,0.97847486,BioREDirect,sentence_local
36404555,D028361,4567,Association,4567,0.8056191,BioREDirect,sentence_local
36404555,D007674,m|DEL|3274_3275|AC,Positive_Correlation,m,0.98391056,BioREDirect,sentence_local
36404555,D017237,m|DEL|3274_3275|AC,Positive_Correlation,m,0.98218507,BioREDirect,sentence_local
36404555,C536246,4567,Association,4567,0.975669,BioREDirect,sentence_local
36404555,D017237,4567,Association,4567,0.92279977,BioREDirect,sentence_local
36404555,D009202,4567,Association,4567,0.9660946,BioREDirect,sentence_local
36404555,D011507,4567,Association,4567,0.9340542,BioREDirect,sentence_local
36404555,D009135,m|SUB|A|3243|G,Association,m,0.9753541,BioREDirect,sentence_local
36404555,D009202,m|SUB|A|3243|G,Association,m,0.9708336,BioREDirect,sentence_local
36404555,D005923,m|SUB|A|3243|G,Association,m,0.9656227,BioREDirect,sentence_local
36404555,D011507,m|DEL|3274_3275|AC,Positive_Correlation,m,0.98391056,BioREDirect,sentence_local
36404555,D005923,4567,Association,4567,0.9648982,BioREDirect,sentence_local
36404555,D017241,4567,Association,4567,0.9650299,BioREDirect,sentence_local
36404555,D007674,4567,Association,4567,0.9340542,BioREDirect,sentence_local
36404555,C536246,m|SUB|A|3243|G,Association,m,0.963835,BioREDirect,sentence_local
36404555,D017241,m|SUB|A|3243|G,Association,m,0.9540345,BioREDirect,sentence_local
36404555,D009135,4567,Association,4567,0.97307724,BioREDirect,sentence_local
36404555,D028361,m|DEL|3274_3275|AC,Positive_Correlation,m,0.98469967,BioREDirect,sentence_local
36408215,D020927,291926,Negative_Correlation,D020927,0.98840827,BioREDirect,sentence_local
36408215,D020927,D009135,Negative_Correlation,D020927,0.9751559,BioREDirect,sentence_local
36408215,D020927,D009209,Negative_Correlation,D020927,0.97908235,BioREDirect,sentence_local
36408215,D020927,309165,Negative_Correlation,D020927,0.985989,BioREDirect,sentence_local
36408215,D020927,81523,Negative_Correlation,D020927,0.98734087,BioREDirect,sentence_local
36408215,D020927,24835,Negative_Correlation,D020927,0.9855881,BioREDirect,sentence_local
36408215,24835,499497,Positive_Correlation,24835,0.9880712,BioREDirect,sentence_local
36408215,24835,291926,Positive_Correlation,24835,0.984593,BioREDirect,sentence_local
36408215,24835,309165,Positive_Correlation,24835,0.9786582,BioREDirect,sentence_local
36408215,24835,81523,Positive_Correlation,24835,0.9875364,BioREDirect,sentence_local
36408215,D007249,499497,Association,499497,0.98963916,BioREDirect,sentence_local
36408215,D010146,24835,Negative_Correlation,24835,0.9667254,BioREDirect,sentence_local
36408215,D009135,4208,Association,4208,0.9672801,BioREDirect,sentence_local
36408215,C412811,291926,Negative_Correlation,C412811,0.9846355,BioREDirect,sentence_local
36408215,D009135,309165,Association,309165,0.57404524,BioREDirect,sentence_local
36408215,C412811,499497,Negative_Correlation,C412811,0.98505634,BioREDirect,sentence_local
36408215,D020927,499497,Negative_Correlation,D020927,0.9862353,BioREDirect,sentence_local
36408215,C412811,D010146,Positive_Correlation,C412811,0.98649395,BioREDirect,sentence_local
36408215,C412811,81523,Negative_Correlation,C412811,0.981296,BioREDirect,sentence_local
36408215,C412811,309165,Negative_Correlation,C412811,0.9809281,BioREDirect,sentence_local
36408789,C504424,5327,Association,C504424,0.65349925,BioREDirect,sentence_local
36408789,D019636,5274,Association,5274,0.83921653,BioREDirect,sentence_local
36408789,C536841,5274,Association,5274,0.7851094,BioREDirect,sentence_local
36408789,p|SUB|H|138|C,p|SUB|W|154|C,Association,,0.7978174,BioREDirect,sentence_local
36408789,5274,5327,Negative_Correlation,5274,0.964534,BioREDirect,sentence_local
36408789,C504424,p|SUB|H|138|C,Association,C504424,0.6317657,BioREDirect,sentence_local
36411082,D000544,351,Association,351,0.95336205,BioREDirect,sentence_local
36416673,C586094,C585405,Cotreatment,,0.5299879,BioREDirect,sentence_local
36416673,D019438,1576,Negative_Correlation,D019438,0.9477599,BioREDirect,sentence_local
36416673,C585405,C588260,Cotreatment,,0.7106254,BioREDirect,sentence_local
36416673,D020123,1576,Association,,0.8713534,BioREDirect,sentence_local
36416673,D019438,C588260,Cotreatment,,0.66918993,BioREDirect,sentence_local
36416673,D019438,D000068338,Positive_Correlation,D019438,0.9908263,BioREDirect,sentence_local
36416673,D000068338,1576,Association,,0.85482323,BioREDirect,sentence_local
36416673,C586094,C588260,Cotreatment,,0.69842166,BioREDirect,sentence_local
36416673,D019438,D020123,Positive_Correlation,D019438,0.990734,BioREDirect,sentence_local
36416673,D019438,C586094,Cotreatment,,0.6253182,BioREDirect,sentence_local
36416673,D019438,C585405,Cotreatment,,0.6007671,BioREDirect,sentence_local
36418322,D006333,rs28714259,Positive_Correlation,rs28714259,0.93365145,BioREDirect,sentence_local
36418322,D004317,D006332,Association,D004317,0.7792043,BioREDirect,sentence_local
36418322,D018943,D066126,Positive_Correlation,D018943,0.9713996,BioREDirect,sentence_local
36418322,D003907,2908,Positive_Correlation,D003907,0.85263,BioREDirect,sentence_local
36418322,D018943,rs28714259,Positive_Correlation,rs28714259,0.8508088,BioREDirect,sentence_local
36418322,D018943,D006333,Positive_Correlation,D018943,0.97687495,BioREDirect,sentence_local
36418322,D004317,rs28714259,Association,rs28714259,0.83283997,BioREDirect,sentence_local
36418322,D003907,D004317,Negative_Correlation,D003907,0.7656014,BioREDirect,sentence_local
36418322,D004317,2908,Association,,0.6105034,BioREDirect,sentence_local
36418322,D006331,rs28714259,Positive_Correlation,rs28714259,0.97383595,BioREDirect,sentence_local
36418322,D003907,rs28714259,Association,rs28714259,0.9496114,BioREDirect,sentence_local
36418322,D018943,D001943,Negative_Correlation,D018943,0.9854777,BioREDirect,sentence_local
36419668,7097,5133,Positive_Correlation,7097,0.98879224,BioREDirect,sentence_local
36419668,D007249,7124,Association,7124,0.95352536,BioREDirect,sentence_local
36419668,5133,7124,Association,5133,0.9664591,BioREDirect,sentence_local
36419668,D007249,29126,Association,29126,0.97187364,BioREDirect,sentence_local
36419668,D007249,3458,Association,3458,0.91402173,BioREDirect,sentence_local
36419668,D007249,5133,Association,5133,0.983488,BioREDirect,sentence_local
36419668,D015440,7099,Association,7099,0.9626979,BioREDirect,sentence_local
36419668,29126,3458,Association,29126,0.9482381,BioREDirect,sentence_local
36419668,D015440,7097,Association,7097,0.9659294,BioREDirect,sentence_local
36419668,D015440,5133,Association,5133,0.9714083,BioREDirect,sentence_local
36419668,7099,29126,Association,,0.9294977,BioREDirect,sentence_local
36419668,29126,7124,Association,29126,0.9486628,BioREDirect,sentence_local
36419668,7097,29126,Association,,0.9252362,BioREDirect,sentence_local
36419668,5133,29126,Bind,,0.6561601,BioREDirect,sentence_local
36419668,D007918,920,Association,920,0.53740245,BioREDirect,sentence_local
36419668,5133,3458,Association,5133,0.97314847,BioREDirect,sentence_local
36419668,D007918,7099,Association,7099,0.9154861,BioREDirect,sentence_local
36419668,D007918,7097,Association,7097,0.92652476,BioREDirect,sentence_local
36419668,7099,5133,Positive_Correlation,7099,0.9884791,BioREDirect,sentence_local
36420263,68799,12166,Association,,0.7321351,BioREDirect,sentence_local
36420263,68799,652,Bind,652,0.51643854,BioREDirect,sentence_local
36420263,285704,4756,Association,,0.7456588,BioREDirect,sentence_local
36420263,285704,58205,Bind,285704,0.6281299,BioREDirect,sentence_local
36420263,285704,657,Association,,0.7321351,BioREDirect,sentence_local
36420263,285704,652,Bind,652,0.51643854,BioREDirect,sentence_local
36420263,285704,16153,Positive_Correlation,285704,0.9836542,BioREDirect,sentence_local
36420263,285704,650,Bind,650,0.51643854,BioREDirect,sentence_local
36420263,68799,657,Association,,0.7321351,BioREDirect,sentence_local
36420263,68799,16153,Positive_Correlation,68799,0.9836542,BioREDirect,sentence_local
36420263,68799,650,Bind,650,0.51643854,BioREDirect,sentence_local
36420263,68799,12156,Bind,68799,0.60621923,BioREDirect,sentence_local
36420263,68799,15978,Positive_Correlation,68799,0.97778213,BioREDirect,sentence_local
36420263,285704,12156,Bind,285704,0.60621923,BioREDirect,sentence_local
36420263,D003092,68799,Association,68799,0.9914704,BioREDirect,sentence_local
36420263,D003092,285704,Association,285704,0.9914704,BioREDirect,sentence_local
36420263,D005759,68799,Association,68799,0.9263143,BioREDirect,sentence_local
36420263,D005759,285704,Association,285704,0.9263143,BioREDirect,sentence_local
36420263,D052016,68799,Association,68799,0.9833444,BioREDirect,sentence_local
36420263,D052016,285704,Association,285704,0.9833444,BioREDirect,sentence_local
36420263,285704,15978,Positive_Correlation,285704,0.97778213,BioREDirect,sentence_local
36420263,68799,58205,Bind,68799,0.6281299,BioREDirect,sentence_local
36420263,68799,12159,Bind,68799,0.60621923,BioREDirect,sentence_local
36420263,285704,12159,Bind,285704,0.60621923,BioREDirect,sentence_local
36420263,68799,4756,Association,,0.7456588,BioREDirect,sentence_local
36420263,D006086,68799,Association,68799,0.9934042,BioREDirect,sentence_local
36420263,68799,18007,Association,,0.66017133,BioREDirect,sentence_local
36420263,D006086,285704,Association,285704,0.9934042,BioREDirect,sentence_local
36420263,285704,12166,Association,,0.7321351,BioREDirect,sentence_local
36420263,285704,18007,Association,,0.66017133,BioREDirect,sentence_local
36420263,D015212,68799,Association,68799,0.9919654,BioREDirect,sentence_local
36420263,D015212,285704,Association,285704,0.9919654,BioREDirect,sentence_local
36420263,68799,16191,Negative_Correlation,68799,0.9835935,BioREDirect,sentence_local
36420263,285704,16191,Negative_Correlation,285704,0.9835935,BioREDirect,sentence_local
36421383,D004194,6513,Association,6513,0.5986892,BioREDirect,sentence_local
36421383,D005947,6513,Association,,0.5310285,BioREDirect,sentence_local
36421438,C001803,10911,Negative_Correlation,C001803,0.9708181,BioREDirect,sentence_local
36421438,C056165,10911,Negative_Correlation,C056165,0.9666205,BioREDirect,sentence_local
36421438,D006862,81649,Negative_Correlation,D006862,0.99024886,BioREDirect,sentence_local
36421438,D006862,10911,Negative_Correlation,D006862,0.98871535,BioREDirect,sentence_local
36421438,D006862,D017382,Negative_Correlation,D006862,0.7196568,BioREDirect,sentence_local
36421438,D006862,2775,Association,D006862,0.9892855,BioREDirect,sentence_local
36421438,D006862,875,Positive_Correlation,875,0.54452056,BioREDirect,sentence_local
36421438,D017382,1432,Association,,0.65725476,BioREDirect,sentence_local
36421438,D017382,5594,Association,,0.64167714,BioREDirect,sentence_local
36421438,D017382,5595,Association,,0.64167714,BioREDirect,sentence_local
36421438,D017382,10911,Positive_Correlation,10911,0.9129924,BioREDirect,sentence_local
36421438,C093973,10911,Negative_Correlation,C093973,0.9694799,BioREDirect,sentence_local
36421438,C025451,10911,Negative_Correlation,C025451,0.9866453,BioREDirect,sentence_local
36421438,D003545,10911,Negative_Correlation,D003545,0.983888,BioREDirect,sentence_local
36421438,C093642,10911,Negative_Correlation,C093642,0.96157897,BioREDirect,sentence_local
36421438,D012435,10911,Negative_Correlation,D012435,0.9863658,BioREDirect,sentence_local
36421438,10911,81649,Positive_Correlation,10911,0.9849445,BioREDirect,sentence_local
36421438,10911,85431,Positive_Correlation,10911,0.99140304,BioREDirect,sentence_local
36421438,10911,114553,Positive_Correlation,10911,0.9914152,BioREDirect,sentence_local
36421438,10911,1432,Association,10911,0.9232662,BioREDirect,sentence_local
36421438,10911,5594,Association,10911,0.7885922,BioREDirect,sentence_local
36421438,10911,5595,Association,10911,0.7885922,BioREDirect,sentence_local
36421438,10911,50689,Association,10911,0.98782676,BioREDirect,sentence_local
36421438,10911,116590,Association,10911,0.98782676,BioREDirect,sentence_local
36421788,D016649,2488,Association,2488,0.95335686,BioREDirect,sentence_local
36421788,D016649,1081,Association,1081,0.95335686,BioREDirect,sentence_local
36421788,C537286,51081,Association,51081,0.98914963,BioREDirect,sentence_local
36421788,D016649,51081,Association,51081,0.98849607,BioREDirect,sentence_local
36421788,D006319,51081,Association,51081,0.89899665,BioREDirect,sentence_local
36421807,D012559,rs11763131,Positive_Correlation,rs11763131,0.9856214,BioREDirect,sentence_local
36421807,D001145,3757,Association,3757,0.95196056,BioREDirect,sentence_local
36421807,D006331,rs2239061,Association,rs2239061,0.96909755,BioREDirect,sentence_local
36421807,D012559,775,Association,775,0.96820056,BioREDirect,sentence_local
36421807,D012559,rs3800779,Positive_Correlation,rs3800779,0.98686117,BioREDirect,sentence_local
36421807,D003643,775,Association,775,0.9559388,BioREDirect,sentence_local
36421807,D012559,rs1036145,Positive_Correlation,rs1036145,0.98193055,BioREDirect,sentence_local
36421807,D003643,3757,Association,3757,0.9034747,BioREDirect,sentence_local
36421807,D012559,rs748693,Positive_Correlation,rs748693,0.9871296,BioREDirect,sentence_local
36421807,D006331,rs2283274,Association,rs2283274,0.986548,BioREDirect,sentence_local
36421807,D012559,rs2239061,Positive_Correlation,rs2239061,0.9839549,BioREDirect,sentence_local
36421807,D012559,rs3807373,Positive_Correlation,rs3807373,0.9856608,BioREDirect,sentence_local
36421807,D006331,775,Association,775,0.99266124,BioREDirect,sentence_local
36421807,D012559,3757,Association,3757,0.92778194,BioREDirect,sentence_local
36421807,D006331,3757,Association,3757,0.98295975,BioREDirect,sentence_local
36421807,D001145,775,Association,775,0.9690053,BioREDirect,sentence_local
36421822,D003643,19,Association,19,0.98836076,BioREDirect,sentence_local
36421822,D003643,183,Association,183,0.9909751,BioREDirect,sentence_local
36421822,D003324,1535,Association,1535,0.99058783,BioREDirect,sentence_local
36421822,D003643,1535,Association,1535,0.9911742,BioREDirect,sentence_local
36421822,D003324,183,Association,183,0.99046844,BioREDirect,sentence_local
36421822,D003324,19,Association,19,0.9882783,BioREDirect,sentence_local
36421847,D003553,D003555,Positive_Correlation,D003553,0.62660795,BioREDirect,sentence_local
36421847,D003553,D007669,Positive_Correlation,D003553,0.5678837,BioREDirect,sentence_local
36421847,D003553,D056844,Positive_Correlation,D003553,0.8679397,BioREDirect,sentence_local
36421847,D003555,6519,Association,6519,0.5564507,BioREDirect,sentence_local
36421847,D003555,11136,Association,11136,0.97117776,BioREDirect,sentence_local
36421847,D007669,6519,Association,6519,0.91327846,BioREDirect,sentence_local
36421847,D007669,rs772810111,Association,rs772810111,0.97617173,BioREDirect,sentence_local
36421847,D007669,c|SUB|G|818|A,Association,c,0.98181605,BioREDirect,sentence_local
36421847,D003554,6519,Association,6519,0.90041137,BioREDirect,sentence_local
36421847,D003554,rs772810111,Association,rs772810111,0.9758188,BioREDirect,sentence_local
36421847,D003554,c|SUB|G|818|A,Association,c,0.9820093,BioREDirect,sentence_local
36425336,D004827,2566,Association,2566,0.9728655,BioREDirect,sentence_local
36425336,C562694,2566,Association,2566,0.9885408,BioREDirect,sentence_local
36425336,C562694,c|SUB|C|540|T,Association,c,0.68365043,BioREDirect,sentence_local
36425336,C562694,rs211037,Positive_Correlation,rs211037,0.9890693,BioREDirect,sentence_local
36425553,D000077716,1956,Association,D000077716,0.92950964,BioREDirect,sentence_local
36425553,D000077716,D002289,Negative_Correlation,D000077716,0.95788795,BioREDirect,sentence_local
36425553,D002289,1956,Association,1956,0.7837808,BioREDirect,sentence_local
36425568,D010710,1956,Association,1956,0.54906917,BioREDirect,sentence_local
36425568,D002289,p|INS|770_771|SVD,Association,p,0.7788798,BioREDirect,sentence_local
36425568,D002289,p|INS|763_764|FQEA,Association,p,0.72755206,BioREDirect,sentence_local
36425568,D002289,p|INS|769_770|ASY,Association,p,0.89071935,BioREDirect,sentence_local
36425568,D002289,p|INDEL|770|GY,Association,p,0.72259027,BioREDirect,sentence_local
36425568,D002289,1956,Association,1956,0.5358561,BioREDirect,sentence_local
36428825,D004687,3417,Association,3417,0.94964236,BioREDirect,sentence_local
36428825,D004687,rs121913499,Association,rs121913499,0.9908704,BioREDirect,sentence_local
36428825,D004687,3418,Association,3418,0.94336796,BioREDirect,sentence_local
36428825,D004687,rs121913500,Association,rs121913500,0.97291946,BioREDirect,sentence_local
36428825,D009369,3417,Association,3417,0.9664639,BioREDirect,sentence_local
36428825,D009369,rs121913499,Association,rs121913499,0.99056834,BioREDirect,sentence_local
36428825,D009369,3418,Association,3418,0.9553545,BioREDirect,sentence_local
36428825,D009369,rs121913500,Association,rs121913500,0.98982036,BioREDirect,sentence_local
36428825,D006391,3417,Association,3417,0.91083163,BioREDirect,sentence_local
36428825,D006391,rs121913499,Association,rs121913499,0.9893471,BioREDirect,sentence_local
36428825,D010051,3417,Association,3417,0.9678022,BioREDirect,sentence_local
36428825,D010051,rs121913499,Association,rs121913499,0.984606,BioREDirect,sentence_local
36428825,D002812,rs121913499,Association,rs121913499,0.98788595,BioREDirect,sentence_local
36428825,D002812,3417,Association,3417,0.88647395,BioREDirect,sentence_local
36428825,D002357,3417,Association,3417,0.8843293,BioREDirect,sentence_local
36428825,D002357,rs121913499,Association,rs121913499,0.9847044,BioREDirect,sentence_local
36428825,D012878,3417,Association,3417,0.91083163,BioREDirect,sentence_local
36428825,D002357,rs121913500,Association,rs121913500,0.98644674,BioREDirect,sentence_local
36428825,D012878,rs121913499,Association,rs121913499,0.9893471,BioREDirect,sentence_local
36428825,D002813,3417,Association,3417,0.9267218,BioREDirect,sentence_local
36428825,D002813,rs121913499,Association,rs121913499,0.98775333,BioREDirect,sentence_local
36429029,C535968,c|SUB|C|5255|G,Association,c,0.99093807,BioREDirect,sentence_local
36429029,D008268,101885491,Association,101885491,0.9806692,BioREDirect,sentence_local
36429029,C535968,p|FS|D|1434||3,Association,p,0.99233115,BioREDirect,sentence_local
36429029,C535968,8777,Association,8777,0.9897143,BioREDirect,sentence_local
36429029,D012162,101885491,Association,101885491,0.9843126,BioREDirect,sentence_local
36429029,D008268,8777,Association,8777,0.97677714,BioREDirect,sentence_local
36429029,C535968,p|SUB|S|1752|X,Association,p,0.99176776,BioREDirect,sentence_local
36429029,C535968,c|DEL|4301|A,Association,c,0.9911875,BioREDirect,sentence_local
36429029,D003103,101885491,Association,101885491,0.9932069,BioREDirect,sentence_local
36432690,D002331,12895,Association,,0.843047,BioREDirect,sentence_local
36432690,D000077185,238505,Positive_Correlation,D000077185,0.97814095,BioREDirect,sentence_local
36432690,D000077185,57279,Positive_Correlation,D000077185,0.97737634,BioREDirect,sentence_local
36432690,D002331,57279,Association,,0.80462635,BioREDirect,sentence_local
36432690,D002331,12896,Association,,0.817212,BioREDirect,sentence_local
36432690,C006780,12895,Positive_Correlation,C006780,0.9933721,BioREDirect,sentence_local
36432690,C006780,D007930,Negative_Correlation,C006780,0.98803,BioREDirect,sentence_local
36432690,C006780,D008659,Positive_Correlation,C006780,0.8890338,BioREDirect,sentence_local
36432690,C006780,D000077185,Negative_Correlation,D000077185,0.946957,BioREDirect,sentence_local
36432690,C006780,16816,Positive_Correlation,C006780,0.9924029,BioREDirect,sentence_local
36432690,C006780,D001216,Negative_Correlation,C006780,0.98590255,BioREDirect,sentence_local
36432690,C006780,238505,Positive_Correlation,C006780,0.9923624,BioREDirect,sentence_local
36432690,C006780,20655,Negative_Correlation,C006780,0.9703331,BioREDirect,sentence_local
36432690,C006780,D013654,Negative_Correlation,C006780,0.98724097,BioREDirect,sentence_local
36432690,C006780,D013912,Negative_Correlation,C006780,0.9873612,BioREDirect,sentence_local
36432690,C006780,74114,Positive_Correlation,C006780,0.9931942,BioREDirect,sentence_local
36432690,C006780,D005978,Negative_Correlation,C006780,0.9569956,BioREDirect,sentence_local
36432690,C006780,D008315,Positive_Correlation,C006780,0.989003,BioREDirect,sentence_local
36432690,C006780,12896,Positive_Correlation,C006780,0.99331903,BioREDirect,sentence_local
36432690,C006780,12359,Negative_Correlation,C006780,0.8644655,BioREDirect,sentence_local
36432690,C006780,D008055,Association,C006780,0.98112476,BioREDirect,sentence_local
36432690,C006780,57279,Positive_Correlation,C006780,0.9928427,BioREDirect,sentence_local
36432690,C006780,14775,Negative_Correlation,C006780,0.97583437,BioREDirect,sentence_local
36432690,C006780,D018698,Negative_Correlation,C006780,0.9865153,BioREDirect,sentence_local
36432690,C006780,D009646,Negative_Correlation,C006780,0.9835528,BioREDirect,sentence_local
36437455,D054556,285440,Association,285440,0.9736354,BioREDirect,sentence_local
36437455,D000083242,rs56413992,Positive_Correlation,rs56413992,0.99133366,BioREDirect,sentence_local
36437455,rs13146272,rs3736455,Association,,0.8545659,BioREDirect,sentence_local
36437455,D000083242,285440,Association,285440,0.987837,BioREDirect,sentence_local
36437455,D000083242,rs1398007,Positive_Correlation,rs1398007,0.990858,BioREDirect,sentence_local
36437455,D000083242,rs1053094,Positive_Correlation,rs1053094,0.991417,BioREDirect,sentence_local
36438844,C487890,24770,Negative_Correlation,C487890,0.95385563,BioREDirect,sentence_local
36438844,C487890,24835,Negative_Correlation,C487890,0.94605315,BioREDirect,sentence_local
36438844,C487890,D007249,Negative_Correlation,C487890,0.980945,BioREDirect,sentence_local
36438844,D007249,5734,Positive_Correlation,5734,0.9864986,BioREDirect,sentence_local
36438844,84023,309165,Association,84023,0.93476,BioREDirect,sentence_local
36438844,D007249,24494,Association,24494,0.9659896,BioREDirect,sentence_local
36438844,D007249,84023,Association,84023,0.9870898,BioREDirect,sentence_local
36438844,D007249,287362,Association,287362,0.585417,BioREDirect,sentence_local
36438844,D007249,309165,Association,309165,0.6230156,BioREDirect,sentence_local
36438844,D007249,24770,Association,24770,0.96529216,BioREDirect,sentence_local
36438844,D056627,5734,Association,5734,0.9623636,BioREDirect,sentence_local
36438844,D007249,24835,Association,24835,0.96207047,BioREDirect,sentence_local
36438844,D056627,9536,Association,9536,0.8064274,BioREDirect,sentence_local
36438844,D056627,287362,Association,287362,0.9080274,BioREDirect,sentence_local
36438844,D056627,84023,Association,84023,0.9910267,BioREDirect,sentence_local
36438844,D015232,9536,Association,9536,0.6608702,BioREDirect,sentence_local
36438844,D015232,D056627,Association,D015232,0.9467166,BioREDirect,sentence_local
36438844,D005947,24494,Positive_Correlation,D005947,0.5649696,BioREDirect,sentence_local
36438844,D005947,5734,Positive_Correlation,D005947,0.9026304,BioREDirect,sentence_local
36438844,D005947,24770,Positive_Correlation,D005947,0.61344576,BioREDirect,sentence_local
36438844,D005947,84023,Positive_Correlation,D005947,0.988893,BioREDirect,sentence_local
36438844,D005947,24835,Positive_Correlation,D005947,0.6170647,BioREDirect,sentence_local
36438844,D005947,D007249,Positive_Correlation,D005947,0.719356,BioREDirect,sentence_local
36438844,84023,287362,Association,84023,0.9580951,BioREDirect,sentence_local
36438844,D051437,5734,Positive_Correlation,5734,0.99021685,BioREDirect,sentence_local
36438844,C487890,5734,Negative_Correlation,C487890,0.9561332,BioREDirect,sentence_local
36438844,C487890,24494,Negative_Correlation,C487890,0.90924114,BioREDirect,sentence_local
36438844,C487890,D056627,Negative_Correlation,C487890,0.9901653,BioREDirect,sentence_local
36438844,D005947,C487890,Negative_Correlation,C487890,0.9321166,BioREDirect,sentence_local
36438844,C487890,84023,Negative_Correlation,C487890,0.49703813,BioREDirect,sentence_local
36438844,C487890,287362,Negative_Correlation,C487890,0.98971164,BioREDirect,sentence_local
36438844,C487890,309165,Negative_Correlation,C487890,0.98888636,BioREDirect,sentence_local
36438844,C487890,D010532,Positive_Correlation,C487890,0.9834631,BioREDirect,sentence_local
36440265,D004298,D018698,Association,,0.5453694,BioREDirect,sentence_local
36440265,D012701,84152,Association,,0.63544303,BioREDirect,sentence_local
36440265,D018698,84152,Association,,0.584338,BioREDirect,sentence_local
36440265,D004298,84152,Association,,0.6260159,BioREDirect,sentence_local
36440265,D004298,D012701,Association,,0.5169318,BioREDirect,sentence_local
36441697,10985,440275,Bind,,0.63741195,BioREDirect,sentence_local
36441697,440275,83939,Association,440275,0.7023127,BioREDirect,sentence_local
36444585,D015179,4893,Association,4893,0.9414077,BioREDirect,sentence_local
36444585,D015179,5594,Association,5594,0.8389942,BioREDirect,sentence_local
36444585,D015179,3845,Association,3845,0.9279865,BioREDirect,sentence_local
36444585,D015179,1956,Association,1956,0.97097415,BioREDirect,sentence_local
36444585,D015179,673,Association,673,0.91254497,BioREDirect,sentence_local
36460960,115851619,115840246,Association,,0.55196494,BioREDirect,sentence_local
36466970,D020165,c|SUB|C|793|A,Positive_Correlation,c,0.98787504,BioREDirect,sentence_local
36466970,D012462,D005334,Association,D012462,0.8546442,BioREDirect,sentence_local
36466970,D000641,D005973,Association,D005973,0.7171589,BioREDirect,sentence_local
36466970,D020165,p|FS|L|1398|R|25,Positive_Correlation,p,0.9905343,BioREDirect,sentence_local
36466970,D012462,D001929,Negative_Correlation,D012462,0.9317421,BioREDirect,sentence_local
36466970,D020165,p|SUB|P|265|T,Positive_Correlation,p,0.9891698,BioREDirect,sentence_local
36466970,D020165,1373,Association,1373,0.63926834,BioREDirect,sentence_local
36466970,D020165,c|INDEL|4193_4206|G,Positive_Correlation,c,0.9872629,BioREDirect,sentence_local
36467477,D009422,112476,Association,112476,0.56927997,BioREDirect,sentence_local
36468031,D014947,c|SUB|C|37885|A,Positive_Correlation,c,0.99225134,BioREDirect,sentence_local
36468031,D014947,270,Association,270,0.9802352,BioREDirect,sentence_local
36468031,D014947,4638,Association,4638,0.96932656,BioREDirect,sentence_local
36473671,D000086382,43740578,Association,43740578,0.96512836,BioREDirect,sentence_local
36479285,C538178,55630,Association,55630,0.84686434,BioREDirect,sentence_local
36479285,D015032,D000505,Negative_Correlation,D015032,0.50194067,BioREDirect,sentence_local
36479285,D015032,D005076,Negative_Correlation,D015032,0.8416303,BioREDirect,sentence_local
36483035,D016898,D009196,Negative_Correlation,D016898,0.96704936,BioREDirect,sentence_local
36483035,D016898,p|SUB|L|611|S,Negative_Correlation,D016898,0.5179902,BioREDirect,sentence_local
36483035,D016898,3717,Negative_Correlation,D016898,0.5834408,BioREDirect,sentence_local
36483035,D011087,rs77375493,Association,rs77375493,0.9147513,BioREDirect,sentence_local
36483035,D011087,p|SUB|L|611|S,Association,p,0.8763607,BioREDirect,sentence_local
36483035,D011087,3717,Association,3717,0.6949884,BioREDirect,sentence_local
36483035,D009196,3717,Association,3717,0.9477591,BioREDirect,sentence_local
36483035,C540383,rs77375493,Negative_Correlation,C540383,0.85863006,BioREDirect,sentence_local
36483035,D016898,C540383,Cotreatment,,0.81410563,BioREDirect,sentence_local
36483035,C540383,p|SUB|L|611|S,Negative_Correlation,C540383,0.95988524,BioREDirect,sentence_local
36483035,C540383,3717,Negative_Correlation,C540383,0.6541742,BioREDirect,sentence_local
36483035,p|SUB|L|611|S,rs77375493,Association,,0.7971582,BioREDirect,sentence_local
36483035,D013920,rs77375493,Association,rs77375493,0.9237403,BioREDirect,sentence_local
36483035,D013920,p|SUB|L|611|S,Association,p,0.849361,BioREDirect,sentence_local
36483035,D013920,3717,Association,3717,0.878238,BioREDirect,sentence_local
36483035,D016898,rs77375493,Negative_Correlation,D016898,0.6372614,BioREDirect,sentence_local
36494601,D019337,3845,Association,3845,0.8283,BioREDirect,sentence_local
36494601,D008175,3845,Association,3845,0.5772218,BioREDirect,sentence_local
36494601,D009369,rs121913530,Association,rs121913530,0.8600138,BioREDirect,sentence_local
36494601,D009369,29126,Association,29126,0.74575907,BioREDirect,sentence_local
36494601,D009369,3845,Association,3845,0.62080705,BioREDirect,sentence_local
36494601,3845,29126,Association,,0.8410571,BioREDirect,sentence_local
36494601,D009369,rs112445441,Association,rs112445441,0.9116712,BioREDirect,sentence_local
36494601,D015179,3845,Association,3845,0.5772218,BioREDirect,sentence_local
36494601,D010190,3845,Association,3845,0.5772218,BioREDirect,sentence_local
36494601,D009369,rs121913529,Association,rs121913529,0.8452296,BioREDirect,sentence_local
36499290,D002784,338,Association,338,0.96231127,BioREDirect,sentence_local
36499290,D024821,rs4665709,Positive_Correlation,rs4665709,0.9912306,BioREDirect,sentence_local
36499290,D002784,rs13306194,Association,rs13306194,0.98216176,BioREDirect,sentence_local
36499290,D008055,338,Association,338,0.9271348,BioREDirect,sentence_local
36499290,D002784,rs1367117,Association,rs1367117,0.9851541,BioREDirect,sentence_local
36499290,D014280,rs13306194,Association,rs13306194,0.9874743,BioREDirect,sentence_local
36499290,D024821,rs144467873,Positive_Correlation,rs144467873,0.99321294,BioREDirect,sentence_local
36499290,D003920,338,Association,338,0.98887956,BioREDirect,sentence_local
36499290,D024821,338,Association,338,0.98927045,BioREDirect,sentence_local
36499290,D014280,rs35131127,Association,rs35131127,0.9839909,BioREDirect,sentence_local
36499290,D024821,rs13306194,Association,rs13306194,0.9856872,BioREDirect,sentence_local
36499290,D014280,338,Association,338,0.97069544,BioREDirect,sentence_local
36499290,D002784,D003920,Association,D002784,0.9727959,BioREDirect,sentence_local
36499314,D009362,7078,Association,7078,0.96326506,BioREDirect,sentence_local
36499314,D001151,7078,Association,D001151,0.9533793,BioREDirect,sentence_local
36499314,7078,4780,Association,,0.89507914,BioREDirect,sentence_local
36499314,D001151,D009369,Positive_Correlation,D001151,0.96473545,BioREDirect,sentence_local
36499314,7078,60468,Association,,0.9118196,BioREDirect,sentence_local
36499314,D001151,rs2234921,Positive_Correlation,D001151,0.8710842,BioREDirect,sentence_local
36499314,7078,5089,Association,,0.90346605,BioREDirect,sentence_local
36499314,D001151,rs9619311,Positive_Correlation,rs9619311,0.92800826,BioREDirect,sentence_local
36499314,D012878,rs2234921,Positive_Correlation,rs2234921,0.98490465,BioREDirect,sentence_local
36499314,D001151,D012878,Positive_Correlation,D001151,0.74366975,BioREDirect,sentence_local
36499314,D012878,7078,Association,7078,0.98980623,BioREDirect,sentence_local
36499314,D009369,7078,Association,7078,0.96839285,BioREDirect,sentence_local
36499314,7078,4212,Association,,0.89549917,BioREDirect,sentence_local
36499314,D012878,rs9619311,Positive_Correlation,rs9619311,0.9871265,BioREDirect,sentence_local
36499743,D001943,406947,Association,406947,0.94999695,BioREDirect,sentence_local
36499743,D001943,675,Association,675,0.8900505,BioREDirect,sentence_local
36499743,D002945,406947,Association,406947,0.89094585,BioREDirect,sentence_local
36499743,D001943,672,Association,672,0.9444272,BioREDirect,sentence_local
36499743,D001943,rs190708267,Association,rs190708267,0.99164104,BioREDirect,sentence_local
36499743,D002945,D001943,Negative_Correlation,D002945,0.7562028,BioREDirect,sentence_local
36500726,D010742,D054198,Negative_Correlation,D010742,0.89468753,BioREDirect,sentence_local
36500726,D009336,308,Association,308,0.5526723,BioREDirect,sentence_local
36500726,C031375,836,Negative_Correlation,C031375,0.73438704,BioREDirect,sentence_local
36500726,D009336,54205,Association,54205,0.658375,BioREDirect,sentence_local
36500726,C039128,D007938,Negative_Correlation,C039128,0.96401477,BioREDirect,sentence_local
36500726,C507699,581,Negative_Correlation,C507699,0.978449,BioREDirect,sentence_local
36500726,D010742,D007938,Negative_Correlation,D010742,0.9640577,BioREDirect,sentence_local
36500726,C507699,836,Negative_Correlation,C507699,0.71974945,BioREDirect,sentence_local
36500726,D014230,D007938,Negative_Correlation,D014230,0.9472161,BioREDirect,sentence_local
36500726,C096713,581,Negative_Correlation,C096713,0.9693644,BioREDirect,sentence_local
36500726,D014230,D054198,Negative_Correlation,D014230,0.8053467,BioREDirect,sentence_local
36500726,C031375,581,Negative_Correlation,C031375,0.9778129,BioREDirect,sentence_local
36500726,D009336,836,Association,836,0.7907583,BioREDirect,sentence_local
36500726,D009336,142,Association,142,0.5965648,BioREDirect,sentence_local
36511679,D015282,D000068258,Cotreatment,,0.8697666,BioREDirect,sentence_local
36511679,D000068338,D000068258,Cotreatment,,0.50945723,BioREDirect,sentence_local
36511679,D008577,7015,Association,7015,0.80174375,BioREDirect,sentence_local
36511679,D000068258,D008577,Negative_Correlation,D000068258,0.9221833,BioREDirect,sentence_local
36511679,D000077210,D000068258,Cotreatment,,0.65995723,BioREDirect,sentence_local
36511679,D000077210,D008577,Negative_Correlation,D000077210,0.9466903,BioREDirect,sentence_local
36511679,D000068338,7015,Association,7015,0.50595134,BioREDirect,sentence_local
36511679,D000077210,7015,Association,7015,0.48717004,BioREDirect,sentence_local
36511679,D000068338,D008577,Negative_Correlation,D000068338,0.95361686,BioREDirect,sentence_local
36511679,D000077210,D015282,Cotreatment,,0.77862304,BioREDirect,sentence_local
36511679,D000068338,D015282,Cotreatment,,0.7689359,BioREDirect,sentence_local
36511679,D015282,D008577,Negative_Correlation,D015282,0.9407775,BioREDirect,sentence_local
36512268,D006710,875,Association,,0.52544653,BioREDirect,sentence_local
36512268,D006710,D006712,Association,,0.6360666,BioREDirect,sentence_local
36512268,D006712,875,Association,875,0.9523873,BioREDirect,sentence_local
36512268,D006712,4524,Association,4524,0.93345386,BioREDirect,sentence_local
36512268,D006712,rs1801133,Association,rs1801133,0.98637134,BioREDirect,sentence_local
36512268,D006712,rs1801131,Association,rs1801131,0.9911487,BioREDirect,sentence_local
36512268,D006712,c|DEL|19|,Positive_Correlation,c,0.9925243,BioREDirect,sentence_local
36512268,D006710,4524,Association,,0.564948,BioREDirect,sentence_local
36523794,D014750,D007069,Cotreatment,,0.53903705,BioREDirect,sentence_local
36523794,D000077204,D012512,Negative_Correlation,D000077204,0.9406051,BioREDirect,sentence_local
36523794,D000077204,D007069,Cotreatment,,0.66370535,BioREDirect,sentence_local
36523794,D000077204,D014750,Cotreatment,,0.5542587,BioREDirect,sentence_local
36523794,D000077204,D004317,Cotreatment,,0.5786494,BioREDirect,sentence_local
36523794,D000077204,D005047,Cotreatment,,0.64351803,BioREDirect,sentence_local
36523794,D000077204,D003520,Cotreatment,,0.54933274,BioREDirect,sentence_local
36523794,D000077146,D000077204,Cotreatment,,0.6829149,BioREDirect,sentence_local
36523794,D000077146,D007069,Cotreatment,,0.5016058,BioREDirect,sentence_local
36523794,D000077146,D014750,Cotreatment,,0.6911765,BioREDirect,sentence_local
36523794,D000077146,D012512,Negative_Correlation,D000077146,0.96173495,BioREDirect,sentence_local
36523794,D000077146,D004317,Cotreatment,,0.6941931,BioREDirect,sentence_local
36523794,D000077146,D005047,Cotreatment,,0.51691157,BioREDirect,sentence_local
36523794,D000077146,D003520,Cotreatment,,0.69422764,BioREDirect,sentence_local
36523794,D007069,D005047,Cotreatment,,0.76059926,BioREDirect,sentence_local
36523794,D014750,D005047,Cotreatment,,0.58331144,BioREDirect,sentence_local
36523794,D004317,D007069,Cotreatment,,0.6312582,BioREDirect,sentence_local
36523794,D014750,D004317,Cotreatment,,0.6929026,BioREDirect,sentence_local
36523794,D004317,D005047,Cotreatment,,0.6036111,BioREDirect,sentence_local
36523794,D003520,D007069,Cotreatment,,0.58469445,BioREDirect,sentence_local
36523794,D014750,D003520,Cotreatment,,0.7849379,BioREDirect,sentence_local
36523794,D004317,D003520,Cotreatment,,0.7654006,BioREDirect,sentence_local
36523794,D003520,D005047,Cotreatment,,0.5729904,BioREDirect,sentence_local
36523814,D009573,D015632,Association,D015632,0.71933055,BioREDirect,sentence_local
36523814,D016627,D010300,Positive_Correlation,D016627,0.96821815,BioREDirect,sentence_local
36523814,D010300,4790,Association,4790,0.6379672,BioREDirect,sentence_local
36523814,D016627,4843,Positive_Correlation,D016627,0.956677,BioREDirect,sentence_local
36523814,D010300,3458,Association,3458,0.75502914,BioREDirect,sentence_local
36523814,D010300,4843,Positive_Correlation,4843,0.92967755,BioREDirect,sentence_local
36523814,D005947,3553,Positive_Correlation,D005947,0.90889794,BioREDirect,sentence_local
36523814,D005947,D010300,Positive_Correlation,D005947,0.9079957,BioREDirect,sentence_local
36523814,D005947,834,Positive_Correlation,D005947,0.9131075,BioREDirect,sentence_local
36523814,D005947,D020078,Positive_Correlation,D005947,0.9044963,BioREDirect,sentence_local
36523814,D005947,4843,Positive_Correlation,D005947,0.927341,BioREDirect,sentence_local
36523814,D005947,D007249,Positive_Correlation,D005947,0.97596437,BioREDirect,sentence_local
36523814,D015632,D010300,Association,D015632,0.9206727,BioREDirect,sentence_local
36523814,D015632,4790,Association,,0.5361395,BioREDirect,sentence_local
36523814,D015632,4843,Positive_Correlation,D015632,0.97640115,BioREDirect,sentence_local
36523814,3458,3553,Positive_Correlation,3458,0.9392402,BioREDirect,sentence_local
36523814,3458,834,Positive_Correlation,3458,0.8073169,BioREDirect,sentence_local
36523814,D007249,3553,Association,3553,0.94454104,BioREDirect,sentence_local
36523814,3458,4843,Positive_Correlation,3458,0.8904102,BioREDirect,sentence_local
36523814,D020078,3458,Positive_Correlation,3458,0.5742882,BioREDirect,sentence_local
36523814,D007249,834,Association,834,0.9623307,BioREDirect,sentence_local
36523814,D007249,4843,Association,4843,0.944787,BioREDirect,sentence_local
36523814,D007249,3458,Positive_Correlation,3458,0.94335014,BioREDirect,sentence_local
36523814,D009573,D016627,Association,D016627,0.79406863,BioREDirect,sentence_local
36523814,D009573,D010300,Positive_Correlation,D009573,0.689091,BioREDirect,sentence_local
36527059,D002294,rs28757157,Positive_Correlation,rs28757157,0.9849102,BioREDirect,sentence_local
36527059,D000077192,rs3751592,Positive_Correlation,rs3751592,0.98474574,BioREDirect,sentence_local
36527059,D008175,rs3751592,Positive_Correlation,rs3751592,0.9920676,BioREDirect,sentence_local
36527059,D008175,1588,Association,1588,0.9282444,BioREDirect,sentence_local
36527059,D008175,rs28757157,Positive_Correlation,rs28757157,0.9916037,BioREDirect,sentence_local
36527059,D008175,rs59429575,Positive_Correlation,rs59429575,0.9909767,BioREDirect,sentence_local
36527059,D009369,1588,Association,1588,0.9635049,BioREDirect,sentence_local
36531218,D007249,rs429358,Association,rs429358,0.7184447,BioREDirect,sentence_local
36531218,D007249,348,Association,348,0.8121349,BioREDirect,sentence_local
36531218,D007249,3455,Association,3455,0.5585773,BioREDirect,sentence_local
36531218,D007249,rs1799964,Association,rs1799964,0.71806055,BioREDirect,sentence_local
36531218,D007249,7124,Association,7124,0.9560726,BioREDirect,sentence_local
36531218,D007249,rs1886814,Association,rs1886814,0.6863963,BioREDirect,sentence_local
36533174,D010300,p|SUB|G|849|D,Positive_Correlation,p,0.8668319,BioREDirect,sentence_local
36533174,D019636,9379,Association,9379,0.98455393,BioREDirect,sentence_local
36533174,D010300,9379,Association,9379,0.70841885,BioREDirect,sentence_local
36542547,C537995,c|SUB|C|1397+649|T,Association,c,0.9924044,BioREDirect,sentence_local
36542547,C537995,8291,Association,8291,0.77885807,BioREDirect,sentence_local
36548088,11651,56717,Association,,0.688034,BioREDirect,sentence_local
36548088,18708,56717,Association,,0.7193641,BioREDirect,sentence_local
36548088,16367,11651,Association,,0.60229653,BioREDirect,sentence_local
36548088,D005947,16333,Association,16333,0.91673183,BioREDirect,sentence_local
36548088,D015430,p|SUB|L|973|F,Association,p,0.98629504,BioREDirect,sentence_local
36548088,D015430,16337,Association,16337,0.8958563,BioREDirect,sentence_local
36548088,16367,56717,Association,,0.5598339,BioREDirect,sentence_local
36548088,20416,14388,Association,,0.6242666,BioREDirect,sentence_local
36548088,14388,26413,Association,,0.6336351,BioREDirect,sentence_local
36548088,16367,18708,Association,,0.5867603,BioREDirect,sentence_local
36548088,18708,11651,Association,,0.6850242,BioREDirect,sentence_local
36548088,D005947,16337,Association,16337,0.9656754,BioREDirect,sentence_local
36548088,16337,16333,Association,16333,0.8671449,BioREDirect,sentence_local
36548088,D005947,p|SUB|L|973|F,Association,p,0.9903617,BioREDirect,sentence_local
36548088,20416,26413,Association,,0.6260239,BioREDirect,sentence_local
36548551,D008063,24248,Association,D008063,0.98504794,BioREDirect,sentence_local
36548551,D008063,D007249,Negative_Correlation,D008063,0.9864059,BioREDirect,sentence_local
36548551,D003300,D017392,Association,D003300,0.85282767,BioREDirect,sentence_local
36548551,D003300,D008569,Positive_Correlation,D003300,0.6546626,BioREDirect,sentence_local
36548551,D008063,D003300,Negative_Correlation,D008063,0.9768265,BioREDirect,sentence_local
36548551,D003300,D017382,Association,D003300,0.9225116,BioREDirect,sentence_local
36548551,D003300,24494,Association,D003300,0.9519692,BioREDirect,sentence_local
36548551,D003300,D019954,Positive_Correlation,D003300,0.9336714,BioREDirect,sentence_local
36548551,D003300,24835,Association,D003300,0.97095954,BioREDirect,sentence_local
36548551,D003300,D020258,Positive_Correlation,D003300,0.96686155,BioREDirect,sentence_local
36548551,D007249,24494,Association,24494,0.9650956,BioREDirect,sentence_local
36548551,C091888,24494,Association,C091888,0.98503,BioREDirect,sentence_local
36548551,D003300,D007249,Association,D003300,0.8870549,BioREDirect,sentence_local
36548551,D007249,24835,Association,24835,0.9527647,BioREDirect,sentence_local
36548551,C091888,D008569,Negative_Correlation,C091888,0.9862774,BioREDirect,sentence_local
36548551,D008063,C091888,Cotreatment,,0.834904,BioREDirect,sentence_local
36548551,C091888,D003300,Negative_Correlation,C091888,0.9679524,BioREDirect,sentence_local
36548551,C091888,24835,Association,C091888,0.98044705,BioREDirect,sentence_local
36548551,C091888,D019954,Negative_Correlation,C091888,0.98837155,BioREDirect,sentence_local
36548551,C091888,D020258,Negative_Correlation,C091888,0.8259899,BioREDirect,sentence_local
36548551,D008063,D008569,Negative_Correlation,D008063,0.98951286,BioREDirect,sentence_local
36548551,C091888,D007249,Negative_Correlation,C091888,0.9872226,BioREDirect,sentence_local
36548551,D008063,24786,Association,D008063,0.9836066,BioREDirect,sentence_local
36548551,D008063,D017392,Association,D008063,0.9836633,BioREDirect,sentence_local
36548551,D008063,24494,Association,D008063,0.98437077,BioREDirect,sentence_local
36548551,D008063,D017382,Association,D008063,0.9847206,BioREDirect,sentence_local
36548551,D008063,D019954,Negative_Correlation,D008063,0.9889713,BioREDirect,sentence_local
36548551,D008063,24835,Association,D008063,0.98484147,BioREDirect,sentence_local
36548551,D008063,D020258,Negative_Correlation,D008063,0.9640288,BioREDirect,sentence_local
36551633,D009369,7157,Positive_Correlation,7157,0.9934727,BioREDirect,sentence_local
36551633,D009369,5728,Association,5728,0.99310666,BioREDirect,sentence_local
36551633,D009369,rs113488022,Positive_Correlation,rs113488022,0.9929249,BioREDirect,sentence_local
36551633,D009369,4916,Association,4916,0.9930687,BioREDirect,sentence_local
36551633,D009369,673,Association,673,0.9937781,BioREDirect,sentence_local
36551633,D009369,4914,Association,4914,0.9930687,BioREDirect,sentence_local
36551633,D016606,rs113488022,Association,rs113488022,0.9944406,BioREDirect,sentence_local
36551633,D016606,7157,Association,7157,0.9916483,BioREDirect,sentence_local
36551633,D016606,5728,Association,5728,0.9871689,BioREDirect,sentence_local
36551633,D016606,4916,Association,4916,0.9885626,BioREDirect,sentence_local
36551633,D016606,673,Association,673,0.9903392,BioREDirect,sentence_local
36551633,D016606,4914,Association,4914,0.9885626,BioREDirect,sentence_local
36552614,D002726,D007249,Negative_Correlation,D002726,0.9507,BioREDirect,sentence_local
36552614,D007249,50868,Association,50868,0.89203143,BioREDirect,sentence_local
36552614,D016264,C016766,Positive_Correlation,C016766,0.96657914,BioREDirect,sentence_local
36552614,D016264,D003092,Positive_Correlation,D016264,0.9719364,BioREDirect,sentence_local
36552614,C016766,50868,Positive_Correlation,C016766,0.9916842,BioREDirect,sentence_local
36552614,C016766,18024,Positive_Correlation,C016766,0.9843954,BioREDirect,sentence_local
36552614,C016766,D003092,Positive_Correlation,C016766,0.9730584,BioREDirect,sentence_local
36552614,C032005,D007249,Negative_Correlation,C032005,0.9250839,BioREDirect,sentence_local
36552614,C016766,D007249,Negative_Correlation,C016766,0.9664673,BioREDirect,sentence_local
36552614,C032005,18024,Positive_Correlation,C032005,0.9360551,BioREDirect,sentence_local
36552614,C032005,D003092,Positive_Correlation,C032005,0.89669436,BioREDirect,sentence_local
36552614,18024,50868,Association,,0.5124597,BioREDirect,sentence_local
36552614,D016264,C040920,Positive_Correlation,C040920,0.9661551,BioREDirect,sentence_local
36552614,C040920,18024,Positive_Correlation,C040920,0.98742837,BioREDirect,sentence_local
36552614,C040920,D003092,Positive_Correlation,C040920,0.9727022,BioREDirect,sentence_local
36552614,C040920,50868,Positive_Correlation,C040920,0.9899991,BioREDirect,sentence_local
36552614,D003092,18024,Association,18024,0.9621637,BioREDirect,sentence_local
36552614,C040920,D007249,Negative_Correlation,C040920,0.97017896,BioREDirect,sentence_local
36552614,D003092,50868,Association,50868,0.9544519,BioREDirect,sentence_local
36552614,C012843,D007249,Negative_Correlation,C012843,0.939841,BioREDirect,sentence_local
36552614,C004999,18024,Positive_Correlation,C004999,0.9483185,BioREDirect,sentence_local
36552614,C004999,D003092,Positive_Correlation,C004999,0.9086957,BioREDirect,sentence_local
36552614,C004999,D007249,Negative_Correlation,C004999,0.9168526,BioREDirect,sentence_local
36552614,C012843,18024,Positive_Correlation,C012843,0.93423104,BioREDirect,sentence_local
36552614,C012843,D003092,Negative_Correlation,C012843,0.89647824,BioREDirect,sentence_local
36552614,D002726,D003092,Negative_Correlation,D002726,0.95385486,BioREDirect,sentence_local
36552614,D002726,18024,Positive_Correlation,D002726,0.97095156,BioREDirect,sentence_local
36552614,D007249,18024,Association,18024,0.8300784,BioREDirect,sentence_local
36552779,54205,100053958,Bind,,0.67097825,BioREDirect,sentence_local
36553811,D004075,5860714,Association,5860714,0.86723,BioREDirect,sentence_local
36555402,D012643,D009369,Negative_Correlation,D012643,0.7700877,BioREDirect,sentence_local
36555402,D011225,2879,Association,2879,0.98701465,BioREDirect,sentence_local
36555402,D012643,rs713041,Association,,0.6954835,BioREDirect,sentence_local
36555402,D011225,rs713041,Negative_Correlation,rs713041,0.98684573,BioREDirect,sentence_local
36555402,D006973,2879,Association,2879,0.9866281,BioREDirect,sentence_local
36555402,D020521,rs713041,Association,rs713041,0.9861682,BioREDirect,sentence_local
36555402,D006973,rs713041,Association,rs713041,0.98630965,BioREDirect,sentence_local
36555402,D020521,2879,Association,2879,0.98635197,BioREDirect,sentence_local
36555402,D015179,2879,Association,2879,0.98529124,BioREDirect,sentence_local
36555402,D015179,rs173041,Positive_Correlation,rs173041,0.9911481,BioREDirect,sentence_local
36555402,D012643,2879,Association,,0.49092624,BioREDirect,sentence_local
36558016,D004852,C029899,Association,C029899,0.99391997,BioREDirect,sentence_local
36558016,C029899,C004312,Association,C029899,0.9833386,BioREDirect,sentence_local
36558016,D000535,D012825,Association,,0.7267427,BioREDirect,sentence_local
36558016,C049037,C004312,Association,C049037,0.7110316,BioREDirect,sentence_local
36558016,D008277,C004312,Association,D008277,0.68787926,BioREDirect,sentence_local
36558016,C049037,D002254,Association,C049037,0.70754856,BioREDirect,sentence_local
36558016,C049037,D002245,Association,,0.7150804,BioREDirect,sentence_local
36558016,C049037,D004852,Association,C049037,0.9488265,BioREDirect,sentence_local
36558016,C029899,C000615229,Association,,0.80000526,BioREDirect,sentence_local
36558016,D004852,D004811,Association,D004811,0.73399043,BioREDirect,sentence_local
36558016,C029899,C013690,Association,C029899,0.96176314,BioREDirect,sentence_local
36558016,D002254,D002245,Association,,0.5559217,BioREDirect,sentence_local
36558016,D002245,D004852,Association,D002245,0.49190325,BioREDirect,sentence_local
36558016,D002254,D004852,Association,,0.5796707,BioREDirect,sentence_local
36558016,D002254,D008277,Association,D008277,0.92825633,BioREDirect,sentence_local
36558016,D000535,C509969,Association,,0.7073358,BioREDirect,sentence_local
36558016,C049037,C029899,Association,,0.8376621,BioREDirect,sentence_local
36558016,D000535,C029899,Association,,0.86661637,BioREDirect,sentence_local
36558016,C029899,D004811,Association,C029899,0.9594612,BioREDirect,sentence_local
36559664,D005419,D007249,Negative_Correlation,D005419,0.8368254,BioREDirect,sentence_local
36559664,D008055,C007768,Negative_Correlation,C007768,0.9869735,BioREDirect,sentence_local
36559664,C007768,D007249,Negative_Correlation,C007768,0.9858775,BioREDirect,sentence_local
36559664,D007249,19225,Association,19225,0.966295,BioREDirect,sentence_local
36559664,D007249,18126,Association,18126,0.9708279,BioREDirect,sentence_local
36559664,D007249,12608,Association,12608,0.975469,BioREDirect,sentence_local
36559664,D007249,19016,Association,19016,0.9687828,BioREDirect,sentence_local
36559664,D007249,12606,Association,12606,0.9753361,BioREDirect,sentence_local
36559664,D008055,C039602,Negative_Correlation,C039602,0.98681635,BioREDirect,sentence_local
36559664,C039602,D007249,Negative_Correlation,C039602,0.9873771,BioREDirect,sentence_local
36559664,D008055,D000077385,Negative_Correlation,D000077385,0.9879871,BioREDirect,sentence_local
36559664,D000077385,D007249,Negative_Correlation,D000077385,0.98774093,BioREDirect,sentence_local
36559664,D008055,C011049,Association,C011049,0.6513065,BioREDirect,sentence_local
36568277,D065886,c|SUB|G|385|T,Association,c,0.97276366,BioREDirect,sentence_local
36568277,D065886,2290,Association,2290,0.7451278,BioREDirect,sentence_local
36568277,D065886,p|SUB|E|129|X,Association,p,0.98105526,BioREDirect,sentence_local
36568277,2290,5587,Association,,0.8400469,BioREDirect,sentence_local
36568277,C567924,2290,Association,2290,0.7617771,BioREDirect,sentence_local
36568277,5587,6792,Association,5587,0.9597121,BioREDirect,sentence_local
36568277,D015518,4204,Association,4204,0.6452206,BioREDirect,sentence_local
36568277,D015518,2290,Association,2290,0.6411892,BioREDirect,sentence_local
36568277,D015518,5587,Association,5587,0.9377965,BioREDirect,sentence_local
36568277,D008607,2290,Association,2290,0.94433916,BioREDirect,sentence_local
36568277,D008607,c|SUB|G|385|T,Association,c,0.9818656,BioREDirect,sentence_local
36568277,D008607,p|SUB|E|129|X,Association,p,0.9857307,BioREDirect,sentence_local
36568277,5587,4204,Association,5587,0.9390068,BioREDirect,sentence_local
36568392,D004298,D001927,Association,,0.6451838,BioREDirect,sentence_local
36568392,D014202,7054,Association,7054,0.9016434,BioREDirect,sentence_local
36568392,D004298,7054,Association,7054,0.5031996,BioREDirect,sentence_local
36568392,D002395,C538007,Association,D002395,0.9106364,BioREDirect,sentence_local
36568392,D001927,7054,Association,7054,0.9478989,BioREDirect,sentence_local
36568392,D002395,7054,Association,7054,0.8047313,BioREDirect,sentence_local
36568392,D004421,7054,Association,7054,0.9194928,BioREDirect,sentence_local
36568392,D007980,C538007,Negative_Correlation,D007980,0.8205406,BioREDirect,sentence_local
36568392,C538007,7054,Association,7054,0.9815004,BioREDirect,sentence_local
36568392,D004298,C538007,Association,D004298,0.8503376,BioREDirect,sentence_local
36568436,C535382,63894,Association,63894,0.93296427,BioREDirect,sentence_local
36568436,C535382,26276,Association,26276,0.96700025,BioREDirect,sentence_local
36571426,D065631,53603,Association,53603,0.9872777,BioREDirect,sentence_local
36571426,D065631,140806,Association,140806,0.9902776,BioREDirect,sentence_local
36571426,D065631,77125,Association,77125,0.99146944,BioREDirect,sentence_local
36571426,D065631,20666,Positive_Correlation,20666,0.99248296,BioREDirect,sentence_local
36571426,D065631,541307,Association,541307,0.98037535,BioREDirect,sentence_local
36571426,D065631,17833,Association,17833,0.9881395,BioREDirect,sentence_local
36571426,D065631,6664,Association,6664,0.99347246,BioREDirect,sentence_local
36571426,D018793,6664,Positive_Correlation,D018793,0.97420746,BioREDirect,sentence_local
36571426,6664,4586,Positive_Correlation,6664,0.99006736,BioREDirect,sentence_local
36571426,6664,541307,Negative_Correlation,6664,0.9928207,BioREDirect,sentence_local
36571426,6664,6778,Association,6778,0.97889185,BioREDirect,sentence_local
36571426,6664,17833,Negative_Correlation,6664,0.990729,BioREDirect,sentence_local
36571426,D010047,D006632,Positive_Correlation,D010047,0.6311156,BioREDirect,sentence_local
36571426,D010047,D065631,Positive_Correlation,D010047,0.7649351,BioREDirect,sentence_local
36572978,D005168,2155,Association,2155,0.7933866,BioREDirect,sentence_local
36578343,C540010,D009584,Positive_Correlation,C540010,0.98363554,BioREDirect,sentence_local
36578343,C540010,D015032,Positive_Correlation,C540010,0.9881136,BioREDirect,sentence_local
36578343,C540010,D002241,Negative_Correlation,C540010,0.9891172,BioREDirect,sentence_local
36578343,C540010,D010758,Positive_Correlation,C540010,0.9856647,BioREDirect,sentence_local
36578343,C540010,D002104,Negative_Correlation,C540010,0.987856,BioREDirect,sentence_local
36578343,C540010,D007501,Positive_Correlation,C540010,0.98678386,BioREDirect,sentence_local
36578343,C540010,D011188,Positive_Correlation,C540010,0.9849599,BioREDirect,sentence_local
36578343,C540010,D005459,Negative_Correlation,C540010,0.98933345,BioREDirect,sentence_local
36578343,C540010,D008274,Positive_Correlation,C540010,0.98487985,BioREDirect,sentence_local
36578343,D002104,D012969,Association,,0.8366135,BioREDirect,sentence_local
36578343,C540010,D011392,Negative_Correlation,C540010,0.98895824,BioREDirect,sentence_local
36578343,C540010,D002118,Positive_Correlation,C540010,0.98375344,BioREDirect,sentence_local
36583021,C535325,c|SUB|A|164-36|G,Association,c,0.99189353,BioREDirect,sentence_local
36583021,C535325,5805,Association,5805,0.59183556,BioREDirect,sentence_local
36583021,C003402,5805,Association,,0.60155725,BioREDirect,sentence_local
36583021,C003402,D010661,Association,,0.5201945,BioREDirect,sentence_local
36583021,D010661,5805,Association,5805,0.8633415,BioREDirect,sentence_local
36583021,C535325,c|INS|46_147|TG,Association,c,0.99172264,BioREDirect,sentence_local
36599841,C546012,C571029,Negative_Correlation,,0.5273122,BioREDirect,sentence_local
36599841,C546012,C540383,Negative_Correlation,,0.6347201,BioREDirect,sentence_local
36599841,C546012,D000740,Positive_Correlation,C546012,0.9658157,BioREDirect,sentence_local
36599841,C540383,D055728,Negative_Correlation,C540383,0.5387874,BioREDirect,sentence_local
36599841,C546012,3717,Negative_Correlation,C546012,0.97478366,BioREDirect,sentence_local
36599841,C528327,3717,Negative_Correlation,C528327,0.977402,BioREDirect,sentence_local
36599841,C540383,C571029,Negative_Correlation,,0.68622756,BioREDirect,sentence_local
36599841,C528327,C571029,Negative_Correlation,,0.5228283,BioREDirect,sentence_local
36599841,C540383,3717,Negative_Correlation,C540383,0.9758041,BioREDirect,sentence_local
36599841,C546012,C528327,Negative_Correlation,,0.65720767,BioREDirect,sentence_local
36599841,C571029,3717,Negative_Correlation,C571029,0.97549284,BioREDirect,sentence_local
36599841,C528327,D055728,Negative_Correlation,C528327,0.6896777,BioREDirect,sentence_local
36599841,C571029,D055728,Negative_Correlation,C571029,0.5086991,BioREDirect,sentence_local
36599841,D055728,3717,Association,3717,0.83124936,BioREDirect,sentence_local
36599841,C528327,D000740,Positive_Correlation,C528327,0.9751463,BioREDirect,sentence_local
36599841,C546012,D055728,Negative_Correlation,C546012,0.566276,BioREDirect,sentence_local
36611868,D005234,123,Association,123,0.94495815,BioREDirect,sentence_local
36611868,D065626,rs738409,Association,rs738409,0.9388823,BioREDirect,sentence_local
36611868,D065626,80339,Association,80339,0.8917038,BioREDirect,sentence_local
36611868,D005234,57104,Association,57104,0.8787232,BioREDirect,sentence_local
36611868,D005234,440503,Association,440503,0.95980537,BioREDirect,sentence_local
36611868,D005234,rs738409,Association,rs738409,0.9126358,BioREDirect,sentence_local
36611868,D005234,5346,Negative_Correlation,5346,0.94689316,BioREDirect,sentence_local
36611868,D005234,80339,Association,80339,0.4947165,BioREDirect,sentence_local
36611868,80339,57104,Association,,0.6730059,BioREDirect,sentence_local
36611868,D008103,rs738409,Association,rs738409,0.9649688,BioREDirect,sentence_local
36611868,D008103,80339,Association,80339,0.9666137,BioREDirect,sentence_local
36611868,440503,57104,Association,440503,0.7333912,BioREDirect,sentence_local
36611868,57104,5346,Association,5346,0.96515036,BioREDirect,sentence_local
36611868,80339,440503,Association,,0.8275658,BioREDirect,sentence_local
36611868,80339,5346,Association,,0.91126776,BioREDirect,sentence_local
36611868,D005235,rs738409,Association,rs738409,0.9379702,BioREDirect,sentence_local
36611868,D005235,80339,Association,80339,0.77027357,BioREDirect,sentence_local
36611868,D006528,rs738409,Association,rs738409,0.9664039,BioREDirect,sentence_local
36611868,D006528,80339,Association,80339,0.97349894,BioREDirect,sentence_local
36613877,D003065,80025,Association,80025,0.91838354,BioREDirect,sentence_local
36613877,C011988,53354,Association,53354,0.85434324,BioREDirect,sentence_local
36613877,D003065,79646,Association,79646,0.8908833,BioREDirect,sentence_local
36613877,C011988,80025,Association,80025,0.81635946,BioREDirect,sentence_local
36613877,D010205,D003065,Association,,0.53894717,BioREDirect,sentence_local
36613877,C011988,79646,Association,79646,0.8702124,BioREDirect,sentence_local
36613877,D010205,53354,Association,53354,0.72526926,BioREDirect,sentence_local
36613877,D007501,852144,Association,,0.659234,BioREDirect,sentence_local
36613877,D028361,852144,Association,852144,0.6896375,BioREDirect,sentence_local
36613877,D010205,C011988,Association,,0.65960664,BioREDirect,sentence_local
36613877,D006211,53354,Association,53354,0.57390934,BioREDirect,sentence_local
36613877,C011988,D003065,Association,,0.6908515,BioREDirect,sentence_local
36613877,D010205,80025,Association,80025,0.81127614,BioREDirect,sentence_local
36613877,D006211,80025,Association,80025,0.73560953,BioREDirect,sentence_local
36613877,D019636,80025,Association,80025,0.6605258,BioREDirect,sentence_local
36613877,D010205,79646,Association,79646,0.72052056,BioREDirect,sentence_local
36613877,D006211,79646,Association,79646,0.5358005,BioREDirect,sentence_local
36613877,D003065,53354,Association,53354,0.89473253,BioREDirect,sentence_local
36614109,D000077716,rs121913530,Association,D000077716,0.9257002,BioREDirect,sentence_local
36614109,D000077716,3845,Association,D000077716,0.89355683,BioREDirect,sentence_local
36614109,C000629551,rs121913530,Negative_Correlation,C000629551,0.9275062,BioREDirect,sentence_local
36614109,C000629551,3845,Association,C000629551,0.91411793,BioREDirect,sentence_local
36614109,D009369,3845,Association,3845,0.8921072,BioREDirect,sentence_local
36614109,D009369,rs121913530,Association,rs121913530,0.9021126,BioREDirect,sentence_local
36614109,D002289,3845,Association,3845,0.9595671,BioREDirect,sentence_local
36614109,C487932,rs121913530,Negative_Correlation,C487932,0.9133359,BioREDirect,sentence_local
36614109,C487932,3845,Association,C487932,0.86754245,BioREDirect,sentence_local
36614109,D002289,rs121913530,Association,rs121913530,0.9680172,BioREDirect,sentence_local
36619229,D007249,2752,Association,2752,0.8072019,BioREDirect,sentence_local
36619229,D009369,2752,Association,2752,0.6844445,BioREDirect,sentence_local
36619229,D016210,D001943,Negative_Correlation,D016210,0.8285636,BioREDirect,sentence_local
36619229,D012008,2752,Association,2752,0.6260657,BioREDirect,sentence_local
36619229,D013629,D016210,Negative_Correlation,D016210,0.95957494,BioREDirect,sentence_local
36619229,D013629,D016291,Negative_Correlation,D016291,0.94289535,BioREDirect,sentence_local
36619229,D013629,D001943,Negative_Correlation,D013629,0.9814332,BioREDirect,sentence_local
36619229,D013629,2099,Association,D013629,0.91455716,BioREDirect,sentence_local
36619229,D013629,2752,Association,2752,0.932161,BioREDirect,sentence_local
36619229,D013629,C004858,Negative_Correlation,C004858,0.95339847,BioREDirect,sentence_local
36619229,C004858,D001943,Negative_Correlation,C004858,0.68930346,BioREDirect,sentence_local
36619229,D013629,C054871,Negative_Correlation,C054871,0.96290106,BioREDirect,sentence_local
36619229,D016291,D001943,Negative_Correlation,D016291,0.6769167,BioREDirect,sentence_local
36619229,D001943,2099,Association,2099,0.87592626,BioREDirect,sentence_local
36619229,C054871,D001943,Negative_Correlation,C054871,0.8162245,BioREDirect,sentence_local
36619229,D001943,2752,Association,2752,0.97092766,BioREDirect,sentence_local
36619229,D013629,D003523,Negative_Correlation,D003523,0.95754236,BioREDirect,sentence_local
36619229,2752,2099,Association,,0.80770135,BioREDirect,sentence_local
36619229,D005973,2752,Positive_Correlation,2752,0.8208796,BioREDirect,sentence_local
36619229,2752,3565,Association,2752,0.98391354,BioREDirect,sentence_local
36619229,D013629,D000077267,Negative_Correlation,D000077267,0.928956,BioREDirect,sentence_local
36619229,D003523,D001943,Negative_Correlation,D003523,0.86254865,BioREDirect,sentence_local
36619229,D000077267,D001943,Negative_Correlation,D000077267,0.5311485,BioREDirect,sentence_local
36619229,D013629,D009853,Negative_Correlation,D009853,0.9564401,BioREDirect,sentence_local
36619229,D009853,D001943,Negative_Correlation,D009853,0.5147538,BioREDirect,sentence_local
36622214,D016712,2828033,Association,2828033,0.94607013,BioREDirect,sentence_local
36622214,D016712,p|SUB|V|631|F,Positive_Correlation,p,0.9629135,BioREDirect,sentence_local
36622214,D016712,p|SUB|V|588|F,Association,p,0.9645787,BioREDirect,sentence_local
36650399,D010984,D001749,Negative_Correlation,D010984,0.9581548,BioREDirect,sentence_local
36650399,D010984,9619,Association,,0.8008356,BioREDirect,sentence_local
36650399,D010984,1468,Association,,0.7665904,BioREDirect,sentence_local
36650399,D064420,9356,Association,9356,0.9461144,BioREDirect,sentence_local
36650399,D010984,540,Association,,0.8167061,BioREDirect,sentence_local
36650399,D010984,23456,Association,,0.8193107,BioREDirect,sentence_local
36650399,D010984,9429,Association,,0.793571,BioREDirect,sentence_local
36650399,D064420,5243,Association,5243,0.98184687,BioREDirect,sentence_local
36650399,D010984,10057,Association,,0.8342248,BioREDirect,sentence_local
36650399,D064420,1244,Association,1244,0.9838102,BioREDirect,sentence_local
36650399,D002945,9356,Association,9356,0.76594687,BioREDirect,sentence_local
36650399,D064420,10864,Association,10864,0.93761814,BioREDirect,sentence_local
36650399,D002945,1244,Association,1244,0.9078698,BioREDirect,sentence_local
36650399,D064420,6582,Association,6582,0.9884537,BioREDirect,sentence_local
36650399,D002945,5243,Association,5243,0.90376407,BioREDirect,sentence_local
36650399,D064420,538,Association,538,0.95178723,BioREDirect,sentence_local
36650399,D002945,D001749,Negative_Correlation,D002945,0.9557198,BioREDirect,sentence_local
36650399,D064420,89874,Association,89874,0.97959113,BioREDirect,sentence_local
36650399,D002945,10864,Association,,0.77558464,BioREDirect,sentence_local
36650399,D001749,9356,Association,9356,0.95342535,BioREDirect,sentence_local
36650399,D002945,1317,Association,1317,0.9752814,BioREDirect,sentence_local
36650399,D001749,1244,Association,1244,0.97294104,BioREDirect,sentence_local
36650399,D002945,538,Association,538,0.84446067,BioREDirect,sentence_local
36650399,D001749,5243,Association,5243,0.9641947,BioREDirect,sentence_local
36650399,D002945,D007674,Positive_Correlation,D002945,0.97619665,BioREDirect,sentence_local
36650399,D001749,89845,Association,89845,0.8862149,BioREDirect,sentence_local
36650399,D002945,55244,Association,55244,0.97136444,BioREDirect,sentence_local
36650399,D001749,10351,Association,10351,0.9212464,BioREDirect,sentence_local
36650399,D002945,D006311,Positive_Correlation,D002945,0.9613561,BioREDirect,sentence_local
36650399,D001749,10864,Association,10864,0.9655289,BioREDirect,sentence_local
36650399,D002945,6582,Association,6582,0.8383007,BioREDirect,sentence_local
36650399,D001749,540,Association,540,0.834633,BioREDirect,sentence_local
36650399,D002945,89874,Association,89874,0.8985564,BioREDirect,sentence_local
36650399,D001749,9619,Association,9619,0.90776205,BioREDirect,sentence_local
36650399,D002945,146802,Association,146802,0.94391525,BioREDirect,sentence_local
36650399,D001749,9429,Association,9429,0.87225175,BioREDirect,sentence_local
36650399,D001749,1468,Association,1468,0.95517385,BioREDirect,sentence_local
36650399,D001749,6582,Association,6582,0.9622583,BioREDirect,sentence_local
36650399,D006311,1317,Association,1317,0.98583454,BioREDirect,sentence_local
36650399,D001749,538,Association,538,0.9335596,BioREDirect,sentence_local
36650399,D001749,89874,Association,89874,0.9809606,BioREDirect,sentence_local
36650399,D001749,10057,Association,10057,0.9171749,BioREDirect,sentence_local
36650399,D001749,23456,Association,23456,0.8841169,BioREDirect,sentence_local
36650399,D007674,55244,Association,55244,0.99052304,BioREDirect,sentence_local
36650399,D007674,1317,Association,1317,0.9850663,BioREDirect,sentence_local
36650399,D010984,10351,Association,,0.79988384,BioREDirect,sentence_local
36650399,D007674,146802,Association,146802,0.9784129,BioREDirect,sentence_local
36650399,D010984,89845,Association,,0.80934465,BioREDirect,sentence_local
36660193,D005472,D002945,Cotreatment,,0.7054294,BioREDirect,sentence_local
36660193,D000077204,D005909,Negative_Correlation,D000077204,0.97579,BioREDirect,sentence_local
36660193,D002945,D000077204,Cotreatment,,0.82512724,BioREDirect,sentence_local
36660193,D005472,D000077204,Association,,0.8935412,BioREDirect,sentence_local
36660193,D017239,D000077204,Cotreatment,,0.8256058,BioREDirect,sentence_local
36660193,D000077204,D005047,Cotreatment,,0.7418817,BioREDirect,sentence_local
36660193,D017239,D009369,Negative_Correlation,D017239,0.9812924,BioREDirect,sentence_local
36660193,D005047,D005909,Negative_Correlation,D005047,0.97362375,BioREDirect,sentence_local
36660193,D017239,D005047,Cotreatment,,0.80427134,BioREDirect,sentence_local
36660193,D005472,D005047,Cotreatment,,0.8650716,BioREDirect,sentence_local
36660193,D005472,D017239,Cotreatment,,0.7024997,BioREDirect,sentence_local
36660193,D005472,D009369,Negative_Correlation,D005472,0.9778119,BioREDirect,sentence_local
36660193,D002945,D009369,Negative_Correlation,D002945,0.9831082,BioREDirect,sentence_local
36660193,D002945,D017239,Cotreatment,,0.6904541,BioREDirect,sentence_local
36660193,D002945,D005047,Cotreatment,,0.80649066,BioREDirect,sentence_local
36661504,D009369,79923,Association,79923,0.97021186,BioREDirect,sentence_local
36661504,D053221,8795,Positive_Correlation,D053221,0.8526651,BioREDirect,sentence_local
36661504,D053221,79923,Association,79923,0.98744106,BioREDirect,sentence_local
36661504,79923,8797,Association,79923,0.9892447,BioREDirect,sentence_local
36661504,D053221,9314,Positive_Correlation,9314,0.9933954,BioREDirect,sentence_local
36661504,D002945,9314,Positive_Correlation,9314,0.9847239,BioREDirect,sentence_local
36661504,9314,8797,Positive_Correlation,9314,0.992841,BioREDirect,sentence_local
36661504,9314,8795,Positive_Correlation,9314,0.99297476,BioREDirect,sentence_local
36661504,D053221,8797,Positive_Correlation,D053221,0.9136888,BioREDirect,sentence_local
36661504,79923,8795,Association,79923,0.9889052,BioREDirect,sentence_local
36661504,D013274,9314,Association,9314,0.9722173,BioREDirect,sentence_local
36661504,D053221,D013274,Negative_Correlation,D053221,0.49954277,BioREDirect,sentence_local
36661504,D013274,79923,Association,79923,0.9864715,BioREDirect,sentence_local
36672327,D000069439,673,Negative_Correlation,D000069439,0.90272063,BioREDirect,sentence_local
36672327,C560077,10018,Positive_Correlation,C560077,0.9556059,BioREDirect,sentence_local
36672327,D000069439,3845,Negative_Correlation,D000069439,0.89169765,BioREDirect,sentence_local
36672327,C560077,5747,Negative_Correlation,C560077,0.9326822,BioREDirect,sentence_local
36672327,D000069439,207,Negative_Correlation,D000069439,0.96190035,BioREDirect,sentence_local
36672327,C560077,5594,Negative_Correlation,C560077,0.5198635,BioREDirect,sentence_local
36672327,D000069439,5609,Negative_Correlation,D000069439,0.93752146,BioREDirect,sentence_local
36672327,C560077,D013964,Negative_Correlation,C560077,0.8778914,BioREDirect,sentence_local
36672327,D000069439,6714,Negative_Correlation,D000069439,0.6910653,BioREDirect,sentence_local
36672327,C560077,673,Association,C560077,0.5762841,BioREDirect,sentence_local
36672327,C528561,598,Negative_Correlation,C528561,0.95227396,BioREDirect,sentence_local
36672327,D000069439,C560077,Cotreatment,,0.8218657,BioREDirect,sentence_local
36672327,C560077,C528561,Association,C528561,0.93068993,BioREDirect,sentence_local
36672327,C560077,207,Negative_Correlation,C560077,0.966398,BioREDirect,sentence_local
36672327,C560077,3845,Association,C560077,0.6914738,BioREDirect,sentence_local
36672327,C528561,10018,Negative_Correlation,C528561,0.986705,BioREDirect,sentence_local
36672327,C560077,5609,Negative_Correlation,C560077,0.8854929,BioREDirect,sentence_local
36672327,C560077,6714,Negative_Correlation,C560077,0.9651195,BioREDirect,sentence_local
36672327,10018,5604,Association,,0.6396658,BioREDirect,sentence_local
36672327,10018,5747,Association,5747,0.88852906,BioREDirect,sentence_local
36672327,10018,5605,Association,,0.6396658,BioREDirect,sentence_local
36672327,10018,5609,Association,,0.74547416,BioREDirect,sentence_local
36672327,10018,207,Association,,0.77561426,BioREDirect,sentence_local
36672327,10018,6714,Positive_Correlation,6714,0.8910938,BioREDirect,sentence_local
36672327,D013964,5594,Association,5594,0.5085742,BioREDirect,sentence_local
36672327,D013964,5604,Association,5604,0.585178,BioREDirect,sentence_local
36672327,D013964,10018,Association,10018,0.9843999,BioREDirect,sentence_local
36672327,D013964,5979,Association,5979,0.93927294,BioREDirect,sentence_local
36672327,D013964,673,Association,673,0.890326,BioREDirect,sentence_local
36672327,D013964,5605,Association,5605,0.585178,BioREDirect,sentence_local
36672327,D013964,3845,Association,3845,0.9165814,BioREDirect,sentence_local
36672327,D013964,6714,Association,6714,0.9252243,BioREDirect,sentence_local
36672327,D000069439,5747,Negative_Correlation,D000069439,0.893722,BioREDirect,sentence_local
36672327,D000069439,5594,Negative_Correlation,D000069439,0.93656725,BioREDirect,sentence_local
36672327,D000069439,10018,Positive_Correlation,D000069439,0.97437257,BioREDirect,sentence_local
36672327,D000069439,D013964,Negative_Correlation,D000069439,0.6901524,BioREDirect,sentence_local
36680390,OMIM:215700,445,Association,445,0.82487345,BioREDirect,sentence_local
36682035,D007822,rs9621532,Association,rs9621532,0.53664714,BioREDirect,sentence_local
36682035,D007822,rs1800795,Association,rs1800795,0.7977844,BioREDirect,sentence_local
36682035,D007822,9173,Association,9173,0.9083091,BioREDirect,sentence_local
36682035,D002294,640,Association,640,0.84850913,BioREDirect,sentence_local
36682035,D002294,rs13277113,Association,rs13277113,0.775956,BioREDirect,sentence_local
36682035,D002294,3556,Association,3556,0.9843641,BioREDirect,sentence_local
36682035,D002294,rs1041973,Association,rs1041973,0.8731066,BioREDirect,sentence_local
36682035,D002294,7078,Association,7078,0.6072434,BioREDirect,sentence_local
36682035,D002294,3569,Association,3569,0.7984299,BioREDirect,sentence_local
36682035,D002294,rs4624606,Association,rs4624606,0.98990446,BioREDirect,sentence_local
36682035,D002294,rs9621532,Association,rs9621532,0.53664714,BioREDirect,sentence_local
36682035,D002294,rs1800795,Association,rs1800795,0.7977844,BioREDirect,sentence_local
36682035,D002294,9173,Association,9173,0.9083091,BioREDirect,sentence_local
36682035,D003643,3556,Association,3556,0.923628,BioREDirect,sentence_local
36682035,D007822,rs13277113,Association,rs13277113,0.775956,BioREDirect,sentence_local
36682035,D003643,rs4624606,Negative_Correlation,rs4624606,0.98245215,BioREDirect,sentence_local
36682035,D007822,640,Association,640,0.84850913,BioREDirect,sentence_local
36682035,D007822,3556,Association,3556,0.9843641,BioREDirect,sentence_local
36682035,D007822,rs1041973,Association,rs1041973,0.8731066,BioREDirect,sentence_local
36682035,D007822,7078,Association,7078,0.6072434,BioREDirect,sentence_local
36682035,D007822,3569,Association,3569,0.7984299,BioREDirect,sentence_local
36682035,D007822,rs4624606,Association,rs4624606,0.98990446,BioREDirect,sentence_local
36685169,5340,3818,Association,,0.5852464,BioREDirect,sentence_local
36685169,D056828,3818,Association,3818,0.8152876,BioREDirect,sentence_local
36685169,3818,3827,Association,,0.5340748,BioREDirect,sentence_local
36685169,D056828,710,Association,710,0.9745958,BioREDirect,sentence_local
36685169,2161,3827,Association,,0.55985945,BioREDirect,sentence_local
36685169,5340,2161,Association,,0.5878193,BioREDirect,sentence_local
36685169,D056828,2161,Association,,0.6740012,BioREDirect,sentence_local
36685169,5340,3827,Association,5340,0.9249767,BioREDirect,sentence_local
36685169,D056828,3827,Association,3827,0.8472684,BioREDirect,sentence_local
36685169,D056828,284,Association,284,0.9514134,BioREDirect,sentence_local
36685169,D056828,64711,Association,64711,0.95841527,BioREDirect,sentence_local
36685169,D056828,26509,Association,26509,0.93770725,BioREDirect,sentence_local
36685169,D056828,5340,Association,5340,0.9379136,BioREDirect,sentence_local
36687078,D002867,D010720,Association,,0.78835744,BioREDirect,sentence_local
36687078,D010720,D000605,Association,,0.80356437,BioREDirect,sentence_local
36687078,D002867,D015473,Negative_Correlation,D002867,0.97552353,BioREDirect,sentence_local
36687078,D002867,D000077192,Association,D002867,0.8497984,BioREDirect,sentence_local
36687078,D002867,D010087,Association,,0.78835744,BioREDirect,sentence_local
36687078,D002867,D000605,Association,,0.90172416,BioREDirect,sentence_local
36687078,D010087,D000605,Association,,0.83575314,BioREDirect,sentence_local
36687078,D002867,D000588,Association,,0.89239305,BioREDirect,sentence_local
36687078,D010087,D015473,Negative_Correlation,D010087,0.9740272,BioREDirect,sentence_local
36687078,D010087,D000588,Association,,0.8276946,BioREDirect,sentence_local
36687078,D010087,D000077192,Association,D010087,0.89192307,BioREDirect,sentence_local
36687078,D010720,D000588,Association,,0.7837701,BioREDirect,sentence_local
36690661,5742,9536,Association,,0.82412314,BioREDirect,sentence_local
36690661,D015232,9536,Association,9536,0.5355012,BioREDirect,sentence_local
36690661,D009400,rs4648268,Association,rs4648268,0.9823632,BioREDirect,sentence_local
36690661,5742,80142,Association,,0.7898269,BioREDirect,sentence_local
36690661,D009400,10728,Association,10728,0.9809444,BioREDirect,sentence_local
36690661,D050197,5742,Association,5742,0.988374,BioREDirect,sentence_local
36690661,D015232,D009400,Association,D015232,0.93434113,BioREDirect,sentence_local
36690661,D009400,rs11300958,Association,rs11300958,0.9841219,BioREDirect,sentence_local
36690661,D009400,5743,Association,5743,0.98496443,BioREDirect,sentence_local
36690661,D015232,5743,Association,5743,0.5486777,BioREDirect,sentence_local
36690661,D050197,rs10306194,Positive_Correlation,rs10306194,0.9914903,BioREDirect,sentence_local
36690661,D015232,10728,Association,,0.60337716,BioREDirect,sentence_local
36690661,D009400,5742,Association,5742,0.8923569,BioREDirect,sentence_local
36690661,D015232,5742,Association,5742,0.744083,BioREDirect,sentence_local
36690661,D009400,rs2958155,Association,rs2958155,0.98481685,BioREDirect,sentence_local
36690661,D015232,80142,Association,80142,0.51630175,BioREDirect,sentence_local
36698099,D003865,1557,Association,1557,0.9891539,BioREDirect,sentence_local
36698099,D003865,rs1045642,Negative_Correlation,rs1045642,0.98923814,BioREDirect,sentence_local
36698099,D003865,rs4986893,Positive_Correlation,rs4986893,0.9911033,BioREDirect,sentence_local
36698099,D001714,rs4986893,Positive_Correlation,rs4986893,0.99246323,BioREDirect,sentence_local
36698099,D001714,rs1045642,Negative_Correlation,rs1045642,0.9889088,BioREDirect,sentence_local
36698099,D001714,1557,Association,1557,0.99072754,BioREDirect,sentence_local
36698099,rs4986893,rs4244285,Association,,0.8204827,BioREDirect,sentence_local
36698099,D001714,5243,Association,5243,0.98408544,BioREDirect,sentence_local
36698099,D003865,5243,Association,5243,0.97709084,BioREDirect,sentence_local
36698099,D003865,rs17183814,Association,rs17183814,0.98634654,BioREDirect,sentence_local
36698099,D001714,rs4244285,Positive_Correlation,rs4244285,0.99116266,BioREDirect,sentence_local
36700212,D000357,22220430,Association,22220430,0.9396015,BioREDirect,sentence_local
36711025,D006151,7422,Positive_Correlation,D006151,0.9891205,BioREDirect,sentence_local
36711025,D006151,3615,Negative_Correlation,D006151,0.7246532,BioREDirect,sentence_local
36711025,D006151,3614,Negative_Correlation,D006151,0.9796307,BioREDirect,sentence_local
36711025,D006151,7412,Positive_Correlation,D006151,0.9878996,BioREDirect,sentence_local
36711025,D006151,5471,Negative_Correlation,D006151,0.95062447,BioREDirect,sentence_local
36711025,D006151,3576,Positive_Correlation,D006151,0.9857243,BioREDirect,sentence_local
36711025,D006151,D009369,Negative_Correlation,D006151,0.9682737,BioREDirect,sentence_local
36711025,D006151,3569,Positive_Correlation,D006151,0.9860277,BioREDirect,sentence_local
36711025,D009173,3614,Negative_Correlation,D009173,0.94864285,BioREDirect,sentence_local
36711025,D006151,D007249,Positive_Correlation,D006151,0.9896666,BioREDirect,sentence_local
36711025,3614,3576,Association,3614,0.86497056,BioREDirect,sentence_local
36711025,D009173,19126,Negative_Correlation,D009173,0.9900788,BioREDirect,sentence_local
36711025,D009173,20674,Negative_Correlation,D009173,0.9899711,BioREDirect,sentence_local
36711025,D009173,D009369,Negative_Correlation,D009173,0.9888709,BioREDirect,sentence_local
36711025,D018281,471,Association,471,0.7529187,BioREDirect,sentence_local
36711025,D009369,3614,Association,3614,0.9866974,BioREDirect,sentence_local
36711025,D018281,3614,Association,3614,0.87265795,BioREDirect,sentence_local
36711025,D009369,20674,Association,,0.7551105,BioREDirect,sentence_local
36711025,D018281,3615,Association,3615,0.7247963,BioREDirect,sentence_local
36711025,D009369,19126,Association,19126,0.7486778,BioREDirect,sentence_local
36711025,D018281,5471,Association,5471,0.9900996,BioREDirect,sentence_local
36711025,3614,3569,Association,,0.85117567,BioREDirect,sentence_local
36711025,D018281,5198,Association,5198,0.7158949,BioREDirect,sentence_local
36711025,3614,20674,Negative_Correlation,3614,0.98159754,BioREDirect,sentence_local
36711025,3614,6696,Association,3614,0.8907248,BioREDirect,sentence_local
36711025,D007249,7412,Association,7412,0.86285454,BioREDirect,sentence_local
36711025,3614,7422,Association,,0.8757854,BioREDirect,sentence_local
36711025,D007249,6696,Association,6696,0.8453978,BioREDirect,sentence_local
36711025,D011687,471,Association,,0.5762232,BioREDirect,sentence_local
36711025,D011687,D018281,Association,,0.7840602,BioREDirect,sentence_local
36711025,D007249,3569,Association,3569,0.9021103,BioREDirect,sentence_local
36711025,D011687,3615,Association,,0.6615096,BioREDirect,sentence_local
36711025,D011687,3614,Association,,0.54239076,BioREDirect,sentence_local
36711025,D011687,5471,Association,,0.5743475,BioREDirect,sentence_local
36711025,D011687,5198,Association,,0.6072815,BioREDirect,sentence_local
36711025,D006151,D018281,Association,D006151,0.98231274,BioREDirect,sentence_local
36711025,3614,19126,Negative_Correlation,3614,0.96311045,BioREDirect,sentence_local
36711025,D006151,6696,Positive_Correlation,D006151,0.9902986,BioREDirect,sentence_local
36711701,C108475,D007249,Negative_Correlation,C108475,0.9839131,BioREDirect,sentence_local
36711701,D009369,90865,Association,90865,0.75093764,BioREDirect,sentence_local
36711701,D009369,29110,Association,29110,0.977987,BioREDirect,sentence_local
36711701,D050500,3661,Association,3661,0.9770213,BioREDirect,sentence_local
36711701,D050500,90865,Association,90865,0.98356575,BioREDirect,sentence_local
36711701,D010190,3661,Association,3661,0.89219964,BioREDirect,sentence_local
36711701,90865,7098,Association,,0.6481798,BioREDirect,sentence_local
36711701,D010190,90865,Association,90865,0.9213483,BioREDirect,sentence_local
36711701,7099,29110,Association,,0.77434784,BioREDirect,sentence_local
36711701,90865,29110,Association,,0.93166,BioREDirect,sentence_local
36711701,7098,29110,Association,,0.77434784,BioREDirect,sentence_local
36711701,29110,3661,Association,,0.6144349,BioREDirect,sentence_local
36711701,7099,3661,Association,,0.66643757,BioREDirect,sentence_local
36711701,90865,3661,Association,3661,0.96121293,BioREDirect,sentence_local
36711701,7098,3661,Association,,0.66643757,BioREDirect,sentence_local
36711701,D007249,3661,Association,3661,0.99205947,BioREDirect,sentence_local
36711701,D007249,90865,Association,90865,0.8643467,BioREDirect,sentence_local
36711701,D007249,29110,Association,29110,0.9903927,BioREDirect,sentence_local
36711701,90865,7099,Association,,0.6481798,BioREDirect,sentence_local
36711701,C108475,90865,Negative_Correlation,C108475,0.9891089,BioREDirect,sentence_local
36711701,C108475,D009369,Negative_Correlation,C108475,0.98761207,BioREDirect,sentence_local
36711701,C108475,D050500,Negative_Correlation,C108475,0.9892749,BioREDirect,sentence_local
36711701,C108475,29110,Negative_Correlation,C108475,0.9880547,BioREDirect,sentence_local
36711701,C108475,D010190,Negative_Correlation,C108475,0.9606985,BioREDirect,sentence_local
36711701,D009369,3661,Association,3661,0.98974144,BioREDirect,sentence_local
36727005,C537437,1644,Association,1644,0.94534427,BioREDirect,sentence_local
36737753,D013964,101928337,Association,101928337,0.99225956,BioREDirect,sentence_local
36737753,D013964,rs925489,Positive_Correlation,rs925489,0.99215865,BioREDirect,sentence_local
36737753,D013964,rs4919510,Negative_Correlation,rs4919510,0.9845019,BioREDirect,sentence_local
36737753,D013964,rs2048722,Positive_Correlation,rs2048722,0.9909315,BioREDirect,sentence_local
36737753,D013964,7173,Association,7173,0.9860409,BioREDirect,sentence_local
36737753,D013964,57715,Association,57715,0.9874505,BioREDirect,sentence_local
36741386,D020123,207,Negative_Correlation,D020123,0.7330927,BioREDirect,sentence_local
36741386,D020123,2475,Negative_Correlation,D020123,0.97960126,BioREDirect,sentence_local
36741386,917,920,Association,917,0.8755036,BioREDirect,sentence_local
36741386,940,920,Association,,0.82093954,BioREDirect,sentence_local
36741386,2475,3605,Association,,0.6149253,BioREDirect,sentence_local
36741386,D011565,2475,Association,2475,0.95784533,BioREDirect,sentence_local
36741386,2475,6198,Association,,0.6853258,BioREDirect,sentence_local
36741386,D011565,3605,Association,3605,0.9029935,BioREDirect,sentence_local
36741386,D011565,207,Association,207,0.97837627,BioREDirect,sentence_local
36741386,D011565,6198,Association,6198,0.8373835,BioREDirect,sentence_local
36741386,919,920,Association,919,0.8755036,BioREDirect,sentence_local
36741386,916,920,Association,916,0.8755036,BioREDirect,sentence_local
36741386,2475,207,Association,,0.6707157,BioREDirect,sentence_local
36741386,C017875,920,Negative_Correlation,C017875,0.9831608,BioREDirect,sentence_local
36741386,207,5291,Association,,0.7743327,BioREDirect,sentence_local
36741386,C017875,D003872,Negative_Correlation,C017875,0.98265713,BioREDirect,sentence_local
36741386,C017875,9474,Positive_Correlation,C017875,0.9920472,BioREDirect,sentence_local
36741386,C017875,3605,Negative_Correlation,C017875,0.985485,BioREDirect,sentence_local
36741386,C017875,81631,Positive_Correlation,C017875,0.9921381,BioREDirect,sentence_local
36741386,C017875,2475,Negative_Correlation,C017875,0.9853135,BioREDirect,sentence_local
36741386,C017875,D011565,Negative_Correlation,C017875,0.9869552,BioREDirect,sentence_local
36741386,C017875,84557,Positive_Correlation,C017875,0.9921381,BioREDirect,sentence_local
36741386,C017875,13733,Negative_Correlation,C017875,0.96827644,BioREDirect,sentence_local
36741386,C017875,D012871,Positive_Correlation,C017875,0.98225135,BioREDirect,sentence_local
36741386,C017875,207,Negative_Correlation,C017875,0.9879451,BioREDirect,sentence_local
36741386,C017875,6198,Association,C017875,0.598665,BioREDirect,sentence_local
36741386,D000077271,D011565,Positive_Correlation,D000077271,0.94512373,BioREDirect,sentence_local
36741386,D020123,D003872,Negative_Correlation,D020123,0.7274012,BioREDirect,sentence_local
36741386,915,920,Association,915,0.8755036,BioREDirect,sentence_local
36744531,D004958,D002784,Negative_Correlation,D004958,0.5248466,BioREDirect,sentence_local
36744531,C035144,5972,Association,C035144,0.92956746,BioREDirect,sentence_local
36744531,C035144,D004967,Cotreatment,,0.7222845,BioREDirect,sentence_local
36744531,C035144,D002784,Negative_Correlation,C035144,0.8059092,BioREDirect,sentence_local
36744531,C035144,D000809,Association,C035144,0.87617075,BioREDirect,sentence_local
36744531,D004997,1588,Negative_Correlation,D004997,0.96681243,BioREDirect,sentence_local
36744531,C035144,D004958,Association,,0.7774596,BioREDirect,sentence_local
36744531,D061205,5741,Association,5741,0.5793597,BioREDirect,sentence_local
36744531,C035144,D014280,Negative_Correlation,C035144,0.88994867,BioREDirect,sentence_local
36744531,C035144,1588,Association,,0.5267181,BioREDirect,sentence_local
36744531,D004997,D019851,Positive_Correlation,D004997,0.9418019,BioREDirect,sentence_local
36744531,C035144,D004953,Cotreatment,,0.87715787,BioREDirect,sentence_local
36744531,D011372,D004967,Cotreatment,,0.6414267,BioREDirect,sentence_local
36744531,D004997,5972,Positive_Correlation,D004997,0.61617804,BioREDirect,sentence_local
36744531,C035144,D000450,Association,C035144,0.8573392,BioREDirect,sentence_local
36744531,D004958,D014280,Negative_Correlation,D004958,0.4830194,BioREDirect,sentence_local
36744531,C035144,D004997,Association,D004997,0.8756672,BioREDirect,sentence_local
36759515,D010300,rs356182,Positive_Correlation,rs356182,0.9423417,BioREDirect,sentence_local
36759515,D010300,54832,Association,54832,0.9730958,BioREDirect,sentence_local
36759515,D010300,rs33949390,Positive_Correlation,rs33949390,0.94101113,BioREDirect,sentence_local
36759515,D010300,8934,Association,8934,0.952007,BioREDirect,sentence_local
36759515,D010300,rs997368,Positive_Correlation,rs997368,0.9528476,BioREDirect,sentence_local
36759515,D010300,rs61204179,Positive_Correlation,rs61204179,0.94776595,BioREDirect,sentence_local
36759515,D010300,64710,Positive_Correlation,64710,0.94783103,BioREDirect,sentence_local
36759515,D010300,rs2251086,Positive_Correlation,rs2251086,0.96212584,BioREDirect,sentence_local
36759515,D010300,120892,Association,120892,0.98003685,BioREDirect,sentence_local
36759515,D010300,rs34594498,Positive_Correlation,rs34594498,0.9229937,BioREDirect,sentence_local
36759515,D010300,2534,Association,2534,0.94589484,BioREDirect,sentence_local
36759515,D010300,rs34778348,Positive_Correlation,rs34778348,0.9428127,BioREDirect,sentence_local
36759515,D010300,rs11557080,Positive_Correlation,rs11557080,0.943396,BioREDirect,sentence_local
36759515,D010300,6622,Association,6622,0.9486548,BioREDirect,sentence_local
36760581,rs16835198,rs3755863,Association,,0.86464083,BioREDirect,sentence_local
36760581,D050177,252995,Association,252995,0.9910931,BioREDirect,sentence_local
36760581,D050177,rs16835198,Negative_Correlation,rs16835198,0.9884211,BioREDirect,sentence_local
36760581,D063766,rs16835198,Negative_Correlation,rs16835198,0.9897211,BioREDirect,sentence_local
36760581,252995,10891,Positive_Correlation,10891,0.91289496,BioREDirect,sentence_local
36760581,D063766,252995,Association,252995,0.9920705,BioREDirect,sentence_local
36760581,D063766,10891,Association,10891,0.94759804,BioREDirect,sentence_local
36760581,rs16835198,rs8192678,Association,,0.8543484,BioREDirect,sentence_local
36760778,D005168,2155,Association,2155,0.822278,BioREDirect,sentence_local
36760778,D020300,2155,Association,2155,0.61248344,BioREDirect,sentence_local
36760778,D020300,c|DEL|790|C,Positive_Correlation,c,0.98619765,BioREDirect,sentence_local
36761951,D014652,80169,Association,80169,0.97667897,BioREDirect,sentence_local
36761951,D059885,c|SUB|A|435+9|C,Association,c,0.98949826,BioREDirect,sentence_local
36761951,D059885,80169,Association,80169,0.9863056,BioREDirect,sentence_local
36761951,D059885,rs183966301,Association,rs183966301,0.9875079,BioREDirect,sentence_local
36761951,C566283,80169,Association,80169,0.98087215,BioREDirect,sentence_local
36761951,C566283,c|SUB|A|435+9|C,Association,c,0.99119836,BioREDirect,sentence_local
36761951,C566283,rs183966301,Association,rs183966301,0.98942566,BioREDirect,sentence_local
36761951,D013792,D059885,Negative_Correlation,D013792,0.9104915,BioREDirect,sentence_local
36761951,D013792,D020123,Cotreatment,,0.7296014,BioREDirect,sentence_local
36761951,D020123,D059885,Negative_Correlation,D020123,0.89141846,BioREDirect,sentence_local
36761951,D005221,80169,Association,80169,0.6249545,BioREDirect,sentence_local
36761951,D004211,80169,Association,80169,0.56976503,BioREDirect,sentence_local
36761951,D013921,80169,Association,80169,0.69794464,BioREDirect,sentence_local
36761951,D012817,80169,Association,80169,0.5090546,BioREDirect,sentence_local
36761951,D011241,D059885,Negative_Correlation,D011241,0.63969785,BioREDirect,sentence_local
36761951,D011241,D013792,Cotreatment,,0.74096537,BioREDirect,sentence_local
36761951,D011241,D020123,Cotreatment,,0.7166693,BioREDirect,sentence_local
36768587,449028,403412,Association,,0.80922747,BioREDirect,sentence_local
36789003,C536293,p|FS|P|2984|T|7,Positive_Correlation,p,0.99423826,BioREDirect,sentence_local
36789003,C536293,c|DUP|8948|T|,Positive_Correlation,c,0.9939586,BioREDirect,sentence_local
36789003,C536293,65250,Association,65250,0.9684626,BioREDirect,sentence_local
36789003,C536293,c|SUB|G|247|T,Positive_Correlation,c,0.99360293,BioREDirect,sentence_local
36789003,C536293,p|SUB|G|83|X,Positive_Correlation,p,0.99381256,BioREDirect,sentence_local
26115796,D008545,673,Association,673,0.92078394,BioREDirect,sentence_local
26115796,C582435,D011014,Negative_Correlation,C582435,0.923032,BioREDirect,sentence_local
26115796,D008545,5609,Association,5609,0.90537506,BioREDirect,sentence_local
26115796,C582435,D000740,Negative_Correlation,C582435,0.90644574,BioREDirect,sentence_local
26115796,C582435,D008545,Negative_Correlation,C582435,0.51274693,BioREDirect,sentence_local
26115796,C582435,D005221,Negative_Correlation,C582435,0.8837673,BioREDirect,sentence_local
26115796,C582435,D003967,Positive_Correlation,C582435,0.8369704,BioREDirect,sentence_local
26115796,C582435,D007970,Negative_Correlation,C582435,0.88519984,BioREDirect,sentence_local
26115796,C582435,D009503,Negative_Correlation,C582435,0.924511,BioREDirect,sentence_local
26115796,C582435,D000074324,Negative_Correlation,C582435,0.7432253,BioREDirect,sentence_local
26115796,D017239,D016190,Cotreatment,,0.7100662,BioREDirect,sentence_local
26115796,D017239,D003606,Cotreatment,,0.66850823,BioREDirect,sentence_local
26115796,D000074324,D008545,Negative_Correlation,D000074324,0.97999656,BioREDirect,sentence_local
26115796,D000074324,D011241,Negative_Correlation,D011241,0.70148516,BioREDirect,sentence_local
26115796,D017239,D000077204,Cotreatment,,0.7364902,BioREDirect,sentence_local
29595509,D011718,D014397,Negative_Correlation,D011718,0.88046294,BioREDirect,sentence_local
29595509,D011718,D024841,Cotreatment,D024841,0.8650258,BioREDirect,sentence_local
29595509,D012293,D011718,Cotreatment,,0.7089799,BioREDirect,sentence_local
29595509,D011718,D013307,Cotreatment,,0.8164288,BioREDirect,sentence_local
29595509,D024841,D014376,Negative_Correlation,D024841,0.7857954,BioREDirect,sentence_local
29595509,D012293,D014376,Negative_Correlation,D012293,0.9844344,BioREDirect,sentence_local
29595509,D024841,D014397,Negative_Correlation,D024841,0.7983326,BioREDirect,sentence_local
29595509,D012293,D024841,Cotreatment,D024841,0.8607339,BioREDirect,sentence_local
29595509,D012293,D013307,Cotreatment,,0.86148846,BioREDirect,sentence_local
29595509,D012293,D014397,Association,D012293,0.96960104,BioREDirect,sentence_local
29595509,D013307,D014376,Negative_Correlation,D013307,0.7586513,BioREDirect,sentence_local
29595509,D013307,D014397,Negative_Correlation,D013307,0.5148202,BioREDirect,sentence_local
29595509,D004977,D014376,Negative_Correlation,D004977,0.8392044,BioREDirect,sentence_local
29595509,D004977,D011718,Cotreatment,,0.72137165,BioREDirect,sentence_local
29595509,D004977,D024841,Cotreatment,,0.86123794,BioREDirect,sentence_local
29595509,D004977,D014397,Negative_Correlation,D004977,0.8443473,BioREDirect,sentence_local
29595509,D012293,D004977,Cotreatment,,0.7143124,BioREDirect,sentence_local
29595509,D004977,D013307,Cotreatment,,0.8197343,BioREDirect,sentence_local
29595509,D007538,D014376,Association,D007538,0.9636926,BioREDirect,sentence_local
29595509,D007538,D012293,Association,,0.57206774,BioREDirect,sentence_local
29595509,D011718,D014376,Negative_Correlation,D011718,0.900134,BioREDirect,sentence_local
31614143,D000077341,4923,Negative_Correlation,D000077341,0.98731726,BioREDirect,sentence_local
31614143,D000077341,2064,Negative_Correlation,D000077341,0.98078406,BioREDirect,sentence_local
31614143,D017382,C007517,Negative_Correlation,C007517,0.9755258,BioREDirect,sentence_local
31614143,D000077341,D002289,Negative_Correlation,D000077341,0.6763574,BioREDirect,sentence_local
31614143,D017382,50506,Association,,0.7641585,BioREDirect,sentence_local
31614143,D002289,4922,Positive_Correlation,4922,0.9890577,BioREDirect,sentence_local
31614143,D008175,4922,Association,4922,0.88242555,BioREDirect,sentence_local
31614143,D017382,50507,Association,,0.7832668,BioREDirect,sentence_local
31614143,D017382,1956,Association,D017382,0.9756446,BioREDirect,sentence_local
31614143,D017382,4922,Positive_Correlation,4922,0.9580075,BioREDirect,sentence_local
31614143,D017382,2064,Association,D017382,0.871721,BioREDirect,sentence_local
31614143,D017382,4923,Association,D017382,0.9371673,BioREDirect,sentence_local
31614143,D014013,4922,Negative_Correlation,D014013,0.97442055,BioREDirect,sentence_local
31614143,D014013,1956,Negative_Correlation,D014013,0.97452176,BioREDirect,sentence_local
31614143,D014013,2064,Negative_Correlation,D014013,0.9844705,BioREDirect,sentence_local
31614143,D017382,D014013,Negative_Correlation,D014013,0.98232883,BioREDirect,sentence_local
31614143,D014013,5594,Negative_Correlation,D014013,0.98448807,BioREDirect,sentence_local
31614143,C079087,1956,Negative_Correlation,C079087,0.61578894,BioREDirect,sentence_local
31614143,C079087,4922,Negative_Correlation,C079087,0.93474954,BioREDirect,sentence_local
31614143,C079087,2064,Negative_Correlation,C079087,0.8581904,BioREDirect,sentence_local
31614143,C079087,4923,Negative_Correlation,C079087,0.98272103,BioREDirect,sentence_local
31614143,4922,5594,Positive_Correlation,4922,0.98453414,BioREDirect,sentence_local
31614143,C007517,50507,Negative_Correlation,C007517,0.96990126,BioREDirect,sentence_local
31614143,C079087,D002289,Negative_Correlation,C079087,0.96377987,BioREDirect,sentence_local
31614143,D017382,C079087,Negative_Correlation,C079087,0.98052365,BioREDirect,sentence_local
31614143,C079087,5594,Negative_Correlation,C079087,0.8619069,BioREDirect,sentence_local
31614143,1956,4922,Positive_Correlation,4922,0.9868325,BioREDirect,sentence_local
31614143,C007517,50506,Negative_Correlation,C007517,0.9661756,BioREDirect,sentence_local
31614143,1956,4923,Positive_Correlation,4923,0.9804246,BioREDirect,sentence_local
31614143,C007517,1956,Negative_Correlation,C007517,0.9846556,BioREDirect,sentence_local
31614143,4922,4923,Bind,4923,0.5733811,BioREDirect,sentence_local
31614143,C007517,4922,Negative_Correlation,C007517,0.9863325,BioREDirect,sentence_local
31614143,2064,4922,Positive_Correlation,4922,0.9496367,BioREDirect,sentence_local
31614143,C007517,2064,Negative_Correlation,C007517,0.9874413,BioREDirect,sentence_local
31614143,D000077341,4922,Negative_Correlation,D000077341,0.9327233,BioREDirect,sentence_local
31614143,C007517,5594,Negative_Correlation,C007517,0.9863832,BioREDirect,sentence_local
31614143,2064,4923,Positive_Correlation,4923,0.9847248,BioREDirect,sentence_local
31614143,C007517,D002289,Negative_Correlation,C007517,0.96959376,BioREDirect,sentence_local
31614143,D000077341,1956,Negative_Correlation,D000077341,0.93971634,BioREDirect,sentence_local
31614143,D000077341,7294,Negative_Correlation,D000077341,0.9651046,BioREDirect,sentence_local
31661889,D007249,29260,Association,29260,0.97987384,BioREDirect,sentence_local
31661889,C006780,D052439,Positive_Correlation,C006780,0.9930749,BioREDirect,sentence_local
31661889,C006780,301289,Positive_Correlation,C006780,0.9918847,BioREDirect,sentence_local
31661889,C006780,25330,Negative_Correlation,C006780,0.95991236,BioREDirect,sentence_local
31661889,C006780,29260,Positive_Correlation,C006780,0.96912307,BioREDirect,sentence_local
31661889,C006780,361676,Negative_Correlation,C006780,0.966413,BioREDirect,sentence_local
31661889,D005632,C006780,Cotreatment,,0.84729016,BioREDirect,sentence_local
31661889,C006780,D050171,Positive_Correlation,C006780,0.9826318,BioREDirect,sentence_local
31661889,C006780,50671,Association,C006780,0.98518825,BioREDirect,sentence_local
31661889,D008055,60581,Association,60581,0.7957427,BioREDirect,sentence_local
31661889,D008055,25294,Association,25294,0.56695384,BioREDirect,sentence_local
31661889,D008055,25330,Association,25330,0.70728916,BioREDirect,sentence_local
31661889,D008055,78968,Association,78968,0.72592115,BioREDirect,sentence_local
31661889,D008055,361676,Association,361676,0.6688829,BioREDirect,sentence_local
31661889,D008055,24890,Association,,0.6372341,BioREDirect,sentence_local
31661889,D008055,50671,Association,50671,0.65010786,BioREDirect,sentence_local
31661889,D005632,60581,Positive_Correlation,D005632,0.9784898,BioREDirect,sentence_local
31661889,D005632,D052439,Positive_Correlation,D005632,0.9918023,BioREDirect,sentence_local
31661889,D005632,24835,Positive_Correlation,D005632,0.989933,BioREDirect,sentence_local
31661889,D005632,25294,Association,D005632,0.93487966,BioREDirect,sentence_local
31661889,D005632,29260,Positive_Correlation,D005632,0.9889932,BioREDirect,sentence_local
31661889,D005632,78968,Positive_Correlation,D005632,0.98572457,BioREDirect,sentence_local
31661889,D005632,81736,Positive_Correlation,D005632,0.9807695,BioREDirect,sentence_local
31661889,D005632,301289,Positive_Correlation,D005632,0.98973584,BioREDirect,sentence_local
31661889,D005632,25330,Negative_Correlation,D005632,0.9353713,BioREDirect,sentence_local
31661889,D005632,361676,Negative_Correlation,D005632,0.9345106,BioREDirect,sentence_local
31661889,D005632,50671,Positive_Correlation,D005632,0.9750524,BioREDirect,sentence_local
31661889,D005632,24890,Negative_Correlation,D005632,0.9632488,BioREDirect,sentence_local
31661889,D005632,D050171,Positive_Correlation,D005632,0.985851,BioREDirect,sentence_local
31661889,D007249,81736,Association,81736,0.9798565,BioREDirect,sentence_local
31661889,C006780,24835,Positive_Correlation,C006780,0.99163944,BioREDirect,sentence_local
34000358,D058186,59272,Negative_Correlation,59272,0.9162853,BioREDirect,sentence_local
34000358,C529054,246787,Negative_Correlation,C529054,0.9220846,BioREDirect,sentence_local
34000358,C529054,30878,Positive_Correlation,C529054,0.9886903,BioREDirect,sentence_local
34000358,C529054,D005355,Negative_Correlation,C529054,0.9739845,BioREDirect,sentence_local
34000358,D000086382,8862,Association,8862,0.99029875,BioREDirect,sentence_local
34000358,C529054,70008,Positive_Correlation,C529054,0.97229743,BioREDirect,sentence_local
34000358,30878,70008,Association,,0.5469985,BioREDirect,sentence_local
34000358,D000086382,6524,Association,6524,0.991524,BioREDirect,sentence_local
34000358,D000086382,59272,Association,59272,0.7771986,BioREDirect,sentence_local
34000358,D005355,30878,Association,30878,0.9010678,BioREDirect,sentence_local
34000358,D059347,6524,Association,6524,0.9936295,BioREDirect,sentence_local
34000358,D005355,70008,Association,70008,0.8559439,BioREDirect,sentence_local
34000358,D059347,8862,Association,8862,0.9885076,BioREDirect,sentence_local
34000358,D059347,1906,Association,1906,0.99047875,BioREDirect,sentence_local
34000358,D059347,59272,Association,59272,0.9925614,BioREDirect,sentence_local
34000358,D003920,59272,Negative_Correlation,59272,0.92560863,BioREDirect,sentence_local
34000358,D003920,8862,Negative_Correlation,8862,0.83257097,BioREDirect,sentence_local
34000358,59272,3605,Negative_Correlation,59272,0.9750381,BioREDirect,sentence_local
34000358,59272,7124,Negative_Correlation,59272,0.9718774,BioREDirect,sentence_local
34000358,8862,59272,Association,,0.7587302,BioREDirect,sentence_local
34000358,D006333,59272,Negative_Correlation,59272,0.9554736,BioREDirect,sentence_local
34000358,59272,3553,Negative_Correlation,59272,0.9578096,BioREDirect,sentence_local
34000358,D007249,59272,Negative_Correlation,59272,0.98366,BioREDirect,sentence_local
34000358,59272,3569,Negative_Correlation,59272,0.96341795,BioREDirect,sentence_local
34000358,D007249,3605,Association,3605,0.9410598,BioREDirect,sentence_local
34000358,D007249,7124,Association,7124,0.8771912,BioREDirect,sentence_local
34000358,D007249,3569,Association,3569,0.93338954,BioREDirect,sentence_local
34000358,D007249,3553,Association,3553,0.9117832,BioREDirect,sentence_local
34000358,D058186,8862,Negative_Correlation,8862,0.89213824,BioREDirect,sentence_local
34157861,D006976,4800,Association,4800,0.79542726,BioREDirect,sentence_local
34157861,D024821,574455,Association,D024821,0.9246064,BioREDirect,sentence_local
34157861,D006976,29508,Association,29508,0.79542726,BioREDirect,sentence_local
34157861,D024821,25202,Negative_Correlation,D024821,0.9850418,BioREDirect,sentence_local
34157861,D006976,66012,Association,66012,0.8021709,BioREDirect,sentence_local
34157861,D024821,66012,Negative_Correlation,D024821,0.98244506,BioREDirect,sentence_local
34157861,D006976,25202,Association,25202,0.7801884,BioREDirect,sentence_local
34157861,D024821,497757,Negative_Correlation,D024821,0.98244506,BioREDirect,sentence_local
34157861,D006976,497757,Association,497757,0.8021709,BioREDirect,sentence_local
34157861,D024821,25206,Negative_Correlation,D024821,0.98244506,BioREDirect,sentence_local
34157861,D006976,25206,Association,25206,0.8021709,BioREDirect,sentence_local
34157861,29508,25202,Negative_Correlation,29508,0.66744685,BioREDirect,sentence_local
34157861,D014652,25202,Association,25202,0.82954955,BioREDirect,sentence_local
34157861,574455,66012,Association,574455,0.85219425,BioREDirect,sentence_local
34157861,D014652,66012,Association,66012,0.7392274,BioREDirect,sentence_local
34157861,4800,25202,Negative_Correlation,4800,0.66744685,BioREDirect,sentence_local
34157861,D014652,497757,Association,497757,0.7392274,BioREDirect,sentence_local
34157861,574455,25202,Negative_Correlation,574455,0.8603695,BioREDirect,sentence_local
34157861,D014652,25206,Association,25206,0.7392274,BioREDirect,sentence_local
34157861,C570240,64522,Negative_Correlation,C570240,0.9796806,BioREDirect,sentence_local
34157861,D019308,D003920,Association,D019308,0.7707781,BioREDirect,sentence_local
34157861,C570240,25202,Negative_Correlation,C570240,0.9006958,BioREDirect,sentence_local
34157861,D017382,D006976,Association,D017382,0.81711286,BioREDirect,sentence_local
34157861,574455,497757,Association,574455,0.85219425,BioREDirect,sentence_local
34157861,D017382,574455,Association,,0.49826938,BioREDirect,sentence_local
34157861,4800,25206,Negative_Correlation,4800,0.8769687,BioREDirect,sentence_local
34157861,D017382,104797223,Association,,0.49826938,BioREDirect,sentence_local
34157861,29508,25206,Negative_Correlation,29508,0.8769687,BioREDirect,sentence_local
34157861,D017382,D024821,Association,,0.6883335,BioREDirect,sentence_local
34157861,574455,25206,Association,574455,0.85219425,BioREDirect,sentence_local
34157861,D017382,25202,Negative_Correlation,D017382,0.64348084,BioREDirect,sentence_local
34157861,D017382,66012,Negative_Correlation,D017382,0.66425085,BioREDirect,sentence_local
34157861,D017382,25206,Negative_Correlation,D017382,0.66425085,BioREDirect,sentence_local
34157861,D017382,497757,Negative_Correlation,D017382,0.66425085,BioREDirect,sentence_local
34157861,4800,497757,Negative_Correlation,4800,0.8769687,BioREDirect,sentence_local
34157861,4800,66012,Negative_Correlation,4800,0.8769687,BioREDirect,sentence_local
34157861,D009765,25202,Negative_Correlation,D009765,0.8523817,BioREDirect,sentence_local
34157861,C116890,D006976,Positive_Correlation,C116890,0.9273925,BioREDirect,sentence_local
34157861,104797223,25202,Negative_Correlation,104797223,0.8603695,BioREDirect,sentence_local
34157861,104797223,66012,Association,104797223,0.85219425,BioREDirect,sentence_local
34157861,104797223,497757,Association,104797223,0.85219425,BioREDirect,sentence_local
34157861,104797223,25206,Association,104797223,0.85219425,BioREDirect,sentence_local
34157861,29508,497757,Negative_Correlation,29508,0.8769687,BioREDirect,sentence_local
34157861,29508,66012,Negative_Correlation,29508,0.8769687,BioREDirect,sentence_local
34157861,D024821,29508,Association,,0.92351496,BioREDirect,sentence_local
34157861,D024821,4800,Association,,0.92351496,BioREDirect,sentence_local
34157861,D024821,104797223,Association,D024821,0.9246064,BioREDirect,sentence_local
34215679,D005921,319765,Association,319765,0.9523903,BioREDirect,sentence_local
34215679,D001327,16819,Association,16819,0.9382506,BioREDirect,sentence_local
34215679,D001327,319765,Association,319765,0.9714863,BioREDirect,sentence_local
34215679,D001327,21926,Association,21926,0.89663625,BioREDirect,sentence_local
34215679,D001327,12608,Association,12608,0.82479477,BioREDirect,sentence_local
34215679,D001327,16171,Association,16171,0.65447235,BioREDirect,sentence_local
34215679,D007674,16819,Association,16819,0.9517965,BioREDirect,sentence_local
34215679,D007674,319765,Association,319765,0.94929343,BioREDirect,sentence_local
34215679,C010223,D007249,Association,C010223,0.86512256,BioREDirect,sentence_local
34215679,D007674,12608,Association,12608,0.82033354,BioREDirect,sentence_local
34215679,319765,21926,Association,319765,0.9033822,BioREDirect,sentence_local
34215679,C010223,12609,Association,C010223,0.9739405,BioREDirect,sentence_local
34215679,C010223,12608,Association,C010223,0.9648728,BioREDirect,sentence_local
34215679,319765,16171,Association,319765,0.9630647,BioREDirect,sentence_local
34215679,C010223,D001327,Association,C010223,0.94239676,BioREDirect,sentence_local
34215679,D007249,21926,Association,21926,0.5953251,BioREDirect,sentence_local
34215679,C010223,21926,Association,C010223,0.97041714,BioREDirect,sentence_local
34215679,16171,16819,Association,,0.9062638,BioREDirect,sentence_local
34215679,D007249,319765,Association,319765,0.8415403,BioREDirect,sentence_local
34215679,D007249,16171,Association,16171,0.6065283,BioREDirect,sentence_local
34215679,319765,257630,Association,319765,0.9520467,BioREDirect,sentence_local
34215679,319765,12609,Association,319765,0.9931873,BioREDirect,sentence_local
34215679,319765,16819,Association,319765,0.95249087,BioREDirect,sentence_local
34215679,12609,257630,Positive_Correlation,257630,0.8521401,BioREDirect,sentence_local
34215679,12609,16819,Association,,0.872322,BioREDirect,sentence_local
34215679,21926,12609,Association,21926,0.72238994,BioREDirect,sentence_local
34215679,16171,12609,Association,16171,0.8901021,BioREDirect,sentence_local
34215679,12608,257630,Association,257630,0.73265225,BioREDirect,sentence_local
34215679,319765,12608,Positive_Correlation,319765,0.9931722,BioREDirect,sentence_local
34215679,12608,16819,Association,,0.83851475,BioREDirect,sentence_local
34215679,16171,12608,Association,16171,0.87735236,BioREDirect,sentence_local
34215679,21926,12608,Association,,0.64252204,BioREDirect,sentence_local
34215679,D005921,16819,Association,16819,0.9473147,BioREDirect,sentence_local
34265624,C488250,4513,Negative_Correlation,C488250,0.9836416,BioREDirect,sentence_local
34265624,C488250,D000084462,Negative_Correlation,C488250,0.9912067,BioREDirect,sentence_local
34265624,C488250,7098,Negative_Correlation,C488250,0.99035525,BioREDirect,sentence_local
34265624,C488250,4843,Negative_Correlation,C488250,0.98562187,BioREDirect,sentence_local
34265624,C488250,D000090862,Association,C488250,0.9792199,BioREDirect,sentence_local
34265624,7098,5465,Association,5465,0.9733286,BioREDirect,sentence_local
34265624,5465,4790,Positive_Correlation,5465,0.9767422,BioREDirect,sentence_local
34265624,7098,2166,Association,2166,0.9285751,BioREDirect,sentence_local
34265624,C088155,2166,Association,C088155,0.8984301,BioREDirect,sentence_local
34265624,7098,4790,Positive_Correlation,7098,0.92883766,BioREDirect,sentence_local
34265624,C005958,2166,Association,C005958,0.8381311,BioREDirect,sentence_local
34265624,C005958,D000084462,Negative_Correlation,C005958,0.9867617,BioREDirect,sentence_local
34265624,C005958,7098,Negative_Correlation,C005958,0.9868939,BioREDirect,sentence_local
34265624,C078814,2166,Association,2166,0.71702456,BioREDirect,sentence_local
34265624,D000084462,9536,Association,9536,0.96448886,BioREDirect,sentence_local
34265624,D000084462,2166,Association,2166,0.721435,BioREDirect,sentence_local
34265624,D000084462,7098,Positive_Correlation,7098,0.935004,BioREDirect,sentence_local
34265624,D000084462,3553,Association,3553,0.96315986,BioREDirect,sentence_local
34265624,D011070,D000084462,Positive_Correlation,D011070,0.96147525,BioREDirect,sentence_local
34265624,D000084462,4513,Association,4513,0.97622913,BioREDirect,sentence_local
34265624,D011070,7098,Positive_Correlation,D011070,0.973254,BioREDirect,sentence_local
34265624,D000084462,4843,Association,4843,0.97063714,BioREDirect,sentence_local
34265624,D011070,D007249,Positive_Correlation,D011070,0.9419601,BioREDirect,sentence_local
34265624,D002186,7098,Association,D002186,0.8781987,BioREDirect,sentence_local
34265624,5465,3659,Association,5465,0.977505,BioREDirect,sentence_local
34265624,D002186,2166,Association,2166,0.7147359,BioREDirect,sentence_local
34265624,7098,3659,Positive_Correlation,7098,0.9585021,BioREDirect,sentence_local
34265624,D000090862,7098,Association,7098,0.6507194,BioREDirect,sentence_local
34265624,C022203,D000084462,Association,C022203,0.95887154,BioREDirect,sentence_local
34265624,D000090862,5465,Association,5465,0.9804247,BioREDirect,sentence_local
34265624,C022203,D000090862,Association,C022203,0.742736,BioREDirect,sentence_local
34265624,D000090862,2166,Association,2166,0.5540005,BioREDirect,sentence_local
34265624,C022203,7098,Association,C022203,0.9566502,BioREDirect,sentence_local
34265624,C488250,3659,Negative_Correlation,C488250,0.9902626,BioREDirect,sentence_local
34265624,D007249,7098,Association,7098,0.83496135,BioREDirect,sentence_local
34265624,C488250,9536,Negative_Correlation,C488250,0.98874694,BioREDirect,sentence_local
34265624,C488250,5465,Association,C488250,0.9653382,BioREDirect,sentence_local
34265624,C488250,2166,Association,2166,0.6141968,BioREDirect,sentence_local
34265624,C488250,4790,Negative_Correlation,C488250,0.9905815,BioREDirect,sentence_local
34265624,C488250,3553,Negative_Correlation,C488250,0.988106,BioREDirect,sentence_local
34329577,D005047,D012008,Negative_Correlation,D005047,0.74233365,BioREDirect,sentence_local
34329577,D005047,D006689,Negative_Correlation,D005047,0.910423,BioREDirect,sentence_local
34329577,D000079963,D006689,Negative_Correlation,D000079963,0.7943565,BioREDirect,sentence_local
34329577,D007069,D015080,Cotreatment,,0.77186406,BioREDirect,sentence_local
34329577,D007069,D016190,Cotreatment,,0.75362706,BioREDirect,sentence_local
34329577,D007069,D012008,Negative_Correlation,D007069,0.60119563,BioREDirect,sentence_local
34329577,D007069,D006689,Negative_Correlation,D007069,0.94030136,BioREDirect,sentence_local
34329577,D016190,D012008,Negative_Correlation,D016190,0.640254,BioREDirect,sentence_local
34329577,D016190,D015080,Cotreatment,,0.7160229,BioREDirect,sentence_local
34329577,D016190,D006689,Negative_Correlation,D016190,0.9535068,BioREDirect,sentence_local
34329577,D000079963,D005047,Cotreatment,,0.78197145,BioREDirect,sentence_local
34329577,D000079963,D007069,Cotreatment,,0.7887412,BioREDirect,sentence_local
34329577,D000079963,D015080,Cotreatment,,0.8281219,BioREDirect,sentence_local
34329577,D000079963,D016190,Cotreatment,,0.79299015,BioREDirect,sentence_local
34329577,D000079963,D012008,Negative_Correlation,D000079963,0.7126381,BioREDirect,sentence_local
34329577,D007069,D005047,Cotreatment,,0.76849,BioREDirect,sentence_local
34329577,D005047,D015080,Cotreatment,,0.7358604,BioREDirect,sentence_local
34329577,D016190,D005047,Cotreatment,,0.7427632,BioREDirect,sentence_local
34670865,D018284,2621,Association,2621,0.9860136,BioREDirect,sentence_local
34670865,D004247,142,Negative_Correlation,142,0.7954241,BioREDirect,sentence_local
34670865,C531550,142,Negative_Correlation,C531550,0.9768464,BioREDirect,sentence_local
34670865,D004247,D010051,Association,,0.63313156,BioREDirect,sentence_local
34670865,C000720937,C531550,Cotreatment,,0.91333914,BioREDirect,sentence_local
34670865,D004247,D016190,Negative_Correlation,D016190,0.9240622,BioREDirect,sentence_local
34670865,C531550,D010051,Negative_Correlation,C531550,0.9855928,BioREDirect,sentence_local
34670865,C531550,2621,Association,2621,0.8566479,BioREDirect,sentence_local
34670865,D004247,2621,Negative_Correlation,2621,0.94400245,BioREDirect,sentence_local
34670865,C531550,558,Negative_Correlation,558,0.8053932,BioREDirect,sentence_local
34670865,D004247,558,Negative_Correlation,558,0.85439193,BioREDirect,sentence_local
34670865,C000720937,142,Negative_Correlation,C000720937,0.6251336,BioREDirect,sentence_local
34670865,C000720937,D009369,Negative_Correlation,C000720937,0.98433465,BioREDirect,sentence_local
34670865,C000720937,D016190,Negative_Correlation,D016190,0.8985536,BioREDirect,sentence_local
34670865,C000720937,D010051,Negative_Correlation,C000720937,0.9813308,BioREDirect,sentence_local
34670865,C000720937,D017239,Negative_Correlation,D017239,0.7160338,BioREDirect,sentence_local
34670865,C000720937,2621,Association,C000720937,0.77428854,BioREDirect,sentence_local
34670865,C000720937,D018284,Negative_Correlation,C000720937,0.74130625,BioREDirect,sentence_local
34670865,D004247,C000720937,Positive_Correlation,C000720937,0.9936877,BioREDirect,sentence_local
34670865,C000720937,5888,Negative_Correlation,C000720937,0.98150843,BioREDirect,sentence_local
34670865,D010984,D018284,Negative_Correlation,D010984,0.97318685,BioREDirect,sentence_local
34670865,D010984,D010051,Negative_Correlation,D010984,0.9517277,BioREDirect,sentence_local
34670865,2621,142,Negative_Correlation,2621,0.87521493,BioREDirect,sentence_local
34670865,558,142,Negative_Correlation,558,0.83700424,BioREDirect,sentence_local
34670865,D009369,2621,Association,2621,0.8887702,BioREDirect,sentence_local
34670865,D016190,D010051,Negative_Correlation,D016190,0.9555026,BioREDirect,sentence_local
34670865,D016190,D009369,Negative_Correlation,D016190,0.9447457,BioREDirect,sentence_local
34670865,D016190,5888,Negative_Correlation,D016190,0.9725584,BioREDirect,sentence_local
34670865,D016190,2621,Association,2621,0.95815057,BioREDirect,sentence_local
34670865,D016190,558,Association,D016190,0.80188817,BioREDirect,sentence_local
34670865,D010051,142,Association,142,0.80066186,BioREDirect,sentence_local
34670865,D010051,2621,Association,2621,0.98781073,BioREDirect,sentence_local
34670865,D010051,558,Association,558,0.97513336,BioREDirect,sentence_local
34670865,C531550,D009369,Negative_Correlation,C531550,0.9832848,BioREDirect,sentence_local
34670865,D017239,D009369,Negative_Correlation,D017239,0.8294356,BioREDirect,sentence_local
34670865,D017239,D010051,Negative_Correlation,D017239,0.5927593,BioREDirect,sentence_local
34670865,2621,558,Bind,,0.648873,BioREDirect,sentence_local
34801870,D000911,83474,Association,,0.824417,BioREDirect,sentence_local
34801870,D006111,7253,Association,7253,0.9537434,BioREDirect,sentence_local
34801870,D000911,D013972,Association,D013972,0.932496,BioREDirect,sentence_local
34801870,25360,25309,Positive_Correlation,25360,0.9870395,BioREDirect,sentence_local
34801870,25360,24887,Positive_Correlation,25360,0.9880663,BioREDirect,sentence_local
34801870,D000911,25402,Positive_Correlation,D000911,0.9907554,BioREDirect,sentence_local
34801870,D000111,56718,Positive_Correlation,D000111,0.9883812,BioREDirect,sentence_local
34801870,D000911,25309,Positive_Correlation,D000911,0.99139214,BioREDirect,sentence_local
34801870,25360,58918,Positive_Correlation,25360,0.98504966,BioREDirect,sentence_local
34801870,D000911,24887,Positive_Correlation,D000911,0.99131525,BioREDirect,sentence_local
34801870,25360,64044,Association,25360,0.91376257,BioREDirect,sentence_local
34801870,D000911,64044,Positive_Correlation,D000911,0.9802437,BioREDirect,sentence_local
34801870,25360,25402,Positive_Correlation,25360,0.9862408,BioREDirect,sentence_local
34801870,D013972,25636,Positive_Correlation,D013972,0.9888349,BioREDirect,sentence_local
34801870,D013972,25360,Association,D013972,0.8111353,BioREDirect,sentence_local
34801870,D000111,25636,Positive_Correlation,D000111,0.98779756,BioREDirect,sentence_local
34801870,D013972,83516,Positive_Correlation,D013972,0.9902389,BioREDirect,sentence_local
34801870,D013972,83619,Positive_Correlation,D013972,0.9896791,BioREDirect,sentence_local
34801870,D000111,25360,Negative_Correlation,D000111,0.89239943,BioREDirect,sentence_local
34801870,D013972,83474,Positive_Correlation,D013972,0.9898747,BioREDirect,sentence_local
34801870,D000911,D000111,Negative_Correlation,D000111,0.9234353,BioREDirect,sentence_local
34801870,D000111,83516,Positive_Correlation,D000111,0.98884994,BioREDirect,sentence_local
34801870,D013972,78975,Positive_Correlation,D013972,0.98866874,BioREDirect,sentence_local
34801870,D000111,83619,Positive_Correlation,D000111,0.98824584,BioREDirect,sentence_local
34801870,D000111,83474,Positive_Correlation,D000111,0.98864144,BioREDirect,sentence_local
34801870,D013972,64476,Positive_Correlation,D013972,0.9908467,BioREDirect,sentence_local
34801870,D013972,309757,Positive_Correlation,D013972,0.98916954,BioREDirect,sentence_local
34801870,D000111,78975,Positive_Correlation,D000111,0.9878072,BioREDirect,sentence_local
34801870,D013972,24185,Positive_Correlation,D013972,0.9886432,BioREDirect,sentence_local
34801870,D000111,64476,Positive_Correlation,D000111,0.9888691,BioREDirect,sentence_local
34801870,D000111,309757,Positive_Correlation,D000111,0.98703396,BioREDirect,sentence_local
34801870,D013972,24248,Positive_Correlation,D013972,0.9882306,BioREDirect,sentence_local
34801870,D000111,24185,Positive_Correlation,D000111,0.98773825,BioREDirect,sentence_local
34801870,D013972,56718,Positive_Correlation,D013972,0.98877525,BioREDirect,sentence_local
34801870,D000111,24248,Positive_Correlation,D000111,0.98746336,BioREDirect,sentence_local
34801870,D000911,25360,Association,D000911,0.8927606,BioREDirect,sentence_local
34801870,D000911,25636,Association,,0.7817687,BioREDirect,sentence_local
34801870,D000911,58918,Positive_Correlation,D000911,0.9902912,BioREDirect,sentence_local
35090325,D016627,D010300,Positive_Correlation,D016627,0.7553829,BioREDirect,sentence_local
35090325,D009410,6622,Association,6622,0.9268274,BioREDirect,sentence_local
35090325,D010300,823,Association,823,0.9786517,BioREDirect,sentence_local
35090325,D009410,823,Association,823,0.5335233,BioREDirect,sentence_local
35090325,D012402,D010300,Positive_Correlation,D012402,0.8941944,BioREDirect,sentence_local
35090325,D015632,D015655,Association,,0.6131665,BioREDirect,sentence_local
35090325,D014443,D007980,Association,,0.71592647,BioREDirect,sentence_local
35090325,D007980,7054,Association,7054,0.61414194,BioREDirect,sentence_local
35090325,823,6622,Association,823,0.68150365,BioREDirect,sentence_local
35090325,6622,7054,Association,6622,0.84730923,BioREDirect,sentence_local
35090325,D015655,D010300,Positive_Correlation,D015655,0.8819419,BioREDirect,sentence_local
35090325,D020078,823,Association,823,0.9652982,BioREDirect,sentence_local
35090325,D028361,6622,Association,6622,0.8646979,BioREDirect,sentence_local
35090325,D028361,823,Association,823,0.9453482,BioREDirect,sentence_local
35090325,D004298,D007980,Association,,0.47346187,BioREDirect,sentence_local
35090325,D004298,7054,Association,7054,0.6545034,BioREDirect,sentence_local
35090325,D004298,6622,Association,6622,0.71286327,BioREDirect,sentence_local
35090325,D004298,D007249,Negative_Correlation,D004298,0.9129898,BioREDirect,sentence_local
35090325,D004298,1813,Association,D004298,0.8118631,BioREDirect,sentence_local
35090325,D007249,1813,Association,1813,0.8654296,BioREDirect,sentence_local
35090325,D007249,823,Association,823,0.6221744,BioREDirect,sentence_local
36142345,D004228,2147,Negative_Correlation,D004228,0.9485297,BioREDirect,sentence_local
36142345,D013438,D004228,Negative_Correlation,D004228,0.61095726,BioREDirect,sentence_local
36142345,D004228,2244,Negative_Correlation,D004228,0.9144328,BioREDirect,sentence_local
36142345,7035,2244,Negative_Correlation,7035,0.9904607,BioREDirect,sentence_local
36142345,2244,7056,Association,7056,0.96841085,BioREDirect,sentence_local
36142345,43740568,2153,Positive_Correlation,43740568,0.98907906,BioREDirect,sentence_local
36142345,43740568,2244,Positive_Correlation,43740568,0.9747205,BioREDirect,sentence_local
36142345,7035,2153,Negative_Correlation,7035,0.98605573,BioREDirect,sentence_local
36142345,43740568,7056,Negative_Correlation,7056,0.93985087,BioREDirect,sentence_local
36142345,43740568,7035,Negative_Correlation,43740568,0.9915937,BioREDirect,sentence_local
36142345,43740568,59272,Bind,,0.7126316,BioREDirect,sentence_local
36142345,D001778,7035,Association,7035,0.90794545,BioREDirect,sentence_local
36142345,7035,2152,Negative_Correlation,7035,0.7068953,BioREDirect,sentence_local
36142345,D001778,43740568,Association,43740568,0.9299605,BioREDirect,sentence_local
36142345,43740568,2152,Positive_Correlation,43740568,0.98438406,BioREDirect,sentence_local
36142345,D013438,2244,Association,D013438,0.98363876,BioREDirect,sentence_local
36142345,7035,2147,Negative_Correlation,7035,0.9894322,BioREDirect,sentence_local
36142345,43740568,2147,Positive_Correlation,43740568,0.9667476,BioREDirect,sentence_local
36142345,D013438,2147,Negative_Correlation,D013438,0.98172885,BioREDirect,sentence_local
36142500,C561435,21926,Negative_Correlation,C561435,0.9900761,BioREDirect,sentence_local
36142500,C561435,D007249,Negative_Correlation,C561435,0.973308,BioREDirect,sentence_local
36142500,D008070,18033,Association,D008070,0.86621517,BioREDirect,sentence_local
36142500,D008070,19225,Positive_Correlation,D008070,0.92295897,BioREDirect,sentence_local
36142500,D008070,16176,Positive_Correlation,D008070,0.96252054,BioREDirect,sentence_local
36142500,D008070,16193,Positive_Correlation,D008070,0.97679865,BioREDirect,sentence_local
36142500,D008070,18035,Association,D008070,0.60316044,BioREDirect,sentence_local
36142500,D008070,D009569,Positive_Correlation,D008070,0.9781789,BioREDirect,sentence_local
36142500,D008070,18126,Positive_Correlation,D008070,0.9045675,BioREDirect,sentence_local
36142500,D008070,21926,Positive_Correlation,D008070,0.9755282,BioREDirect,sentence_local
36142500,26419,16476,Association,,0.5497012,BioREDirect,sentence_local
36142500,D000255,26414,Association,,0.5780203,BioREDirect,sentence_local
36142500,D000255,26419,Association,,0.5624438,BioREDirect,sentence_local
36142500,D002280,319757,Association,319757,0.97119856,BioREDirect,sentence_local
36142500,18033,18035,Association,,0.66147435,BioREDirect,sentence_local
36142500,26419,26398,Association,,0.64429086,BioREDirect,sentence_local
36142500,C561435,26414,Negative_Correlation,C561435,0.9459017,BioREDirect,sentence_local
36142500,D007249,18033,Association,18033,0.5332287,BioREDirect,sentence_local
36142500,C561435,319757,Negative_Correlation,C561435,0.97931015,BioREDirect,sentence_local
36142500,D007249,26419,Association,26419,0.55381,BioREDirect,sentence_local
36142500,C561435,D008070,Negative_Correlation,C561435,0.9848654,BioREDirect,sentence_local
36142500,C561435,D000255,Association,C561435,0.83398104,BioREDirect,sentence_local
36142500,C561435,D002280,Negative_Correlation,C561435,0.98372155,BioREDirect,sentence_local
36142500,C561435,18033,Negative_Correlation,C561435,0.991497,BioREDirect,sentence_local
36142500,C561435,16193,Negative_Correlation,C561435,0.9893356,BioREDirect,sentence_local
36142500,C561435,16476,Negative_Correlation,C561435,0.9858846,BioREDirect,sentence_local
36142500,C561435,26398,Association,C561435,0.9800254,BioREDirect,sentence_local
36142500,C561435,18035,Negative_Correlation,C561435,0.99074507,BioREDirect,sentence_local
36142500,C561435,D020078,Negative_Correlation,C561435,0.9830079,BioREDirect,sentence_local
36142500,C561435,26419,Negative_Correlation,C561435,0.9922902,BioREDirect,sentence_local
36185574,72512,216799,Association,,0.7061449,BioREDirect,sentence_local
36185574,22433,216799,Positive_Correlation,22433,0.9910477,BioREDirect,sentence_local
36185574,216799,54131,Association,,0.632356,BioREDirect,sentence_local
36185574,7494,72512,Positive_Correlation,7494,0.98995274,BioREDirect,sentence_local
36185574,22433,340061,Positive_Correlation,22433,0.98000365,BioREDirect,sentence_local
36185574,22433,72512,Positive_Correlation,22433,0.99189353,BioREDirect,sentence_local
36185574,D028361,72512,Association,D028361,0.9452502,BioREDirect,sentence_local
36185574,D005234,114548,Association,114548,0.9767725,BioREDirect,sentence_local
36185574,D005234,7494,Association,7494,0.9589433,BioREDirect,sentence_local
36185574,D002251,D008103,Positive_Correlation,D002251,0.9340102,BioREDirect,sentence_local
36185574,D028361,216799,Association,D028361,0.9685985,BioREDirect,sentence_local
36185574,D028361,214763,Association,D028361,0.9792225,BioREDirect,sentence_local
36185574,216799,214763,Association,,0.658768,BioREDirect,sentence_local
36185574,72512,214763,Association,,0.8079427,BioREDirect,sentence_local
36185574,22433,214763,Association,22433,0.98938143,BioREDirect,sentence_local
36185574,22433,12176,Negative_Correlation,22433,0.97777265,BioREDirect,sentence_local
36185574,7494,114548,Positive_Correlation,7494,0.9672415,BioREDirect,sentence_local
36185574,72512,12176,Association,12176,0.9401493,BioREDirect,sentence_local
36185574,D005355,22433,Association,22433,0.9235039,BioREDirect,sentence_local
36185574,D008103,114548,Association,114548,0.5511809,BioREDirect,sentence_local
36185574,D008103,340061,Association,340061,0.91380787,BioREDirect,sentence_local
36185574,D008103,7494,Association,7494,0.98725617,BioREDirect,sentence_local
36185574,D008103,216799,Association,216799,0.9018721,BioREDirect,sentence_local
36185574,D008103,72512,Association,72512,0.97144914,BioREDirect,sentence_local
36185574,D008103,22433,Association,22433,0.9877928,BioREDirect,sentence_local
36185574,7494,340061,Positive_Correlation,7494,0.98662484,BioREDirect,sentence_local
36185574,D008103,214763,Association,214763,0.7685285,BioREDirect,sentence_local
36303443,D006333,1277,Association,1277,0.8065794,BioREDirect,sentence_local
36303443,D054143,2335,Positive_Correlation,2335,0.9921491,BioREDirect,sentence_local
36303443,D006333,3553,Association,3553,0.7279749,BioREDirect,sentence_local
36303443,D054143,6524,Association,6524,0.7380675,BioREDirect,sentence_local
36303443,D054143,1277,Positive_Correlation,1277,0.9931525,BioREDirect,sentence_local
36303443,D054143,3553,Positive_Correlation,3553,0.9917402,BioREDirect,sentence_local
36303443,D054143,3569,Positive_Correlation,3569,0.98852986,BioREDirect,sentence_local
36303443,C549068,D054143,Negative_Correlation,C549068,0.84845454,BioREDirect,sentence_local
36303443,C529054,C549068,Cotreatment,,0.8561543,BioREDirect,sentence_local
36303443,D013148,D054143,Negative_Correlation,D013148,0.7712828,BioREDirect,sentence_local
36303443,C529054,D013148,Association,,0.88712746,BioREDirect,sentence_local
36303443,C529054,2932,Association,C529054,0.97226703,BioREDirect,sentence_local
36303443,C529054,2335,Negative_Correlation,C529054,0.9911902,BioREDirect,sentence_local
36303443,C529054,4318,Negative_Correlation,C529054,0.9882229,BioREDirect,sentence_local
36303443,C529054,2931,Association,C529054,0.97226703,BioREDirect,sentence_local
36303443,C529054,4314,Negative_Correlation,C529054,0.98942417,BioREDirect,sentence_local
36303443,C529054,3958,Negative_Correlation,C529054,0.98994946,BioREDirect,sentence_local
36303443,C529054,3553,Negative_Correlation,C529054,0.9904835,BioREDirect,sentence_local
36303443,C529054,D054143,Negative_Correlation,C529054,0.9633676,BioREDirect,sentence_local
36303443,C529054,3569,Negative_Correlation,C529054,0.9902526,BioREDirect,sentence_local
36303443,C529054,207,Negative_Correlation,C529054,0.9739864,BioREDirect,sentence_local
36303443,D006333,2335,Association,2335,0.9076924,BioREDirect,sentence_local
36362417,D006862,8829,Negative_Correlation,D006862,0.98665375,BioREDirect,sentence_local
36362417,D006111,8829,Positive_Correlation,D006111,0.9915583,BioREDirect,sentence_local
36362417,D006862,59272,Negative_Correlation,D006862,0.97841895,BioREDirect,sentence_local
36362417,D006862,3458,Negative_Correlation,D006862,0.9774712,BioREDirect,sentence_local
36362417,D006862,D000086382,Negative_Correlation,D006862,0.9678832,BioREDirect,sentence_local
36362417,D006862,7124,Negative_Correlation,D006862,0.93526363,BioREDirect,sentence_local
36362417,C025451,7113,Negative_Correlation,C025451,0.9331167,BioREDirect,sentence_local
36362417,C025451,8829,Negative_Correlation,C025451,0.99180424,BioREDirect,sentence_local
36362417,C025451,59272,Negative_Correlation,C025451,0.9870029,BioREDirect,sentence_local
36362417,C025451,3458,Negative_Correlation,C025451,0.9876754,BioREDirect,sentence_local
36362417,D050031,8829,Positive_Correlation,D050031,0.9759989,BioREDirect,sentence_local
36362417,C025451,7124,Negative_Correlation,C025451,0.97894365,BioREDirect,sentence_local
36362417,7124,7113,Negative_Correlation,7124,0.976909,BioREDirect,sentence_local
36362417,D050031,59272,Positive_Correlation,D050031,0.9916857,BioREDirect,sentence_local
36362417,D013967,7124,Positive_Correlation,7124,0.98998976,BioREDirect,sentence_local
36362417,D013967,3458,Positive_Correlation,3458,0.9894593,BioREDirect,sentence_local
36362417,7124,59272,Positive_Correlation,7124,0.99127394,BioREDirect,sentence_local
36362417,3458,7113,Negative_Correlation,3458,0.98533905,BioREDirect,sentence_local
36362417,3458,59272,Positive_Correlation,3458,0.98952746,BioREDirect,sentence_local
36362417,3458,8829,Positive_Correlation,3458,0.9894796,BioREDirect,sentence_local
36362417,D000086382,59272,Association,59272,0.76040715,BioREDirect,sentence_local
36362417,D000086382,8829,Association,8829,0.87707424,BioREDirect,sentence_local
36362417,D000086382,3458,Positive_Correlation,3458,0.5866416,BioREDirect,sentence_local
36362417,D000086382,7124,Positive_Correlation,7124,0.52020234,BioREDirect,sentence_local
36362417,7124,8829,Positive_Correlation,7124,0.9918258,BioREDirect,sentence_local
36362417,D006111,7113,Negative_Correlation,D006111,0.66967237,BioREDirect,sentence_local
36406976,3569,5594,Association,3569,0.598498,BioREDirect,sentence_local
36406976,3569,3717,Association,3569,0.7000763,BioREDirect,sentence_local
36406976,3569,5291,Association,,0.8059262,BioREDirect,sentence_local
36406976,3569,3572,Bind,,0.5587315,BioREDirect,sentence_local
36406976,3569,3570,Bind,,0.53226906,BioREDirect,sentence_local
36406976,3569,4790,Positive_Correlation,4790,0.826694,BioREDirect,sentence_local
36406976,3569,5599,Association,,0.8541522,BioREDirect,sentence_local
36406976,D000080424,21926,Positive_Correlation,21926,0.968599,BioREDirect,sentence_local
36406976,3569,5605,Association,,0.79954356,BioREDirect,sentence_local
36406976,6347,6774,Association,,0.8662607,BioREDirect,sentence_local
36406976,3569,5609,Association,3569,0.6261092,BioREDirect,sentence_local
36406976,D000080424,3569,Association,3569,0.9542717,BioREDirect,sentence_local
36406976,6347,5599,Association,,0.8909325,BioREDirect,sentence_local
36406976,D017382,3569,Positive_Correlation,D017382,0.9864629,BioREDirect,sentence_local
36406976,3569,207,Association,3569,0.62333184,BioREDirect,sentence_local
36406976,D017382,4790,Positive_Correlation,D017382,0.8562673,BioREDirect,sentence_local
36406976,6347,5605,Association,,0.7773245,BioREDirect,sentence_local
36406976,D000086382,3569,Association,3569,0.8906171,BioREDirect,sentence_local
36406976,C532038,20296,Negative_Correlation,C532038,0.8176208,BioREDirect,sentence_local
36406976,6347,5604,Association,,0.7773245,BioREDirect,sentence_local
36406976,C532038,6347,Negative_Correlation,C532038,0.9887473,BioREDirect,sentence_local
36406976,18033,16193,Association,,0.9735246,BioREDirect,sentence_local
36406976,C532038,D000080424,Negative_Correlation,C532038,0.49336872,BioREDirect,sentence_local
36406976,18033,20296,Association,,0.96872216,BioREDirect,sentence_local
36406976,C532038,18033,Negative_Correlation,C532038,0.96579295,BioREDirect,sentence_local
36406976,C532038,D003643,Negative_Correlation,C532038,0.93755907,BioREDirect,sentence_local
36406976,D003643,21926,Association,21926,0.9757248,BioREDirect,sentence_local
36406976,C532038,16193,Negative_Correlation,C532038,0.8593273,BioREDirect,sentence_local
36406976,3383,5604,Association,,0.74114954,BioREDirect,sentence_local
36406976,C532038,3570,Negative_Correlation,C532038,0.9832999,BioREDirect,sentence_local
36406976,6774,3383,Association,,0.8366191,BioREDirect,sentence_local
36406976,C532038,3569,Negative_Correlation,C532038,0.98969275,BioREDirect,sentence_local
36406976,5291,3383,Association,,0.76232225,BioREDirect,sentence_local
36406976,C532038,21926,Negative_Correlation,C532038,0.8758888,BioREDirect,sentence_local
36406976,3569,3383,Positive_Correlation,3569,0.7905796,BioREDirect,sentence_local
36406976,3383,5599,Association,,0.89940035,BioREDirect,sentence_local
36406976,3383,5605,Association,,0.74114954,BioREDirect,sentence_local
36406976,6347,5291,Association,,0.79838717,BioREDirect,sentence_local
36406976,3569,1432,Association,,0.73578036,BioREDirect,sentence_local
36406976,3717,6774,Association,,0.85678047,BioREDirect,sentence_local
36406976,3570,3572,Association,,0.6651183,BioREDirect,sentence_local
36406976,6347,3570,Positive_Correlation,,0.5427747,BioREDirect,sentence_local
36406976,6347,3569,Positive_Correlation,3569,0.5365264,BioREDirect,sentence_local
36406976,3569,6774,Association,3569,0.7996078,BioREDirect,sentence_local
36406976,3569,5604,Association,,0.79954356,BioREDirect,sentence_local
36498839,51741,351,Association,51741,0.5330918,BioREDirect,sentence_local
36498839,D009498,4137,Positive_Correlation,D009498,0.8326309,BioREDirect,sentence_local
36498839,D007249,11787,Negative_Correlation,11787,0.92646205,BioREDirect,sentence_local
36498839,D009498,79090,Positive_Correlation,D009498,0.94489163,BioREDirect,sentence_local
36498839,79090,51741,Negative_Correlation,51741,0.8993734,BioREDirect,sentence_local
36498839,D009498,9220,Positive_Correlation,D009498,0.9484531,BioREDirect,sentence_local
36498839,D009498,56904,Positive_Correlation,D009498,0.9137489,BioREDirect,sentence_local
36498839,67091,51741,Association,,0.87733364,BioREDirect,sentence_local
36498839,51741,9220,Negative_Correlation,51741,0.7030275,BioREDirect,sentence_local
36498839,51741,56904,Association,51741,0.64908534,BioREDirect,sentence_local
36498839,D008569,227700,Association,227700,0.7841142,BioREDirect,sentence_local
36498839,D008569,11820,Association,11820,0.61150247,BioREDirect,sentence_local
36498839,D008569,17762,Association,17762,0.6066027,BioREDirect,sentence_local
36498839,D008569,18033,Association,18033,0.62008053,BioREDirect,sentence_local
36498839,D008569,67091,Association,67091,0.574069,BioREDirect,sentence_local
36498839,D000544,79090,Positive_Correlation,79090,0.9471508,BioREDirect,sentence_local
36498839,D008569,51741,Association,51741,0.98787653,BioREDirect,sentence_local
36498839,D008569,11787,Negative_Correlation,11787,0.9337722,BioREDirect,sentence_local
36498839,D000544,67091,Association,67091,0.7731655,BioREDirect,sentence_local
36498839,D000544,51741,Association,51741,0.9264665,BioREDirect,sentence_local
36498839,D015655,D009447,Association,D015655,0.6857072,BioREDirect,sentence_local
36498839,11787,67091,Negative_Correlation,11787,0.98379827,BioREDirect,sentence_local
36498839,D015655,D010300,Positive_Correlation,D015655,0.9447117,BioREDirect,sentence_local
36498839,D015655,351,Association,D015655,0.79168224,BioREDirect,sentence_local
36498839,D010300,67091,Association,67091,0.79599774,BioREDirect,sentence_local
36498839,D015655,4137,Positive_Correlation,D015655,0.9538997,BioREDirect,sentence_local
36498839,D010300,79090,Positive_Correlation,79090,0.9785337,BioREDirect,sentence_local
36498839,D015655,79090,Positive_Correlation,D015655,0.9873723,BioREDirect,sentence_local
36498839,D010300,51741,Association,51741,0.8660609,BioREDirect,sentence_local
36498839,D015655,56904,Positive_Correlation,D015655,0.96436346,BioREDirect,sentence_local
36498839,11787,79090,Negative_Correlation,11787,0.9849836,BioREDirect,sentence_local
36498839,D019636,67091,Association,67091,0.96793884,BioREDirect,sentence_local
36498839,D015655,9220,Positive_Correlation,D015655,0.98249704,BioREDirect,sentence_local
36498839,D019636,79090,Association,79090,0.95957834,BioREDirect,sentence_local
36498839,11787,11820,Negative_Correlation,11787,0.9507885,BioREDirect,sentence_local
36498839,D019636,51741,Association,51741,0.6173993,BioREDirect,sentence_local
36498839,11787,227700,Negative_Correlation,11787,0.9676995,BioREDirect,sentence_local
36498839,D019636,11787,Negative_Correlation,11787,0.93970114,BioREDirect,sentence_local
36498839,11787,17762,Negative_Correlation,11787,0.9295007,BioREDirect,sentence_local
36498839,D019636,9220,Association,9220,0.7427738,BioREDirect,sentence_local
36498839,11787,18033,Negative_Correlation,11787,0.95287573,BioREDirect,sentence_local
36498839,D019636,56904,Association,56904,0.6842104,BioREDirect,sentence_local
36498839,D009498,351,Association,D009498,0.6727674,BioREDirect,sentence_local
36503542,D013119,116554,Association,D013119,0.87146634,BioREDirect,sentence_local
36503542,502902,25155,Positive_Correlation,502902,0.9928202,BioREDirect,sentence_local
36503542,24253,25155,Positive_Correlation,24253,0.9908153,BioREDirect,sentence_local
36503542,24253,502902,Positive_Correlation,24253,0.98877794,BioREDirect,sentence_local
36503542,24253,315084,Positive_Correlation,24253,0.9917463,BioREDirect,sentence_local
36503542,24253,25166,Positive_Correlation,24253,0.99088013,BioREDirect,sentence_local
36503542,24253,287362,Positive_Correlation,24253,0.9911513,BioREDirect,sentence_local
36503542,502902,315084,Positive_Correlation,502902,0.9918724,BioREDirect,sentence_local
36503542,502902,25166,Positive_Correlation,502902,0.9922012,BioREDirect,sentence_local
36503542,502902,287362,Positive_Correlation,502902,0.9923333,BioREDirect,sentence_local
36503542,D006930,502902,Association,502902,0.99362236,BioREDirect,sentence_local
36503542,D008070,502902,Positive_Correlation,D008070,0.6123187,BioREDirect,sentence_local
36503542,D009422,502902,Association,502902,0.9139517,BioREDirect,sentence_local
36503542,D008070,24253,Positive_Correlation,24253,0.98872596,BioREDirect,sentence_local
36503542,D000255,502902,Positive_Correlation,D000255,0.67664933,BioREDirect,sentence_local
36503542,D008070,25166,Positive_Correlation,D008070,0.64895433,BioREDirect,sentence_local
36503542,D000090862,24253,Association,24253,0.9938415,BioREDirect,sentence_local
36503542,D000255,315084,Positive_Correlation,D000255,0.6478478,BioREDirect,sentence_local
36503542,D000090862,502902,Association,502902,0.99041116,BioREDirect,sentence_local
36503542,502902,116554,Positive_Correlation,502902,0.9928261,BioREDirect,sentence_local
36503542,24253,116554,Positive_Correlation,24253,0.9909373,BioREDirect,sentence_local
36503542,24253,116590,Positive_Correlation,24253,0.9902096,BioREDirect,sentence_local
36503542,502902,116590,Positive_Correlation,502902,0.9924119,BioREDirect,sentence_local
36503542,D009437,502902,Association,502902,0.98890746,BioREDirect,sentence_local
36503542,D009437,24253,Association,24253,0.9797345,BioREDirect,sentence_local
36503542,D009437,287362,Association,287362,0.6052971,BioREDirect,sentence_local
36503542,D013119,25155,Association,D013119,0.87087125,BioREDirect,sentence_local
36503542,D013119,502902,Positive_Correlation,D013119,0.99276567,BioREDirect,sentence_local
36503542,D013119,25166,Positive_Correlation,D013119,0.9162085,BioREDirect,sentence_local
36503542,D013119,116590,Association,D013119,0.8682189,BioREDirect,sentence_local
36520821,C585893,26416,Positive_Correlation,C585893,0.98370314,BioREDirect,sentence_local
36520821,C432165,16193,Positive_Correlation,C432165,0.9901716,BioREDirect,sentence_local
36520821,D007249,16193,Association,16193,0.9322414,BioREDirect,sentence_local
36520821,15511,16193,Association,15511,0.97192556,BioREDirect,sentence_local
36520821,D000527,C432165,Positive_Correlation,C432165,0.98770034,BioREDirect,sentence_local
36520821,15511,26416,Association,15511,0.85287994,BioREDirect,sentence_local
36520821,C432165,26419,Negative_Correlation,C432165,0.9636817,BioREDirect,sentence_local
36520821,C432165,15511,Negative_Correlation,C432165,0.89020556,BioREDirect,sentence_local
36520821,C585893,C093642,Negative_Correlation,C093642,0.9691589,BioREDirect,sentence_local
36520821,C093642,16193,Negative_Correlation,C093642,0.98655176,BioREDirect,sentence_local
36520821,D000527,C093642,Negative_Correlation,C093642,0.97382814,BioREDirect,sentence_local
36520821,C093642,26416,Negative_Correlation,C093642,0.93848974,BioREDirect,sentence_local
36520821,C093642,15511,Negative_Correlation,C093642,0.8685448,BioREDirect,sentence_local
36520821,C093973,16193,Positive_Correlation,C093973,0.991121,BioREDirect,sentence_local
36520821,C093973,26417,Negative_Correlation,C093973,0.9404263,BioREDirect,sentence_local
36520821,D000527,C093973,Positive_Correlation,C093973,0.9906064,BioREDirect,sentence_local
36520821,C093973,26413,Negative_Correlation,C093973,0.9404263,BioREDirect,sentence_local
36520821,C093973,15511,Negative_Correlation,C093973,0.9625046,BioREDirect,sentence_local
36520821,16193,26413,Association,,0.5323999,BioREDirect,sentence_local
36520821,16193,26419,Association,,0.73932946,BioREDirect,sentence_local
36520821,16193,26417,Association,,0.5323999,BioREDirect,sentence_local
36520821,16193,26416,Association,,0.9531231,BioREDirect,sentence_local
36520821,C550733,16193,Positive_Correlation,C550733,0.9932342,BioREDirect,sentence_local
36520821,D000527,C550733,Positive_Correlation,C550733,0.9897411,BioREDirect,sentence_local
36520821,D000527,26419,Association,D000527,0.8862969,BioREDirect,sentence_local
36520821,C550733,15511,Negative_Correlation,C550733,0.96548593,BioREDirect,sentence_local
36520821,D000527,16193,Positive_Correlation,D000527,0.95172554,BioREDirect,sentence_local
36520821,D000527,26413,Association,D000527,0.79722893,BioREDirect,sentence_local
36520821,D000527,26417,Association,D000527,0.79722893,BioREDirect,sentence_local
36520821,D000527,26416,Association,D000527,0.8887007,BioREDirect,sentence_local
36520821,D000527,15511,Association,15511,0.94921815,BioREDirect,sentence_local
36520821,D000527,C585893,Positive_Correlation,C585893,0.9881181,BioREDirect,sentence_local
36520821,C585893,16193,Positive_Correlation,C585893,0.9908398,BioREDirect,sentence_local
36520821,C585893,15511,Negative_Correlation,C585893,0.97129977,BioREDirect,sentence_local
36530994,C512527,51741,Negative_Correlation,51741,0.8507533,BioREDirect,sentence_local
36530994,C512527,rs13338697,Association,rs13338697,0.93333626,BioREDirect,sentence_local
36530994,C512527,D006528,Negative_Correlation,C512527,0.95098597,BioREDirect,sentence_local
36530994,C512527,D001120,Negative_Correlation,C512527,0.9385941,BioREDirect,sentence_local
36530994,D000860,445,Negative_Correlation,D000860,0.896886,BioREDirect,sentence_local
36530994,51741,445,Negative_Correlation,51741,0.9866508,BioREDirect,sentence_local
36530994,D000860,rs13338697,Association,rs13338697,0.92395073,BioREDirect,sentence_local
36530994,D000860,51741,Negative_Correlation,51741,0.98404205,BioREDirect,sentence_local
36530994,D009369,51741,Negative_Correlation,51741,0.9813318,BioREDirect,sentence_local
36530994,D009369,rs13338697,Association,rs13338697,0.97600365,BioREDirect,sentence_local
36530994,51741,3091,Negative_Correlation,51741,0.9675881,BioREDirect,sentence_local
36530994,D009369,rs6025211,Association,rs6025211,0.9526308,BioREDirect,sentence_local
36530994,C512527,C410216,Cotreatment,,0.70161974,BioREDirect,sentence_local
36530994,C410216,D006528,Negative_Correlation,C410216,0.9746591,BioREDirect,sentence_local
36530994,D006528,445,Negative_Correlation,445,0.94507235,BioREDirect,sentence_local
36530994,D006528,rs13338697,Association,rs13338697,0.6777554,BioREDirect,sentence_local
36530994,D006528,3091,Association,3091,0.8035371,BioREDirect,sentence_local
36530994,D006528,51741,Negative_Correlation,51741,0.9757378,BioREDirect,sentence_local
36530994,D006528,rs6025211,Association,rs6025211,0.9367347,BioREDirect,sentence_local
36530994,D001120,51741,Positive_Correlation,D001120,0.96673566,BioREDirect,sentence_local
36531003,D010051,5889,Association,5889,0.58958673,BioREDirect,sentence_local
36531003,D010051,675,Association,675,0.7885106,BioREDirect,sentence_local
36531003,D018297,4851,Association,4851,0.97717494,BioREDirect,sentence_local
36531003,D018297,rs121908700,Association,rs121908700,0.9847563,BioREDirect,sentence_local
36531003,D010051,672,Association,672,0.73579174,BioREDirect,sentence_local
36531003,D018297,7157,Association,7157,0.9745781,BioREDirect,sentence_local
36531003,D018297,5925,Association,5925,0.9599346,BioREDirect,sentence_local
36531003,D010051,83990,Association,83990,0.92991996,BioREDirect,sentence_local
36531003,D018297,4763,Association,4763,0.97721946,BioREDirect,sentence_local
36531003,D018297,207,Association,207,0.9435236,BioREDirect,sentence_local
36531003,D018297,5290,Association,5290,0.91396487,BioREDirect,sentence_local
36531003,D010051,79728,Association,79728,0.8554436,BioREDirect,sentence_local
36531003,D018297,472,Association,472,0.97261477,BioREDirect,sentence_local
36531003,D018297,rs912203557,Association,rs912203557,0.9839611,BioREDirect,sentence_local
36531003,D018297,rs376824528,Association,rs376824528,0.97533196,BioREDirect,sentence_local
36531003,D010051,5892,Association,5892,0.58958673,BioREDirect,sentence_local
36531003,D010051,5890,Association,5890,0.58958673,BioREDirect,sentence_local
36531003,D010051,472,Association,472,0.9063877,BioREDirect,sentence_local
36531003,D049914,5889,Association,5889,0.70330274,BioREDirect,sentence_local
36531003,D049914,83990,Association,83990,0.7846243,BioREDirect,sentence_local
36531003,D049914,5892,Association,5892,0.70330274,BioREDirect,sentence_local
36531003,D049914,79728,Association,79728,0.7655841,BioREDirect,sentence_local
36531003,D018297,672,Association,672,0.59548366,BioREDirect,sentence_local
36531003,D049914,472,Association,472,0.8478343,BioREDirect,sentence_local
36531003,D049914,5890,Association,5890,0.70330274,BioREDirect,sentence_local
36531003,D018297,11200,Association,11200,0.95824885,BioREDirect,sentence_local
36531003,D018297,10111,Association,10111,0.98299456,BioREDirect,sentence_local
36531003,D018297,6098,Association,6098,0.98603237,BioREDirect,sentence_local
36531003,D018297,367,Association,367,0.9682423,BioREDirect,sentence_local
36531003,D018297,675,Association,675,0.55094665,BioREDirect,sentence_local
36531961,23678,3630,Positive_Correlation,3630,0.87383455,BioREDirect,sentence_local
36531961,D005947,23678,Association,23678,0.940244,BioREDirect,sentence_local
36531961,23678,6511,Association,23678,0.97889906,BioREDirect,sentence_local
36531961,D018698,23678,Association,23678,0.86901987,BioREDirect,sentence_local
36531961,23678,340024,Association,23678,0.958968,BioREDirect,sentence_local
36531961,D003401,23678,Association,23678,0.86213607,BioREDirect,sentence_local
36531961,23678,6523,Association,23678,0.97329944,BioREDirect,sentence_local
36531961,23678,6337,Positive_Correlation,23678,0.9781049,BioREDirect,sentence_local
36531961,23678,9058,Association,23678,0.9809925,BioREDirect,sentence_local
36531961,23678,3768,Positive_Correlation,23678,0.9867049,BioREDirect,sentence_local
36531961,23678,3784,Positive_Correlation,23678,0.9829366,BioREDirect,sentence_local
36531961,23678,5291,Association,,0.6219366,BioREDirect,sentence_local
36531961,23678,3778,Positive_Correlation,23678,0.9810209,BioREDirect,sentence_local
36531961,23678,3738,Positive_Correlation,23678,0.978538,BioREDirect,sentence_local
36531961,23678,6506,Association,23678,0.9798607,BioREDirect,sentence_local
36531961,23678,6550,Positive_Correlation,23678,0.9781953,BioREDirect,sentence_local
36531961,23678,2890,Positive_Correlation,23678,0.96761894,BioREDirect,sentence_local
36531961,23678,478,Association,23678,0.986121,BioREDirect,sentence_local
36531961,23678,1181,Positive_Correlation,23678,0.9747911,BioREDirect,sentence_local
36531961,23678,1187,Positive_Correlation,23678,0.97784734,BioREDirect,sentence_local
36531961,23678,6569,Positive_Correlation,23678,0.9795304,BioREDirect,sentence_local
36531961,23678,6535,Association,23678,0.9581859,BioREDirect,sentence_local
36531961,23678,3741,Positive_Correlation,23678,0.9813965,BioREDirect,sentence_local
36531961,D011188,23678,Association,23678,0.8924225,BioREDirect,sentence_local
36531961,23678,6507,Positive_Correlation,23678,0.977995,BioREDirect,sentence_local
36531961,23678,3759,Positive_Correlation,23678,0.98745185,BioREDirect,sentence_local
36531961,D005973,23678,Association,23678,0.9320784,BioREDirect,sentence_local
36531961,3630,5170,Association,3630,0.55471736,BioREDirect,sentence_local
36531961,23678,10991,Positive_Correlation,23678,0.9785896,BioREDirect,sentence_local
36531961,3630,5291,Association,3630,0.60714227,BioREDirect,sentence_local
36531961,D002118,23678,Association,23678,0.96210974,BioREDirect,sentence_local
36531961,23678,6512,Association,23678,0.9790445,BioREDirect,sentence_local
36531961,D012964,23678,Association,23678,0.9073554,BioREDirect,sentence_local
36531961,23678,2898,Association,23678,0.9652012,BioREDirect,sentence_local
36531961,23678,56302,Positive_Correlation,23678,0.981519,BioREDirect,sentence_local
36531961,23678,10568,Association,23678,0.97426075,BioREDirect,sentence_local
36531961,23678,5170,Association,,0.8432319,BioREDirect,sentence_local
36531961,23678,6510,Association,23678,0.9637975,BioREDirect,sentence_local
36531961,D010758,23678,Association,23678,0.9717358,BioREDirect,sentence_local
36531961,23678,55503,Positive_Correlation,23678,0.981519,BioREDirect,sentence_local
36531961,23678,6331,Positive_Correlation,23678,0.98226833,BioREDirect,sentence_local
36531961,23678,91544,Positive_Correlation,23678,0.96732414,BioREDirect,sentence_local
36593749,D011225,3565,Association,3565,0.97983253,BioREDirect,sentence_local
36593749,207,3586,Association,,0.5010422,BioREDirect,sentence_local
36593749,5291,207,Association,,0.8963379,BioREDirect,sentence_local
36593749,D007249,3586,Negative_Correlation,3586,0.9539567,BioREDirect,sentence_local
36593749,D007249,5291,Association,5291,0.88078994,BioREDirect,sentence_local
36593749,D011374,3586,Positive_Correlation,D011374,0.98702765,BioREDirect,sentence_local
36593749,D007249,3596,Negative_Correlation,3596,0.9546077,BioREDirect,sentence_local
36593749,D011374,4318,Positive_Correlation,D011374,0.96937627,BioREDirect,sentence_local
36593749,D007249,207,Association,207,0.80604047,BioREDirect,sentence_local
36593749,D011374,7124,Negative_Correlation,D011374,0.9858031,BioREDirect,sentence_local
36593749,D007249,3565,Negative_Correlation,3565,0.95770293,BioREDirect,sentence_local
36593749,D011374,5291,Positive_Correlation,D011374,0.9822041,BioREDirect,sentence_local
36593749,D011374,4313,Positive_Correlation,D011374,0.96227926,BioREDirect,sentence_local
36593749,D011374,D011225,Negative_Correlation,D011374,0.9847882,BioREDirect,sentence_local
36593749,D011374,3553,Negative_Correlation,D011374,0.98773974,BioREDirect,sentence_local
36593749,D011374,595,Positive_Correlation,D011374,0.98998123,BioREDirect,sentence_local
36593749,D011374,5111,Positive_Correlation,D011374,0.98904294,BioREDirect,sentence_local
36593749,D011374,3596,Positive_Correlation,D011374,0.98750025,BioREDirect,sentence_local
36593749,D011374,207,Positive_Correlation,D011374,0.9849594,BioREDirect,sentence_local
36593749,D011374,3565,Positive_Correlation,D011374,0.98664993,BioREDirect,sentence_local
36593749,C085911,4313,Negative_Correlation,C085911,0.9473459,BioREDirect,sentence_local
36593749,C085911,4318,Negative_Correlation,C085911,0.96647257,BioREDirect,sentence_local
36593749,C085911,5291,Negative_Correlation,C085911,0.9537082,BioREDirect,sentence_local
36593749,C085911,207,Negative_Correlation,C085911,0.9368168,BioREDirect,sentence_local
36593749,5291,3586,Association,,0.5708405,BioREDirect,sentence_local
36593749,D011225,5291,Association,5291,0.7365544,BioREDirect,sentence_local
36593749,D011225,3586,Association,3586,0.980251,BioREDirect,sentence_local
36593749,D011225,7124,Association,7124,0.9856404,BioREDirect,sentence_local
36593749,D011225,4313,Association,4313,0.80063754,BioREDirect,sentence_local
36593749,D011225,3553,Association,3553,0.9832877,BioREDirect,sentence_local
36593749,D011225,595,Association,595,0.9826826,BioREDirect,sentence_local
36593749,D011225,5111,Association,5111,0.9676284,BioREDirect,sentence_local
36593749,D011225,3596,Association,3596,0.9807356,BioREDirect,sentence_local
36593749,D011225,207,Association,207,0.63857126,BioREDirect,sentence_local
36619221,2146,3569,Positive_Correlation,2146,0.9886171,BioREDirect,sentence_local
36619221,6671,444985,Positive_Correlation,444985,0.845342,BioREDirect,sentence_local
36619221,6671,7422,Association,,0.82624435,BioREDirect,sentence_local
36619221,2146,6671,Positive_Correlation,2146,0.990932,BioREDirect,sentence_local
36619221,1789,444985,Positive_Correlation,444985,0.9280332,BioREDirect,sentence_local
36619221,2146,7422,Positive_Correlation,2146,0.98985136,BioREDirect,sentence_local
36619221,3570,7422,Positive_Correlation,3570,0.85434294,BioREDirect,sentence_local
36619221,3570,1789,Positive_Correlation,3570,0.9905211,BioREDirect,sentence_local
36619221,2146,3570,Positive_Correlation,2146,0.98774636,BioREDirect,sentence_local
36619221,6671,3570,Positive_Correlation,3570,0.9326803,BioREDirect,sentence_local
36619221,3569,1789,Positive_Correlation,3569,0.99271303,BioREDirect,sentence_local
36619221,6671,3569,Positive_Correlation,3569,0.9473993,BioREDirect,sentence_local
36619221,2146,1789,Positive_Correlation,2146,0.99041873,BioREDirect,sentence_local
36619221,3569,3570,Association,,0.6076951,BioREDirect,sentence_local
36619221,2146,444985,Positive_Correlation,2146,0.9848541,BioREDirect,sentence_local
36619221,3569,7422,Positive_Correlation,3569,0.81826836,BioREDirect,sentence_local
36619221,D007676,2146,Positive_Correlation,2146,0.90181756,BioREDirect,sentence_local
36627670,596,100302123,Association,100302123,0.7729055,BioREDirect,sentence_local
36627670,100302123,678,Association,,0.51862687,BioREDirect,sentence_local
36627670,100302123,147011,Association,100302123,0.6007281,BioREDirect,sentence_local
36627670,D002945,596,Association,D002945,0.5303423,BioREDirect,sentence_local
36627670,D002945,100287569,Negative_Correlation,100287569,0.9763045,BioREDirect,sentence_local
36627670,D002945,D000077192,Negative_Correlation,D002945,0.9688881,BioREDirect,sentence_local
36627670,D002945,4609,Positive_Correlation,D002945,0.9935954,BioREDirect,sentence_local
36627670,D002945,D008175,Negative_Correlation,D002945,0.9818264,BioREDirect,sentence_local
36627670,D002945,207,Association,D002945,0.98539966,BioREDirect,sentence_local
36627670,D002945,D055752,Negative_Correlation,D002945,0.98451984,BioREDirect,sentence_local
36627670,D002945,D002294,Negative_Correlation,D002945,0.9818264,BioREDirect,sentence_local
36627670,D000077192,100287569,Negative_Correlation,100287569,0.98541,BioREDirect,sentence_local
36627670,D000077192,596,Association,596,0.7088897,BioREDirect,sentence_local
36627670,D000077192,4609,Positive_Correlation,4609,0.9932341,BioREDirect,sentence_local
36627670,D000077192,207,Association,207,0.91846144,BioREDirect,sentence_local
36627670,147011,678,Association,,0.52238244,BioREDirect,sentence_local
36627670,D009369,147011,Negative_Correlation,147011,0.9520814,BioREDirect,sentence_local
36627670,596,678,Association,,0.7915492,BioREDirect,sentence_local
36627670,596,147011,Association,,0.81808823,BioREDirect,sentence_local
36627670,D002294,100287569,Association,100287569,0.8673733,BioREDirect,sentence_local
36627670,D008175,100287569,Association,100287569,0.8673733,BioREDirect,sentence_local
36627670,D055752,100287569,Association,100287569,0.92881835,BioREDirect,sentence_local
36627670,100287569,100302123,Association,100287569,0.9166002,BioREDirect,sentence_local
36627670,100287569,596,Negative_Correlation,100287569,0.9781451,BioREDirect,sentence_local
36627670,100287569,4609,Association,100287569,0.95347434,BioREDirect,sentence_local
36627670,100287569,678,Association,100287569,0.92470384,BioREDirect,sentence_local
36627670,100287569,147011,Association,100287569,0.9356319,BioREDirect,sentence_local
36635651,116512,5209,Negative_Correlation,116512,0.9908502,BioREDirect,sentence_local
36635651,116512,7040,Negative_Correlation,116512,0.9894655,BioREDirect,sentence_local
36635651,116512,3099,Negative_Correlation,116512,0.9898638,BioREDirect,sentence_local
36635651,5209,3916,Association,,0.89169204,BioREDirect,sentence_local
36635651,5071,3916,Association,,0.811533,BioREDirect,sentence_local
36635651,C581752,3099,Negative_Correlation,C581752,0.9914836,BioREDirect,sentence_local
36635651,C581752,5209,Negative_Correlation,C581752,0.992029,BioREDirect,sentence_local
36635651,C581752,D005355,Negative_Correlation,C581752,0.9756571,BioREDirect,sentence_local
36635651,C581752,7040,Negative_Correlation,C581752,0.98792946,BioREDirect,sentence_local
36635651,C581752,116512,Association,C581752,0.6926018,BioREDirect,sentence_local
36635651,C581752,58,Association,C581752,0.93170345,BioREDirect,sentence_local
36635651,C581752,D005947,Association,C581752,0.9647623,BioREDirect,sentence_local
36635651,C581752,D024042,Association,C581752,0.94391114,BioREDirect,sentence_local
36635651,C025946,5209,Negative_Correlation,C025946,0.6833026,BioREDirect,sentence_local
36635651,C025946,3099,Negative_Correlation,C025946,0.74428046,BioREDirect,sentence_local
36635651,D019344,5209,Association,D019344,0.84519684,BioREDirect,sentence_local
36635651,1327,3916,Association,,0.70714533,BioREDirect,sentence_local
36635651,D019344,3099,Association,D019344,0.83131397,BioREDirect,sentence_local
36635651,1327,84557,Association,,0.69435054,BioREDirect,sentence_local
36635651,3099,84557,Association,,0.8254347,BioREDirect,sentence_local
36635651,7040,5209,Association,,0.8644057,BioREDirect,sentence_local
36635651,5209,84557,Association,,0.8893395,BioREDirect,sentence_local
36635651,7040,5071,Association,,0.8181773,BioREDirect,sentence_local
36635651,5071,84557,Association,,0.79569376,BioREDirect,sentence_local
36635651,7040,3099,Association,7040,0.86467755,BioREDirect,sentence_local
36635651,C040929,5209,Negative_Correlation,C040929,0.8161253,BioREDirect,sentence_local
36635651,D005355,116512,Association,116512,0.97118574,BioREDirect,sentence_local
36635651,C040929,3099,Negative_Correlation,C040929,0.5135067,BioREDirect,sentence_local
36644390,D000111,5524,Negative_Correlation,D000111,0.9893617,BioREDirect,sentence_local
36644390,C035054,823,Negative_Correlation,C035054,0.98457956,BioREDirect,sentence_local
36644390,D000111,823,Negative_Correlation,D000111,0.98267716,BioREDirect,sentence_local
36644390,D028361,12333,Association,12333,0.9934307,BioREDirect,sentence_local
36644390,D000111,D000860,Negative_Correlation,D000111,0.9880234,BioREDirect,sentence_local
36644390,D028361,18127,Association,18127,0.982822,BioREDirect,sentence_local
36644390,D000111,D028361,Negative_Correlation,D000111,0.9848585,BioREDirect,sentence_local
36644390,D028361,51792,Association,51792,0.9778997,BioREDirect,sentence_local
36644390,D000111,4846,Positive_Correlation,D000111,0.97832286,BioREDirect,sentence_local
36644390,D028361,5524,Association,5524,0.97229284,BioREDirect,sentence_local
36644390,823,5524,Positive_Correlation,823,0.9901564,BioREDirect,sentence_local
36644390,D028361,4846,Association,4846,0.9821269,BioREDirect,sentence_local
36644390,C001803,D014652,Negative_Correlation,C001803,0.9881682,BioREDirect,sentence_local
36644390,D028361,823,Positive_Correlation,823,0.99442863,BioREDirect,sentence_local
36644390,C001803,12333,Negative_Correlation,C001803,0.9839315,BioREDirect,sentence_local
36644390,D019319,D014652,Negative_Correlation,D019319,0.9852481,BioREDirect,sentence_local
36644390,C001803,18127,Positive_Correlation,C001803,0.98908854,BioREDirect,sentence_local
36644390,D019319,12333,Negative_Correlation,D019319,0.9559614,BioREDirect,sentence_local
36644390,C001803,51792,Negative_Correlation,C001803,0.99009013,BioREDirect,sentence_local
36644390,D019319,18127,Association,D019319,0.95800656,BioREDirect,sentence_local
36644390,C001803,D028361,Negative_Correlation,C001803,0.98584646,BioREDirect,sentence_local
36644390,D019319,51792,Negative_Correlation,D019319,0.9794333,BioREDirect,sentence_local
36644390,C001803,5524,Negative_Correlation,C001803,0.98988897,BioREDirect,sentence_local
36644390,D019319,D000860,Negative_Correlation,D019319,0.9871652,BioREDirect,sentence_local
36644390,C001803,D000860,Negative_Correlation,C001803,0.987847,BioREDirect,sentence_local
36644390,D019319,5524,Negative_Correlation,D019319,0.97727543,BioREDirect,sentence_local
36644390,C001803,823,Negative_Correlation,C001803,0.9822212,BioREDirect,sentence_local
36644390,D019319,823,Negative_Correlation,D019319,0.9545051,BioREDirect,sentence_local
36644390,C001803,4846,Negative_Correlation,C001803,0.9881392,BioREDirect,sentence_local
36644390,C035054,D028361,Negative_Correlation,C035054,0.9881473,BioREDirect,sentence_local
36644390,D019319,D028361,Negative_Correlation,D019319,0.9812368,BioREDirect,sentence_local
36644390,D000860,12333,Positive_Correlation,D000860,0.99434584,BioREDirect,sentence_local
36644390,D019319,4846,Negative_Correlation,D019319,0.9373355,BioREDirect,sentence_local
36644390,D009569,823,Association,823,0.8026375,BioREDirect,sentence_local
36644390,D006861,D000860,Association,D000860,0.9345385,BioREDirect,sentence_local
36644390,D000860,18127,Negative_Correlation,D000860,0.971032,BioREDirect,sentence_local
36644390,823,4846,Negative_Correlation,823,0.98834306,BioREDirect,sentence_local
36644390,D000860,51792,Positive_Correlation,D000860,0.99195147,BioREDirect,sentence_local
36644390,D000860,5524,Positive_Correlation,D000860,0.9924366,BioREDirect,sentence_local
36644390,C035054,4846,Positive_Correlation,C035054,0.99065644,BioREDirect,sentence_local
36644390,D014652,12333,Association,12333,0.99536234,BioREDirect,sentence_local
36644390,D000860,4846,Negative_Correlation,D000860,0.9737664,BioREDirect,sentence_local
36644390,D014652,51792,Association,51792,0.9911776,BioREDirect,sentence_local
36644390,D000860,823,Positive_Correlation,D000860,0.9941837,BioREDirect,sentence_local
36644390,D014652,18127,Association,18127,0.99029845,BioREDirect,sentence_local
36644390,C035054,D014652,Negative_Correlation,C035054,0.9883031,BioREDirect,sentence_local
36644390,D014652,5524,Association,5524,0.99002624,BioREDirect,sentence_local
36644390,C035054,12333,Negative_Correlation,C035054,0.9862977,BioREDirect,sentence_local
36644390,D014652,4846,Association,4846,0.98939043,BioREDirect,sentence_local
36644390,C035054,18127,Positive_Correlation,C035054,0.990906,BioREDirect,sentence_local
36644390,D014652,823,Positive_Correlation,823,0.99507165,BioREDirect,sentence_local
36644390,C035054,51792,Negative_Correlation,C035054,0.9911606,BioREDirect,sentence_local
36644390,D017382,12333,Association,12333,0.9117529,BioREDirect,sentence_local
36644390,C035054,D017382,Negative_Correlation,C035054,0.98992026,BioREDirect,sentence_local
36644390,D017382,823,Association,823,0.78708595,BioREDirect,sentence_local
36644390,C035054,5524,Negative_Correlation,C035054,0.9911187,BioREDirect,sentence_local
36644390,D000111,D014652,Negative_Correlation,D000111,0.9869423,BioREDirect,sentence_local
36644390,C035054,D002908,Negative_Correlation,C035054,0.75645643,BioREDirect,sentence_local
36644390,D000111,12333,Negative_Correlation,D000111,0.9821499,BioREDirect,sentence_local
36644390,C035054,D000860,Negative_Correlation,C035054,0.98836607,BioREDirect,sentence_local
36644390,D000111,18127,Positive_Correlation,D000111,0.9809456,BioREDirect,sentence_local
36644390,D000111,51792,Negative_Correlation,D000111,0.98952496,BioREDirect,sentence_local
36673448,C002230,D001943,Association,C002230,0.7596582,BioREDirect,sentence_local
36673448,D047310,C025946,Positive_Correlation,D047310,0.98942125,BioREDirect,sentence_local
36673448,D002392,C025946,Positive_Correlation,D002392,0.9843232,BioREDirect,sentence_local
36673448,D015032,D047310,Cotreatment,,0.8966659,BioREDirect,sentence_local
36673448,D059808,D015032,Cotreatment,,0.7822783,BioREDirect,sentence_local
36673448,D015032,D009369,Association,D015032,0.9358471,BioREDirect,sentence_local
36673448,D015032,D001943,Association,D015032,0.92881805,BioREDirect,sentence_local
36673448,D002392,C042810,Positive_Correlation,D002392,0.9867026,BioREDirect,sentence_local
36673448,D047310,C042810,Positive_Correlation,D047310,0.9868618,BioREDirect,sentence_local
36673448,C024829,D001943,Association,C024829,0.53820187,BioREDirect,sentence_local
36673448,D015032,D005419,Cotreatment,,0.8538131,BioREDirect,sentence_local
36673448,D015127,D009385,Positive_Correlation,D015127,0.9533937,BioREDirect,sentence_local
36673448,D015127,D001943,Positive_Correlation,D015127,0.97205037,BioREDirect,sentence_local
36673448,C005273,D015127,Negative_Correlation,D015127,0.9682639,BioREDirect,sentence_local
36673448,D015032,C005273,Cotreatment,,0.883008,BioREDirect,sentence_local
36673448,C005273,D009385,Negative_Correlation,C005273,0.9904266,BioREDirect,sentence_local
36673448,C005273,D063646,Positive_Correlation,C005273,0.95238554,BioREDirect,sentence_local
36673448,C005273,C025946,Positive_Correlation,C005273,0.98825246,BioREDirect,sentence_local
36673448,C005273,D009369,Negative_Correlation,C005273,0.92481804,BioREDirect,sentence_local
36673448,C005273,C042810,Positive_Correlation,C005273,0.98069304,BioREDirect,sentence_local
36673448,C017515,D001943,Association,C017515,0.64997286,BioREDirect,sentence_local
36673448,D015032,D002392,Cotreatment,,0.8830835,BioREDirect,sentence_local
36673448,D047310,D063646,Positive_Correlation,D047310,0.90654284,BioREDirect,sentence_local
33319124,43740570,64398,Association,43740570,0.87102324,BioREDirect,sentence_local
33319124,D000086382,43740570,Association,43740570,0.953457,BioREDirect,sentence_local
33357452,D003520,D009369,Negative_Correlation,D003520,0.8442969,BioREDirect,sentence_local
33357452,D000077150,60533,Positive_Correlation,D000077150,0.9557821,BioREDirect,sentence_local
33357452,C117307,26563,Association,,0.5356349,BioREDirect,sentence_local
33357452,D009369,4919,Association,4919,0.9793601,BioREDirect,sentence_local
33357452,D003520,26563,Negative_Correlation,D003520,0.6170664,BioREDirect,sentence_local
33357452,D009369,60533,Association,60533,0.61435735,BioREDirect,sentence_local
33357452,D009369,26563,Association,26563,0.92574674,BioREDirect,sentence_local
33357452,D000077192,p|SUB|G|12|D,Association,p,0.93720627,BioREDirect,sentence_local
33357452,D000077192,C117307,Association,C117307,0.9448876,BioREDirect,sentence_local
33357452,D000077192,26563,Association,26563,0.76335216,BioREDirect,sentence_local
33357452,D000077150,D009369,Positive_Correlation,D000077150,0.98483026,BioREDirect,sentence_local
34115511,D002118,p|SUB|E|59|D,Association,p,0.9371134,BioREDirect,sentence_local
34115511,D002118,p|SUB|S|55|D,Association,p,0.96287614,BioREDirect,sentence_local
34115511,D002118,p|SUB|G|98|E,Association,p,0.54756,BioREDirect,sentence_local
34115511,D010100,D006859,Association,,0.7663423,BioREDirect,sentence_local
34115511,D002118,5816,Bind,D002118,0.5841466,BioREDirect,sentence_local
34115511,D002118,p|SUB|D|94|S,Association,p,0.5228217,BioREDirect,sentence_local
34529977,D000431,D015032,Association,,0.6184637,BioREDirect,sentence_local
34529977,D015032,D010100,Association,,0.7114628,BioREDirect,sentence_local
34529977,D009243,c|SUB|T|45|G,Association,,0.80650634,BioREDirect,sentence_local
34529977,D015032,D014867,Association,,0.6961534,BioREDirect,sentence_local
34529977,D015032,854068,Association,,0.63264775,BioREDirect,sentence_local
34529977,D009243,854068,Association,,0.66142243,BioREDirect,sentence_local
34529977,D000431,854068,Association,,0.7482516,BioREDirect,sentence_local
34529977,D000079,c|SUB|T|45|G,Association,c,0.9582032,BioREDirect,sentence_local
34642815,D013577,22884,Association,22884,0.84794027,BioREDirect,sentence_local
34642815,22884,55690,Association,22884,0.9657289,BioREDirect,sentence_local
34642815,22884,23241,Association,22884,0.97075325,BioREDirect,sentence_local
34759319,D008175,rs121913530,Association,rs121913530,0.9575161,BioREDirect,sentence_local
34759319,3845,5594,Association,,0.887498,BioREDirect,sentence_local
34759319,D008175,3845,Association,3845,0.9098205,BioREDirect,sentence_local
34759319,rs121913530,rs121913361,Association,rs121913361,0.9456552,BioREDirect,sentence_local
34759319,rs121913530,rs369580836,Association,rs369580836,0.96109587,BioREDirect,sentence_local
34759319,C000706028,3845,Negative_Correlation,C000706028,0.96240646,BioREDirect,sentence_local
34759319,C000706028,rs121913530,Negative_Correlation,C000706028,0.9711745,BioREDirect,sentence_local
36055162,43740568,59272,Association,,0.55204433,BioREDirect,sentence_local
36063114,D000069279,773,Association,773,0.86296976,BioREDirect,sentence_local
36063114,D001284,773,Association,773,0.9480114,BioREDirect,sentence_local
36063114,D001927,773,Association,773,0.9725677,BioREDirect,sentence_local
36063114,D002658,773,Association,773,0.9318951,BioREDirect,sentence_local
36063114,D002526,773,Association,773,0.9480114,BioREDirect,sentence_local
36063114,D004827,773,Association,773,0.66045845,BioREDirect,sentence_local
36063114,D003072,773,Association,773,0.8833082,BioREDirect,sentence_local
36069435,C035598,D003911,Association,C035598,0.80902195,BioREDirect,sentence_local
36069435,D003911,p|SUB|C|186|A,Association,p,0.87583065,BioREDirect,sentence_local
36069435,C035598,1364,Bind,,0.64831346,BioREDirect,sentence_local
36069435,C035598,D004767,Positive_Correlation,C035598,0.87777174,BioREDirect,sentence_local
36119652,C000718217,p|SUB|M|165|T,Association,p,0.96611917,BioREDirect,sentence_local
36119652,C000719967,43740578,Association,C000719967,0.9427218,BioREDirect,sentence_local
36119652,C000718217,43740578,Association,43740578,0.79258144,BioREDirect,sentence_local
36119652,C000718217,p|SUB|H|172|Q,Association,p,0.8673415,BioREDirect,sentence_local
36119652,C000718217,p|SUB|E|166|G,Association,p,0.95855683,BioREDirect,sentence_local
36119652,C000718217,C000656640,Association,,0.83934647,BioREDirect,sentence_local
36160414,D014635,D020719,Association,,0.5157983,BioREDirect,sentence_local
36160414,D014635,7364,Association,7364,0.5815447,BioREDirect,sentence_local
36160414,D014635,D004827,Negative_Correlation,D014635,0.9783745,BioREDirect,sentence_local
36160414,D020719,7361,Association,7361,0.6149764,BioREDirect,sentence_local
36160414,D014635,7361,Association,7361,0.66721565,BioREDirect,sentence_local
36174993,D007249,11009,Association,11009,0.96110475,BioREDirect,sentence_local
36174993,D008679,27178,Negative_Correlation,27178,0.98852134,BioREDirect,sentence_local
36174993,D008679,93672,Association,93672,0.9621109,BioREDirect,sentence_local
36174993,D000911,3605,Negative_Correlation,D000911,0.8741512,BioREDirect,sentence_local
36174993,D008070,D001249,Positive_Correlation,D008070,0.95560527,BioREDirect,sentence_local
36174993,D000911,11009,Negative_Correlation,D000911,0.9063448,BioREDirect,sentence_local
36174993,D034741,93672,Negative_Correlation,D034741,0.94173765,BioREDirect,sentence_local
36174993,3605,6774,Association,,0.7597861,BioREDirect,sentence_local
36174993,D034741,D001249,Association,D034741,0.6026139,BioREDirect,sentence_local
36174993,27178,16171,Negative_Correlation,27178,0.98935026,BioREDirect,sentence_local
36174993,27178,93672,Association,,0.82015246,BioREDirect,sentence_local
36174993,93672,16171,Positive_Correlation,93672,0.9835886,BioREDirect,sentence_local
36174993,11009,6774,Association,11009,0.8938438,BioREDirect,sentence_local
36174993,11009,3605,Positive_Correlation,11009,0.98096263,BioREDirect,sentence_local
36174993,11009,5594,Association,,0.8543518,BioREDirect,sentence_local
36174993,11009,5595,Association,,0.8543518,BioREDirect,sentence_local
36174993,11009,27178,Negative_Correlation,27178,0.7960356,BioREDirect,sentence_local
36174993,D012130,27178,Negative_Correlation,27178,0.98649013,BioREDirect,sentence_local
36174993,D006967,11009,Association,11009,0.96745145,BioREDirect,sentence_local
36174993,D012130,93672,Association,93672,0.9770832,BioREDirect,sentence_local
36174993,D001249,27178,Negative_Correlation,27178,0.99154973,BioREDirect,sentence_local
36174993,D001249,3605,Association,3605,0.82748306,BioREDirect,sentence_local
36174993,D001249,93672,Positive_Correlation,93672,0.99115634,BioREDirect,sentence_local
36174993,D001249,16171,Association,16171,0.8910705,BioREDirect,sentence_local
36174993,D001249,11009,Association,11009,0.988436,BioREDirect,sentence_local
36316845,D013739,D006111,Association,,0.6040896,BioREDirect,sentence_local
36316845,D013739,C535979,Association,C535979,0.68780565,BioREDirect,sentence_local
36316845,D013739,D011241,Negative_Correlation,D011241,0.7991864,BioREDirect,sentence_local
36410397,C549273,D016898,Cotreatment,,0.73822314,BioREDirect,sentence_local
36410397,D000069474,11027185,Negative_Correlation,D000069474,0.98598063,BioREDirect,sentence_local
36410397,D011092,D019698,Negative_Correlation,D011092,0.9721038,BioREDirect,sentence_local
36410397,C549273,D000069474,Cotreatment,,0.73075455,BioREDirect,sentence_local
36410397,D000069474,D016898,Cotreatment,,0.64682966,BioREDirect,sentence_local
36410397,C549273,D019698,Negative_Correlation,C549273,0.95922863,BioREDirect,sentence_local
36410397,D000069474,D011092,Cotreatment,,0.65607756,BioREDirect,sentence_local
36410397,D016898,D005355,Negative_Correlation,D016898,0.6879968,BioREDirect,sentence_local
36410397,D000069474,D012254,Cotreatment,,0.6555115,BioREDirect,sentence_local
36410397,D016898,D019698,Negative_Correlation,D016898,0.970471,BioREDirect,sentence_local
36410397,D000069474,D019698,Negative_Correlation,D000069474,0.9719999,BioREDirect,sentence_local
36410397,D012254,D016898,Cotreatment,,0.6473986,BioREDirect,sentence_local
36410397,C549273,11027185,Negative_Correlation,C549273,0.982417,BioREDirect,sentence_local
36410397,D012254,D011092,Cotreatment,,0.6451646,BioREDirect,sentence_local
36410397,D012254,D019698,Negative_Correlation,D012254,0.9700047,BioREDirect,sentence_local
36410397,D011092,D016898,Cotreatment,,0.6159319,BioREDirect,sentence_local
36410397,C549273,D012254,Cotreatment,,0.61815476,BioREDirect,sentence_local
36419651,C537480,8291,Association,8291,0.9794303,BioREDirect,sentence_local
36419651,C537995,8291,Association,8291,0.86548555,BioREDirect,sentence_local
36531775,C567791,2348,Association,2348,0.7421412,BioREDirect,sentence_local
36531775,D002955,D001259,Negative_Correlation,D002955,0.9769785,BioREDirect,sentence_local
36531775,D002955,D012640,Negative_Correlation,D002955,0.982689,BioREDirect,sentence_local
36531775,D005492,C567791,Association,D005492,0.53754336,BioREDirect,sentence_local
36531775,C567791,rs200728335,Positive_Correlation,rs200728335,0.9842652,BioREDirect,sentence_local
36558033,D002289,1956,Association,1956,0.95146054,BioREDirect,sentence_local
36558033,rs121434568,rs1057519861,Association,,0.70036834,BioREDirect,sentence_local
36558033,D011810,rs121434568,Negative_Correlation,D011810,0.8948428,BioREDirect,sentence_local
36558033,rs121434568,rs121434569,Association,,0.58532536,BioREDirect,sentence_local
36558033,rs121434569,rs1057519861,Association,,0.69034225,BioREDirect,sentence_local
36558033,D011810,rs1057519861,Negative_Correlation,D011810,0.97918576,BioREDirect,sentence_local
36558033,D011810,rs121434569,Negative_Correlation,D011810,0.9682568,BioREDirect,sentence_local
36558033,D011810,1956,Negative_Correlation,D011810,0.6074441,BioREDirect,sentence_local
36585034,D003920,1602,Association,1602,0.8370082,BioREDirect,sentence_local
36585034,D003920,84327,Association,84327,0.59599704,BioREDirect,sentence_local
36585034,D003920,6523,Association,6523,0.66205996,BioREDirect,sentence_local
36585034,D003920,843,Association,843,0.49052194,BioREDirect,sentence_local
36585034,D003920,164656,Association,164656,0.761849,BioREDirect,sentence_local
36585034,D003920,3083,Association,3083,0.5994331,BioREDirect,sentence_local
36585034,D003920,6239,Association,6239,0.743639,BioREDirect,sentence_local
36585034,D003920,5990,Association,5990,0.8442333,BioREDirect,sentence_local
36585034,D003920,4160,Association,4160,0.7002527,BioREDirect,sentence_local
36585034,D003920,2646,Association,2646,0.8582578,BioREDirect,sentence_local
36585034,D002096,6523,Association,6523,0.93203294,BioREDirect,sentence_local
36585034,D002096,rs1175125123,Association,rs1175125123,0.9388056,BioREDirect,sentence_local
36585034,D002096,D003920,Association,,0.62577474,BioREDirect,sentence_local
36585034,D002096,843,Association,843,0.89648145,BioREDirect,sentence_local
36585034,D002096,164656,Association,164656,0.90690184,BioREDirect,sentence_local
36585034,D010182,c|SUB|A|932|T,Positive_Correlation,c,0.9926428,BioREDirect,sentence_local
36585034,D002096,3083,Association,3083,0.85136783,BioREDirect,sentence_local
36585034,D002096,4160,Association,4160,0.96481055,BioREDirect,sentence_local
36585034,D010182,rs1175125123,Positive_Correlation,rs1175125123,0.9929726,BioREDirect,sentence_local
36585034,D010182,84327,Association,84327,0.99192625,BioREDirect,sentence_local
36585034,D010182,1602,Association,1602,0.9910635,BioREDirect,sentence_local
36585034,D010182,6523,Association,6523,0.99002856,BioREDirect,sentence_local
36585034,D010182,6239,Association,6239,0.99183273,BioREDirect,sentence_local
36585034,D010182,5990,Association,5990,0.99214584,BioREDirect,sentence_local
36585034,D010182,2646,Association,2646,0.9906054,BioREDirect,sentence_local
36661544,D002971,83716,Association,83716,0.9854694,BioREDirect,sentence_local
36661544,C566121,2353,Association,2353,0.96376294,BioREDirect,sentence_local
36661544,D002971,2353,Association,2353,0.99188954,BioREDirect,sentence_local
36661544,C566121,4313,Association,4313,0.7457165,BioREDirect,sentence_local
36661544,D002971,4313,Association,4313,0.544933,BioREDirect,sentence_local
36661544,C566121,841,Association,841,0.70143694,BioREDirect,sentence_local
36661544,D002971,rs1046117,Positive_Correlation,rs1046117,0.9927409,BioREDirect,sentence_local
36661544,C566121,83716,Association,83716,0.96778965,BioREDirect,sentence_local
36661544,C566121,rs3769825,Association,rs3769825,0.5401539,BioREDirect,sentence_local
36661544,C566121,rs243836,Association,rs243836,0.55942315,BioREDirect,sentence_local
36661544,841,83716,Association,83716,0.9630128,BioREDirect,sentence_local
36661544,C566121,rs1046117,Positive_Correlation,rs1046117,0.9864977,BioREDirect,sentence_local
36661544,2353,83716,Association,83716,0.9550884,BioREDirect,sentence_local
36661544,4313,83716,Association,83716,0.95741165,BioREDirect,sentence_local
36661544,D002971,841,Association,841,0.7018551,BioREDirect,sentence_local
36672750,D010146,4988,Association,4988,0.9812687,BioREDirect,sentence_local
36672750,D010146,1312,Association,1312,0.9894043,BioREDirect,sentence_local
36672750,D020069,1312,Association,1312,0.9921653,BioREDirect,sentence_local
36672750,D059350,4988,Association,4988,0.8553896,BioREDirect,sentence_local
36672750,D001943,4988,Association,4988,0.85907376,BioREDirect,sentence_local
36672750,D010146,rs4680,Positive_Correlation,rs4680,0.9927147,BioREDirect,sentence_local
36672750,D001943,1312,Association,1312,0.92435014,BioREDirect,sentence_local
36672750,D059350,1312,Association,1312,0.6387252,BioREDirect,sentence_local
36672750,D020069,4988,Association,4988,0.9916073,BioREDirect,sentence_local
36798132,13610,52150,Positive_Correlation,13610,0.9641965,BioREDirect,sentence_local
36798132,C060506,20698,Association,20698,0.76487577,BioREDirect,sentence_local
36798132,C060506,14739,Bind,C060506,0.7467507,BioREDirect,sentence_local
36798132,C060506,216799,Association,C060506,0.6627477,BioREDirect,sentence_local
36798132,C060506,13609,Bind,C060506,0.7467507,BioREDirect,sentence_local
36798132,C060506,13611,Bind,C060506,0.7467507,BioREDirect,sentence_local
36798132,C060506,94226,Bind,C060506,0.7467507,BioREDirect,sentence_local
36798132,C060506,13610,Bind,C060506,0.7395205,BioREDirect,sentence_local
36798132,D009550,13610,Negative_Correlation,13610,0.98539287,BioREDirect,sentence_local
36798132,D009550,216799,Positive_Correlation,D009550,0.96324646,BioREDirect,sentence_local
36798132,13610,16176,Positive_Correlation,13610,0.9894879,BioREDirect,sentence_local
36798132,C548679,13610,Negative_Correlation,C548679,0.94099224,BioREDirect,sentence_local
36798132,C548679,D011654,Positive_Correlation,C548679,0.9848015,BioREDirect,sentence_local
36798132,D011188,52150,Association,,0.75121105,BioREDirect,sentence_local
36798132,D011188,216799,Association,,0.7516542,BioREDirect,sentence_local
36798132,D011188,13610,Association,13610,0.95773834,BioREDirect,sentence_local
36798132,D008070,16176,Positive_Correlation,D008070,0.7275908,BioREDirect,sentence_local
36798132,D008070,13610,Positive_Correlation,13610,0.9846694,BioREDirect,sentence_local
36798132,D000255,216799,Positive_Correlation,D000255,0.9494154,BioREDirect,sentence_local
36798132,D000255,13610,Association,13610,0.98892605,BioREDirect,sentence_local
36798132,D000255,D011188,Association,D000255,0.6553531,BioREDirect,sentence_local
36798132,D000255,52150,Positive_Correlation,D000255,0.95944107,BioREDirect,sentence_local
36798132,216799,20698,Association,20698,0.9395914,BioREDirect,sentence_local
36798132,13610,216799,Positive_Correlation,13610,0.9914847,BioREDirect,sentence_local
36798132,D000077271,216799,Positive_Correlation,D000077271,0.95560014,BioREDirect,sentence_local
32491001,D003643,rs1801252,Association,rs1801252,0.76725715,BioREDirect,sentence_local
32491001,D006333,rs1801252,Association,rs1801252,0.82576644,BioREDirect,sentence_local
32491001,D003643,153,Association,153,0.7836656,BioREDirect,sentence_local
32491001,D006333,153,Association,153,0.5106379,BioREDirect,sentence_local
32543048,D002607,rs1239341211,Association,rs1239341211,0.6458212,BioREDirect,sentence_local
32543048,D002607,rs191391414,Association,rs191391414,0.54100287,BioREDirect,sentence_local
32543048,D002607,502531,Association,D002607,0.98175997,BioREDirect,sentence_local
32543048,D006641,3035,Negative_Correlation,D006641,0.9483378,BioREDirect,sentence_local
32543048,D002607,rs1246368348,Association,rs1246368348,0.7258094,BioREDirect,sentence_local
32543048,3035,502531,Association,3035,0.97942364,BioREDirect,sentence_local
32543048,D009422,3035,Association,3035,0.65184677,BioREDirect,sentence_local
32543048,D002607,3035,Association,3035,0.94610405,BioREDirect,sentence_local
