doc_id,id1,id2,relation,subject,score,system,mode
24722316,24413,D004487,Association,24413,0.5936990766,TypePairMajority,sentence_local
24722316,24413,D055371,Association,24413,0.5936990766,TypePairMajority,sentence_local
24722316,2908,D004487,Association,2908,0.5936990766,TypePairMajority,sentence_local
24722316,2908,D055371,Association,2908,0.5936990766,TypePairMajority,sentence_local
24722316,4313,D004487,Association,4313,0.5936990766,TypePairMajority,sentence_local
24722316,4313,D055371,Association,4313,0.5936990766,TypePairMajority,sentence_local
24722316,4318,D004487,Association,4318,0.5936990766,TypePairMajority,sentence_local
24722316,4318,D055371,Association,4318,0.5936990766,TypePairMajority,sentence_local
24722316,81686,D004487,Association,81686,0.5936990766,TypePairMajority,sentence_local
24722316,81686,D055371,Association,81686,0.5936990766,TypePairMajority,sentence_local
24722316,81687,D004487,Association,81687,0.5936990766,TypePairMajority,sentence_local
24722316,81687,D055371,Association,81687,0.5936990766,TypePairMajority,sentence_local
24722316,C025451,D055371,Positive_Correlation,C025451,0.3421807747,TypePairMajority,sentence_local
24722316,D003907,D004487,Positive_Correlation,D003907,0.3421807747,TypePairMajority,sentence_local
24722316,D003907,D055371,Positive_Correlation,D003907,0.3421807747,TypePairMajority,sentence_local
24722316,D004487,D006862,Positive_Correlation,D004487,0.3421807747,TypePairMajority,sentence_local
24722316,D006862,D055371,Positive_Correlation,D006862,0.3421807747,TypePairMajority,sentence_local
26115796,5609,D008545,Association,5609,0.5936990766,TypePairMajority,sentence_local
26115796,673,D008545,Association,673,0.5936990766,TypePairMajority,sentence_local
26115796,C582435,D000740,Positive_Correlation,C582435,0.3421807747,TypePairMajority,sentence_local
26115796,C582435,D001068,Positive_Correlation,C582435,0.3421807747,TypePairMajority,sentence_local
26115796,C582435,D003092,Positive_Correlation,C582435,0.3421807747,TypePairMajority,sentence_local
26115796,C582435,D003967,Positive_Correlation,C582435,0.3421807747,TypePairMajority,sentence_local
26115796,C582435,D004487,Positive_Correlation,C582435,0.3421807747,TypePairMajority,sentence_local
26115796,C582435,D005221,Positive_Correlation,C582435,0.3421807747,TypePairMajority,sentence_local
26115796,C582435,D007010,Positive_Correlation,C582435,0.3421807747,TypePairMajority,sentence_local
26115796,C582435,D007018,Positive_Correlation,C582435,0.3421807747,TypePairMajority,sentence_local
26115796,C582435,D007970,Positive_Correlation,C582435,0.3421807747,TypePairMajority,sentence_local
26115796,C582435,D008545,Positive_Correlation,C582435,0.3421807747,TypePairMajority,sentence_local
26115796,C582435,D009503,Positive_Correlation,C582435,0.3421807747,TypePairMajority,sentence_local
26115796,C582435,D011014,Positive_Correlation,C582435,0.3421807747,TypePairMajority,sentence_local
26115796,C582435,D063806,Positive_Correlation,C582435,0.3421807747,TypePairMajority,sentence_local
26115796,D000074324,D008545,Positive_Correlation,D000074324,0.3421807747,TypePairMajority,sentence_local
27374774,55863,C537475,Association,55863,0.5936990766,TypePairMajority,sentence_local
27374774,55863,D007676,Association,55863,0.5936990766,TypePairMajority,sentence_local
27374774,55863,D009135,Association,55863,0.5936990766,TypePairMajority,sentence_local
27374774,55863,D009202,Association,55863,0.5936990766,TypePairMajority,sentence_local
27374774,55863,D028361,Association,55863,0.5936990766,TypePairMajority,sentence_local
27374774,D028361,p|FS|N|134|I|2,Association,p|FS|N|134|I|2,0.431372549,TypePairMajority,sentence_local
27374774,D028361,rs141542003,Association,rs141542003,0.431372549,TypePairMajority,sentence_local
27374774,D028361,rs886037835,Association,rs886037835,0.431372549,TypePairMajority,sentence_local
27623776,20191,C536334,Association,20191,0.5936990766,TypePairMajority,sentence_local
27623776,20191,D017180,Association,20191,0.5936990766,TypePairMajority,sentence_local
27623776,6262,C536334,Association,6262,0.5936990766,TypePairMajority,sentence_local
27623776,6262,D017180,Association,6262,0.5936990766,TypePairMajority,sentence_local
27623776,C536334,D000068577,Positive_Correlation,C536334,0.3421807747,TypePairMajority,sentence_local
27623776,C536334,D000077261,Positive_Correlation,C536334,0.3421807747,TypePairMajority,sentence_local
27623776,C536334,D002118,Positive_Correlation,C536334,0.3421807747,TypePairMajority,sentence_local
27623776,C536334,D002413,Positive_Correlation,C536334,0.3421807747,TypePairMajority,sentence_local
27623776,C536334,p|SUB|R|4496|C,Association,p|SUB|R|4496|C,0.431372549,TypePairMajority,sentence_local
27623776,D000068577,D001145,Positive_Correlation,D000068577,0.3421807747,TypePairMajority,sentence_local
27623776,D000068577,D017180,Positive_Correlation,D000068577,0.3421807747,TypePairMajority,sentence_local
27623776,D000068577,p|SUB|R|4496|C,Association,p|SUB|R|4496|C,0.4096385542,TypePairMajority,sentence_local
27623776,D000077261,D017180,Positive_Correlation,D000077261,0.3421807747,TypePairMajority,sentence_local
27623776,D000077261,p|SUB|R|4496|C,Association,p|SUB|R|4496|C,0.4096385542,TypePairMajority,sentence_local
27623776,D001145,D002118,Positive_Correlation,D001145,0.3421807747,TypePairMajority,sentence_local
27623776,D001145,D002413,Positive_Correlation,D001145,0.3421807747,TypePairMajority,sentence_local
27623776,D002118,p|SUB|R|4496|C,Association,p|SUB|R|4496|C,0.4096385542,TypePairMajority,sentence_local
27623776,D002413,p|SUB|R|4496|C,Association,p|SUB|R|4496|C,0.4096385542,TypePairMajority,sentence_local
27784654,171519,D005317,Association,171519,0.5936990766,TypePairMajority,sentence_local
27784654,171519,D011225,Association,171519,0.5936990766,TypePairMajority,sentence_local
27784654,25029,D005317,Association,25029,0.5936990766,TypePairMajority,sentence_local
27784654,25029,D011225,Association,25029,0.5936990766,TypePairMajority,sentence_local
27784654,58965,D005317,Association,58965,0.5936990766,TypePairMajority,sentence_local
27784654,58965,D011225,Association,58965,0.5936990766,TypePairMajority,sentence_local
27784654,D005317,D014409,Positive_Correlation,D005317,0.3421807747,TypePairMajority,sentence_local
27784654,D011225,D014409,Positive_Correlation,D011225,0.3421807747,TypePairMajority,sentence_local
27897268,1956,D009369,Association,1956,0.5936990766,TypePairMajority,sentence_local
27897268,1956,D015179,Association,1956,0.5936990766,TypePairMajority,sentence_local
28053271,51010,C580383,Association,51010,0.5936990766,TypePairMajority,sentence_local
28053271,51010,D009422,Association,51010,0.5936990766,TypePairMajority,sentence_local
28053271,51010,D016472,Association,51010,0.5936990766,TypePairMajority,sentence_local
28053271,854023,C580383,Association,854023,0.5936990766,TypePairMajority,sentence_local
28053271,854023,D009422,Association,854023,0.5936990766,TypePairMajority,sentence_local
28053271,854023,D016472,Association,854023,0.5936990766,TypePairMajority,sentence_local
28053271,D009422,c|SUB|G|148|C,Association,c|SUB|G|148|C,0.431372549,TypePairMajority,sentence_local
28053271,D009422,c|SUB|G|8|A,Association,c|SUB|G|8|A,0.431372549,TypePairMajority,sentence_local
28053271,D009422,p|SUB|W|195|R,Association,p|SUB|W|195|R,0.431372549,TypePairMajority,sentence_local
28053271,D009422,rs387907196,Association,rs387907196,0.431372549,TypePairMajority,sentence_local
28053271,D009422,rs672601332,Association,rs672601332,0.431372549,TypePairMajority,sentence_local
28053271,D009422,rs730882145,Association,rs730882145,0.431372549,TypePairMajority,sentence_local
28430993,5428,D001927,Association,5428,0.5936990766,TypePairMajority,sentence_local
28430993,5428,D002386,Association,5428,0.5936990766,TypePairMajority,sentence_local
28430993,5428,D002549,Association,5428,0.5936990766,TypePairMajority,sentence_local
28430993,5428,D006319,Association,5428,0.5936990766,TypePairMajority,sentence_local
28430993,5428,D009135,Association,5428,0.5936990766,TypePairMajority,sentence_local
28430993,5428,D017093,Association,5428,0.5936990766,TypePairMajority,sentence_local
28430993,5428,D017246,Association,5428,0.5936990766,TypePairMajority,sentence_local
28430993,5428,D028361,Association,5428,0.5936990766,TypePairMajority,sentence_local
28430993,D002386,rs113994099,Association,rs113994099,0.431372549,TypePairMajority,sentence_local
28430993,D006319,rs113994099,Association,rs113994099,0.431372549,TypePairMajority,sentence_local
28430993,D009135,rs113994099,Association,rs113994099,0.431372549,TypePairMajority,sentence_local
28430993,D017093,rs113994099,Association,rs113994099,0.431372549,TypePairMajority,sentence_local
28430993,D028361,rs113994099,Association,rs113994099,0.431372549,TypePairMajority,sentence_local
29218329,23957,D009369,Association,23957,0.5936990766,TypePairMajority,sentence_local
29218329,3148,D006528,Association,3148,0.5936990766,TypePairMajority,sentence_local
29218329,387146,D008113,Association,387146,0.5936990766,TypePairMajority,sentence_local
29218329,387146,D009369,Association,387146,0.5936990766,TypePairMajority,sentence_local
29218329,97165,D008113,Association,97165,0.5936990766,TypePairMajority,sentence_local
29218329,97165,D009369,Association,97165,0.5936990766,TypePairMajority,sentence_local
29379364,1789,D004314,Association,1789,0.5936990766,TypePairMajority,sentence_local
29379364,D004314,D005492,Positive_Correlation,D004314,0.3421807747,TypePairMajority,sentence_local
29379364,D004314,rs2424913,Association,rs2424913,0.431372549,TypePairMajority,sentence_local
29595509,D003643,D012293,Positive_Correlation,D003643,0.3421807747,TypePairMajority,sentence_local
29595509,D004977,D014376,Positive_Correlation,D004977,0.3421807747,TypePairMajority,sentence_local
29595509,D004977,D014397,Positive_Correlation,D004977,0.3421807747,TypePairMajority,sentence_local
29595509,D007538,D014376,Positive_Correlation,D007538,0.3421807747,TypePairMajority,sentence_local
29595509,D011718,D014376,Positive_Correlation,D011718,0.3421807747,TypePairMajority,sentence_local
29595509,D011718,D014397,Positive_Correlation,D011718,0.3421807747,TypePairMajority,sentence_local
29595509,D012293,D014376,Positive_Correlation,D012293,0.3421807747,TypePairMajority,sentence_local
29595509,D012293,D014397,Positive_Correlation,D012293,0.3421807747,TypePairMajority,sentence_local
29595509,D013307,D014376,Positive_Correlation,D013307,0.3421807747,TypePairMajority,sentence_local
29595509,D013307,D014397,Positive_Correlation,D013307,0.3421807747,TypePairMajority,sentence_local
29595509,D014376,D024841,Positive_Correlation,D014376,0.3421807747,TypePairMajority,sentence_local
29595509,D014397,D024841,Positive_Correlation,D014397,0.3421807747,TypePairMajority,sentence_local
31193310,112476,C537180,Association,112476,0.5936990766,TypePairMajority,sentence_local
31193310,112476,C580065,Association,112476,0.5936990766,TypePairMajority,sentence_local
31193310,112476,D004827,Association,112476,0.5936990766,TypePairMajority,sentence_local
31193310,112476,D020325,Association,112476,0.5936990766,TypePairMajority,sentence_local
31193310,112476,D020936,Association,112476,0.5936990766,TypePairMajority,sentence_local
31298765,4976,D029241,Association,4976,0.5936990766,TypePairMajority,sentence_local
31298765,550504,D009896,Association,550504,0.5936990766,TypePairMajority,sentence_local
31298765,550504,D012162,Association,550504,0.5936990766,TypePairMajority,sentence_local
31298765,550504,D029241,Association,550504,0.5936990766,TypePairMajority,sentence_local
31298765,D012162,rs1799652893,Association,rs1799652893,0.431372549,TypePairMajority,sentence_local
31298765,D012162,rs1799747454,Association,rs1799747454,0.431372549,TypePairMajority,sentence_local
31298765,D012162,rs28936415,Association,rs28936415,0.431372549,TypePairMajority,sentence_local
31298765,D029241,rs1799652893,Association,rs1799652893,0.431372549,TypePairMajority,sentence_local
31298765,D029241,rs1799747454,Association,rs1799747454,0.431372549,TypePairMajority,sentence_local
31298765,D029241,rs28936415,Association,rs28936415,0.431372549,TypePairMajority,sentence_local
31416966,125061,D009369,Association,125061,0.5936990766,TypePairMajority,sentence_local
31416966,125061,D015179,Association,125061,0.5936990766,TypePairMajority,sentence_local
31416966,196,D015179,Association,196,0.5936990766,TypePairMajority,sentence_local
31416966,4609,D009369,Association,4609,0.5936990766,TypePairMajority,sentence_local
31416966,4609,D015179,Association,4609,0.5936990766,TypePairMajority,sentence_local
31416966,6510,D009369,Association,6510,0.5936990766,TypePairMajority,sentence_local
31416966,6510,D015179,Association,6510,0.5936990766,TypePairMajority,sentence_local
31416966,8140,D009369,Association,8140,0.5936990766,TypePairMajority,sentence_local
31416966,8140,D015179,Association,8140,0.5936990766,TypePairMajority,sentence_local
31416966,C511621,D015179,Positive_Correlation,C511621,0.3421807747,TypePairMajority,sentence_local
31416966,D005973,D009369,Positive_Correlation,D005973,0.3421807747,TypePairMajority,sentence_local
31416966,D007737,D009369,Positive_Correlation,D007737,0.3421807747,TypePairMajority,sentence_local
31416966,D007737,D015179,Positive_Correlation,D007737,0.3421807747,TypePairMajority,sentence_local
31416966,D014364,D015179,Positive_Correlation,D014364,0.3421807747,TypePairMajority,sentence_local
31484706,5366,D009447,Association,5366,0.5936990766,TypePairMajority,sentence_local
31484706,596,D009447,Association,596,0.5936990766,TypePairMajority,sentence_local
31484706,C579720,D009447,Positive_Correlation,C579720,0.3421807747,TypePairMajority,sentence_local
31484706,D009447,D012176,Positive_Correlation,D009447,0.3421807747,TypePairMajority,sentence_local
31484706,D009447,D017313,Positive_Correlation,D009447,0.3421807747,TypePairMajority,sentence_local
31488414,D012004,rs17026425,Association,rs17026425,0.431372549,TypePairMajority,sentence_local
31488414,D012004,rs17057166,Association,rs17057166,0.431372549,TypePairMajority,sentence_local
31488414,D012004,rs1728400,Association,rs1728400,0.431372549,TypePairMajority,sentence_local
31488414,D012004,rs17693104,Association,rs17693104,0.431372549,TypePairMajority,sentence_local
31488414,D012004,rs202280,Association,rs202280,0.431372549,TypePairMajority,sentence_local
31488414,D012004,rs6797464,Association,rs6797464,0.431372549,TypePairMajority,sentence_local
31488414,D012004,rs6854845,Association,rs6854845,0.431372549,TypePairMajority,sentence_local
31488414,D012004,rs823920,Association,rs823920,0.431372549,TypePairMajority,sentence_local
31488414,D015179,rs17026425,Association,rs17026425,0.431372549,TypePairMajority,sentence_local
31488414,D015179,rs17057166,Association,rs17057166,0.431372549,TypePairMajority,sentence_local
31488414,D015179,rs1728400,Association,rs1728400,0.431372549,TypePairMajority,sentence_local
31488414,D015179,rs17693104,Association,rs17693104,0.431372549,TypePairMajority,sentence_local
31488414,D015179,rs202280,Association,rs202280,0.431372549,TypePairMajority,sentence_local
31488414,D015179,rs6797464,Association,rs6797464,0.431372549,TypePairMajority,sentence_local
31488414,D015179,rs6854845,Association,rs6854845,0.431372549,TypePairMajority,sentence_local
31488414,D015179,rs823920,Association,rs823920,0.431372549,TypePairMajority,sentence_local
31614143,1956,D002289,Association,1956,0.5936990766,TypePairMajority,sentence_local
31614143,2064,D002289,Association,2064,0.5936990766,TypePairMajority,sentence_local
31614143,4922,D002289,Association,4922,0.5936990766,TypePairMajority,sentence_local
31614143,4922,D008175,Association,4922,0.5936990766,TypePairMajority,sentence_local
31614143,4923,D002289,Association,4923,0.5936990766,TypePairMajority,sentence_local
31614143,4923,D008175,Association,4923,0.5936990766,TypePairMajority,sentence_local
31614143,7294,D002289,Association,7294,0.5936990766,TypePairMajority,sentence_local
31614143,C007517,D002289,Positive_Correlation,C007517,0.3421807747,TypePairMajority,sentence_local
31614143,C079087,D002289,Positive_Correlation,C079087,0.3421807747,TypePairMajority,sentence_local
31614143,D000077341,D002289,Positive_Correlation,D000077341,0.3421807747,TypePairMajority,sentence_local
31661889,24835,D007333,Association,24835,0.5936990766,TypePairMajority,sentence_local
31661889,24835,D050171,Association,24835,0.5936990766,TypePairMajority,sentence_local
31661889,24890,D007249,Association,24890,0.5936990766,TypePairMajority,sentence_local
31661889,24890,D007333,Association,24890,0.5936990766,TypePairMajority,sentence_local
31661889,24890,D050171,Association,24890,0.5936990766,TypePairMajority,sentence_local
31661889,25294,D007249,Association,25294,0.5936990766,TypePairMajority,sentence_local
31661889,25294,D007333,Association,25294,0.5936990766,TypePairMajority,sentence_local
31661889,25294,D050171,Association,25294,0.5936990766,TypePairMajority,sentence_local
31661889,25330,D007249,Association,25330,0.5936990766,TypePairMajority,sentence_local
31661889,25330,D007333,Association,25330,0.5936990766,TypePairMajority,sentence_local
31661889,25330,D050171,Association,25330,0.5936990766,TypePairMajority,sentence_local
31661889,29260,D007249,Association,29260,0.5936990766,TypePairMajority,sentence_local
31661889,29260,D007333,Association,29260,0.5936990766,TypePairMajority,sentence_local
31661889,29260,D050171,Association,29260,0.5936990766,TypePairMajority,sentence_local
31661889,301289,D007333,Association,301289,0.5936990766,TypePairMajority,sentence_local
31661889,301289,D050171,Association,301289,0.5936990766,TypePairMajority,sentence_local
31661889,361676,D007249,Association,361676,0.5936990766,TypePairMajority,sentence_local
31661889,361676,D007333,Association,361676,0.5936990766,TypePairMajority,sentence_local
31661889,361676,D050171,Association,361676,0.5936990766,TypePairMajority,sentence_local
31661889,50671,D007249,Association,50671,0.5936990766,TypePairMajority,sentence_local
31661889,50671,D007333,Association,50671,0.5936990766,TypePairMajority,sentence_local
31661889,50671,D050171,Association,50671,0.5936990766,TypePairMajority,sentence_local
31661889,60581,D007249,Association,60581,0.5936990766,TypePairMajority,sentence_local
31661889,60581,D007333,Association,60581,0.5936990766,TypePairMajority,sentence_local
31661889,60581,D050171,Association,60581,0.5936990766,TypePairMajority,sentence_local
31661889,78968,D007249,Association,78968,0.5936990766,TypePairMajority,sentence_local
31661889,78968,D007333,Association,78968,0.5936990766,TypePairMajority,sentence_local
31661889,78968,D050171,Association,78968,0.5936990766,TypePairMajority,sentence_local
31661889,81736,D007249,Association,81736,0.5936990766,TypePairMajority,sentence_local
31661889,81736,D007333,Association,81736,0.5936990766,TypePairMajority,sentence_local
31661889,81736,D050171,Association,81736,0.5936990766,TypePairMajority,sentence_local
31661889,C006780,D007333,Positive_Correlation,C006780,0.3421807747,TypePairMajority,sentence_local
31661889,C006780,D050171,Positive_Correlation,C006780,0.3421807747,TypePairMajority,sentence_local
31661889,C006780,D052439,Positive_Correlation,C006780,0.3421807747,TypePairMajority,sentence_local
31661889,D005632,D007333,Positive_Correlation,D005632,0.3421807747,TypePairMajority,sentence_local
31661889,D005632,D050171,Positive_Correlation,D005632,0.3421807747,TypePairMajority,sentence_local
31661889,D005632,D052439,Positive_Correlation,D005632,0.3421807747,TypePairMajority,sentence_local
31661889,D007249,D008055,Positive_Correlation,D007249,0.3421807747,TypePairMajority,sentence_local
32141127,93692,D009765,Association,93692,0.5936990766,TypePairMajority,sentence_local
32141127,D009765,D017382,Positive_Correlation,D009765,0.3421807747,TypePairMajority,sentence_local
32491001,153,D003643,Association,153,0.5936990766,TypePairMajority,sentence_local
32491001,153,D006333,Association,153,0.5936990766,TypePairMajority,sentence_local
32491001,D003643,rs1801252,Association,rs1801252,0.431372549,TypePairMajority,sentence_local
32491001,D006333,rs1801252,Association,rs1801252,0.431372549,TypePairMajority,sentence_local
32543048,3035,D002607,Association,3035,0.5936990766,TypePairMajority,sentence_local
32543048,3035,D009422,Association,3035,0.5936990766,TypePairMajority,sentence_local
32543048,4803,D010673,Association,4803,0.5936990766,TypePairMajority,sentence_local
32543048,502531,D002607,Association,502531,0.5936990766,TypePairMajority,sentence_local
32543048,D002607,rs1239341211,Association,rs1239341211,0.431372549,TypePairMajority,sentence_local
32543048,D002607,rs1246368348,Association,rs1246368348,0.431372549,TypePairMajority,sentence_local
32543048,D002607,rs191391414,Association,rs191391414,0.431372549,TypePairMajority,sentence_local
32577690,2539,D000086382,Association,2539,0.5936990766,TypePairMajority,sentence_local
32577690,2539,D005955,Association,2539,0.5936990766,TypePairMajority,sentence_local
32577690,D000086382,D002738,Positive_Correlation,D000086382,0.3421807747,TypePairMajority,sentence_local
32577690,D000086382,D006886,Positive_Correlation,D000086382,0.3421807747,TypePairMajority,sentence_local
32577690,D005955,rs1050828,Association,rs1050828,0.431372549,TypePairMajority,sentence_local
32789836,7276,C567782,Association,7276,0.5936990766,TypePairMajority,sentence_local
32789836,C567782,D015609,Positive_Correlation,C567782,0.3421807747,TypePairMajority,sentence_local
32789836,D006333,rs121918068,Association,rs121918068,0.431372549,TypePairMajority,sentence_local
32789836,D020521,rs1377503416,Association,rs1377503416,0.431372549,TypePairMajority,sentence_local
32862188,100041286,D000083242,Association,100041286,0.5936990766,TypePairMajority,sentence_local
32862188,100041286,D009410,Association,100041286,0.5936990766,TypePairMajority,sentence_local
32862188,100041286,D020244,Association,100041286,0.5936990766,TypePairMajority,sentence_local
32862188,17242,D000083242,Association,17242,0.5936990766,TypePairMajority,sentence_local
32862188,17242,D009410,Association,17242,0.5936990766,TypePairMajority,sentence_local
32862188,26413,D000083242,Association,26413,0.5936990766,TypePairMajority,sentence_local
32862188,26413,D009410,Association,26413,0.5936990766,TypePairMajority,sentence_local
32862188,285958,D000083242,Association,285958,0.5936990766,TypePairMajority,sentence_local
32862188,285958,D009410,Association,285958,0.5936990766,TypePairMajority,sentence_local
32862188,387135,D000083242,Association,387135,0.5936990766,TypePairMajority,sentence_local
32862188,387135,D009410,Association,387135,0.5936990766,TypePairMajority,sentence_local
32862188,387135,D020244,Association,387135,0.5936990766,TypePairMajority,sentence_local
32862188,55985,D000083242,Association,55985,0.5936990766,TypePairMajority,sentence_local
32862188,55985,D009410,Association,55985,0.5936990766,TypePairMajority,sentence_local
32862188,55985,D020244,Association,55985,0.5936990766,TypePairMajority,sentence_local
33038514,1956,D000077192,Association,1956,0.5936990766,TypePairMajority,sentence_local
33038514,1956,D008175,Association,1956,0.5936990766,TypePairMajority,sentence_local
33038514,2064,D008175,Association,2064,0.5936990766,TypePairMajority,sentence_local
33038514,C000596361,rs121913444,Association,rs121913444,0.4096385542,TypePairMajority,sentence_local
33038514,D000077192,rs121913444,Association,rs121913444,0.431372549,TypePairMajority,sentence_local
33038514,D008175,rs121913444,Association,rs121913444,0.431372549,TypePairMajority,sentence_local
33054111,2623,C564050,Association,2623,0.5936990766,TypePairMajority,sentence_local
33054111,2623,C564526,Association,2623,0.5936990766,TypePairMajority,sentence_local
33054111,2623,D006474,Association,2623,0.5936990766,TypePairMajority,sentence_local
33054111,2623,D017086,Association,2623,0.5936990766,TypePairMajority,sentence_local
33054111,340146,D006474,Association,340146,0.5936990766,TypePairMajority,sentence_local
33054111,5742,D006474,Association,5742,0.5936990766,TypePairMajority,sentence_local
33054111,C564050,rs104894809,Association,rs104894809,0.431372549,TypePairMajority,sentence_local
33054111,C564526,rs104894809,Association,rs104894809,0.431372549,TypePairMajority,sentence_local
33054111,D006474,rs104894809,Association,rs104894809,0.431372549,TypePairMajority,sentence_local
33054111,D017086,rs104894809,Association,rs104894809,0.431372549,TypePairMajority,sentence_local
33060108,16653,D021441,Association,16653,0.5936990766,TypePairMajority,sentence_local
33060108,22059,D021441,Association,22059,0.5936990766,TypePairMajority,sentence_local
33060108,D009369,D012330,Positive_Correlation,D009369,0.3421807747,TypePairMajority,sentence_local
33060108,D021441,rs121913529,Association,rs121913529,0.431372549,TypePairMajority,sentence_local
33069768,4193,D009369,Association,4193,0.5936990766,TypePairMajority,sentence_local
33069768,55109,D009369,Association,55109,0.5936990766,TypePairMajority,sentence_local
33069768,7157,D009369,Association,7157,0.5936990766,TypePairMajority,sentence_local
33069768,D009369,p|SUB|N|483|T,Association,p|SUB|N|483|T,0.431372549,TypePairMajority,sentence_local
33069768,D009369,p|SUB|Q|467|H,Association,p|SUB|Q|467|H,0.431372549,TypePairMajority,sentence_local
33069768,D009369,p|SUB|Y|469|N,Association,p|SUB|Y|469|N,0.431372549,TypePairMajority,sentence_local
33144263,D005978,p|SUB|C|38|S,Association,p|SUB|C|38|S,0.4096385542,TypePairMajority,sentence_local
33144263,D005978,p|SUB|C|83|S,Association,p|SUB|C|83|S,0.4096385542,TypePairMajority,sentence_local
33144263,D005978,p|SUB|H|81|A,Association,p|SUB|H|81|A,0.4096385542,TypePairMajority,sentence_local
33144263,D006418,p|Allele|C|38,Association,p|Allele|C|38,0.4096385542,TypePairMajority,sentence_local
33144263,D006418,p|Allele|C|83,Association,p|Allele|C|83,0.4096385542,TypePairMajority,sentence_local
33144263,D006418,p|SUB|C|38|S,Association,p|SUB|C|38|S,0.4096385542,TypePairMajority,sentence_local
33144263,D006418,p|SUB|C|83|S,Association,p|SUB|C|83|S,0.4096385542,TypePairMajority,sentence_local
33144263,D006418,p|SUB|H|81|A,Association,p|SUB|H|81|A,0.4096385542,TypePairMajority,sentence_local
33148508,15184,D006984,Association,15184,0.5936990766,TypePairMajority,sentence_local
33148508,19227,D006984,Association,19227,0.5936990766,TypePairMajority,sentence_local
33148508,208727,D006984,Association,208727,0.5936990766,TypePairMajority,sentence_local
33161775,24770,D007249,Association,24770,0.5936990766,TypePairMajority,sentence_local
33161775,25361,D007249,Association,25361,0.5936990766,TypePairMajority,sentence_local
33161775,292155,D007249,Association,292155,0.5936990766,TypePairMajority,sentence_local
33161775,292155,D014657,Association,292155,0.5936990766,TypePairMajority,sentence_local
33161775,64017,D007249,Association,64017,0.5936990766,TypePairMajority,sentence_local
33161775,64017,D014657,Association,64017,0.5936990766,TypePairMajority,sentence_local
33161775,C067883,D007249,Positive_Correlation,C067883,0.3421807747,TypePairMajority,sentence_local
33161775,D006973,D017673,Positive_Correlation,D006973,0.3421807747,TypePairMajority,sentence_local
33161775,D007249,D017382,Positive_Correlation,D007249,0.3421807747,TypePairMajority,sentence_local
33161775,D007249,D017673,Positive_Correlation,D007249,0.3421807747,TypePairMajority,sentence_local
33161775,D012965,rs106982173,Association,rs106982173,0.4096385542,TypePairMajority,sentence_local
33161775,D012965,rs13453786,Association,rs13453786,0.4096385542,TypePairMajority,sentence_local
33161775,D012965,rs65057186,Association,rs65057186,0.4096385542,TypePairMajority,sentence_local
33161775,D012965,rs66377062,Association,rs66377062,0.4096385542,TypePairMajority,sentence_local
33161775,D014657,D017673,Positive_Correlation,D014657,0.3421807747,TypePairMajority,sentence_local
33278357,15978,D000080424,Association,15978,0.5936990766,TypePairMajority,sentence_local
33278357,15978,D000086382,Association,15978,0.5936990766,TypePairMajority,sentence_local
33278357,15978,D003643,Association,15978,0.5936990766,TypePairMajority,sentence_local
33278357,15978,D007249,Association,15978,0.5936990766,TypePairMajority,sentence_local
33278357,15978,D018805,Association,15978,0.5936990766,TypePairMajority,sentence_local
33278357,15978,D051359,Association,15978,0.5936990766,TypePairMajority,sentence_local
33278357,21926,D000080424,Association,21926,0.5936990766,TypePairMajority,sentence_local
33278357,21926,D000086382,Association,21926,0.5936990766,TypePairMajority,sentence_local
33278357,21926,D003643,Association,21926,0.5936990766,TypePairMajority,sentence_local
33278357,21926,D007249,Association,21926,0.5936990766,TypePairMajority,sentence_local
33278357,21926,D018805,Association,21926,0.5936990766,TypePairMajority,sentence_local
33278357,21926,D051359,Association,21926,0.5936990766,TypePairMajority,sentence_local
33303340,1312,D010146,Association,1312,0.5936990766,TypePairMajority,sentence_local
33303340,1312,D059373,Association,1312,0.5936990766,TypePairMajority,sentence_local
33303340,5021,D006930,Association,5021,0.5936990766,TypePairMajority,sentence_local
33303340,5021,D010146,Association,5021,0.5936990766,TypePairMajority,sentence_local
33303340,5021,D059373,Association,5021,0.5936990766,TypePairMajority,sentence_local
33303340,D006930,rs2254298,Association,rs2254298,0.431372549,TypePairMajority,sentence_local
33303340,D010146,rs2254298,Association,rs2254298,0.431372549,TypePairMajority,sentence_local
33303340,D010146,rs4633,Association,rs4633,0.431372549,TypePairMajority,sentence_local
33303340,D010146,rs4680,Association,rs4680,0.431372549,TypePairMajority,sentence_local
33303340,D010146,rs4818,Association,rs4818,0.431372549,TypePairMajority,sentence_local
33303340,D010146,rs53576,Association,rs53576,0.431372549,TypePairMajority,sentence_local
33303340,D010146,rs6269,Association,rs6269,0.431372549,TypePairMajority,sentence_local
33303340,D059373,rs2254298,Association,rs2254298,0.431372549,TypePairMajority,sentence_local
33303340,D059373,rs4633,Association,rs4633,0.431372549,TypePairMajority,sentence_local
33303340,D059373,rs4680,Association,rs4680,0.431372549,TypePairMajority,sentence_local
33303340,D059373,rs4818,Association,rs4818,0.431372549,TypePairMajority,sentence_local
33303340,D059373,rs53576,Association,rs53576,0.431372549,TypePairMajority,sentence_local
33303340,D059373,rs6269,Association,rs6269,0.431372549,TypePairMajority,sentence_local
33306506,80339,D008103,Association,80339,0.5936990766,TypePairMajority,sentence_local
33306506,80339,D065626,Association,80339,0.5936990766,TypePairMajority,sentence_local
33306506,D002241,D008103,Positive_Correlation,D002241,0.3421807747,TypePairMajority,sentence_local
33306506,D002241,rs738409,Association,rs738409,0.4096385542,TypePairMajority,sentence_local
33306506,D002794,D008103,Positive_Correlation,D002794,0.3421807747,TypePairMajority,sentence_local
33306506,D002794,rs738409,Association,rs738409,0.4096385542,TypePairMajority,sentence_local
33306506,D007529,D008103,Positive_Correlation,D007529,0.3421807747,TypePairMajority,sentence_local
33306506,D007529,rs738409,Association,rs738409,0.4096385542,TypePairMajority,sentence_local
33306506,D008103,D008715,Positive_Correlation,D008103,0.3421807747,TypePairMajority,sentence_local
33306506,D008103,D015525,Positive_Correlation,D008103,0.3421807747,TypePairMajority,sentence_local
33306506,D008103,rs738409,Association,rs738409,0.431372549,TypePairMajority,sentence_local
33306506,D008715,rs738409,Association,rs738409,0.4096385542,TypePairMajority,sentence_local
33306506,D015525,rs738409,Association,rs738409,0.4096385542,TypePairMajority,sentence_local
33306506,D065626,rs738409,Association,rs738409,0.431372549,TypePairMajority,sentence_local
33316326,55869,D003635,Association,55869,0.5936990766,TypePairMajority,sentence_local
33319124,43740570,D000086382,Association,43740570,0.5936990766,TypePairMajority,sentence_local
33319124,64398,D000086382,Association,64398,0.5936990766,TypePairMajority,sentence_local
33325691,5467,C567258,Association,5467,0.5936990766,TypePairMajority,sentence_local
33325691,5467,D008659,Association,5467,0.5936990766,TypePairMajority,sentence_local
33325691,5467,D009369,Association,5467,0.5936990766,TypePairMajority,sentence_local
33325691,5468,C567258,Association,5468,0.5936990766,TypePairMajority,sentence_local
33325691,5468,D008659,Association,5468,0.5936990766,TypePairMajority,sentence_local
33325691,5468,D009369,Association,5468,0.5936990766,TypePairMajority,sentence_local
33325691,9370,C567258,Association,9370,0.5936990766,TypePairMajority,sentence_local
33325691,9370,D008659,Association,9370,0.5936990766,TypePairMajority,sentence_local
33325691,9370,D009369,Association,9370,0.5936990766,TypePairMajority,sentence_local
33357452,26563,D000077192,Association,26563,0.5936990766,TypePairMajority,sentence_local
33357452,26563,D009369,Association,26563,0.5936990766,TypePairMajority,sentence_local
33357452,4919,D001943,Association,4919,0.5936990766,TypePairMajority,sentence_local
33357452,4919,D008175,Association,4919,0.5936990766,TypePairMajority,sentence_local
33357452,4919,D009369,Association,4919,0.5936990766,TypePairMajority,sentence_local
33357452,60533,D009369,Association,60533,0.5936990766,TypePairMajority,sentence_local
33357452,C117307,D000077192,Association,C117307,0.5936990766,TypePairMajority,sentence_local
33357452,C495901,D000077192,Association,C495901,0.5936990766,TypePairMajority,sentence_local
33357452,D000077150,D009369,Positive_Correlation,D000077150,0.3421807747,TypePairMajority,sentence_local
33357452,D000077192,p|SUB|G|12|D,Association,p|SUB|G|12|D,0.431372549,TypePairMajority,sentence_local
33357452,D003520,D009369,Positive_Correlation,D003520,0.3421807747,TypePairMajority,sentence_local
33384558,116554,D001930,Association,116554,0.5936990766,TypePairMajority,sentence_local
33384558,116554,D015427,Association,116554,0.5936990766,TypePairMajority,sentence_local
33384558,116554,D019636,Association,116554,0.5936990766,TypePairMajority,sentence_local
33384558,116554,D020078,Association,116554,0.5936990766,TypePairMajority,sentence_local
33384558,116554,D020244,Association,116554,0.5936990766,TypePairMajority,sentence_local
33384558,24835,D020078,Association,24835,0.5936990766,TypePairMajority,sentence_local
33384558,24835,D020244,Association,24835,0.5936990766,TypePairMajority,sentence_local
33384558,25272,D000083242,Association,25272,0.5936990766,TypePairMajority,sentence_local
33384558,25272,D009410,Association,25272,0.5936990766,TypePairMajority,sentence_local
33384558,25272,D020078,Association,25272,0.5936990766,TypePairMajority,sentence_local
33384558,25272,D020244,Association,25272,0.5936990766,TypePairMajority,sentence_local
33384558,309165,D020078,Association,309165,0.5936990766,TypePairMajority,sentence_local
33384558,309165,D020244,Association,309165,0.5936990766,TypePairMajority,sentence_local
33384558,C108475,D000083242,Positive_Correlation,C108475,0.3421807747,TypePairMajority,sentence_local
33384558,C108475,D002545,Positive_Correlation,C108475,0.3421807747,TypePairMajority,sentence_local
33384558,C108475,D009461,Positive_Correlation,C108475,0.3421807747,TypePairMajority,sentence_local
33384558,C108475,D020244,Positive_Correlation,C108475,0.3421807747,TypePairMajority,sentence_local
33384558,C432165,D020244,Positive_Correlation,C432165,0.3421807747,TypePairMajority,sentence_local
33384558,D000069604,D000083242,Positive_Correlation,D000069604,0.3421807747,TypePairMajority,sentence_local
33384558,D000069604,D002545,Positive_Correlation,D000069604,0.3421807747,TypePairMajority,sentence_local
33384558,D000069604,D009461,Positive_Correlation,D000069604,0.3421807747,TypePairMajority,sentence_local
33384558,D000069604,D020244,Positive_Correlation,D000069604,0.3421807747,TypePairMajority,sentence_local
33384558,D000083242,D002955,Positive_Correlation,D000083242,0.3421807747,TypePairMajority,sentence_local
33384558,D000083242,D004949,Positive_Correlation,D000083242,0.3421807747,TypePairMajority,sentence_local
33384558,D002545,D002955,Positive_Correlation,D002545,0.3421807747,TypePairMajority,sentence_local
33384558,D002545,D004949,Positive_Correlation,D002545,0.3421807747,TypePairMajority,sentence_local
33384558,D002955,D020244,Positive_Correlation,D002955,0.3421807747,TypePairMajority,sentence_local
33384558,D004949,D009461,Positive_Correlation,D004949,0.3421807747,TypePairMajority,sentence_local
33384558,D004949,D020244,Positive_Correlation,D004949,0.3421807747,TypePairMajority,sentence_local
33412145,D000068079,D007501,Positive_Correlation,D000068079,0.3421807747,TypePairMajority,sentence_local
33412145,D000535,D019636,Positive_Correlation,D000535,0.3421807747,TypePairMajority,sentence_local
33412145,D000535,D020258,Positive_Correlation,D000535,0.3421807747,TypePairMajority,sentence_local
33412145,D000544,D007501,Positive_Correlation,D000544,0.3421807747,TypePairMajority,sentence_local
33412145,D000690,D007501,Positive_Correlation,D000690,0.3421807747,TypePairMajority,sentence_local
33412145,D001151,D019636,Positive_Correlation,D001151,0.3421807747,TypePairMajority,sentence_local
33412145,D001151,D020258,Positive_Correlation,D001151,0.3421807747,TypePairMajority,sentence_local
33412145,D001729,D019636,Positive_Correlation,D001729,0.3421807747,TypePairMajority,sentence_local
33412145,D001729,D020258,Positive_Correlation,D001729,0.3421807747,TypePairMajority,sentence_local
33412145,D002104,D019636,Positive_Correlation,D002104,0.3421807747,TypePairMajority,sentence_local
33412145,D002104,D020258,Positive_Correlation,D002104,0.3421807747,TypePairMajority,sentence_local
33412145,D003072,D007501,Positive_Correlation,D003072,0.3421807747,TypePairMajority,sentence_local
33412145,D003300,D019636,Positive_Correlation,D003300,0.3421807747,TypePairMajority,sentence_local
33412145,D003300,D020258,Positive_Correlation,D003300,0.3421807747,TypePairMajority,sentence_local
33412145,D007501,D010300,Positive_Correlation,D007501,0.3421807747,TypePairMajority,sentence_local
33412145,D007501,D019636,Positive_Correlation,D007501,0.3421807747,TypePairMajority,sentence_local
33412145,D007501,D020258,Positive_Correlation,D007501,0.3421807747,TypePairMajority,sentence_local
33412145,D007854,D019636,Positive_Correlation,D007854,0.3421807747,TypePairMajority,sentence_local
33412145,D007854,D020258,Positive_Correlation,D007854,0.3421807747,TypePairMajority,sentence_local
33412145,D008345,D019636,Positive_Correlation,D008345,0.3421807747,TypePairMajority,sentence_local
33412145,D008345,D020258,Positive_Correlation,D008345,0.3421807747,TypePairMajority,sentence_local
33412145,D008628,D019636,Positive_Correlation,D008628,0.3421807747,TypePairMajority,sentence_local
33412145,D008628,D020258,Positive_Correlation,D008628,0.3421807747,TypePairMajority,sentence_local
33412145,D009532,D019636,Positive_Correlation,D009532,0.3421807747,TypePairMajority,sentence_local
33412145,D009532,D020258,Positive_Correlation,D009532,0.3421807747,TypePairMajority,sentence_local
33412145,D015032,D019636,Positive_Correlation,D015032,0.3421807747,TypePairMajority,sentence_local
33412145,D015032,D020258,Positive_Correlation,D015032,0.3421807747,TypePairMajority,sentence_local
33412145,D019216,D019636,Positive_Correlation,D019216,0.3421807747,TypePairMajority,sentence_local
33412145,D019216,D020258,Positive_Correlation,D019216,0.3421807747,TypePairMajority,sentence_local
33484482,226025,D002386,Association,226025,0.5936990766,TypePairMajority,sentence_local
33484482,226025,D008850,Association,226025,0.5936990766,TypePairMajority,sentence_local
33484482,58,D002114,Association,58,0.5936990766,TypePairMajority,sentence_local
33484482,58,D005128,Association,58,0.5936990766,TypePairMajority,sentence_local
33484482,58,D007905,Association,58,0.5936990766,TypePairMajority,sentence_local
33484482,80036,D002114,Association,80036,0.5936990766,TypePairMajority,sentence_local
33484482,80036,D002386,Association,80036,0.5936990766,TypePairMajority,sentence_local
33484482,80036,D005124,Association,80036,0.5936990766,TypePairMajority,sentence_local
33484482,80036,D005128,Association,80036,0.5936990766,TypePairMajority,sentence_local
33484482,80036,D007905,Association,80036,0.5936990766,TypePairMajority,sentence_local
33484482,968,D002114,Association,968,0.5936990766,TypePairMajority,sentence_local
33484482,968,D005128,Association,968,0.5936990766,TypePairMajority,sentence_local
33484482,968,D007905,Association,968,0.5936990766,TypePairMajority,sentence_local
33484482,D002386,p|SUB|I|65|M,Association,p|SUB|I|65|M,0.431372549,TypePairMajority,sentence_local
33484482,D002386,p|SUB|I||M,Association,p|SUB|I||M,0.431372549,TypePairMajority,sentence_local
33491092,3605,D011565,Association,3605,0.5936990766,TypePairMajority,sentence_local
33491092,56300,D011565,Association,56300,0.5936990766,TypePairMajority,sentence_local
33491092,64332,D011565,Association,64332,0.5936990766,TypePairMajority,sentence_local
33491092,7124,D011565,Association,7124,0.5936990766,TypePairMajority,sentence_local
33539617,3684,D007249,Association,3684,0.5936990766,TypePairMajority,sentence_local
33539617,3684,D011225,Association,3684,0.5936990766,TypePairMajority,sentence_local
33539617,3687,D007249,Association,3687,0.5936990766,TypePairMajority,sentence_local
33539617,3687,D011225,Association,3687,0.5936990766,TypePairMajority,sentence_local
33539617,3689,D007249,Association,3689,0.5936990766,TypePairMajority,sentence_local
33539617,3689,D011225,Association,3689,0.5936990766,TypePairMajority,sentence_local
33539617,718,D011225,Association,718,0.5936990766,TypePairMajority,sentence_local
33539617,D011225,rs1143680,Association,rs1143680,0.431372549,TypePairMajority,sentence_local
33598942,D000069461,D019337,Positive_Correlation,D000069461,0.3421807747,TypePairMajority,sentence_local
33598942,D000077866,D019337,Positive_Correlation,D000077866,0.3421807747,TypePairMajority,sentence_local
33598942,D003520,D019337,Positive_Correlation,D003520,0.3421807747,TypePairMajority,sentence_local
33598942,D003907,D019337,Positive_Correlation,D003907,0.3421807747,TypePairMajority,sentence_local
33598942,D005047,D019337,Positive_Correlation,D005047,0.3421807747,TypePairMajority,sentence_local
33604927,20273,D000080485,Association,20273,0.5936990766,TypePairMajority,sentence_local
33604927,20273,D001049,Association,20273,0.5936990766,TypePairMajority,sentence_local
33604927,20273,D003643,Association,20273,0.5936990766,TypePairMajority,sentence_local
33604927,20273,D004829,Association,20273,0.5936990766,TypePairMajority,sentence_local
33604927,20273,D012640,Association,20273,0.5936990766,TypePairMajority,sentence_local
33604927,6334,D001049,Association,6334,0.5936990766,TypePairMajority,sentence_local
33604927,6334,D004827,Association,6334,0.5936990766,TypePairMajority,sentence_local
33604927,6334,D004829,Association,6334,0.5936990766,TypePairMajority,sentence_local
33604927,6334,D012640,Association,6334,0.5936990766,TypePairMajority,sentence_local
33604927,D000080485,D010433,Positive_Correlation,D000080485,0.3421807747,TypePairMajority,sentence_local
33604927,D000080485,rs202151337,Association,rs202151337,0.431372549,TypePairMajority,sentence_local
33604927,D000080485,rs796053228,Association,rs796053228,0.431372549,TypePairMajority,sentence_local
33604927,D001049,rs1064794782,Association,rs1064794782,0.431372549,TypePairMajority,sentence_local
33604927,D003643,D010433,Positive_Correlation,D003643,0.3421807747,TypePairMajority,sentence_local
33604927,D003643,rs202151337,Association,rs202151337,0.431372549,TypePairMajority,sentence_local
33604927,D003643,rs796053228,Association,rs796053228,0.431372549,TypePairMajority,sentence_local
33604927,D004827,rs1064794782,Association,rs1064794782,0.431372549,TypePairMajority,sentence_local
33604927,D004829,rs1064794782,Association,rs1064794782,0.431372549,TypePairMajority,sentence_local
33604927,D010433,D012640,Positive_Correlation,D010433,0.3421807747,TypePairMajority,sentence_local
33604927,D010433,rs202151337,Association,rs202151337,0.4096385542,TypePairMajority,sentence_local
33604927,D010433,rs796053228,Association,rs796053228,0.4096385542,TypePairMajority,sentence_local
33604927,D012640,rs1064794782,Association,rs1064794782,0.431372549,TypePairMajority,sentence_local
33604927,D012640,rs202151337,Association,rs202151337,0.431372549,TypePairMajority,sentence_local
33604927,D012640,rs796053228,Association,rs796053228,0.431372549,TypePairMajority,sentence_local
33619369,5478,D009101,Association,5478,0.5936990766,TypePairMajority,sentence_local
33619369,5478,D009369,Association,5478,0.5936990766,TypePairMajority,sentence_local
33619369,C524865,D009101,Positive_Correlation,C524865,0.3421807747,TypePairMajority,sentence_local
33619369,C556306,D009101,Positive_Correlation,C556306,0.3421807747,TypePairMajority,sentence_local
33619369,D000069286,D009101,Positive_Correlation,D000069286,0.3421807747,TypePairMajority,sentence_local
33619369,D000077269,D009101,Positive_Correlation,D000077269,0.3421807747,TypePairMajority,sentence_local
33619369,D003907,D009101,Positive_Correlation,D003907,0.3421807747,TypePairMajority,sentence_local
33619369,D009101,D016572,Positive_Correlation,D009101,0.3421807747,TypePairMajority,sentence_local
33636222,21924,D002311,Association,21924,0.5936990766,TypePairMajority,sentence_local
33636222,21924,D002312,Association,21924,0.5936990766,TypePairMajority,sentence_local
33636222,D002118,D002311,Positive_Correlation,D002118,0.3421807747,TypePairMajority,sentence_local
33636222,D002118,D002312,Positive_Correlation,D002118,0.3421807747,TypePairMajority,sentence_local
33636222,D002118,p|SUB|I|61|Q,Association,p|SUB|I|61|Q,0.4096385542,TypePairMajority,sentence_local
33636222,D002118,rs200720341,Association,rs200720341,0.4096385542,TypePairMajority,sentence_local
33636222,D002311,p|SUB|I|61|Q,Association,p|SUB|I|61|Q,0.431372549,TypePairMajority,sentence_local
33636222,D002311,rs200720341,Association,rs200720341,0.431372549,TypePairMajority,sentence_local
33636222,D002312,p|SUB|I|61|Q,Association,p|SUB|I|61|Q,0.431372549,TypePairMajority,sentence_local
33636222,D002312,rs200720341,Association,rs200720341,0.431372549,TypePairMajority,sentence_local
33660564,5879,D008607,Association,5879,0.5936990766,TypePairMajority,sentence_local
33660564,79767,D000067877,Association,79767,0.5936990766,TypePairMajority,sentence_local
33660564,79767,D002658,Association,79767,0.5936990766,TypePairMajority,sentence_local
33660564,79767,D008607,Association,79767,0.5936990766,TypePairMajority,sentence_local
33660564,79767,D065886,Association,79767,0.5936990766,TypePairMajority,sentence_local
33660564,D000067877,rs183146864,Association,rs183146864,0.431372549,TypePairMajority,sentence_local
33660564,D000067877,rs375983845,Association,rs375983845,0.431372549,TypePairMajority,sentence_local
33660564,D002658,rs183146864,Association,rs183146864,0.431372549,TypePairMajority,sentence_local
33660564,D002658,rs375983845,Association,rs375983845,0.431372549,TypePairMajority,sentence_local
33662365,C006584,D000086382,Positive_Correlation,C006584,0.3421807747,TypePairMajority,sentence_local
33662365,C008757,D000086382,Positive_Correlation,C008757,0.3421807747,TypePairMajority,sentence_local
33662365,C030242,D000086382,Positive_Correlation,C030242,0.3421807747,TypePairMajority,sentence_local
33662365,C031570,D000086382,Positive_Correlation,C031570,0.3421807747,TypePairMajority,sentence_local
33662365,C114956,D000086382,Positive_Correlation,C114956,0.3421807747,TypePairMajority,sentence_local
33662365,C517078,D000086382,Positive_Correlation,C517078,0.3421807747,TypePairMajority,sentence_local
33662365,C546216,D000086382,Positive_Correlation,C546216,0.3421807747,TypePairMajority,sentence_local
33662365,D000086382,D002784,Positive_Correlation,D000086382,0.3421807747,TypePairMajority,sentence_local
33662365,D000086382,D005632,Positive_Correlation,D000086382,0.3421807747,TypePairMajority,sentence_local
33662365,D000086382,D009952,Positive_Correlation,D000086382,0.3421807747,TypePairMajority,sentence_local
33662365,D000086382,D010649,Positive_Correlation,D000086382,0.3421807747,TypePairMajority,sentence_local
33662365,D000086382,D012694,Positive_Correlation,D000086382,0.3421807747,TypePairMajority,sentence_local
33662365,D000086382,D018698,Positive_Correlation,D000086382,0.3421807747,TypePairMajority,sentence_local
33662365,D000086382,D019301,Positive_Correlation,D000086382,0.3421807747,TypePairMajority,sentence_local
33662365,D000086382,D019343,Positive_Correlation,D000086382,0.3421807747,TypePairMajority,sentence_local
33662365,D000086382,D019344,Positive_Correlation,D000086382,0.3421807747,TypePairMajority,sentence_local
33662365,D000086382,D019802,Positive_Correlation,D000086382,0.3421807747,TypePairMajority,sentence_local
33662365,D000086382,D019815,Positive_Correlation,D000086382,0.3421807747,TypePairMajority,sentence_local
33662365,D000086382,D020148,Positive_Correlation,D000086382,0.3421807747,TypePairMajority,sentence_local
33662365,D000086382,D020155,Positive_Correlation,D000086382,0.3421807747,TypePairMajority,sentence_local
33664057,22059,D002908,Association,22059,0.5936990766,TypePairMajority,sentence_local
33664057,22059,D005234,Association,22059,0.5936990766,TypePairMajority,sentence_local
33664057,22059,D007249,Association,22059,0.5936990766,TypePairMajority,sentence_local
33664057,22059,D009369,Association,22059,0.5936990766,TypePairMajority,sentence_local
33664057,7157,D009369,Association,7157,0.5936990766,TypePairMajority,sentence_local
33664057,D002908,rs774859528,Association,rs774859528,0.431372549,TypePairMajority,sentence_local
33664057,D005234,rs774859528,Association,rs774859528,0.431372549,TypePairMajority,sentence_local
33664057,D007249,rs774859528,Association,rs774859528,0.431372549,TypePairMajority,sentence_local
33664057,D009369,rs774859528,Association,rs774859528,0.431372549,TypePairMajority,sentence_local
33686748,C018613,D000086382,Positive_Correlation,C018613,0.3421807747,TypePairMajority,sentence_local
33686748,C018613,D018805,Positive_Correlation,C018613,0.3421807747,TypePairMajority,sentence_local
33686748,D000086382,D007538,Positive_Correlation,D000086382,0.3421807747,TypePairMajority,sentence_local
33686748,D000086382,D009536,Positive_Correlation,D000086382,0.3421807747,TypePairMajority,sentence_local
33686748,D000086382,D009537,Positive_Correlation,D000086382,0.3421807747,TypePairMajority,sentence_local
33686748,D007538,D018805,Positive_Correlation,D007538,0.3421807747,TypePairMajority,sentence_local
33686748,D009536,D018805,Positive_Correlation,D009536,0.3421807747,TypePairMajority,sentence_local
33686748,D009537,D018805,Positive_Correlation,D009537,0.3421807747,TypePairMajority,sentence_local
33774023,1803,D000086382,Association,1803,0.5936990766,TypePairMajority,sentence_local
33774023,59272,D000086382,Association,59272,0.5936990766,TypePairMajority,sentence_local
33774023,D000086382,rs3788979,Association,rs3788979,0.431372549,TypePairMajority,sentence_local
33789164,25,D009196,Association,25,0.5936990766,TypePairMajority,sentence_local
33789164,25,D011087,Association,25,0.5936990766,TypePairMajority,sentence_local
33789164,25,D013920,Association,25,0.5936990766,TypePairMajority,sentence_local
33789164,25,D055728,Association,25,0.5936990766,TypePairMajority,sentence_local
33789164,3717,D009196,Association,3717,0.5936990766,TypePairMajority,sentence_local
33789164,3717,D011087,Association,3717,0.5936990766,TypePairMajority,sentence_local
33789164,3717,D013920,Association,3717,0.5936990766,TypePairMajority,sentence_local
33789164,3717,D055728,Association,3717,0.5936990766,TypePairMajority,sentence_local
33789164,4352,D009196,Association,4352,0.5936990766,TypePairMajority,sentence_local
33789164,4352,D011087,Association,4352,0.5936990766,TypePairMajority,sentence_local
33789164,4352,D013920,Association,4352,0.5936990766,TypePairMajority,sentence_local
33789164,4352,D055728,Association,4352,0.5936990766,TypePairMajority,sentence_local
33789164,613,D009196,Association,613,0.5936990766,TypePairMajority,sentence_local
33789164,613,D011087,Association,613,0.5936990766,TypePairMajority,sentence_local
33789164,613,D013920,Association,613,0.5936990766,TypePairMajority,sentence_local
33789164,613,D055728,Association,613,0.5936990766,TypePairMajority,sentence_local
33789164,811,D009196,Association,811,0.5936990766,TypePairMajority,sentence_local
33789164,811,D011087,Association,811,0.5936990766,TypePairMajority,sentence_local
33789164,811,D013920,Association,811,0.5936990766,TypePairMajority,sentence_local
33789164,811,D055728,Association,811,0.5936990766,TypePairMajority,sentence_local
33878394,1019,D000077195,Association,1019,0.5936990766,TypePairMajority,sentence_local
33878394,1019,D007971,Association,1019,0.5936990766,TypePairMajority,sentence_local
33878394,1019,D009369,Association,1019,0.5936990766,TypePairMajority,sentence_local
33878394,1021,D000077195,Association,1021,0.5936990766,TypePairMajority,sentence_local
33878394,1021,D007971,Association,1021,0.5936990766,TypePairMajority,sentence_local
33878394,1021,D009369,Association,1021,0.5936990766,TypePairMajority,sentence_local
33878394,16664,D009369,Association,16664,0.5936990766,TypePairMajority,sentence_local
33878394,1956,D000077195,Association,1956,0.5936990766,TypePairMajority,sentence_local
33878394,1956,D007971,Association,1956,0.5936990766,TypePairMajority,sentence_local
33878394,1956,D009369,Association,1956,0.5936990766,TypePairMajority,sentence_local
33878394,20104,D000077195,Association,20104,0.5936990766,TypePairMajority,sentence_local
33878394,3845,D009369,Association,3845,0.5936990766,TypePairMajority,sentence_local
33878394,595,D000077195,Association,595,0.5936990766,TypePairMajority,sentence_local
33878394,595,D007971,Association,595,0.5936990766,TypePairMajority,sentence_local
33878394,595,D009369,Association,595,0.5936990766,TypePairMajority,sentence_local
33878394,6194,D000077195,Association,6194,0.5936990766,TypePairMajority,sentence_local
33878394,6194,D007971,Association,6194,0.5936990766,TypePairMajority,sentence_local
33878394,6194,D009369,Association,6194,0.5936990766,TypePairMajority,sentence_local
33878394,7157,D009369,Association,7157,0.5936990766,TypePairMajority,sentence_local
33878394,C500026,D000077195,Positive_Correlation,C500026,0.3421807747,TypePairMajority,sentence_local
33878394,D000077195,D000077716,Positive_Correlation,D000077195,0.3421807747,TypePairMajority,sentence_local
33878394,D009369,p|SUB|R|172|H,Association,p|SUB|R|172|H,0.431372549,TypePairMajority,sentence_local
33878394,D009369,rs121913529,Association,rs121913529,0.431372549,TypePairMajority,sentence_local
33905892,43740568,D000086382,Association,43740568,0.5936990766,TypePairMajority,sentence_local
33905892,43740568,D007239,Association,43740568,0.5936990766,TypePairMajority,sentence_local
33905892,D000086382,p|SUB|T|1117|I,Association,p|SUB|T|1117|I,0.431372549,TypePairMajority,sentence_local
33905892,D007239,p|SUB|T|1117|I,Association,p|SUB|T|1117|I,0.431372549,TypePairMajority,sentence_local
33987320,4166,D003317,Association,4166,0.5936990766,TypePairMajority,sentence_local
33987320,4166,D003318,Association,4166,0.5936990766,TypePairMajority,sentence_local
33987320,4166,D014786,Association,4166,0.5936990766,TypePairMajority,sentence_local
33987320,4166,D030342,Association,4166,0.5936990766,TypePairMajority,sentence_local
33987320,D003317,rs1465389120,Association,rs1465389120,0.431372549,TypePairMajority,sentence_local
33987320,D003317,rs771397083,Association,rs771397083,0.431372549,TypePairMajority,sentence_local
34000358,1906,D000086382,Association,1906,0.5936990766,TypePairMajority,sentence_local
34000358,1906,D003920,Association,1906,0.5936990766,TypePairMajority,sentence_local
34000358,1906,D006333,Association,1906,0.5936990766,TypePairMajority,sentence_local
34000358,1906,D007249,Association,1906,0.5936990766,TypePairMajority,sentence_local
34000358,1906,D058186,Association,1906,0.5936990766,TypePairMajority,sentence_local
34000358,1906,D059347,Association,1906,0.5936990766,TypePairMajority,sentence_local
34000358,246787,D003920,Association,246787,0.5936990766,TypePairMajority,sentence_local
34000358,246787,D005355,Association,246787,0.5936990766,TypePairMajority,sentence_local
34000358,30878,D003920,Association,30878,0.5936990766,TypePairMajority,sentence_local
34000358,30878,D005355,Association,30878,0.5936990766,TypePairMajority,sentence_local
34000358,3553,D007249,Association,3553,0.5936990766,TypePairMajority,sentence_local
34000358,3569,D007249,Association,3569,0.5936990766,TypePairMajority,sentence_local
34000358,3586,D007249,Association,3586,0.5936990766,TypePairMajority,sentence_local
34000358,3605,D007249,Association,3605,0.5936990766,TypePairMajority,sentence_local
34000358,59272,D000086382,Association,59272,0.5936990766,TypePairMajority,sentence_local
34000358,59272,D003920,Association,59272,0.5936990766,TypePairMajority,sentence_local
34000358,59272,D006333,Association,59272,0.5936990766,TypePairMajority,sentence_local
34000358,59272,D007249,Association,59272,0.5936990766,TypePairMajority,sentence_local
34000358,59272,D058186,Association,59272,0.5936990766,TypePairMajority,sentence_local
34000358,59272,D059347,Association,59272,0.5936990766,TypePairMajority,sentence_local
34000358,6524,D000086382,Association,6524,0.5936990766,TypePairMajority,sentence_local
34000358,6524,D003920,Association,6524,0.5936990766,TypePairMajority,sentence_local
34000358,6524,D006333,Association,6524,0.5936990766,TypePairMajority,sentence_local
34000358,6524,D007249,Association,6524,0.5936990766,TypePairMajority,sentence_local
34000358,6524,D058186,Association,6524,0.5936990766,TypePairMajority,sentence_local
34000358,6524,D059347,Association,6524,0.5936990766,TypePairMajority,sentence_local
34000358,6648,D007249,Association,6648,0.5936990766,TypePairMajority,sentence_local
34000358,70008,D003920,Association,70008,0.5936990766,TypePairMajority,sentence_local
34000358,70008,D005355,Association,70008,0.5936990766,TypePairMajority,sentence_local
34000358,7124,D007249,Association,7124,0.5936990766,TypePairMajority,sentence_local
34000358,847,D007249,Association,847,0.5936990766,TypePairMajority,sentence_local
34000358,8862,D000086382,Association,8862,0.5936990766,TypePairMajority,sentence_local
34000358,8862,D003920,Association,8862,0.5936990766,TypePairMajority,sentence_local
34000358,8862,D006333,Association,8862,0.5936990766,TypePairMajority,sentence_local
34000358,8862,D007249,Association,8862,0.5936990766,TypePairMajority,sentence_local
34000358,8862,D058186,Association,8862,0.5936990766,TypePairMajority,sentence_local
34000358,8862,D059347,Association,8862,0.5936990766,TypePairMajority,sentence_local
34000358,C529054,D003920,Positive_Correlation,C529054,0.3421807747,TypePairMajority,sentence_local
34000358,C529054,D005355,Positive_Correlation,C529054,0.3421807747,TypePairMajority,sentence_local
34016879,2875,D005183,Association,2875,0.5936990766,TypePairMajority,sentence_local
34016879,2875,D013921,Association,2875,0.5936990766,TypePairMajority,sentence_local
34016879,5205,D002780,Association,5205,0.5936990766,TypePairMajority,sentence_local
34016879,5205,D005183,Association,5205,0.5936990766,TypePairMajority,sentence_local
34016879,5205,D011537,Association,5205,0.5936990766,TypePairMajority,sentence_local
34016879,5205,D013921,Association,5205,0.5936990766,TypePairMajority,sentence_local
34016879,5244,D002780,Association,5244,0.5936990766,TypePairMajority,sentence_local
34016879,8647,D002780,Association,8647,0.5936990766,TypePairMajority,sentence_local
34016879,8647,D005183,Association,8647,0.5936990766,TypePairMajority,sentence_local
34016879,8647,D011537,Association,8647,0.5936990766,TypePairMajority,sentence_local
34016879,8647,D013921,Association,8647,0.5936990766,TypePairMajority,sentence_local
34016879,8714,D002780,Association,8714,0.5936990766,TypePairMajority,sentence_local
34016879,8714,D005183,Association,8714,0.5936990766,TypePairMajority,sentence_local
34016879,8714,D013921,Association,8714,0.5936990766,TypePairMajority,sentence_local
34102393,207,D005910,Association,207,0.5936990766,TypePairMajority,sentence_local
34102393,2475,D005910,Association,2475,0.5936990766,TypePairMajority,sentence_local
34102393,5290,D004827,Association,5290,0.5936990766,TypePairMajority,sentence_local
34102393,5290,D005910,Association,5290,0.5936990766,TypePairMajority,sentence_local
34102393,D004827,rs121913273,Association,rs121913273,0.431372549,TypePairMajority,sentence_local
34102393,D004827,rs121913279,Association,rs121913279,0.431372549,TypePairMajority,sentence_local
34102393,D004827,rs121913287,Association,rs121913287,0.431372549,TypePairMajority,sentence_local
34102393,D004827,rs587777790,Association,rs587777790,0.431372549,TypePairMajority,sentence_local
34102393,D012640,rs121913279,Association,rs121913279,0.431372549,TypePairMajority,sentence_local
34103301,1019,D015470,Association,1019,0.5936990766,TypePairMajority,sentence_local
34103301,1021,D015470,Association,1021,0.5936990766,TypePairMajority,sentence_local
34103301,2322,D012008,Association,2322,0.5936990766,TypePairMajority,sentence_local
34103301,2322,D015470,Association,2322,0.5936990766,TypePairMajority,sentence_local
34103301,896,D015470,Association,896,0.5936990766,TypePairMajority,sentence_local
34103301,C000600259,D012008,Positive_Correlation,C000600259,0.3421807747,TypePairMajority,sentence_local
34103301,C000600259,D015470,Positive_Correlation,C000600259,0.3421807747,TypePairMajority,sentence_local
34103301,C000600259,p|SUB|Q|276|-,Association,p|SUB|Q|276|-,0.4096385542,TypePairMajority,sentence_local
34103301,C000600259,p|SUB|T|283|A,Association,p|SUB|T|283|A,0.4096385542,TypePairMajority,sentence_local
34105970,4625,D009202,Association,4625,0.5936990766,TypePairMajority,sentence_local
34105970,D000255,D009202,Positive_Correlation,D000255,0.3421807747,TypePairMajority,sentence_local
34105970,D000255,p|SUB|I|467|T,Association,p|SUB|I|467|T,0.4096385542,TypePairMajority,sentence_local
34105970,D009202,p|SUB|I|457|T,Association,p|SUB|I|457|T,0.431372549,TypePairMajority,sentence_local
34105970,D009202,p|SUB|I|467|T,Association,p|SUB|I|467|T,0.431372549,TypePairMajority,sentence_local
34105970,D009202,p|SUB|R|453|C,Association,p|SUB|R|453|C,0.431372549,TypePairMajority,sentence_local
34107326,43740568,D000084063,Association,43740568,0.5936990766,TypePairMajority,sentence_local
34107326,43740568,D000086382,Association,43740568,0.5936990766,TypePairMajority,sentence_local
34107326,43740569,D000084063,Association,43740569,0.5936990766,TypePairMajority,sentence_local
34107326,43740569,D000086382,Association,43740569,0.5936990766,TypePairMajority,sentence_local
34107326,43740575,D000084063,Association,43740575,0.5936990766,TypePairMajority,sentence_local
34107326,43740575,D000086382,Association,43740575,0.5936990766,TypePairMajority,sentence_local
34107326,43740578,D000084063,Association,43740578,0.5936990766,TypePairMajority,sentence_local
34107326,43740578,D000086382,Association,43740578,0.5936990766,TypePairMajority,sentence_local
34107326,D000084063,c|DEL|141_143|,Association,c|DEL|141_143|,0.431372549,TypePairMajority,sentence_local
34107326,D000084063,p|INS|215|AGY,Association,p|INS|215|AGY,0.431372549,TypePairMajority,sentence_local
34107326,D000084063,p|SUB|D|215|A,Association,p|SUB|D|215|A,0.431372549,TypePairMajority,sentence_local
34107326,D000084063,p|SUB|D|614|G,Association,p|SUB|D|614|G,0.431372549,TypePairMajority,sentence_local
34107326,D000084063,p|SUB|L|452|R,Association,p|SUB|L|452|R,0.431372549,TypePairMajority,sentence_local
34107326,D000086382,c|DEL|141_143|,Association,c|DEL|141_143|,0.431372549,TypePairMajority,sentence_local
34107326,D000086382,p|INS|215|AGY,Association,p|INS|215|AGY,0.431372549,TypePairMajority,sentence_local
34107326,D000086382,p|SUB|D|215|A,Association,p|SUB|D|215|A,0.431372549,TypePairMajority,sentence_local
34107326,D000086382,p|SUB|D|614|G,Association,p|SUB|D|614|G,0.431372549,TypePairMajority,sentence_local
34107326,D000086382,p|SUB|L|452|R,Association,p|SUB|L|452|R,0.431372549,TypePairMajority,sentence_local
34111421,4292,D015179,Association,4292,0.5936990766,TypePairMajority,sentence_local
34111421,4436,D015179,Association,4436,0.5936990766,TypePairMajority,sentence_local
34111421,D015179,rs193922376,Association,rs193922376,0.431372549,TypePairMajority,sentence_local
34115511,D002118,p|SUB|D|94|S,Association,p|SUB|D|94|S,0.4096385542,TypePairMajority,sentence_local
34115511,D002118,p|SUB|E|59|D,Association,p|SUB|E|59|D,0.4096385542,TypePairMajority,sentence_local
34115511,D002118,p|SUB|G|98|E,Association,p|SUB|G|98|E,0.4096385542,TypePairMajority,sentence_local
34115511,D002118,p|SUB|S|55|D,Association,p|SUB|S|55|D,0.4096385542,TypePairMajority,sentence_local
34115511,D008274,p|SUB|D|94|S,Association,p|SUB|D|94|S,0.4096385542,TypePairMajority,sentence_local
34115511,D008274,p|SUB|E|59|D,Association,p|SUB|E|59|D,0.4096385542,TypePairMajority,sentence_local
34115511,D008274,p|SUB|G|98|E,Association,p|SUB|G|98|E,0.4096385542,TypePairMajority,sentence_local
34115511,D008274,p|SUB|S|55|D,Association,p|SUB|S|55|D,0.4096385542,TypePairMajority,sentence_local
34143713,1293,D009798,Association,1293,0.5936990766,TypePairMajority,sentence_local
34143713,7057,D005901,Association,7057,0.5936990766,TypePairMajority,sentence_local
34143713,7057,D009798,Association,7057,0.5936990766,TypePairMajority,sentence_local
34143713,D005901,rs2228262,Association,rs2228262,0.431372549,TypePairMajority,sentence_local
34143713,D009798,rs2228262,Association,rs2228262,0.431372549,TypePairMajority,sentence_local
34151866,23576,D001997,Association,23576,0.5936990766,TypePairMajority,sentence_local
34151866,23576,D006976,Association,23576,0.5936990766,TypePairMajority,sentence_local
34151866,D001997,D009569,Positive_Correlation,D001997,0.3421807747,TypePairMajority,sentence_local
34151866,D001997,rs480414,Association,rs480414,0.431372549,TypePairMajority,sentence_local
34151866,D006976,D009569,Positive_Correlation,D006976,0.3421807747,TypePairMajority,sentence_local
34151866,D006976,rs480414,Association,rs480414,0.431372549,TypePairMajority,sentence_local
34151866,D009569,rs480414,Association,rs480414,0.4096385542,TypePairMajority,sentence_local
34157861,104797223,D003920,Association,104797223,0.5936990766,TypePairMajority,sentence_local
34157861,104797223,D006333,Association,104797223,0.5936990766,TypePairMajority,sentence_local
34157861,104797223,D006976,Association,104797223,0.5936990766,TypePairMajority,sentence_local
34157861,104797223,D009765,Association,104797223,0.5936990766,TypePairMajority,sentence_local
34157861,104797223,D014652,Association,104797223,0.5936990766,TypePairMajority,sentence_local
34157861,104797223,D024821,Association,104797223,0.5936990766,TypePairMajority,sentence_local
34157861,24536,D006333,Association,24536,0.5936990766,TypePairMajority,sentence_local
34157861,24536,D006976,Association,24536,0.5936990766,TypePairMajority,sentence_local
34157861,24536,D009765,Association,24536,0.5936990766,TypePairMajority,sentence_local
34157861,25202,D003920,Association,25202,0.5936990766,TypePairMajority,sentence_local
34157861,25202,D006333,Association,25202,0.5936990766,TypePairMajority,sentence_local
34157861,25202,D006976,Association,25202,0.5936990766,TypePairMajority,sentence_local
34157861,25202,D009765,Association,25202,0.5936990766,TypePairMajority,sentence_local
34157861,25202,D014652,Association,25202,0.5936990766,TypePairMajority,sentence_local
34157861,25202,D024821,Association,25202,0.5936990766,TypePairMajority,sentence_local
34157861,25206,D006333,Association,25206,0.5936990766,TypePairMajority,sentence_local
34157861,25206,D006976,Association,25206,0.5936990766,TypePairMajority,sentence_local
34157861,25206,D009765,Association,25206,0.5936990766,TypePairMajority,sentence_local
34157861,25206,D014652,Association,25206,0.5936990766,TypePairMajority,sentence_local
34157861,25206,D024821,Association,25206,0.5936990766,TypePairMajority,sentence_local
34157861,29508,D003920,Association,29508,0.5936990766,TypePairMajority,sentence_local
34157861,29508,D006333,Association,29508,0.5936990766,TypePairMajority,sentence_local
34157861,29508,D006976,Association,29508,0.5936990766,TypePairMajority,sentence_local
34157861,29508,D009765,Association,29508,0.5936990766,TypePairMajority,sentence_local
34157861,29508,D014652,Association,29508,0.5936990766,TypePairMajority,sentence_local
34157861,29508,D024821,Association,29508,0.5936990766,TypePairMajority,sentence_local
34157861,4800,D003920,Association,4800,0.5936990766,TypePairMajority,sentence_local
34157861,4800,D006333,Association,4800,0.5936990766,TypePairMajority,sentence_local
34157861,4800,D006976,Association,4800,0.5936990766,TypePairMajority,sentence_local
34157861,4800,D009765,Association,4800,0.5936990766,TypePairMajority,sentence_local
34157861,4800,D014652,Association,4800,0.5936990766,TypePairMajority,sentence_local
34157861,4800,D024821,Association,4800,0.5936990766,TypePairMajority,sentence_local
34157861,497757,D006333,Association,497757,0.5936990766,TypePairMajority,sentence_local
34157861,497757,D006976,Association,497757,0.5936990766,TypePairMajority,sentence_local
34157861,497757,D009765,Association,497757,0.5936990766,TypePairMajority,sentence_local
34157861,497757,D014652,Association,497757,0.5936990766,TypePairMajority,sentence_local
34157861,497757,D024821,Association,497757,0.5936990766,TypePairMajority,sentence_local
34157861,574455,D003920,Association,574455,0.5936990766,TypePairMajority,sentence_local
34157861,574455,D006333,Association,574455,0.5936990766,TypePairMajority,sentence_local
34157861,574455,D006976,Association,574455,0.5936990766,TypePairMajority,sentence_local
34157861,574455,D009765,Association,574455,0.5936990766,TypePairMajority,sentence_local
34157861,574455,D014652,Association,574455,0.5936990766,TypePairMajority,sentence_local
34157861,574455,D024821,Association,574455,0.5936990766,TypePairMajority,sentence_local
34157861,64522,D006976,Association,64522,0.5936990766,TypePairMajority,sentence_local
34157861,66012,D006333,Association,66012,0.5936990766,TypePairMajority,sentence_local
34157861,66012,D006976,Association,66012,0.5936990766,TypePairMajority,sentence_local
34157861,66012,D009765,Association,66012,0.5936990766,TypePairMajority,sentence_local
34157861,66012,D014652,Association,66012,0.5936990766,TypePairMajority,sentence_local
34157861,66012,D024821,Association,66012,0.5936990766,TypePairMajority,sentence_local
34157861,C116890,D006333,Positive_Correlation,C116890,0.3421807747,TypePairMajority,sentence_local
34157861,C116890,D006976,Positive_Correlation,C116890,0.3421807747,TypePairMajority,sentence_local
34157861,C116890,D009765,Positive_Correlation,C116890,0.3421807747,TypePairMajority,sentence_local
34157861,C116890,D024821,Positive_Correlation,C116890,0.3421807747,TypePairMajority,sentence_local
34157861,C570240,D006976,Positive_Correlation,C570240,0.3421807747,TypePairMajority,sentence_local
34157861,C570240,D009765,Positive_Correlation,C570240,0.3421807747,TypePairMajority,sentence_local
34157861,C570240,D024821,Positive_Correlation,C570240,0.3421807747,TypePairMajority,sentence_local
34157861,D003920,D005947,Positive_Correlation,D003920,0.3421807747,TypePairMajority,sentence_local
34157861,D003920,D006152,Positive_Correlation,D003920,0.3421807747,TypePairMajority,sentence_local
34157861,D003920,D007328,Positive_Correlation,D003920,0.3421807747,TypePairMajority,sentence_local
34157861,D003920,D017382,Positive_Correlation,D003920,0.3421807747,TypePairMajority,sentence_local
34157861,D003920,D019308,Positive_Correlation,D003920,0.3421807747,TypePairMajority,sentence_local
34157861,D004280,D009765,Positive_Correlation,D004280,0.3421807747,TypePairMajority,sentence_local
34157861,D005947,D009765,Positive_Correlation,D005947,0.3421807747,TypePairMajority,sentence_local
34157861,D006152,D006976,Positive_Correlation,D006152,0.3421807747,TypePairMajority,sentence_local
34157861,D006152,D009765,Positive_Correlation,D006152,0.3421807747,TypePairMajority,sentence_local
34157861,D006333,D017382,Positive_Correlation,D006333,0.3421807747,TypePairMajority,sentence_local
34157861,D006976,D017382,Positive_Correlation,D006976,0.3421807747,TypePairMajority,sentence_local
34157861,D007328,D009765,Positive_Correlation,D007328,0.3421807747,TypePairMajority,sentence_local
34157861,D009765,D017382,Positive_Correlation,D009765,0.3421807747,TypePairMajority,sentence_local
34157861,D009765,D019308,Positive_Correlation,D009765,0.3421807747,TypePairMajority,sentence_local
34157861,D014652,D017382,Positive_Correlation,D014652,0.3421807747,TypePairMajority,sentence_local
34157861,D017382,D024821,Positive_Correlation,D017382,0.3421807747,TypePairMajority,sentence_local
34215679,12608,D001327,Association,12608,0.5936990766,TypePairMajority,sentence_local
34215679,12608,D007674,Association,12608,0.5936990766,TypePairMajority,sentence_local
34215679,12609,D001327,Association,12609,0.5936990766,TypePairMajority,sentence_local
34215679,12609,D007674,Association,12609,0.5936990766,TypePairMajority,sentence_local
34215679,16171,D001327,Association,16171,0.5936990766,TypePairMajority,sentence_local
34215679,16171,D007249,Association,16171,0.5936990766,TypePairMajority,sentence_local
34215679,16171,D007674,Association,16171,0.5936990766,TypePairMajority,sentence_local
34215679,16819,D001327,Association,16819,0.5936990766,TypePairMajority,sentence_local
34215679,16819,D005921,Association,16819,0.5936990766,TypePairMajority,sentence_local
34215679,16819,D007674,Association,16819,0.5936990766,TypePairMajority,sentence_local
34215679,21926,D001327,Association,21926,0.5936990766,TypePairMajority,sentence_local
34215679,21926,D007249,Association,21926,0.5936990766,TypePairMajority,sentence_local
34215679,319765,D001327,Association,319765,0.5936990766,TypePairMajority,sentence_local
34215679,319765,D005921,Association,319765,0.5936990766,TypePairMajority,sentence_local
34215679,319765,D007249,Association,319765,0.5936990766,TypePairMajority,sentence_local
34215679,319765,D007674,Association,319765,0.5936990766,TypePairMajority,sentence_local
34215679,C010223,D001327,Positive_Correlation,C010223,0.3421807747,TypePairMajority,sentence_local
34215679,C010223,D007249,Positive_Correlation,C010223,0.3421807747,TypePairMajority,sentence_local
34224748,5566,D003480,Association,5566,0.5936990766,TypePairMajority,sentence_local
34224748,5566,D018246,Association,5566,0.5936990766,TypePairMajority,sentence_local
34224748,D003480,p|SUB|E|31|V,Association,p|SUB|E|31|V,0.431372549,TypePairMajority,sentence_local
34224748,D003480,p|SUB|L|205|R,Association,p|SUB|L|205|R,0.431372549,TypePairMajority,sentence_local
34224748,D003480,p|SUB|W|196|R,Association,p|SUB|W|196|R,0.431372549,TypePairMajority,sentence_local
34224748,D006854,D018246,Positive_Correlation,D006854,0.3421807747,TypePairMajority,sentence_local
34244312,11148,D009369,Association,11148,0.5936990766,TypePairMajority,sentence_local
34244312,115653,D009369,Association,115653,0.5936990766,TypePairMajority,sentence_local
34244312,925,D009369,Association,925,0.5936990766,TypePairMajority,sentence_local
34265624,2166,D000084462,Association,2166,0.5936990766,TypePairMajority,sentence_local
34265624,2166,D000090862,Association,2166,0.5936990766,TypePairMajority,sentence_local
34265624,2166,D007249,Association,2166,0.5936990766,TypePairMajority,sentence_local
34265624,3553,D000084462,Association,3553,0.5936990766,TypePairMajority,sentence_local
34265624,4513,D000084462,Association,4513,0.5936990766,TypePairMajority,sentence_local
34265624,4843,D000084462,Association,4843,0.5936990766,TypePairMajority,sentence_local
34265624,5465,D000084462,Association,5465,0.5936990766,TypePairMajority,sentence_local
34265624,5465,D000090862,Association,5465,0.5936990766,TypePairMajority,sentence_local
34265624,5465,D007249,Association,5465,0.5936990766,TypePairMajority,sentence_local
34265624,7098,D000084462,Association,7098,0.5936990766,TypePairMajority,sentence_local
34265624,7098,D000090862,Association,7098,0.5936990766,TypePairMajority,sentence_local
34265624,7098,D007249,Association,7098,0.5936990766,TypePairMajority,sentence_local
34265624,9536,D000084462,Association,9536,0.5936990766,TypePairMajority,sentence_local
34265624,C005958,D000084462,Positive_Correlation,C005958,0.3421807747,TypePairMajority,sentence_local
34265624,C005958,D007249,Positive_Correlation,C005958,0.3421807747,TypePairMajority,sentence_local
34265624,C022203,D000084462,Positive_Correlation,C022203,0.3421807747,TypePairMajority,sentence_local
34265624,C022203,D000090862,Positive_Correlation,C022203,0.3421807747,TypePairMajority,sentence_local
34265624,C078814,D000084462,Positive_Correlation,C078814,0.3421807747,TypePairMajority,sentence_local
34265624,C078814,D007249,Positive_Correlation,C078814,0.3421807747,TypePairMajority,sentence_local
34265624,C088155,D000084462,Positive_Correlation,C088155,0.3421807747,TypePairMajority,sentence_local
34265624,C088155,D007249,Positive_Correlation,C088155,0.3421807747,TypePairMajority,sentence_local
34265624,C488250,D000084462,Positive_Correlation,C488250,0.3421807747,TypePairMajority,sentence_local
34265624,C488250,D000090862,Positive_Correlation,C488250,0.3421807747,TypePairMajority,sentence_local
34265624,C488250,D007249,Positive_Correlation,C488250,0.3421807747,TypePairMajority,sentence_local
34265624,D000084462,D011070,Positive_Correlation,D000084462,0.3421807747,TypePairMajority,sentence_local
34265624,D007249,D011070,Positive_Correlation,D007249,0.3421807747,TypePairMajority,sentence_local
34279042,10664,D001327,Association,10664,0.5936990766,TypePairMajority,sentence_local
34279042,150223,D001327,Association,150223,0.5936990766,TypePairMajority,sentence_local
34279042,4790,D001327,Association,4790,0.5936990766,TypePairMajority,sentence_local
34279042,7332,D001327,Association,7332,0.5936990766,TypePairMajority,sentence_local
34279042,7528,D001327,Association,7528,0.5936990766,TypePairMajority,sentence_local
34289528,1674,D001145,Association,1674,0.5936990766,TypePairMajority,sentence_local
34289528,1674,D001281,Association,1674,0.5936990766,TypePairMajority,sentence_local
34289528,1674,D002311,Association,1674,0.5936990766,TypePairMajority,sentence_local
34289528,1674,D006327,Association,1674,0.5936990766,TypePairMajority,sentence_local
34289528,5581,D001281,Association,5581,0.5936990766,TypePairMajority,sentence_local
34289528,5581,D002311,Association,5581,0.5936990766,TypePairMajority,sentence_local
34289528,5581,D006327,Association,5581,0.5936990766,TypePairMajority,sentence_local
34289528,9659,D001145,Association,9659,0.5936990766,TypePairMajority,sentence_local
34289528,9659,D001281,Association,9659,0.5936990766,TypePairMajority,sentence_local
34289528,9659,D006327,Association,9659,0.5936990766,TypePairMajority,sentence_local
34289528,D000242,rs782597157,Association,rs782597157,0.4096385542,TypePairMajority,sentence_local
34289528,D001281,rs376048590,Association,rs376048590,0.431372549,TypePairMajority,sentence_local
34289528,D001281,rs62636495,Association,rs62636495,0.431372549,TypePairMajority,sentence_local
34289528,D001281,rs782597157,Association,rs782597157,0.431372549,TypePairMajority,sentence_local
34289528,D002311,rs62636495,Association,rs62636495,0.431372549,TypePairMajority,sentence_local
34289528,D006327,rs376048590,Association,rs376048590,0.431372549,TypePairMajority,sentence_local
34289528,D006327,rs62636495,Association,rs62636495,0.431372549,TypePairMajority,sentence_local
34289528,D006327,rs782597157,Association,rs782597157,0.431372549,TypePairMajority,sentence_local
34289528,D007545,rs782597157,Association,rs782597157,0.4096385542,TypePairMajority,sentence_local
34329577,D000079963,D006689,Positive_Correlation,D000079963,0.3421807747,TypePairMajority,sentence_local
34329577,D000079963,D009369,Positive_Correlation,D000079963,0.3421807747,TypePairMajority,sentence_local
34329577,D000079963,D012008,Positive_Correlation,D000079963,0.3421807747,TypePairMajority,sentence_local
34329577,D005047,D006689,Positive_Correlation,D005047,0.3421807747,TypePairMajority,sentence_local
34329577,D005047,D009369,Positive_Correlation,D005047,0.3421807747,TypePairMajority,sentence_local
34329577,D005047,D012008,Positive_Correlation,D005047,0.3421807747,TypePairMajority,sentence_local
34329577,D006689,D007069,Positive_Correlation,D006689,0.3421807747,TypePairMajority,sentence_local
34329577,D006689,D016190,Positive_Correlation,D006689,0.3421807747,TypePairMajority,sentence_local
34329577,D007069,D009369,Positive_Correlation,D007069,0.3421807747,TypePairMajority,sentence_local
34329577,D007069,D012008,Positive_Correlation,D007069,0.3421807747,TypePairMajority,sentence_local
34329577,D009369,D016190,Positive_Correlation,D009369,0.3421807747,TypePairMajority,sentence_local
34329577,D012008,D016190,Positive_Correlation,D012008,0.3421807747,TypePairMajority,sentence_local
34368951,12156,D002114,Association,12156,0.5936990766,TypePairMajority,sentence_local
34368951,12156,D061205,Association,12156,0.5936990766,TypePairMajority,sentence_local
34368951,12393,D002114,Association,12393,0.5936990766,TypePairMajority,sentence_local
34368951,12393,D061205,Association,12393,0.5936990766,TypePairMajority,sentence_local
34368951,13717,D061205,Association,13717,0.5936990766,TypePairMajority,sentence_local
34368951,16591,D002114,Association,16591,0.5936990766,TypePairMajority,sentence_local
34368951,16591,D054559,Association,16591,0.5936990766,TypePairMajority,sentence_local
34368951,16591,D061205,Association,16591,0.5936990766,TypePairMajority,sentence_local
34368951,17125,D002114,Association,17125,0.5936990766,TypePairMajority,sentence_local
34368951,17126,D002114,Association,17126,0.5936990766,TypePairMajority,sentence_local
34368951,17127,D002114,Association,17127,0.5936990766,TypePairMajority,sentence_local
34368951,17129,D002114,Association,17129,0.5936990766,TypePairMajority,sentence_local
34368951,20516,D002114,Association,20516,0.5936990766,TypePairMajority,sentence_local
34368951,55994,D002114,Association,55994,0.5936990766,TypePairMajority,sentence_local
34368951,D002114,D002762,Positive_Correlation,D002114,0.3421807747,TypePairMajority,sentence_local
34368951,D002114,D010710,Positive_Correlation,D002114,0.3421807747,TypePairMajority,sentence_local
34368951,D010710,D054559,Positive_Correlation,D010710,0.3421807747,TypePairMajority,sentence_local
34368951,D010710,D061205,Positive_Correlation,D010710,0.3421807747,TypePairMajority,sentence_local
34376578,1019,D008545,Association,1019,0.5936990766,TypePairMajority,sentence_local
34376578,1019,D009369,Association,1019,0.5936990766,TypePairMajority,sentence_local
34376578,1021,D008545,Association,1021,0.5936990766,TypePairMajority,sentence_local
34376578,1021,D009369,Association,1021,0.5936990766,TypePairMajority,sentence_local
34376578,1029,D008545,Association,1029,0.5936990766,TypePairMajority,sentence_local
34376578,1029,D009369,Association,1029,0.5936990766,TypePairMajority,sentence_local
34376578,4893,D008545,Association,4893,0.5936990766,TypePairMajority,sentence_local
34376578,4893,D009369,Association,4893,0.5936990766,TypePairMajority,sentence_local
34376578,5594,D008545,Association,5594,0.5936990766,TypePairMajority,sentence_local
34376578,5594,D009369,Association,5594,0.5936990766,TypePairMajority,sentence_local
34376578,5609,D008545,Association,5609,0.5936990766,TypePairMajority,sentence_local
34376578,5609,D009369,Association,5609,0.5936990766,TypePairMajority,sentence_local
34376578,673,D008545,Association,673,0.5936990766,TypePairMajority,sentence_local
34376578,673,D009369,Association,673,0.5936990766,TypePairMajority,sentence_local
34376578,C500026,D008545,Positive_Correlation,C500026,0.3421807747,TypePairMajority,sentence_local
34376578,C500026,D009369,Positive_Correlation,C500026,0.3421807747,TypePairMajority,sentence_local
34376578,C500026,rs113488022,Association,rs113488022,0.4096385542,TypePairMajority,sentence_local
34376578,C560077,D008545,Positive_Correlation,C560077,0.3421807747,TypePairMajority,sentence_local
34376578,C560077,D009369,Positive_Correlation,C560077,0.3421807747,TypePairMajority,sentence_local
34376578,C560077,rs113488022,Association,rs113488022,0.4096385542,TypePairMajority,sentence_local
34376578,D008545,rs113488022,Association,rs113488022,0.431372549,TypePairMajority,sentence_local
34376578,D009369,rs113488022,Association,rs113488022,0.431372549,TypePairMajority,sentence_local
34386973,D003975,p|SUB|N|265|M,Association,p|SUB|N|265|M,0.4096385542,TypePairMajority,sentence_local
34386973,D003975,p|SUB|S|270|I,Association,p|SUB|S|270|I,0.4096385542,TypePairMajority,sentence_local
34386973,D005442,p|SUB|N|265|M,Association,p|SUB|N|265|M,0.4096385542,TypePairMajority,sentence_local
34386973,D005442,p|SUB|S|270|I,Association,p|SUB|S|270|I,0.4096385542,TypePairMajority,sentence_local
34386973,D008874,p|SUB|N|265|M,Association,p|SUB|N|265|M,0.4096385542,TypePairMajority,sentence_local
34386973,D008874,p|SUB|S|270|I,Association,p|SUB|S|270|I,0.4096385542,TypePairMajority,sentence_local
34529977,D000079,c|SUB|T|45|G,Association,c|SUB|T|45|G,0.4096385542,TypePairMajority,sentence_local
34529977,D009243,c|SUB|T|45|G,Association,c|SUB|T|45|G,0.4096385542,TypePairMajority,sentence_local
34555226,14825,D012769,Association,14825,0.5936990766,TypePairMajority,sentence_local
34555226,14825,D014947,Association,14825,0.5936990766,TypePairMajority,sentence_local
34555226,24176,D012128,Association,24176,0.5936990766,TypePairMajority,sentence_local
34555226,25638,D012128,Association,25638,0.5936990766,TypePairMajority,sentence_local
34555226,5141,D012140,Association,5141,0.5936990766,TypePairMajority,sentence_local
34555226,81503,D012128,Association,81503,0.5936990766,TypePairMajority,sentence_local
34555226,D000242,D012140,Positive_Correlation,D000242,0.3421807747,TypePairMajority,sentence_local
34555226,D012769,D020889,Positive_Correlation,D012769,0.3421807747,TypePairMajority,sentence_local
34555226,D014947,D020889,Positive_Correlation,D014947,0.3421807747,TypePairMajority,sentence_local
34642815,22884,D013577,Association,22884,0.5936990766,TypePairMajority,sentence_local
34652576,10381,C580012,Association,10381,0.5936990766,TypePairMajority,sentence_local
34652576,10381,D001480,Association,10381,0.5936990766,TypePairMajority,sentence_local
34652576,10381,D003286,Association,10381,0.5936990766,TypePairMajority,sentence_local
34652576,10381,D005158,Association,10381,0.5936990766,TypePairMajority,sentence_local
34652576,10381,D009421,Association,10381,0.5936990766,TypePairMajority,sentence_local
34652576,10381,D010523,Association,10381,0.5936990766,TypePairMajority,sentence_local
34652576,10381,D020233,Association,10381,0.5936990766,TypePairMajority,sentence_local
34652576,10381,D054220,Association,10381,0.5936990766,TypePairMajority,sentence_local
34652576,C580012,rs864321716,Association,rs864321716,0.431372549,TypePairMajority,sentence_local
34652576,D001480,rs267607165,Association,rs267607165,0.431372549,TypePairMajority,sentence_local
34652576,D001480,rs864321716,Association,rs864321716,0.431372549,TypePairMajority,sentence_local
34652576,D003286,rs267607165,Association,rs267607165,0.431372549,TypePairMajority,sentence_local
34652576,D003286,rs864321716,Association,rs864321716,0.431372549,TypePairMajority,sentence_local
34652576,D005158,rs864321716,Association,rs864321716,0.431372549,TypePairMajority,sentence_local
34652576,D010523,rs267607165,Association,rs267607165,0.431372549,TypePairMajority,sentence_local
34652576,D010523,rs864321716,Association,rs864321716,0.431372549,TypePairMajority,sentence_local
34652576,D020233,rs267607165,Association,rs267607165,0.431372549,TypePairMajority,sentence_local
34652576,D020233,rs864321716,Association,rs864321716,0.431372549,TypePairMajority,sentence_local
34655925,1956,D009369,Association,1956,0.5936990766,TypePairMajority,sentence_local
34655925,2064,D009369,Association,2064,0.5936990766,TypePairMajority,sentence_local
34655925,3320,D002289,Association,3320,0.5936990766,TypePairMajority,sentence_local
34655925,3320,D008175,Association,3320,0.5936990766,TypePairMajority,sentence_local
34655925,3320,D055752,Association,3320,0.5936990766,TypePairMajority,sentence_local
34655925,3845,D009369,Association,3845,0.5936990766,TypePairMajority,sentence_local
34655925,5979,D009369,Association,5979,0.5936990766,TypePairMajority,sentence_local
34655925,C561943,D002289,Positive_Correlation,C561943,0.3421807747,TypePairMajority,sentence_local
34655925,C561943,D008175,Positive_Correlation,C561943,0.3421807747,TypePairMajority,sentence_local
34655925,C561943,D009369,Positive_Correlation,C561943,0.3421807747,TypePairMajority,sentence_local
34655925,D008175,D016190,Positive_Correlation,D008175,0.3421807747,TypePairMajority,sentence_local
34655925,D008175,D017239,Positive_Correlation,D008175,0.3421807747,TypePairMajority,sentence_local
34655925,D009369,D016190,Positive_Correlation,D009369,0.3421807747,TypePairMajority,sentence_local
34655925,D009369,D017239,Positive_Correlation,D009369,0.3421807747,TypePairMajority,sentence_local
34659572,144501,D009369,Association,144501,0.5936990766,TypePairMajority,sentence_local
34659572,144501,D010051,Association,144501,0.5936990766,TypePairMajority,sentence_local
34659572,2113,D009369,Association,2113,0.5936990766,TypePairMajority,sentence_local
34659572,2113,D010051,Association,2113,0.5936990766,TypePairMajority,sentence_local
34659572,406989,D009369,Association,406989,0.5936990766,TypePairMajority,sentence_local
34659572,406989,D010051,Association,406989,0.5936990766,TypePairMajority,sentence_local
34659572,5594,D009369,Association,5594,0.5936990766,TypePairMajority,sentence_local
34659572,5594,D010051,Association,5594,0.5936990766,TypePairMajority,sentence_local
34659572,5609,D009369,Association,5609,0.5936990766,TypePairMajority,sentence_local
34659572,5609,D010051,Association,5609,0.5936990766,TypePairMajority,sentence_local
34670407,14257,D008232,Association,14257,0.5936990766,TypePairMajority,sentence_local
34670407,14257,D020786,Association,14257,0.5936990766,TypePairMajority,sentence_local
34670407,14257,D044148,Association,14257,0.5936990766,TypePairMajority,sentence_local
34670407,26413,D008232,Association,26413,0.5936990766,TypePairMajority,sentence_local
34670407,26413,D020786,Association,26413,0.5936990766,TypePairMajority,sentence_local
34670407,26413,D044148,Association,26413,0.5936990766,TypePairMajority,sentence_local
34670407,26417,D008232,Association,26417,0.5936990766,TypePairMajority,sentence_local
34670407,26417,D020786,Association,26417,0.5936990766,TypePairMajority,sentence_local
34670407,26417,D044148,Association,26417,0.5936990766,TypePairMajority,sentence_local
34670407,56426,D008232,Association,56426,0.5936990766,TypePairMajority,sentence_local
34670407,56426,D020786,Association,56426,0.5936990766,TypePairMajority,sentence_local
34670407,56426,D044148,Association,56426,0.5936990766,TypePairMajority,sentence_local
34670407,83605,D020786,Association,83605,0.5936990766,TypePairMajority,sentence_local
34670407,889,D020786,Association,889,0.5936990766,TypePairMajority,sentence_local
34670865,142,D009369,Association,142,0.5936990766,TypePairMajority,sentence_local
34670865,142,D010051,Association,142,0.5936990766,TypePairMajority,sentence_local
34670865,2621,D009369,Association,2621,0.5936990766,TypePairMajority,sentence_local
34670865,2621,D010051,Association,2621,0.5936990766,TypePairMajority,sentence_local
34670865,2621,D018284,Association,2621,0.5936990766,TypePairMajority,sentence_local
34670865,558,D009369,Association,558,0.5936990766,TypePairMajority,sentence_local
34670865,558,D010051,Association,558,0.5936990766,TypePairMajority,sentence_local
34670865,C000720937,D009369,Positive_Correlation,C000720937,0.3421807747,TypePairMajority,sentence_local
34670865,C000720937,D010051,Positive_Correlation,C000720937,0.3421807747,TypePairMajority,sentence_local
34670865,C000720937,D018284,Positive_Correlation,C000720937,0.3421807747,TypePairMajority,sentence_local
34670865,C531550,D009369,Positive_Correlation,C531550,0.3421807747,TypePairMajority,sentence_local
34670865,C531550,D010051,Positive_Correlation,C531550,0.3421807747,TypePairMajority,sentence_local
34670865,D004247,D010051,Positive_Correlation,D004247,0.3421807747,TypePairMajority,sentence_local
34670865,D009369,D016190,Positive_Correlation,D009369,0.3421807747,TypePairMajority,sentence_local
34670865,D009369,D017239,Positive_Correlation,D009369,0.3421807747,TypePairMajority,sentence_local
34670865,D010051,D010984,Positive_Correlation,D010051,0.3421807747,TypePairMajority,sentence_local
34670865,D010051,D016190,Positive_Correlation,D010051,0.3421807747,TypePairMajority,sentence_local
34670865,D010051,D017239,Positive_Correlation,D010051,0.3421807747,TypePairMajority,sentence_local
34670865,D010984,D018284,Positive_Correlation,D010984,0.3421807747,TypePairMajority,sentence_local
34670865,D016190,D018284,Positive_Correlation,D016190,0.3421807747,TypePairMajority,sentence_local
34759319,3845,D008175,Association,3845,0.5936990766,TypePairMajority,sentence_local
34759319,C000706028,rs121913530,Association,rs121913530,0.4096385542,TypePairMajority,sentence_local
34759319,D008175,rs121913530,Association,rs121913530,0.431372549,TypePairMajority,sentence_local
34777640,24211,D007674,Association,24211,0.5936990766,TypePairMajority,sentence_local
34777640,24318,D006943,Association,24318,0.5936990766,TypePairMajority,sentence_local
34777640,24318,D006966,Association,24318,0.5936990766,TypePairMajority,sentence_local
34777640,24318,D009202,Association,24318,0.5936990766,TypePairMajority,sentence_local
34777640,24318,D010300,Association,24318,0.5936990766,TypePairMajority,sentence_local
34777640,29595,D003920,Association,29595,0.5936990766,TypePairMajority,sentence_local
34777640,29595,D009202,Association,29595,0.5936990766,TypePairMajority,sentence_local
34777640,C064294,D003920,Positive_Correlation,C064294,0.3421807747,TypePairMajority,sentence_local
34777640,C064294,D003928,Positive_Correlation,C064294,0.3421807747,TypePairMajority,sentence_local
34777640,C064294,D009202,Positive_Correlation,C064294,0.3421807747,TypePairMajority,sentence_local
34777640,D000077465,D003920,Positive_Correlation,D000077465,0.3421807747,TypePairMajority,sentence_local
34777640,D000077465,D003928,Positive_Correlation,D000077465,0.3421807747,TypePairMajority,sentence_local
34777640,D000077465,D006943,Positive_Correlation,D000077465,0.3421807747,TypePairMajority,sentence_local
34777640,D000077465,D006966,Positive_Correlation,D000077465,0.3421807747,TypePairMajority,sentence_local
34777640,D000077465,D009202,Positive_Correlation,D000077465,0.3421807747,TypePairMajority,sentence_local
34777640,D000077465,D010300,Positive_Correlation,D000077465,0.3421807747,TypePairMajority,sentence_local
34777640,D000496,D003920,Positive_Correlation,D000496,0.3421807747,TypePairMajority,sentence_local
34777640,D001971,D003920,Positive_Correlation,D001971,0.3421807747,TypePairMajority,sentence_local
34777640,D001971,D003928,Positive_Correlation,D001971,0.3421807747,TypePairMajority,sentence_local
34777640,D001971,D006943,Positive_Correlation,D001971,0.3421807747,TypePairMajority,sentence_local
34777640,D001971,D006966,Positive_Correlation,D001971,0.3421807747,TypePairMajority,sentence_local
34777640,D001971,D007674,Positive_Correlation,D001971,0.3421807747,TypePairMajority,sentence_local
34777640,D001971,D009202,Positive_Correlation,D001971,0.3421807747,TypePairMajority,sentence_local
34777640,D001971,D010300,Positive_Correlation,D001971,0.3421807747,TypePairMajority,sentence_local
34801870,25360,D006111,Association,25360,0.5936990766,TypePairMajority,sentence_local
34801870,25360,D006980,Association,25360,0.5936990766,TypePairMajority,sentence_local
34801870,25360,D056660,Association,25360,0.5936990766,TypePairMajority,sentence_local
34801870,7253,D006111,Association,7253,0.5936990766,TypePairMajority,sentence_local
34801870,D000911,D006111,Positive_Correlation,D000911,0.3421807747,TypePairMajority,sentence_local
34801870,D000911,D006980,Positive_Correlation,D000911,0.3421807747,TypePairMajority,sentence_local
34801870,D000911,D056660,Positive_Correlation,D000911,0.3421807747,TypePairMajority,sentence_local
34801870,D006111,D013972,Positive_Correlation,D006111,0.3421807747,TypePairMajority,sentence_local
34801870,D006980,D013972,Positive_Correlation,D006980,0.3421807747,TypePairMajority,sentence_local
34801870,D013972,D056660,Positive_Correlation,D013972,0.3421807747,TypePairMajority,sentence_local
34921023,1956,D002289,Association,1956,0.5936990766,TypePairMajority,sentence_local
34921023,1956,D009369,Association,1956,0.5936990766,TypePairMajority,sentence_local
34921023,5133,D002289,Association,5133,0.5936990766,TypePairMajority,sentence_local
34921023,5133,D009369,Association,5133,0.5936990766,TypePairMajority,sentence_local
34921023,D000068437,D002289,Positive_Correlation,D000068437,0.3421807747,TypePairMajority,sentence_local
34921023,D000068437,D009369,Positive_Correlation,D000068437,0.3421807747,TypePairMajority,sentence_local
34921023,D000068437,rs121434569,Association,rs121434569,0.4096385542,TypePairMajority,sentence_local
34921023,D000077594,D002289,Positive_Correlation,D000077594,0.3421807747,TypePairMajority,sentence_local
34921023,D000077594,D009369,Positive_Correlation,D000077594,0.3421807747,TypePairMajority,sentence_local
34921023,D000077594,rs121434569,Association,rs121434569,0.4096385542,TypePairMajority,sentence_local
34921023,D002289,D016190,Positive_Correlation,D002289,0.3421807747,TypePairMajority,sentence_local
34921023,D002289,D047428,Positive_Correlation,D002289,0.3421807747,TypePairMajority,sentence_local
34921023,D002289,rs121434569,Association,rs121434569,0.431372549,TypePairMajority,sentence_local
34921023,D009369,D016190,Positive_Correlation,D009369,0.3421807747,TypePairMajority,sentence_local
34921023,D016190,rs121434569,Association,rs121434569,0.4096385542,TypePairMajority,sentence_local
34930019,19123,D006331,Association,19123,0.5936990766,TypePairMajority,sentence_local
34930019,19123,D007249,Association,19123,0.5936990766,TypePairMajority,sentence_local
34930019,19123,D007511,Association,19123,0.5936990766,TypePairMajority,sentence_local
34930019,19123,D015427,Association,19123,0.5936990766,TypePairMajority,sentence_local
34930019,19124,D006331,Association,19124,0.5936990766,TypePairMajority,sentence_local
34930019,19124,D007511,Association,19124,0.5936990766,TypePairMajority,sentence_local
34930019,19124,D015427,Association,19124,0.5936990766,TypePairMajority,sentence_local
34930019,D006331,p|SUB|E|170|A,Association,p|SUB|E|170|A,0.431372549,TypePairMajority,sentence_local
34930019,D015427,p|SUB|E|170|A,Association,p|SUB|E|170|A,0.431372549,TypePairMajority,sentence_local
34930019,D015427,p|SUB|R|84|A,Association,p|SUB|R|84|A,0.431372549,TypePairMajority,sentence_local
34949751,D000431,p|SUB|F|213|L,Association,p|SUB|F|213|L,0.4096385542,TypePairMajority,sentence_local
34949751,D000431,p|SUB|N|306|I,Association,p|SUB|N|306|I,0.4096385542,TypePairMajority,sentence_local
34949751,D002475,p|SUB|F|213|L,Association,p|SUB|F|213|L,0.4096385542,TypePairMajority,sentence_local
34949751,D002475,p|SUB|N|306|I,Association,p|SUB|N|306|I,0.4096385542,TypePairMajority,sentence_local
34949751,D002482,p|SUB|F|213|L,Association,p|SUB|F|213|L,0.4096385542,TypePairMajority,sentence_local
34949751,D002482,p|SUB|N|306|I,Association,p|SUB|N|306|I,0.4096385542,TypePairMajority,sentence_local
35071113,3569,D000086382,Association,3569,0.5936990766,TypePairMajority,sentence_local
35071113,C481642,D001327,Positive_Correlation,C481642,0.3421807747,TypePairMajority,sentence_local
35071113,C481642,D009369,Positive_Correlation,C481642,0.3421807747,TypePairMajority,sentence_local
35071113,C502936,D000086382,Positive_Correlation,C502936,0.3421807747,TypePairMajority,sentence_local
35071113,C504234,D000086382,Positive_Correlation,C504234,0.3421807747,TypePairMajority,sentence_local
35071113,D000068258,D002318,Positive_Correlation,D000068258,0.3421807747,TypePairMajority,sentence_local
35071113,D000068818,D001327,Positive_Correlation,D000068818,0.3421807747,TypePairMajority,sentence_local
35071113,D000068818,D009369,Positive_Correlation,D000068818,0.3421807747,TypePairMajority,sentence_local
35071113,D000068878,D001327,Positive_Correlation,D000068878,0.3421807747,TypePairMajority,sentence_local
35071113,D000068878,D009369,Positive_Correlation,D000068878,0.3421807747,TypePairMajority,sentence_local
35071113,D000068879,D001327,Positive_Correlation,D000068879,0.3421807747,TypePairMajority,sentence_local
35071113,D000068879,D009369,Positive_Correlation,D000068879,0.3421807747,TypePairMajority,sentence_local
35071113,D000069283,D001327,Positive_Correlation,D000069283,0.3421807747,TypePairMajority,sentence_local
35071113,D000069283,D009369,Positive_Correlation,D000069283,0.3421807747,TypePairMajority,sentence_local
35071113,D000069442,D001327,Positive_Correlation,D000069442,0.3421807747,TypePairMajority,sentence_local
35071113,D000069442,D009369,Positive_Correlation,D000069442,0.3421807747,TypePairMajority,sentence_local
35071113,D000069448,D009140,Positive_Correlation,D000069448,0.3421807747,TypePairMajority,sentence_local
35071113,D000074323,D001327,Positive_Correlation,D000074323,0.3421807747,TypePairMajority,sentence_local
35071113,D000074323,D009369,Positive_Correlation,D000074323,0.3421807747,TypePairMajority,sentence_local
35071113,D000077284,D002318,Positive_Correlation,D000077284,0.3421807747,TypePairMajority,sentence_local
35071113,D002318,D004077,Positive_Correlation,D002318,0.3421807747,TypePairMajority,sentence_local
35071113,D002318,D007140,Positive_Correlation,D002318,0.3421807747,TypePairMajority,sentence_local
35090325,1813,D007249,Association,1813,0.5936990766,TypePairMajority,sentence_local
35090325,6622,D007249,Association,6622,0.5936990766,TypePairMajority,sentence_local
35090325,6622,D009410,Association,6622,0.5936990766,TypePairMajority,sentence_local
35090325,6622,D028361,Association,6622,0.5936990766,TypePairMajority,sentence_local
35090325,7054,D007249,Association,7054,0.5936990766,TypePairMajority,sentence_local
35090325,823,D007249,Association,823,0.5936990766,TypePairMajority,sentence_local
35090325,823,D009410,Association,823,0.5936990766,TypePairMajority,sentence_local
35090325,823,D010300,Association,823,0.5936990766,TypePairMajority,sentence_local
35090325,823,D020078,Association,823,0.5936990766,TypePairMajority,sentence_local
35090325,823,D028361,Association,823,0.5936990766,TypePairMajority,sentence_local
35090325,D002118,D007249,Positive_Correlation,D002118,0.3421807747,TypePairMajority,sentence_local
35090325,D002118,D009410,Positive_Correlation,D002118,0.3421807747,TypePairMajority,sentence_local
35090325,D002118,D028361,Positive_Correlation,D002118,0.3421807747,TypePairMajority,sentence_local
35090325,D004298,D007249,Positive_Correlation,D004298,0.3421807747,TypePairMajority,sentence_local
35090325,D007249,D007980,Positive_Correlation,D007249,0.3421807747,TypePairMajority,sentence_local
35090325,D007249,D014443,Positive_Correlation,D007249,0.3421807747,TypePairMajority,sentence_local
35090325,D008055,D009410,Positive_Correlation,D008055,0.3421807747,TypePairMajority,sentence_local
35090325,D008055,D028361,Positive_Correlation,D008055,0.3421807747,TypePairMajority,sentence_local
35090325,D010300,D012402,Positive_Correlation,D010300,0.3421807747,TypePairMajority,sentence_local
35090325,D010300,D015632,Positive_Correlation,D010300,0.3421807747,TypePairMajority,sentence_local
35090325,D010300,D015655,Positive_Correlation,D010300,0.3421807747,TypePairMajority,sentence_local
35090325,D010300,D016627,Positive_Correlation,D010300,0.3421807747,TypePairMajority,sentence_local
35139355,12370,D051359,Association,12370,0.5936990766,TypePairMajority,sentence_local
35139355,18126,D000086382,Association,18126,0.5936990766,TypePairMajority,sentence_local
35139355,18126,D007249,Association,18126,0.5936990766,TypePairMajority,sentence_local
35139355,18126,D051359,Association,18126,0.5936990766,TypePairMajority,sentence_local
35139355,D000086382,D009569,Positive_Correlation,D000086382,0.3421807747,TypePairMajority,sentence_local
35139355,D007249,D009569,Positive_Correlation,D007249,0.3421807747,TypePairMajority,sentence_local
35168627,7070,D001168,Association,7070,0.5936990766,TypePairMajority,sentence_local
35168627,947,D001168,Association,947,0.5936990766,TypePairMajority,sentence_local
35194375,D006493,p|SUB|E|484|K,Association,p|SUB|E|484|K,0.4096385542,TypePairMajority,sentence_local
35194375,D006493,p|SUB|E|484|Q,Association,p|SUB|E|484|Q,0.4096385542,TypePairMajority,sentence_local
35194375,D006493,p|SUB|K|417|N,Association,p|SUB|K|417|N,0.4096385542,TypePairMajority,sentence_local
35194375,D006493,p|SUB|K|417|T,Association,p|SUB|K|417|T,0.4096385542,TypePairMajority,sentence_local
35194375,D006493,p|SUB|L|452|R,Association,p|SUB|L|452|R,0.4096385542,TypePairMajority,sentence_local
35194375,D006493,p|SUB|N|501|Y,Association,p|SUB|N|501|Y,0.4096385542,TypePairMajority,sentence_local
35196427,695,D015448,Association,695,0.5936990766,TypePairMajority,sentence_local
35196427,695,D015451,Association,695,0.5936990766,TypePairMajority,sentence_local
35196427,C000723100,D015451,Positive_Correlation,C000723100,0.3421807747,TypePairMajority,sentence_local
35217818,11441,D017544,Association,11441,0.5936990766,TypePairMajority,sentence_local
35217818,11816,D017544,Association,11816,0.5936990766,TypePairMajority,sentence_local
35217818,12362,D017544,Association,12362,0.5936990766,TypePairMajority,sentence_local
35217818,216799,D017544,Association,216799,0.5936990766,TypePairMajority,sentence_local
35217818,69146,D017544,Association,69146,0.5936990766,TypePairMajority,sentence_local
35217818,D000804,D017544,Positive_Correlation,D000804,0.3421807747,TypePairMajority,sentence_local
35388181,14816,D000067877,Association,14816,0.5936990766,TypePairMajority,sentence_local
35388181,14816,D001321,Association,14816,0.5936990766,TypePairMajority,sentence_local
35388181,16438,D000067877,Association,16438,0.5936990766,TypePairMajority,sentence_local
35388181,16438,D001321,Association,16438,0.5936990766,TypePairMajority,sentence_local
35388181,22941,D000067877,Association,22941,0.5936990766,TypePairMajority,sentence_local
35388181,243961,D000067404,Association,243961,0.5936990766,TypePairMajority,sentence_local
35388181,243961,D000067877,Association,243961,0.5936990766,TypePairMajority,sentence_local
35388181,243961,D000068079,Association,243961,0.5936990766,TypePairMajority,sentence_local
35388181,243961,D001007,Association,243961,0.5936990766,TypePairMajority,sentence_local
35388181,243961,D001321,Association,243961,0.5936990766,TypePairMajority,sentence_local
35388181,243961,D001523,Association,243961,0.5936990766,TypePairMajority,sentence_local
35388181,50944,D000067877,Association,50944,0.5936990766,TypePairMajority,sentence_local
35388181,85358,D000067877,Association,85358,0.5936990766,TypePairMajority,sentence_local
35388181,D000067404,p|SUB|R|882|H,Association,p|SUB|R|882|H,0.431372549,TypePairMajority,sentence_local
35388181,D000067877,D002118,Positive_Correlation,D000067877,0.3421807747,TypePairMajority,sentence_local
35388181,D000067877,c|SUB|G|2621|A,Association,c|SUB|G|2621|A,0.431372549,TypePairMajority,sentence_local
35388181,D000067877,p|SUB|R|874|H,Association,p|SUB|R|874|H,0.431372549,TypePairMajority,sentence_local
35388181,D000067877,p|SUB|R|882|H,Association,p|SUB|R|882|H,0.431372549,TypePairMajority,sentence_local
35388181,D000068079,p|SUB|R|882|H,Association,p|SUB|R|882|H,0.431372549,TypePairMajority,sentence_local
35388181,D001007,p|SUB|R|882|H,Association,p|SUB|R|882|H,0.431372549,TypePairMajority,sentence_local
35388181,D001321,D002118,Positive_Correlation,D001321,0.3421807747,TypePairMajority,sentence_local
35388181,D001523,p|SUB|R|882|H,Association,p|SUB|R|882|H,0.431372549,TypePairMajority,sentence_local
35417530,3065,D005909,Association,3065,0.5936990766,TypePairMajority,sentence_local
35417530,3066,D005909,Association,3066,0.5936990766,TypePairMajority,sentence_local
35417530,8192,D005909,Association,8192,0.5936990766,TypePairMajority,sentence_local
35417530,C000615229,D005909,Positive_Correlation,C000615229,0.3421807747,TypePairMajority,sentence_local
35417530,C087123,D005909,Positive_Correlation,C087123,0.3421807747,TypePairMajority,sentence_local
35417530,C087123,p|SUB|Y|118|A,Association,p|SUB|Y|118|A,0.4096385542,TypePairMajority,sentence_local
35417530,D000077767,D005909,Positive_Correlation,D000077767,0.3421807747,TypePairMajority,sentence_local
35417530,D000077767,p|SUB|Y|118|A,Association,p|SUB|Y|118|A,0.4096385542,TypePairMajority,sentence_local
35417530,D005909,D005947,Positive_Correlation,D005909,0.3421807747,TypePairMajority,sentence_local
35417530,D005909,D014233,Positive_Correlation,D005909,0.3421807747,TypePairMajority,sentence_local
35417530,D005909,p|SUB|Y|118|A,Association,p|SUB|Y|118|A,0.431372549,TypePairMajority,sentence_local
35417530,D014233,p|SUB|Y|118|A,Association,p|SUB|Y|118|A,0.4096385542,TypePairMajority,sentence_local
35467766,6480,D003920,Association,6480,0.5936990766,TypePairMajority,sentence_local
35467766,6480,D003924,Association,6480,0.5936990766,TypePairMajority,sentence_local
35467766,6480,D007249,Association,6480,0.5936990766,TypePairMajority,sentence_local
35467766,6480,D011565,Association,6480,0.5936990766,TypePairMajority,sentence_local
35467766,6480,D015179,Association,6480,0.5936990766,TypePairMajority,sentence_local
35467766,6480,D060831,Association,6480,0.5936990766,TypePairMajority,sentence_local
35467766,C519688,D009369,Positive_Correlation,C519688,0.3421807747,TypePairMajority,sentence_local
35467766,C519688,D060831,Positive_Correlation,C519688,0.3421807747,TypePairMajority,sentence_local
35467766,C519688,rs6783836,Association,rs6783836,0.4096385542,TypePairMajority,sentence_local
35467766,D000069287,D009369,Positive_Correlation,D000069287,0.3421807747,TypePairMajority,sentence_local
35467766,D000069287,D060831,Positive_Correlation,D000069287,0.3421807747,TypePairMajority,sentence_local
35467766,D000069287,rs6783836,Association,rs6783836,0.4096385542,TypePairMajority,sentence_local
35467766,D000077150,D009369,Positive_Correlation,D000077150,0.3421807747,TypePairMajority,sentence_local
35467766,D000077150,D060831,Positive_Correlation,D000077150,0.3421807747,TypePairMajority,sentence_local
35467766,D003920,rs6783836,Association,rs6783836,0.431372549,TypePairMajority,sentence_local
35467766,D003924,rs3887925,Association,rs3887925,0.431372549,TypePairMajority,sentence_local
35467766,D003924,rs6783836,Association,rs6783836,0.431372549,TypePairMajority,sentence_local
35467766,D007249,rs6783836,Association,rs6783836,0.431372549,TypePairMajority,sentence_local
35467766,D011565,rs3887925,Association,rs3887925,0.431372549,TypePairMajority,sentence_local
35467766,D011565,rs6783836,Association,rs6783836,0.431372549,TypePairMajority,sentence_local
35467766,D015179,rs6783836,Association,rs6783836,0.431372549,TypePairMajority,sentence_local
35467766,D060831,rs6783836,Association,rs6783836,0.431372549,TypePairMajority,sentence_local
35468098,13614,D007249,Association,13614,0.5936990766,TypePairMajority,sentence_local
35468098,13614,D009135,Association,13614,0.5936990766,TypePairMajority,sentence_local
35468098,1906,D003920,Association,1906,0.5936990766,TypePairMajority,sentence_local
35468098,1906,D003924,Association,1906,0.5936990766,TypePairMajority,sentence_local
35468098,1906,D005355,Association,1906,0.5936990766,TypePairMajority,sentence_local
35468098,1906,D006943,Association,1906,0.5936990766,TypePairMajority,sentence_local
35468098,1906,D007249,Association,1906,0.5936990766,TypePairMajority,sentence_local
35468098,1906,D009135,Association,1906,0.5936990766,TypePairMajority,sentence_local
35468098,1906,D055948,Association,1906,0.5936990766,TypePairMajority,sentence_local
35468098,3039,D003920,Association,3039,0.5936990766,TypePairMajority,sentence_local
35468098,3039,D003924,Association,3039,0.5936990766,TypePairMajority,sentence_local
35468098,3039,D055948,Association,3039,0.5936990766,TypePairMajority,sentence_local
35468098,3569,D003920,Association,3569,0.5936990766,TypePairMajority,sentence_local
35468098,3569,D007249,Association,3569,0.5936990766,TypePairMajority,sentence_local
35468098,3569,D009135,Association,3569,0.5936990766,TypePairMajority,sentence_local
35468098,406890,D003920,Association,406890,0.5936990766,TypePairMajority,sentence_local
35468098,406890,D007249,Association,406890,0.5936990766,TypePairMajority,sentence_local
35468098,406890,D009135,Association,406890,0.5936990766,TypePairMajority,sentence_local
35468098,7124,D003920,Association,7124,0.5936990766,TypePairMajority,sentence_local
35468098,7124,D007249,Association,7124,0.5936990766,TypePairMajority,sentence_local
35468098,7124,D009135,Association,7124,0.5936990766,TypePairMajority,sentence_local
35468098,D003404,D003920,Positive_Correlation,D003404,0.3421807747,TypePairMajority,sentence_local
35468098,D003404,D003924,Positive_Correlation,D003404,0.3421807747,TypePairMajority,sentence_local
35468098,D003404,D055948,Positive_Correlation,D003404,0.3421807747,TypePairMajority,sentence_local
35585372,C058319,D006105,Positive_Correlation,C058319,0.3421807747,TypePairMajority,sentence_local
35585372,C058319,D007153,Positive_Correlation,C058319,0.3421807747,TypePairMajority,sentence_local
35609210,221322,C536293,Association,221322,0.5936990766,TypePairMajority,sentence_local
35609210,221322,D000072661,Association,221322,0.5936990766,TypePairMajority,sentence_local
35609210,22858,D000072661,Association,22858,0.5936990766,TypePairMajority,sentence_local
35609210,23552,C536293,Association,23552,0.5936990766,TypePairMajority,sentence_local
35609210,23552,D000072661,Association,23552,0.5936990766,TypePairMajority,sentence_local
35609210,29105,C536293,Association,29105,0.5936990766,TypePairMajority,sentence_local
35609210,317662,C536293,Association,317662,0.5936990766,TypePairMajority,sentence_local
35747941,3717,D008175,Association,3717,0.5936990766,TypePairMajority,sentence_local
35747941,3717,D008223,Association,3717,0.5936990766,TypePairMajority,sentence_local
35747941,7297,D001327,Association,7297,0.5936990766,TypePairMajority,sentence_local
35747941,7297,D008175,Association,7297,0.5936990766,TypePairMajority,sentence_local
35747941,7297,D008223,Association,7297,0.5936990766,TypePairMajority,sentence_local
35747941,7297,D008228,Association,7297,0.5936990766,TypePairMajority,sentence_local
35747941,7297,D011565,Association,7297,0.5936990766,TypePairMajority,sentence_local
35747941,C000628674,D011565,Positive_Correlation,C000628674,0.3421807747,TypePairMajority,sentence_local
35747941,D001327,rs34536443,Association,rs34536443,0.431372549,TypePairMajority,sentence_local
35747941,D008175,rs34536443,Association,rs34536443,0.431372549,TypePairMajority,sentence_local
35747941,D008228,rs34536443,Association,rs34536443,0.431372549,TypePairMajority,sentence_local
35747941,D011565,rs34536443,Association,rs34536443,0.431372549,TypePairMajority,sentence_local
35751378,154,D008133,Association,154,0.5936990766,TypePairMajority,sentence_local
35751378,3757,D001145,Association,3757,0.5936990766,TypePairMajority,sentence_local
35751378,3757,D008133,Association,3757,0.5936990766,TypePairMajority,sentence_local
35751378,3757,D016171,Association,3757,0.5936990766,TypePairMajority,sentence_local
35751378,C063533,D001145,Positive_Correlation,C063533,0.3421807747,TypePairMajority,sentence_local
35751378,D001262,D008133,Positive_Correlation,D001262,0.3421807747,TypePairMajority,sentence_local
35757841,1869,D001943,Association,1869,0.5936990766,TypePairMajority,sentence_local
35757841,2099,D001943,Association,2099,0.5936990766,TypePairMajority,sentence_local
35757841,2099,D009369,Association,2099,0.5936990766,TypePairMajority,sentence_local
35757841,2475,D001943,Association,2475,0.5936990766,TypePairMajority,sentence_local
35757841,2475,D009369,Association,2475,0.5936990766,TypePairMajority,sentence_local
35757841,5106,D001943,Association,5106,0.5936990766,TypePairMajority,sentence_local
35757841,5106,D009369,Association,5106,0.5936990766,TypePairMajority,sentence_local
35757841,D001943,D005947,Positive_Correlation,D001943,0.3421807747,TypePairMajority,sentence_local
35757841,D001943,D005973,Positive_Correlation,D001943,0.3421807747,TypePairMajority,sentence_local
35761436,2263,D000072716,Association,2263,0.5936990766,TypePairMajority,sentence_local
35761436,2263,D000564,Association,2263,0.5936990766,TypePairMajority,sentence_local
35761436,2263,D001927,Association,2263,0.5936990766,TypePairMajority,sentence_local
35761436,C000604580,D000072716,Positive_Correlation,C000604580,0.3421807747,TypePairMajority,sentence_local
35761436,C000604580,D000564,Positive_Correlation,C000604580,0.3421807747,TypePairMajority,sentence_local
35761436,C000604580,D001927,Positive_Correlation,C000604580,0.3421807747,TypePairMajority,sentence_local
35780680,3569,D007249,Association,3569,0.5936990766,TypePairMajority,sentence_local
35780680,7099,D000090862,Association,7099,0.5936990766,TypePairMajority,sentence_local
35780680,7099,D059350,Association,7099,0.5936990766,TypePairMajority,sentence_local
35780680,7124,D007249,Association,7124,0.5936990766,TypePairMajority,sentence_local
35780680,84876,D000090862,Association,84876,0.5936990766,TypePairMajority,sentence_local
35780680,84876,D007249,Association,84876,0.5936990766,TypePairMajority,sentence_local
35780680,84876,D059350,Association,84876,0.5936990766,TypePairMajority,sentence_local
35780680,D002118,D007249,Positive_Correlation,D002118,0.3421807747,TypePairMajority,sentence_local
35817954,100911796,D007511,Association,100911796,0.5936990766,TypePairMajority,sentence_local
35817954,25369,D002534,Association,25369,0.5936990766,TypePairMajority,sentence_local
35817954,25369,D002545,Association,25369,0.5936990766,TypePairMajority,sentence_local
35817954,25369,D007511,Association,25369,0.5936990766,TypePairMajority,sentence_local
35817954,29290,D007511,Association,29290,0.5936990766,TypePairMajority,sentence_local
35817954,29316,D007511,Association,29316,0.5936990766,TypePairMajority,sentence_local
35817954,C098657,D002534,Positive_Correlation,C098657,0.3421807747,TypePairMajority,sentence_local
35817954,D000241,D007511,Positive_Correlation,D000241,0.3421807747,TypePairMajority,sentence_local
35817954,D002534,D005947,Positive_Correlation,D002534,0.3421807747,TypePairMajority,sentence_local
35817954,D002534,D010100,Positive_Correlation,D002534,0.3421807747,TypePairMajority,sentence_local
35817954,D005947,D007511,Positive_Correlation,D005947,0.3421807747,TypePairMajority,sentence_local
35817954,D007511,D010100,Positive_Correlation,D007511,0.3421807747,TypePairMajority,sentence_local
35822697,4854,D046589,Association,4854,0.5936990766,TypePairMajority,sentence_local
35829840,149233,D009164,Association,149233,0.5936990766,TypePairMajority,sentence_local
35829840,149233,D009165,Association,149233,0.5936990766,TypePairMajority,sentence_local
35829840,3458,D009164,Association,3458,0.5936990766,TypePairMajority,sentence_local
35829840,3605,D009181,Association,3605,0.5936990766,TypePairMajority,sentence_local
35829840,51561,D009164,Association,51561,0.5936990766,TypePairMajority,sentence_local
35829840,51561,D009181,Association,51561,0.5936990766,TypePairMajority,sentence_local
35829840,D009164,p|SUB|C|115|Y,Association,p|SUB|C|115|Y,0.431372549,TypePairMajority,sentence_local
35829840,D009164,rs368291075,Association,rs368291075,0.431372549,TypePairMajority,sentence_local
35829840,D009165,rs368291075,Association,rs368291075,0.431372549,TypePairMajority,sentence_local
35842466,D006147,p|SUB|W|330|A,Association,p|SUB|W|330|A,0.4096385542,TypePairMajority,sentence_local
35842466,D009843,p|SUB|W|330|A,Association,p|SUB|W|330|A,0.4096385542,TypePairMajority,sentence_local
35842466,D012313,p|SUB|W|330|A,Association,p|SUB|W|330|A,0.4096385542,TypePairMajority,sentence_local
35844799,407043,D000077192,Association,407043,0.5936990766,TypePairMajority,sentence_local
35844799,407043,D009369,Association,407043,0.5936990766,TypePairMajority,sentence_local
35844799,407044,D000077192,Association,407044,0.5936990766,TypePairMajority,sentence_local
35844799,407044,D009369,Association,407044,0.5936990766,TypePairMajority,sentence_local
35844799,407045,D000077192,Association,407045,0.5936990766,TypePairMajority,sentence_local
35844799,407045,D009369,Association,407045,0.5936990766,TypePairMajority,sentence_local
35844799,5594,D000077192,Association,5594,0.5936990766,TypePairMajority,sentence_local
35844799,5594,D009369,Association,5594,0.5936990766,TypePairMajority,sentence_local
35844799,5595,D000077192,Association,5595,0.5936990766,TypePairMajority,sentence_local
35844799,5595,D009369,Association,5595,0.5936990766,TypePairMajority,sentence_local
35844799,595,D000077192,Association,595,0.5936990766,TypePairMajority,sentence_local
35844799,595,D009369,Association,595,0.5936990766,TypePairMajority,sentence_local
35844799,8660,D000077192,Association,8660,0.5936990766,TypePairMajority,sentence_local
35844799,8660,D009369,Association,8660,0.5936990766,TypePairMajority,sentence_local
35844799,D002945,D009369,Positive_Correlation,D002945,0.3421807747,TypePairMajority,sentence_local
35858331,1240,D007249,Association,1240,0.5936990766,TypePairMajority,sentence_local
35858331,1240,D015212,Association,1240,0.5936990766,TypePairMajority,sentence_local
35858331,14747,D001424,Association,14747,0.5936990766,TypePairMajority,sentence_local
35858331,14747,D003092,Association,14747,0.5936990766,TypePairMajority,sentence_local
35858331,14747,D007960,Association,14747,0.5936990766,TypePairMajority,sentence_local
35858331,14747,D015212,Association,14747,0.5936990766,TypePairMajority,sentence_local
35858331,14825,D007960,Association,14825,0.5936990766,TypePairMajority,sentence_local
35858331,20310,D007960,Association,20310,0.5936990766,TypePairMajority,sentence_local
35858331,4025,D007960,Association,4025,0.5936990766,TypePairMajority,sentence_local
35858331,4025,D015212,Association,4025,0.5936990766,TypePairMajority,sentence_local
35858331,5919,D007249,Association,5919,0.5936990766,TypePairMajority,sentence_local
35858331,5919,D015212,Association,5919,0.5936990766,TypePairMajority,sentence_local
35858331,71660,D001424,Association,71660,0.5936990766,TypePairMajority,sentence_local
35858331,71660,D003092,Association,71660,0.5936990766,TypePairMajority,sentence_local
35858331,71660,D007960,Association,71660,0.5936990766,TypePairMajority,sentence_local
35858331,71660,D015212,Association,71660,0.5936990766,TypePairMajority,sentence_local
35858331,76113,D001424,Association,76113,0.5936990766,TypePairMajority,sentence_local
35858331,76113,D003092,Association,76113,0.5936990766,TypePairMajority,sentence_local
35858331,76113,D007960,Association,76113,0.5936990766,TypePairMajority,sentence_local
35858331,76113,D015212,Association,76113,0.5936990766,TypePairMajority,sentence_local
35858331,D006861,D007960,Positive_Correlation,D006861,0.3421807747,TypePairMajority,sentence_local
35858331,D007960,D013861,Positive_Correlation,D007960,0.3421807747,TypePairMajority,sentence_local
35881285,24153,D008103,Association,24153,0.5936990766,TypePairMajority,sentence_local
35881285,24494,D007249,Association,24494,0.5936990766,TypePairMajority,sentence_local
35881285,24498,D007249,Association,24498,0.5936990766,TypePairMajority,sentence_local
35881285,24835,D007249,Association,24835,0.5936990766,TypePairMajority,sentence_local
35881285,D002251,D007249,Positive_Correlation,D002251,0.3421807747,TypePairMajority,sentence_local
35881285,D002251,D008103,Positive_Correlation,D002251,0.3421807747,TypePairMajority,sentence_local
35881285,D002251,D056486,Positive_Correlation,D002251,0.3421807747,TypePairMajority,sentence_local
35881285,D007249,D044945,Positive_Correlation,D007249,0.3421807747,TypePairMajority,sentence_local
35881285,D008103,D044945,Positive_Correlation,D008103,0.3421807747,TypePairMajority,sentence_local
35881285,D044945,D056486,Positive_Correlation,D044945,0.3421807747,TypePairMajority,sentence_local
35895835,120892,D010300,Association,120892,0.5936990766,TypePairMajority,sentence_local
35899201,79868,D002658,Association,79868,0.5936990766,TypePairMajority,sentence_local
35899201,79868,D008607,Association,79868,0.5936990766,TypePairMajority,sentence_local
35899201,79868,D012640,Association,79868,0.5936990766,TypePairMajority,sentence_local
35899201,79868,D013285,Association,79868,0.5936990766,TypePairMajority,sentence_local
35899201,79868,D040181,Association,79868,0.5936990766,TypePairMajority,sentence_local
35917186,16001,D000067877,Association,16001,0.5936990766,TypePairMajority,sentence_local
35917186,16001,D001321,Association,16001,0.5936990766,TypePairMajority,sentence_local
35917186,26413,D001321,Association,26413,0.5936990766,TypePairMajority,sentence_local
35917186,3480,D000067877,Association,3480,0.5936990766,TypePairMajority,sentence_local
35917186,57330,D000067404,Association,57330,0.5936990766,TypePairMajority,sentence_local
35917186,57330,D000067877,Association,57330,0.5936990766,TypePairMajority,sentence_local
35917186,57330,D001321,Association,57330,0.5936990766,TypePairMajority,sentence_local
35917186,57330,D003072,Association,57330,0.5936990766,TypePairMajority,sentence_local
35917186,64599,D000067877,Association,64599,0.5936990766,TypePairMajority,sentence_local
35917186,64599,D003072,Association,64599,0.5936990766,TypePairMajority,sentence_local
35938004,55636,D000013,Association,55636,0.5936990766,TypePairMajority,sentence_local
35938004,55636,D030342,Association,55636,0.5936990766,TypePairMajority,sentence_local
35938004,55636,D058747,Association,55636,0.5936990766,TypePairMajority,sentence_local
35971028,3030,C536404,Association,3030,0.5936990766,TypePairMajority,sentence_local
35971028,3030,C566945,Association,3030,0.5936990766,TypePairMajority,sentence_local
35971028,3030,D006938,Association,3030,0.5936990766,TypePairMajority,sentence_local
35971028,3030,D061325,Association,3030,0.5936990766,TypePairMajority,sentence_local
35971028,3949,C536404,Association,3949,0.5936990766,TypePairMajority,sentence_local
35971028,3949,C566945,Association,3949,0.5936990766,TypePairMajority,sentence_local
35971028,3949,D006938,Association,3949,0.5936990766,TypePairMajority,sentence_local
35971028,3949,D061325,Association,3949,0.5936990766,TypePairMajority,sentence_local
35971028,672,C536404,Association,672,0.5936990766,TypePairMajority,sentence_local
35971028,672,C566945,Association,672,0.5936990766,TypePairMajority,sentence_local
35971028,672,D006938,Association,672,0.5936990766,TypePairMajority,sentence_local
35971028,672,D061325,Association,672,0.5936990766,TypePairMajority,sentence_local
35971028,7827,C536404,Association,7827,0.5936990766,TypePairMajority,sentence_local
35971028,7827,C566945,Association,7827,0.5936990766,TypePairMajority,sentence_local
35971028,7827,D006938,Association,7827,0.5936990766,TypePairMajority,sentence_local
35971028,7827,D061325,Association,7827,0.5936990766,TypePairMajority,sentence_local
35971028,C536404,c|DEL|1032|T,Association,c|DEL|1032|T,0.431372549,TypePairMajority,sentence_local
35971028,C536404,c|DEL|3700_3704|,Association,c|DEL|3700_3704|,0.431372549,TypePairMajority,sentence_local
35971028,C536404,rs137852769,Association,rs137852769,0.431372549,TypePairMajority,sentence_local
35971028,C536404,rs373822756,Association,rs373822756,0.431372549,TypePairMajority,sentence_local
35971028,C566945,c|DEL|1032|T,Association,c|DEL|1032|T,0.431372549,TypePairMajority,sentence_local
35971028,C566945,c|DEL|3700_3704|,Association,c|DEL|3700_3704|,0.431372549,TypePairMajority,sentence_local
35971028,C566945,rs137852769,Association,rs137852769,0.431372549,TypePairMajority,sentence_local
35971028,C566945,rs373822756,Association,rs373822756,0.431372549,TypePairMajority,sentence_local
35971028,D006938,c|DEL|1032|T,Association,c|DEL|1032|T,0.431372549,TypePairMajority,sentence_local
35971028,D006938,c|DEL|3700_3704|,Association,c|DEL|3700_3704|,0.431372549,TypePairMajority,sentence_local
35971028,D006938,rs137852769,Association,rs137852769,0.431372549,TypePairMajority,sentence_local
35971028,D006938,rs373822756,Association,rs373822756,0.431372549,TypePairMajority,sentence_local
35971028,D061325,c|DEL|1032|T,Association,c|DEL|1032|T,0.431372549,TypePairMajority,sentence_local
35971028,D061325,c|DEL|3700_3704|,Association,c|DEL|3700_3704|,0.431372549,TypePairMajority,sentence_local
35971028,D061325,rs137852769,Association,rs137852769,0.431372549,TypePairMajority,sentence_local
35971028,D061325,rs373822756,Association,rs373822756,0.431372549,TypePairMajority,sentence_local
36006710,14127,D000707,Association,14127,0.5936990766,TypePairMajority,sentence_local
36006710,208650,D000707,Association,208650,0.5936990766,TypePairMajority,sentence_local
36006710,868,D000080223,Association,868,0.5936990766,TypePairMajority,sentence_local
36006710,868,D001327,Association,868,0.5936990766,TypePairMajority,sentence_local
36006710,868,D007154,Association,868,0.5936990766,TypePairMajority,sentence_local
36006710,D000707,p|SUB|H|257|L,Association,p|SUB|H|257|L,0.431372549,TypePairMajority,sentence_local
36030825,D000255,p|SUB|C||D,Association,p|SUB|C||D,0.4096385542,TypePairMajority,sentence_local
36030825,D000255,p|SUB|C||S,Association,p|SUB|C||S,0.4096385542,TypePairMajority,sentence_local
36030825,D006861,p|SUB|C||D,Association,p|SUB|C||D,0.4096385542,TypePairMajority,sentence_local
36030825,D006861,p|SUB|C||S,Association,p|SUB|C||S,0.4096385542,TypePairMajority,sentence_local
36043564,1813,D013705,Association,1813,0.5936990766,TypePairMajority,sentence_local
36043564,1813,D059350,Association,1813,0.5936990766,TypePairMajority,sentence_local
36043564,255239,D013705,Association,255239,0.5936990766,TypePairMajority,sentence_local
36043564,D059350,rs6276,Association,rs6276,0.431372549,TypePairMajority,sentence_local
36056179,7422,D007249,Association,7422,0.5936990766,TypePairMajority,sentence_local
36056179,C000604877,D007249,Positive_Correlation,C000604877,0.3421807747,TypePairMajority,sentence_local
36056179,C000604877,D021441,Positive_Correlation,C000604877,0.3421807747,TypePairMajority,sentence_local
36056179,D000077146,D021441,Positive_Correlation,D000077146,0.3421807747,TypePairMajority,sentence_local
36056179,D000093542,D021441,Positive_Correlation,D000093542,0.3421807747,TypePairMajority,sentence_local
36056179,D002955,D021441,Positive_Correlation,D002955,0.3421807747,TypePairMajority,sentence_local
36056179,D005472,D021441,Positive_Correlation,D005472,0.3421807747,TypePairMajority,sentence_local
36063114,773,D000069279,Association,773,0.5936990766,TypePairMajority,sentence_local
36063114,773,D001284,Association,773,0.5936990766,TypePairMajority,sentence_local
36063114,773,D001927,Association,773,0.5936990766,TypePairMajority,sentence_local
36063114,773,D002526,Association,773,0.5936990766,TypePairMajority,sentence_local
36063114,773,D002658,Association,773,0.5936990766,TypePairMajority,sentence_local
36063114,773,D003072,Association,773,0.5936990766,TypePairMajority,sentence_local
36063114,773,D004827,Association,773,0.5936990766,TypePairMajority,sentence_local
36066413,1956,D008175,Association,1956,0.5936990766,TypePairMajority,sentence_local
36066413,1956,D009369,Association,1956,0.5936990766,TypePairMajority,sentence_local
36066413,340061,D008175,Association,340061,0.5936990766,TypePairMajority,sentence_local
36066413,340061,D009369,Association,340061,0.5936990766,TypePairMajority,sentence_local
36066413,4233,D008175,Association,4233,0.5936990766,TypePairMajority,sentence_local
36066413,4233,D009369,Association,4233,0.5936990766,TypePairMajority,sentence_local
36066413,4907,D008175,Association,4907,0.5936990766,TypePairMajority,sentence_local
36066413,4907,D009369,Association,4907,0.5936990766,TypePairMajority,sentence_local
36066413,8061,D008175,Association,8061,0.5936990766,TypePairMajority,sentence_local
36066413,D000068437,D008175,Positive_Correlation,D000068437,0.3421807747,TypePairMajority,sentence_local
36066413,D000068437,D009369,Positive_Correlation,D000068437,0.3421807747,TypePairMajority,sentence_local
36069435,C035598,D004767,Positive_Correlation,C035598,0.3421807747,TypePairMajority,sentence_local
36069435,C035598,p|SUB|C|186|A,Association,p|SUB|C|186|A,0.4096385542,TypePairMajority,sentence_local
36069435,C035598,p|SUB|D|48|A,Association,p|SUB|D|48|A,0.4096385542,TypePairMajority,sentence_local
36069435,C035598,p|SUB|F|91|C,Association,p|SUB|F|91|C,0.4096385542,TypePairMajority,sentence_local
36069435,C035598,p|SUB|L|315|A,Association,p|SUB|L|315|A,0.4096385542,TypePairMajority,sentence_local
36069435,C035598,p|SUB|Y|306|A,Association,p|SUB|Y|306|A,0.4096385542,TypePairMajority,sentence_local
36069435,D003911,p|SUB|C|186|A,Association,p|SUB|C|186|A,0.4096385542,TypePairMajority,sentence_local
36069435,D003911,p|SUB|L|315|A,Association,p|SUB|L|315|A,0.4096385542,TypePairMajority,sentence_local
36069435,D003911,p|SUB|Y|306|A,Association,p|SUB|Y|306|A,0.4096385542,TypePairMajority,sentence_local
36069435,D005070,p|SUB|D|48|A,Association,p|SUB|D|48|A,0.4096385542,TypePairMajority,sentence_local
36073307,3569,D000080424,Association,3569,0.5936990766,TypePairMajority,sentence_local
36073307,D000068437,D000077192,Positive_Correlation,D000068437,0.3421807747,TypePairMajority,sentence_local
36073307,D000074324,D000077192,Positive_Correlation,D000074324,0.3421807747,TypePairMajority,sentence_local
36073307,D000074324,D000080424,Positive_Correlation,D000074324,0.3421807747,TypePairMajority,sentence_local
36073307,D000074324,D000086382,Positive_Correlation,D000074324,0.3421807747,TypePairMajority,sentence_local
36073307,D000074324,D002289,Positive_Correlation,D000074324,0.3421807747,TypePairMajority,sentence_local
36073307,D000077192,D000077594,Positive_Correlation,D000077192,0.3421807747,TypePairMajority,sentence_local
36073307,D000077192,D016190,Positive_Correlation,D000077192,0.3421807747,TypePairMajority,sentence_local
36073307,D000077594,D000080424,Positive_Correlation,D000077594,0.3421807747,TypePairMajority,sentence_local
36073307,D000077594,D000086382,Positive_Correlation,D000077594,0.3421807747,TypePairMajority,sentence_local
36073307,D000077594,D002289,Positive_Correlation,D000077594,0.3421807747,TypePairMajority,sentence_local
36073307,D000077594,D003967,Positive_Correlation,D000077594,0.3421807747,TypePairMajority,sentence_local
36073307,D000077594,D005334,Positive_Correlation,D000077594,0.3421807747,TypePairMajority,sentence_local
36073307,D000080424,D000082082,Positive_Correlation,D000080424,0.3421807747,TypePairMajority,sentence_local
36073307,D000082082,D000086382,Positive_Correlation,D000082082,0.3421807747,TypePairMajority,sentence_local
36073307,D000082082,D002289,Positive_Correlation,D000082082,0.3421807747,TypePairMajority,sentence_local
36104326,546,C538258,Association,546,0.5936990766,TypePairMajority,sentence_local
36104326,546,D003057,Association,546,0.5936990766,TypePairMajority,sentence_local
36104326,C538258,c|SUB|G|21-1|A,Association,c|SUB|G|21-1|A,0.431372549,TypePairMajority,sentence_local
36104326,D003057,c|SUB|G|21-1|A,Association,c|SUB|G|21-1|A,0.431372549,TypePairMajority,sentence_local
36106887,3974689,D008288,Association,3974689,0.5936990766,TypePairMajority,sentence_local
36106887,C001205,p|SUB|I|431|V,Association,p|SUB|I|431|V,0.4096385542,TypePairMajority,sentence_local
36106887,D002738,D008288,Positive_Correlation,D002738,0.3421807747,TypePairMajority,sentence_local
36119652,C000718217,p|SUB|E|166|G,Association,p|SUB|E|166|G,0.4096385542,TypePairMajority,sentence_local
36119652,C000718217,p|SUB|H|172|Q,Association,p|SUB|H|172|Q,0.4096385542,TypePairMajority,sentence_local
36119652,C000718217,p|SUB|M|165|T,Association,p|SUB|M|165|T,0.4096385542,TypePairMajority,sentence_local
36121916,11278,D013964,Association,11278,0.5936990766,TypePairMajority,sentence_local
36121916,23528,D013964,Association,23528,0.5936990766,TypePairMajority,sentence_local
36121916,5970,D013964,Association,5970,0.5936990766,TypePairMajority,sentence_local
36121916,D000244,D013964,Positive_Correlation,D000244,0.3421807747,TypePairMajority,sentence_local
36121916,D000255,D013964,Positive_Correlation,D000255,0.3421807747,TypePairMajority,sentence_local
36121916,D005947,D013964,Positive_Correlation,D005947,0.3421807747,TypePairMajority,sentence_local
36121916,D013964,D014238,Positive_Correlation,D013964,0.3421807747,TypePairMajority,sentence_local
36121916,D013964,D019289,Positive_Correlation,D013964,0.3421807747,TypePairMajority,sentence_local
36121916,D013964,D019344,Positive_Correlation,D013964,0.3421807747,TypePairMajority,sentence_local
36126070,1071,D009765,Association,1071,0.5936990766,TypePairMajority,sentence_local
36126070,1071,D050177,Association,1071,0.5936990766,TypePairMajority,sentence_local
36126070,3952,D009765,Association,3952,0.5936990766,TypePairMajority,sentence_local
36126070,3952,D050177,Association,3952,0.5936990766,TypePairMajority,sentence_local
36126070,3953,D009765,Association,3953,0.5936990766,TypePairMajority,sentence_local
36126070,3953,D050177,Association,3953,0.5936990766,TypePairMajority,sentence_local
36126070,79068,D009765,Association,79068,0.5936990766,TypePairMajority,sentence_local
36126070,79068,D050177,Association,79068,0.5936990766,TypePairMajority,sentence_local
36126070,9370,D009765,Association,9370,0.5936990766,TypePairMajority,sentence_local
36126070,9370,D050177,Association,9370,0.5936990766,TypePairMajority,sentence_local
36126070,D009765,rs1137101,Association,rs1137101,0.431372549,TypePairMajority,sentence_local
36126070,D009765,rs1421085,Association,rs1421085,0.431372549,TypePairMajority,sentence_local
36126070,D009765,rs1558902,Association,rs1558902,0.431372549,TypePairMajority,sentence_local
36126070,D009765,rs17817449,Association,rs17817449,0.431372549,TypePairMajority,sentence_local
36126070,D009765,rs2241766,Association,rs2241766,0.431372549,TypePairMajority,sentence_local
36126070,D009765,rs9939609,Association,rs9939609,0.431372549,TypePairMajority,sentence_local
36134995,282863,D008414,Association,282863,0.5936990766,TypePairMajority,sentence_local
36135322,6603,C537592,Association,6603,0.5936990766,TypePairMajority,sentence_local
36135322,6603,D000084063,Association,6603,0.5936990766,TypePairMajority,sentence_local
36135322,6603,D009190,Association,6603,0.5936990766,TypePairMajority,sentence_local
36135322,6603,D009503,Association,6603,0.5936990766,TypePairMajority,sentence_local
36135322,C537592,D016179,Positive_Correlation,C537592,0.3421807747,TypePairMajority,sentence_local
36135322,C537592,c|DEL|1081|,Association,c|DEL|1081|,0.431372549,TypePairMajority,sentence_local
36135322,C537592,p|SUB|R|73|,Association,p|SUB|R|73|,0.431372549,TypePairMajority,sentence_local
36135322,C537592,rs1215296259,Association,rs1215296259,0.431372549,TypePairMajority,sentence_local
36135322,C537592,rs1423900007,Association,rs1423900007,0.431372549,TypePairMajority,sentence_local
36135322,D000084063,D016179,Positive_Correlation,D000084063,0.3421807747,TypePairMajority,sentence_local
36135322,D009190,D016179,Positive_Correlation,D009190,0.3421807747,TypePairMajority,sentence_local
36135322,D009503,D016179,Positive_Correlation,D009503,0.3421807747,TypePairMajority,sentence_local
36139522,C108475,D009369,Positive_Correlation,C108475,0.3421807747,TypePairMajority,sentence_local
36139522,C108475,D018297,Positive_Correlation,C108475,0.3421807747,TypePairMajority,sentence_local
36139522,D007559,D009369,Positive_Correlation,D007559,0.3421807747,TypePairMajority,sentence_local
36139522,D007559,D018297,Positive_Correlation,D007559,0.3421807747,TypePairMajority,sentence_local
36139522,D008687,D009369,Positive_Correlation,D008687,0.3421807747,TypePairMajority,sentence_local
36139522,D009369,D017239,Positive_Correlation,D009369,0.3421807747,TypePairMajority,sentence_local
36139522,D009369,D017964,Positive_Correlation,D009369,0.3421807747,TypePairMajority,sentence_local
36139522,D009369,D019386,Positive_Correlation,D009369,0.3421807747,TypePairMajority,sentence_local
36139522,D017239,D018297,Positive_Correlation,D017239,0.3421807747,TypePairMajority,sentence_local
36140341,7100,D002289,Association,7100,0.5936990766,TypePairMajority,sentence_local
36140341,7100,D008175,Association,7100,0.5936990766,TypePairMajority,sentence_local
36140341,7100,D029424,Association,7100,0.5936990766,TypePairMajority,sentence_local
36140341,D002289,rs2072493,Association,rs2072493,0.431372549,TypePairMajority,sentence_local
36140341,D002289,rs5744174,Association,rs5744174,0.431372549,TypePairMajority,sentence_local
36140341,D002289,rs725084,Association,rs725084,0.431372549,TypePairMajority,sentence_local
36140341,D002294,rs5744174,Association,rs5744174,0.431372549,TypePairMajority,sentence_local
36140341,D002294,rs725084,Association,rs725084,0.431372549,TypePairMajority,sentence_local
36140341,D029424,rs2072493,Association,rs2072493,0.431372549,TypePairMajority,sentence_local
36140341,D029424,rs5744174,Association,rs5744174,0.431372549,TypePairMajority,sentence_local
36140341,D029424,rs725084,Association,rs725084,0.431372549,TypePairMajority,sentence_local
36140807,100009704,D020964,Association,100009704,0.5936990766,TypePairMajority,sentence_local
36140807,100056517,D020964,Association,100056517,0.5936990766,TypePairMajority,sentence_local
36140807,D020964,g|SUB|A|79544206|T,Association,g|SUB|A|79544206|T,0.431372549,TypePairMajority,sentence_local
36140807,D020964,p|SUB|C|70|Y,Association,p|SUB|C|70|Y,0.431372549,TypePairMajority,sentence_local
36142345,2147,D001778,Association,2147,0.5936990766,TypePairMajority,sentence_local
36142345,2152,D001778,Association,2152,0.5936990766,TypePairMajority,sentence_local
36142345,2153,D001778,Association,2153,0.5936990766,TypePairMajority,sentence_local
36142345,2244,D001778,Association,2244,0.5936990766,TypePairMajority,sentence_local
36142345,43740568,D000086382,Association,43740568,0.5936990766,TypePairMajority,sentence_local
36142345,43740568,D001778,Association,43740568,0.5936990766,TypePairMajority,sentence_local
36142345,7035,D000086382,Association,7035,0.5936990766,TypePairMajority,sentence_local
36142345,7035,D001778,Association,7035,0.5936990766,TypePairMajority,sentence_local
36142345,7035,D013927,Association,7035,0.5936990766,TypePairMajority,sentence_local
36142345,D001778,D013438,Positive_Correlation,D001778,0.3421807747,TypePairMajority,sentence_local
36142345,D013438,D013927,Positive_Correlation,D013438,0.3421807747,TypePairMajority,sentence_local
36142500,18033,D007249,Association,18033,0.5936990766,TypePairMajority,sentence_local
36142500,26414,D002280,Association,26414,0.5936990766,TypePairMajority,sentence_local
36142500,26419,D007249,Association,26419,0.5936990766,TypePairMajority,sentence_local
36142500,319757,D002280,Association,319757,0.5936990766,TypePairMajority,sentence_local
36142500,C561435,D002280,Positive_Correlation,C561435,0.3421807747,TypePairMajority,sentence_local
36142500,C561435,D007249,Positive_Correlation,C561435,0.3421807747,TypePairMajority,sentence_local
36142500,C561435,D020078,Positive_Correlation,C561435,0.3421807747,TypePairMajority,sentence_local
36142500,D007249,D008070,Positive_Correlation,D007249,0.3421807747,TypePairMajority,sentence_local
36142607,1728,D000077195,Association,1728,0.5936990766,TypePairMajority,sentence_local
36142607,1728,D009362,Association,1728,0.5936990766,TypePairMajority,sentence_local
36142607,221883,D000077195,Association,221883,0.5936990766,TypePairMajority,sentence_local
36142607,221883,D009362,Association,221883,0.5936990766,TypePairMajority,sentence_local
36142607,221883,D009369,Association,221883,0.5936990766,TypePairMajority,sentence_local
36142607,221883,D015179,Association,221883,0.5936990766,TypePairMajority,sentence_local
36142607,4835,D000077195,Association,4835,0.5936990766,TypePairMajority,sentence_local
36142607,4835,D009362,Association,4835,0.5936990766,TypePairMajority,sentence_local
36142607,574452,D000077195,Association,574452,0.5936990766,TypePairMajority,sentence_local
36145636,338,D006470,Association,338,0.5936990766,TypePairMajority,sentence_local
36145636,348,D006470,Association,348,0.5936990766,TypePairMajority,sentence_local
36145636,5243,D006470,Association,5243,0.5936990766,TypePairMajority,sentence_local
36145636,D000069552,D000740,Positive_Correlation,D000069552,0.3421807747,TypePairMajority,sentence_local
36145636,D000069552,D006470,Positive_Correlation,D000069552,0.3421807747,TypePairMajority,sentence_local
36145636,D006470,rs13306198,Association,rs13306198,0.431372549,TypePairMajority,sentence_local
36145636,D006470,rs3842,Association,rs3842,0.431372549,TypePairMajority,sentence_local
36147124,D003345,D014376,Positive_Correlation,D003345,0.3421807747,TypePairMajority,sentence_local
36147124,D004802,D004977,Positive_Correlation,D004802,0.3421807747,TypePairMajority,sentence_local
36147124,D004802,D007538,Positive_Correlation,D004802,0.3421807747,TypePairMajority,sentence_local
36147124,D004802,D011718,Positive_Correlation,D004802,0.3421807747,TypePairMajority,sentence_local
36147124,D004802,D012293,Positive_Correlation,D004802,0.3421807747,TypePairMajority,sentence_local
36147124,D004977,D005076,Positive_Correlation,D004977,0.3421807747,TypePairMajority,sentence_local
36147124,D004977,D005334,Positive_Correlation,D004977,0.3421807747,TypePairMajority,sentence_local
36147124,D004977,D014397,Positive_Correlation,D004977,0.3421807747,TypePairMajority,sentence_local
36147124,D004977,D056486,Positive_Correlation,D004977,0.3421807747,TypePairMajority,sentence_local
36147124,D005076,D007538,Positive_Correlation,D005076,0.3421807747,TypePairMajority,sentence_local
36147124,D005076,D011718,Positive_Correlation,D005076,0.3421807747,TypePairMajority,sentence_local
36147124,D005076,D012293,Positive_Correlation,D005076,0.3421807747,TypePairMajority,sentence_local
36147124,D005334,D007538,Positive_Correlation,D005334,0.3421807747,TypePairMajority,sentence_local
36147124,D005334,D011718,Positive_Correlation,D005334,0.3421807747,TypePairMajority,sentence_local
36147124,D005334,D012293,Positive_Correlation,D005334,0.3421807747,TypePairMajority,sentence_local
36147124,D007538,D056486,Positive_Correlation,D007538,0.3421807747,TypePairMajority,sentence_local
36147124,D011718,D056486,Positive_Correlation,D011718,0.3421807747,TypePairMajority,sentence_local
36147124,D012293,D056486,Positive_Correlation,D012293,0.3421807747,TypePairMajority,sentence_local
36147124,D013256,D014397,Positive_Correlation,D013256,0.3421807747,TypePairMajority,sentence_local
36147124,D013256,D063926,Positive_Correlation,D013256,0.3421807747,TypePairMajority,sentence_local
36147124,D013307,D014397,Positive_Correlation,D013307,0.3421807747,TypePairMajority,sentence_local
36147124,D014397,D064704,Positive_Correlation,D014397,0.3421807747,TypePairMajority,sentence_local
36153348,1017,D001943,Association,1017,0.5936990766,TypePairMajority,sentence_local
36153348,1017,D009369,Association,1017,0.5936990766,TypePairMajority,sentence_local
36153348,1019,D001943,Association,1019,0.5936990766,TypePairMajority,sentence_local
36153348,1019,D009369,Association,1019,0.5936990766,TypePairMajority,sentence_local
36153348,1021,D001943,Association,1021,0.5936990766,TypePairMajority,sentence_local
36153348,1021,D009369,Association,1021,0.5936990766,TypePairMajority,sentence_local
36153348,1588,D001943,Association,1588,0.5936990766,TypePairMajority,sentence_local
36153348,2099,D001943,Association,2099,0.5936990766,TypePairMajority,sentence_local
36153348,2099,D009369,Association,2099,0.5936990766,TypePairMajority,sentence_local
36153348,898,D001943,Association,898,0.5936990766,TypePairMajority,sentence_local
36153348,898,D009369,Association,898,0.5936990766,TypePairMajority,sentence_local
36154845,10599,D009135,Association,10599,0.5936990766,TypePairMajority,sentence_local
36154845,D000077144,D002318,Positive_Correlation,D000077144,0.3421807747,TypePairMajority,sentence_local
36154845,D002318,D014859,Positive_Correlation,D002318,0.3421807747,TypePairMajority,sentence_local
36154845,D009135,rs4149056,Association,rs4149056,0.431372549,TypePairMajority,sentence_local
36154845,D014859,rs9923231,Association,rs9923231,0.4096385542,TypePairMajority,sentence_local
36160414,7364,D004827,Association,7364,0.5936990766,TypePairMajority,sentence_local
36160414,D004827,D014635,Positive_Correlation,D004827,0.3421807747,TypePairMajority,sentence_local
36160880,C079198,D005221,Positive_Correlation,C079198,0.3421807747,TypePairMajority,sentence_local
36160880,C079198,D006973,Positive_Correlation,C079198,0.3421807747,TypePairMajority,sentence_local
36160880,C079198,D007970,Positive_Correlation,C079198,0.3421807747,TypePairMajority,sentence_local
36160880,C079198,D013274,Positive_Correlation,C079198,0.3421807747,TypePairMajority,sentence_local
36160880,C553458,D005221,Positive_Correlation,C553458,0.3421807747,TypePairMajority,sentence_local
36160880,C553458,D006973,Positive_Correlation,C553458,0.3421807747,TypePairMajority,sentence_local
36160880,C553458,D007970,Positive_Correlation,C553458,0.3421807747,TypePairMajority,sentence_local
36160880,C553458,D013274,Positive_Correlation,C553458,0.3421807747,TypePairMajority,sentence_local
36160880,D000077150,D005221,Positive_Correlation,D000077150,0.3421807747,TypePairMajority,sentence_local
36160880,D000077150,D006973,Positive_Correlation,D000077150,0.3421807747,TypePairMajority,sentence_local
36160880,D000077150,D007970,Positive_Correlation,D000077150,0.3421807747,TypePairMajority,sentence_local
36160880,D000077150,D013274,Positive_Correlation,D000077150,0.3421807747,TypePairMajority,sentence_local
36168628,10643,D005909,Association,10643,0.5936990766,TypePairMajority,sentence_local
36168628,207,D005909,Association,207,0.5936990766,TypePairMajority,sentence_local
36168628,285962,D005909,Association,285962,0.5936990766,TypePairMajority,sentence_local
36168628,5290,D005909,Association,5290,0.5936990766,TypePairMajority,sentence_local
36168628,6185,D005909,Association,6185,0.5936990766,TypePairMajority,sentence_local
36168628,8453,D005909,Association,8453,0.5936990766,TypePairMajority,sentence_local
36168628,C010223,D005909,Positive_Correlation,C010223,0.3421807747,TypePairMajority,sentence_local
36168628,C010223,D009369,Positive_Correlation,C010223,0.3421807747,TypePairMajority,sentence_local
36168628,D000069439,D005909,Positive_Correlation,D000069439,0.3421807747,TypePairMajority,sentence_local
36172092,4015,D013345,Association,4015,0.5936990766,TypePairMajority,sentence_local
36172092,4015,D017542,Association,4015,0.5936990766,TypePairMajority,sentence_local
36172092,4016,D013345,Association,4016,0.5936990766,TypePairMajority,sentence_local
36172092,4016,D017542,Association,4016,0.5936990766,TypePairMajority,sentence_local
36172092,4017,D013345,Association,4017,0.5936990766,TypePairMajority,sentence_local
36172092,4017,D017542,Association,4017,0.5936990766,TypePairMajority,sentence_local
36172092,84171,D013345,Association,84171,0.5936990766,TypePairMajority,sentence_local
36172092,84171,D017542,Association,84171,0.5936990766,TypePairMajority,sentence_local
36172092,84695,D013345,Association,84695,0.5936990766,TypePairMajority,sentence_local
36172092,84695,D017542,Association,84695,0.5936990766,TypePairMajority,sentence_local
36172092,D017542,rs10519694,Association,rs10519694,0.431372549,TypePairMajority,sentence_local
36172092,D017542,rs1063582,Association,rs1063582,0.431372549,TypePairMajority,sentence_local
36172092,D017542,rs17010021,Association,rs17010021,0.431372549,TypePairMajority,sentence_local
36172092,D017542,rs17010022,Association,rs17010022,0.431372549,TypePairMajority,sentence_local
36172092,D017542,rs1800449,Association,rs1800449,0.431372549,TypePairMajority,sentence_local
36172092,D017542,rs2165241,Association,rs2165241,0.431372549,TypePairMajority,sentence_local
36172092,D017542,rs3793692,Association,rs3793692,0.431372549,TypePairMajority,sentence_local
36173498,43740568,D007239,Association,43740568,0.5936990766,TypePairMajority,sentence_local
36173498,59272,D007239,Association,59272,0.5936990766,TypePairMajority,sentence_local
36174980,D003907,D006943,Positive_Correlation,D003907,0.3421807747,TypePairMajority,sentence_local
36174980,D003907,D007960,Positive_Correlation,D003907,0.3421807747,TypePairMajority,sentence_local
36174993,11009,D001249,Association,11009,0.5936990766,TypePairMajority,sentence_local
36174993,11009,D006967,Association,11009,0.5936990766,TypePairMajority,sentence_local
36174993,11009,D007249,Association,11009,0.5936990766,TypePairMajority,sentence_local
36174993,11009,D012130,Association,11009,0.5936990766,TypePairMajority,sentence_local
36174993,16171,D001249,Association,16171,0.5936990766,TypePairMajority,sentence_local
36174993,16171,D007249,Association,16171,0.5936990766,TypePairMajority,sentence_local
36174993,16171,D008679,Association,16171,0.5936990766,TypePairMajority,sentence_local
36174993,16171,D012130,Association,16171,0.5936990766,TypePairMajority,sentence_local
36174993,27178,D001249,Association,27178,0.5936990766,TypePairMajority,sentence_local
36174993,27178,D007249,Association,27178,0.5936990766,TypePairMajority,sentence_local
36174993,27178,D008679,Association,27178,0.5936990766,TypePairMajority,sentence_local
36174993,27178,D012130,Association,27178,0.5936990766,TypePairMajority,sentence_local
36174993,3605,D001249,Association,3605,0.5936990766,TypePairMajority,sentence_local
36174993,3605,D007249,Association,3605,0.5936990766,TypePairMajority,sentence_local
36174993,3605,D012130,Association,3605,0.5936990766,TypePairMajority,sentence_local
36174993,93672,D001249,Association,93672,0.5936990766,TypePairMajority,sentence_local
36174993,93672,D007249,Association,93672,0.5936990766,TypePairMajority,sentence_local
36174993,93672,D008679,Association,93672,0.5936990766,TypePairMajority,sentence_local
36174993,93672,D012130,Association,93672,0.5936990766,TypePairMajority,sentence_local
36174993,D001249,D008070,Positive_Correlation,D001249,0.3421807747,TypePairMajority,sentence_local
36174993,D001249,D034741,Positive_Correlation,D001249,0.3421807747,TypePairMajority,sentence_local
36176335,65250,C536293,Association,65250,0.5936990766,TypePairMajority,sentence_local
36176335,65250,D001259,Association,65250,0.5936990766,TypePairMajority,sentence_local
36182010,D002637,g|SUB|C|14408|T,Association,g|SUB|C|14408|T,0.431372549,TypePairMajority,sentence_local
36182010,D002637,g|SUB|C|3916|T,Association,g|SUB|C|3916|T,0.431372549,TypePairMajority,sentence_local
36182010,D002637,g|SUB|G|28881|A,Association,g|SUB|G|28881|A,0.431372549,TypePairMajority,sentence_local
36182010,D002637,g|SUB|G|28882|A,Association,g|SUB|G|28882|A,0.431372549,TypePairMajority,sentence_local
36182010,D002637,g|SUB|G|28883|C,Association,g|SUB|G|28883|C,0.431372549,TypePairMajority,sentence_local
36182010,D010612,g|SUB|C|14408|T,Association,g|SUB|C|14408|T,0.431372549,TypePairMajority,sentence_local
36182010,D010612,g|SUB|C|3916|T,Association,g|SUB|C|3916|T,0.431372549,TypePairMajority,sentence_local
36182010,D010612,g|SUB|G|28881|A,Association,g|SUB|G|28881|A,0.431372549,TypePairMajority,sentence_local
36182010,D010612,g|SUB|G|28882|A,Association,g|SUB|G|28882|A,0.431372549,TypePairMajority,sentence_local
36182010,D010612,g|SUB|G|28883|C,Association,g|SUB|G|28883|C,0.431372549,TypePairMajority,sentence_local
36185574,114548,D005234,Association,114548,0.5936990766,TypePairMajority,sentence_local
36185574,114548,D008103,Association,114548,0.5936990766,TypePairMajority,sentence_local
36185574,12176,D008103,Association,12176,0.5936990766,TypePairMajority,sentence_local
36185574,214763,D008103,Association,214763,0.5936990766,TypePairMajority,sentence_local
36185574,214763,D028361,Association,214763,0.5936990766,TypePairMajority,sentence_local
36185574,216799,D008103,Association,216799,0.5936990766,TypePairMajority,sentence_local
36185574,216799,D028361,Association,216799,0.5936990766,TypePairMajority,sentence_local
36185574,22433,D005355,Association,22433,0.5936990766,TypePairMajority,sentence_local
36185574,22433,D008103,Association,22433,0.5936990766,TypePairMajority,sentence_local
36185574,340061,D008103,Association,340061,0.5936990766,TypePairMajority,sentence_local
36185574,72512,D008103,Association,72512,0.5936990766,TypePairMajority,sentence_local
36185574,72512,D028361,Association,72512,0.5936990766,TypePairMajority,sentence_local
36185574,7494,D005234,Association,7494,0.5936990766,TypePairMajority,sentence_local
36185574,7494,D005355,Association,7494,0.5936990766,TypePairMajority,sentence_local
36185574,7494,D008103,Association,7494,0.5936990766,TypePairMajority,sentence_local
36185574,D002251,D008103,Positive_Correlation,D002251,0.3421807747,TypePairMajority,sentence_local
36185574,D002794,D008103,Positive_Correlation,D002794,0.3421807747,TypePairMajority,sentence_local
36185574,D008103,D008715,Positive_Correlation,D008103,0.3421807747,TypePairMajority,sentence_local
36188601,110355,D001168,Association,110355,0.5936990766,TypePairMajority,sentence_local
36188601,11555,D001168,Association,11555,0.5936990766,TypePairMajority,sentence_local
36188601,11555,D007249,Association,11555,0.5936990766,TypePairMajority,sentence_local
36188601,12043,D001168,Association,12043,0.5936990766,TypePairMajority,sentence_local
36188601,12359,D001168,Association,12359,0.5936990766,TypePairMajority,sentence_local
36188601,16176,D001168,Association,16176,0.5936990766,TypePairMajority,sentence_local
36188601,16193,D001168,Association,16193,0.5936990766,TypePairMajority,sentence_local
36188601,20309,D001168,Association,20309,0.5936990766,TypePairMajority,sentence_local
36188601,216869,D001168,Association,216869,0.5936990766,TypePairMajority,sentence_local
36188601,21926,D001168,Association,21926,0.5936990766,TypePairMajority,sentence_local
36188601,D000420,D001168,Positive_Correlation,D000420,0.3421807747,TypePairMajority,sentence_local
36188601,D001168,D005978,Positive_Correlation,D001168,0.3421807747,TypePairMajority,sentence_local
36188601,D001168,D007545,Positive_Correlation,D001168,0.3421807747,TypePairMajority,sentence_local
36193787,1956,D002289,Association,1956,0.5936990766,TypePairMajority,sentence_local
36193787,1956,D009362,Association,1956,0.5936990766,TypePairMajority,sentence_local
36193787,D000077156,D009362,Positive_Correlation,D000077156,0.3421807747,TypePairMajority,sentence_local
36193787,D000077716,D002289,Positive_Correlation,D000077716,0.3421807747,TypePairMajority,sentence_local
36193787,D000077716,D009362,Positive_Correlation,D000077716,0.3421807747,TypePairMajority,sentence_local
36193787,D000077716,p|SUB|L|747|V,Association,p|SUB|L|747|V,0.4096385542,TypePairMajority,sentence_local
36193787,D000077716,rs121434568,Association,rs121434568,0.4096385542,TypePairMajority,sentence_local
36193787,D002289,p|SUB|L|747|V,Association,p|SUB|L|747|V,0.431372549,TypePairMajority,sentence_local
36193787,D002289,rs121434568,Association,rs121434568,0.431372549,TypePairMajority,sentence_local
36193787,D009362,p|SUB|L|747|V,Association,p|SUB|L|747|V,0.431372549,TypePairMajority,sentence_local
36193787,D009362,rs121434568,Association,rs121434568,0.431372549,TypePairMajority,sentence_local
36193932,217,D000083242,Association,217,0.5936990766,TypePairMajority,sentence_local
36193932,3992,D000083242,Association,3992,0.5936990766,TypePairMajority,sentence_local
36193932,3992,D020521,Association,3992,0.5936990766,TypePairMajority,sentence_local
36193932,4524,D000083242,Association,4524,0.5936990766,TypePairMajority,sentence_local
36193932,745,D000083242,Association,745,0.5936990766,TypePairMajority,sentence_local
36193932,745,D020521,Association,745,0.5936990766,TypePairMajority,sentence_local
36193932,9415,D000083242,Association,9415,0.5936990766,TypePairMajority,sentence_local
36193932,9415,D020521,Association,9415,0.5936990766,TypePairMajority,sentence_local
36193932,D000083242,D000431,Positive_Correlation,D000083242,0.3421807747,TypePairMajority,sentence_local
36193932,D000083242,D005231,Positive_Correlation,D000083242,0.3421807747,TypePairMajority,sentence_local
36193932,D000083242,D006710,Positive_Correlation,D000083242,0.3421807747,TypePairMajority,sentence_local
36193932,D000083242,rs1801133,Association,rs1801133,0.431372549,TypePairMajority,sentence_local
36193932,D000431,rs671,Association,rs671,0.4096385542,TypePairMajority,sentence_local
36193932,D020521,rs174535,Association,rs174535,0.431372549,TypePairMajority,sentence_local
36193932,D020521,rs174545,Association,rs174545,0.431372549,TypePairMajority,sentence_local
36193932,D020521,rs3834458,Association,rs3834458,0.431372549,TypePairMajority,sentence_local
36195861,3559,D002547,Association,3559,0.5936990766,TypePairMajority,sentence_local
36195861,D002547,rs12244380,Association,rs12244380,0.431372549,TypePairMajority,sentence_local
36195861,D002547,rs12722561,Association,rs12722561,0.431372549,TypePairMajority,sentence_local
36195861,D002547,rs2025345,Association,rs2025345,0.431372549,TypePairMajority,sentence_local
36195861,D002547,rs2104286,Association,rs2104286,0.431372549,TypePairMajority,sentence_local
36195861,D002547,rs4749926,Association,rs4749926,0.431372549,TypePairMajority,sentence_local
36195861,D002547,rs706778,Association,rs706778,0.431372549,TypePairMajority,sentence_local
36195861,D002658,rs12722561,Association,rs12722561,0.431372549,TypePairMajority,sentence_local
36195861,D002658,rs2025345,Association,rs2025345,0.431372549,TypePairMajority,sentence_local
36195861,D011782,rs12722561,Association,rs12722561,0.431372549,TypePairMajority,sentence_local
36195861,D011782,rs2025345,Association,rs2025345,0.431372549,TypePairMajority,sentence_local
36199584,1051,D008180,Association,1051,0.5936990766,TypePairMajority,sentence_local
36199584,3459,D001327,Association,3459,0.5936990766,TypePairMajority,sentence_local
36199584,3459,D008180,Association,3459,0.5936990766,TypePairMajority,sentence_local
36199584,53832,D001327,Association,53832,0.5936990766,TypePairMajority,sentence_local
36199584,53832,D008180,Association,53832,0.5936990766,TypePairMajority,sentence_local
36199584,5970,D008180,Association,5970,0.5936990766,TypePairMajority,sentence_local
36199584,7128,D001327,Association,7128,0.5936990766,TypePairMajority,sentence_local
36199584,7128,D008180,Association,7128,0.5936990766,TypePairMajority,sentence_local
36199584,D008180,rs10499197,Association,rs10499197,0.431372549,TypePairMajority,sentence_local
36203844,7781,D001523,Association,7781,0.5936990766,TypePairMajority,sentence_local
36203844,7781,D001714,Association,7781,0.5936990766,TypePairMajority,sentence_local
36203844,7781,D012559,Association,7781,0.5936990766,TypePairMajority,sentence_local
36203844,D001714,D018698,Positive_Correlation,D001714,0.3421807747,TypePairMajority,sentence_local
36203844,D001714,rs11126929,Association,rs11126929,0.431372549,TypePairMajority,sentence_local
36203844,D001714,rs11126936,Association,rs11126936,0.431372549,TypePairMajority,sentence_local
36203844,D012559,D018698,Positive_Correlation,D012559,0.3421807747,TypePairMajority,sentence_local
36203844,D012559,rs11126929,Association,rs11126929,0.431372549,TypePairMajority,sentence_local
36203844,D012559,rs11126936,Association,rs11126936,0.431372549,TypePairMajority,sentence_local
36203954,2475,D008545,Association,2475,0.5936990766,TypePairMajority,sentence_local
36203954,2475,D009369,Association,2475,0.5936990766,TypePairMajority,sentence_local
36203954,29126,D008545,Association,29126,0.5936990766,TypePairMajority,sentence_local
36203954,29126,D009369,Association,29126,0.5936990766,TypePairMajority,sentence_local
36203954,3091,D008545,Association,3091,0.5936990766,TypePairMajority,sentence_local
36203954,4609,D008545,Association,4609,0.5936990766,TypePairMajority,sentence_local
36203954,5133,D008545,Association,5133,0.5936990766,TypePairMajority,sentence_local
36203954,C034221,D008545,Positive_Correlation,C034221,0.3421807747,TypePairMajority,sentence_local
36203954,C572449,D008545,Positive_Correlation,C572449,0.3421807747,TypePairMajority,sentence_local
36203954,D008545,D010984,Positive_Correlation,D008545,0.3421807747,TypePairMajority,sentence_local
36203954,D008545,D011108,Positive_Correlation,D008545,0.3421807747,TypePairMajority,sentence_local
36204321,57724,C535566,Association,57724,0.5936990766,TypePairMajority,sentence_local
36208776,6622,D000080874,Association,6622,0.5936990766,TypePairMajority,sentence_local
36208776,6622,D010300,Association,6622,0.5936990766,TypePairMajority,sentence_local
36208776,6622,D019578,Association,6622,0.5936990766,TypePairMajority,sentence_local
36208776,6622,D020961,Association,6622,0.5936990766,TypePairMajority,sentence_local
36208776,C042859,D010300,Positive_Correlation,C042859,0.3421807747,TypePairMajority,sentence_local
36208776,D008055,D010300,Positive_Correlation,D008055,0.3421807747,TypePairMajority,sentence_local
36208776,D008055,p|SUB|A|30|P,Association,p|SUB|A|30|P,0.4096385542,TypePairMajority,sentence_local
36208776,D008055,rs104893875,Association,rs104893875,0.4096385542,TypePairMajority,sentence_local
36208776,D008055,rs104893877,Association,rs104893877,0.4096385542,TypePairMajority,sentence_local
36208776,D008055,rs201106962,Association,rs201106962,0.4096385542,TypePairMajority,sentence_local
36208776,D008055,rs431905511,Association,rs431905511,0.4096385542,TypePairMajority,sentence_local
36208776,D010300,c|SUB|A|30|G/P,Association,c|SUB|A|30|G/P,0.431372549,TypePairMajority,sentence_local
36208776,D010300,rs104893875,Association,rs104893875,0.431372549,TypePairMajority,sentence_local
36208776,D010300,rs104893877,Association,rs104893877,0.431372549,TypePairMajority,sentence_local
36208776,D010300,rs201106962,Association,rs201106962,0.431372549,TypePairMajority,sentence_local
36208776,D010300,rs431905511,Association,rs431905511,0.431372549,TypePairMajority,sentence_local
36212142,2539,D005955,Association,2539,0.5936990766,TypePairMajority,sentence_local
36214671,18033,D010051,Association,18033,0.5936990766,TypePairMajority,sentence_local
36214671,19698,D009364,Association,19698,0.5936990766,TypePairMajority,sentence_local
36214671,19698,D010051,Association,19698,0.5936990766,TypePairMajority,sentence_local
36214671,20674,D010051,Association,20674,0.5936990766,TypePairMajority,sentence_local
36214671,21417,D010051,Association,21417,0.5936990766,TypePairMajority,sentence_local
36214671,21944,D009364,Association,21944,0.5936990766,TypePairMajority,sentence_local
36214671,21944,D010051,Association,21944,0.5936990766,TypePairMajority,sentence_local
36214671,22352,D010051,Association,22352,0.5936990766,TypePairMajority,sentence_local
36214671,27279,D009364,Association,27279,0.5936990766,TypePairMajority,sentence_local
36214671,27279,D010051,Association,27279,0.5936990766,TypePairMajority,sentence_local
36214671,D010051,D016190,Positive_Correlation,D010051,0.3421807747,TypePairMajority,sentence_local
36221131,27086,D007249,Association,27086,0.5936990766,TypePairMajority,sentence_local
36221131,27086,D008171,Association,27086,0.5936990766,TypePairMajority,sentence_local
36221131,27086,D029424,Association,27086,0.5936990766,TypePairMajority,sentence_local
36221131,27086,D054990,Association,27086,0.5936990766,TypePairMajority,sentence_local
36221131,3569,D007249,Association,3569,0.5936990766,TypePairMajority,sentence_local
36221131,3569,D029424,Association,3569,0.5936990766,TypePairMajority,sentence_local
36221131,3569,D054990,Association,3569,0.5936990766,TypePairMajority,sentence_local
36221131,3576,D007249,Association,3576,0.5936990766,TypePairMajority,sentence_local
36221131,3576,D029424,Association,3576,0.5936990766,TypePairMajority,sentence_local
36221131,3576,D054990,Association,3576,0.5936990766,TypePairMajority,sentence_local
36221131,4312,D007249,Association,4312,0.5936990766,TypePairMajority,sentence_local
36221131,4312,D029424,Association,4312,0.5936990766,TypePairMajority,sentence_local
36221131,4312,D054990,Association,4312,0.5936990766,TypePairMajority,sentence_local
36221131,4313,D007249,Association,4313,0.5936990766,TypePairMajority,sentence_local
36221131,4313,D029424,Association,4313,0.5936990766,TypePairMajority,sentence_local
36221131,4313,D054990,Association,4313,0.5936990766,TypePairMajority,sentence_local
36221131,4314,D007249,Association,4314,0.5936990766,TypePairMajority,sentence_local
36221131,4314,D029424,Association,4314,0.5936990766,TypePairMajority,sentence_local
36221131,4314,D054990,Association,4314,0.5936990766,TypePairMajority,sentence_local
36221131,D054990,rs1499894,Association,rs1499894,0.431372549,TypePairMajority,sentence_local
36221131,D054990,rs35480566,Association,rs35480566,0.431372549,TypePairMajority,sentence_local
36224043,7422,D004751,Association,7422,0.5936990766,TypePairMajority,sentence_local
36224043,7422,D007416,Association,7422,0.5936990766,TypePairMajority,sentence_local
36224043,7422,D064420,Association,7422,0.5936990766,TypePairMajority,sentence_local
36224043,925,D004751,Association,925,0.5936990766,TypePairMajority,sentence_local
36224043,925,D064420,Association,925,0.5936990766,TypePairMajority,sentence_local
36224043,C000594389,D003967,Positive_Correlation,C000594389,0.3421807747,TypePairMajority,sentence_local
36224043,C000594389,D006509,Positive_Correlation,C000594389,0.3421807747,TypePairMajority,sentence_local
36224043,C000594389,D006528,Positive_Correlation,C000594389,0.3421807747,TypePairMajority,sentence_local
36224043,C000594389,D007416,Positive_Correlation,C000594389,0.3421807747,TypePairMajority,sentence_local
36224043,C000594389,D015746,Positive_Correlation,C000594389,0.3421807747,TypePairMajority,sentence_local
36224043,D000068258,D003967,Positive_Correlation,D000068258,0.3421807747,TypePairMajority,sentence_local
36224043,D000068258,D004751,Positive_Correlation,D000068258,0.3421807747,TypePairMajority,sentence_local
36224043,D000068258,D006509,Positive_Correlation,D000068258,0.3421807747,TypePairMajority,sentence_local
36224043,D000068258,D006528,Positive_Correlation,D000068258,0.3421807747,TypePairMajority,sentence_local
36224043,D000068258,D007416,Positive_Correlation,D000068258,0.3421807747,TypePairMajority,sentence_local
36224043,D000068258,D015746,Positive_Correlation,D000068258,0.3421807747,TypePairMajority,sentence_local
36224043,D000068258,D064420,Positive_Correlation,D000068258,0.3421807747,TypePairMajority,sentence_local
36224043,D000069285,D006528,Positive_Correlation,D000069285,0.3421807747,TypePairMajority,sentence_local
36224043,D000069285,D007416,Positive_Correlation,D000069285,0.3421807747,TypePairMajority,sentence_local
36224043,D003967,D011239,Positive_Correlation,D003967,0.3421807747,TypePairMajority,sentence_local
36224043,D004751,D011239,Positive_Correlation,D004751,0.3421807747,TypePairMajority,sentence_local
36224043,D006528,D013256,Positive_Correlation,D006528,0.3421807747,TypePairMajority,sentence_local
36224043,D007416,D013256,Positive_Correlation,D007416,0.3421807747,TypePairMajority,sentence_local
36226181,22059,D009369,Association,22059,0.5936990766,TypePairMajority,sentence_local
36226181,7157,D003110,Association,7157,0.5936990766,TypePairMajority,sentence_local
36226181,7157,D009369,Association,7157,0.5936990766,TypePairMajority,sentence_local
36226181,D003110,rs587782329,Association,rs587782329,0.431372549,TypePairMajority,sentence_local
36226181,D005947,rs587782329,Association,rs587782329,0.4096385542,TypePairMajority,sentence_local
36226181,D008055,rs587782329,Association,rs587782329,0.4096385542,TypePairMajority,sentence_local
36226181,D009369,rs28934576,Association,rs28934576,0.431372549,TypePairMajority,sentence_local
36226181,D009369,rs587782329,Association,rs587782329,0.431372549,TypePairMajority,sentence_local
36230720,1026,D009369,Association,1026,0.5936990766,TypePairMajority,sentence_local
36230720,1027,D009369,Association,1027,0.5936990766,TypePairMajority,sentence_local
36230720,3065,D009369,Association,3065,0.5936990766,TypePairMajority,sentence_local
36230720,3065,D063646,Association,3065,0.5936990766,TypePairMajority,sentence_local
36230720,5467,D009369,Association,5467,0.5936990766,TypePairMajority,sentence_local
36230720,58490,D009369,Association,58490,0.5936990766,TypePairMajority,sentence_local
36230720,58490,D063646,Association,58490,0.5936990766,TypePairMajority,sentence_local
36230720,595,D009369,Association,595,0.5936990766,TypePairMajority,sentence_local
36230720,652,D009369,Association,652,0.5936990766,TypePairMajority,sentence_local
36230720,7422,D009369,Association,7422,0.5936990766,TypePairMajority,sentence_local
36230720,9076,D009369,Association,9076,0.5936990766,TypePairMajority,sentence_local
36231099,54106,D009369,Association,54106,0.5936990766,TypePairMajority,sentence_local
36231099,54106,D010051,Association,54106,0.5936990766,TypePairMajority,sentence_local
36231099,7099,D009369,Association,7099,0.5936990766,TypePairMajority,sentence_local
36231099,7099,D010051,Association,7099,0.5936990766,TypePairMajority,sentence_local
36231099,D010051,rs4986790,Association,rs4986790,0.431372549,TypePairMajority,sentence_local
36231922,59272,D000086382,Association,59272,0.5936990766,TypePairMajority,sentence_local
36232568,5741,D000236,Association,5741,0.5936990766,TypePairMajority,sentence_local
36232568,5741,D010282,Association,5741,0.5936990766,TypePairMajority,sentence_local
36232568,7068,D006044,Association,7068,0.5936990766,TypePairMajority,sentence_local
36232568,D000236,D002118,Positive_Correlation,D000236,0.3421807747,TypePairMajority,sentence_local
36232568,D002118,D010282,Positive_Correlation,D002118,0.3421807747,TypePairMajority,sentence_local
36232568,D006044,rs121918693,Association,rs121918693,0.431372549,TypePairMajority,sentence_local
36232568,D013610,D013963,Positive_Correlation,D013610,0.3421807747,TypePairMajority,sentence_local
36232959,10628,D007249,Association,10628,0.5936990766,TypePairMajority,sentence_local
36232959,10628,D055370,Association,10628,0.5936990766,TypePairMajority,sentence_local
36232959,10628,D055371,Association,10628,0.5936990766,TypePairMajority,sentence_local
36232959,114548,D007249,Association,114548,0.5936990766,TypePairMajority,sentence_local
36232959,114548,D055370,Association,114548,0.5936990766,TypePairMajority,sentence_local
36232959,114548,D055371,Association,114548,0.5936990766,TypePairMajority,sentence_local
36232959,11596,D055370,Association,11596,0.5936990766,TypePairMajority,sentence_local
36232959,16176,D055370,Association,16176,0.5936990766,TypePairMajority,sentence_local
36232959,177,D007249,Association,177,0.5936990766,TypePairMajority,sentence_local
36232959,177,D055370,Association,177,0.5936990766,TypePairMajority,sentence_local
36232959,177,D055371,Association,177,0.5936990766,TypePairMajority,sentence_local
36232959,216799,D055370,Association,216799,0.5936990766,TypePairMajority,sentence_local
36232959,216799,D055371,Association,216799,0.5936990766,TypePairMajority,sentence_local
36232959,2214,D007249,Association,2214,0.5936990766,TypePairMajority,sentence_local
36232959,2214,D055370,Association,2214,0.5936990766,TypePairMajority,sentence_local
36232959,4360,D007249,Association,4360,0.5936990766,TypePairMajority,sentence_local
36232959,4360,D055370,Association,4360,0.5936990766,TypePairMajority,sentence_local
36232959,56338,D055370,Association,56338,0.5936990766,TypePairMajority,sentence_local
36232959,929,D007249,Association,929,0.5936990766,TypePairMajority,sentence_local
36232959,929,D055370,Association,929,0.5936990766,TypePairMajority,sentence_local
36232959,D000067616,D055370,Positive_Correlation,D000067616,0.3421807747,TypePairMajority,sentence_local
36233117,111,D015228,Association,111,0.5936990766,TypePairMajority,sentence_local
36233117,111,D052439,Association,111,0.5936990766,TypePairMajority,sentence_local
36233117,53630,D015228,Association,53630,0.5936990766,TypePairMajority,sentence_local
36233117,53630,D052439,Association,53630,0.5936990766,TypePairMajority,sentence_local
36233117,64757,D015228,Association,64757,0.5936990766,TypePairMajority,sentence_local
36233117,64757,D052439,Association,64757,0.5936990766,TypePairMajority,sentence_local
36233117,D008055,D015228,Positive_Correlation,D008055,0.3421807747,TypePairMajority,sentence_local
36233117,D008055,rs2642438,Association,rs2642438,0.4096385542,TypePairMajority,sentence_local
36233117,D008055,rs56371916,Association,rs56371916,0.4096385542,TypePairMajority,sentence_local
36233117,D008055,rs6564851,Association,rs6564851,0.4096385542,TypePairMajority,sentence_local
36233117,D015228,rs2642438,Association,rs2642438,0.431372549,TypePairMajority,sentence_local
36233117,D015228,rs56371916,Association,rs56371916,0.431372549,TypePairMajority,sentence_local
36233117,D015228,rs6564851,Association,rs6564851,0.431372549,TypePairMajority,sentence_local
36233781,6506,D000275,Association,6506,0.5936990766,TypePairMajority,sentence_local
36233781,6506,D003865,Association,6506,0.5936990766,TypePairMajority,sentence_local
36233781,6536,D003865,Association,6536,0.5936990766,TypePairMajority,sentence_local
36233781,9152,D003865,Association,9152,0.5936990766,TypePairMajority,sentence_local
36233781,D000275,rs4354668,Association,rs4354668,0.431372549,TypePairMajority,sentence_local
36233781,D003865,D005998,Positive_Correlation,D003865,0.3421807747,TypePairMajority,sentence_local
36233781,D003865,D018698,Positive_Correlation,D003865,0.3421807747,TypePairMajority,sentence_local
36233781,D003865,rs2000959,Association,rs2000959,0.431372549,TypePairMajority,sentence_local
36233781,D003865,rs2486001,Association,rs2486001,0.431372549,TypePairMajority,sentence_local
36233781,D003865,rs4354668,Association,rs4354668,0.431372549,TypePairMajority,sentence_local
36252682,20597,D006937,Association,20597,0.5936990766,TypePairMajority,sentence_local
36252682,20597,D058426,Association,20597,0.5936990766,TypePairMajority,sentence_local
36252682,216799,D006937,Association,216799,0.5936990766,TypePairMajority,sentence_local
36252682,216799,D050197,Association,216799,0.5936990766,TypePairMajority,sentence_local
36252682,216799,D058426,Association,216799,0.5936990766,TypePairMajority,sentence_local
36252682,56338,D006937,Association,56338,0.5936990766,TypePairMajority,sentence_local
36252682,D002518,D006937,Positive_Correlation,D002518,0.3421807747,TypePairMajority,sentence_local
36252682,D006937,D013481,Positive_Correlation,D006937,0.3421807747,TypePairMajority,sentence_local
36253741,27031,OMIM:208540,Association,27031,0.5936990766,TypePairMajority,sentence_local
36254249,27032,D016506,Association,27032,0.5936990766,TypePairMajority,sentence_local
36254249,D003513,D016506,Positive_Correlation,D003513,0.3421807747,TypePairMajority,sentence_local
36254249,D003513,c|SUB|A|325-2|G,Association,c|SUB|A|325-2|G,0.4096385542,TypePairMajority,sentence_local
36254249,D003513,p|DEL|109_120|AQ,Association,p|DEL|109_120|AQ,0.4096385542,TypePairMajority,sentence_local
36254249,D008345,D016506,Positive_Correlation,D008345,0.3421807747,TypePairMajority,sentence_local
36254249,D008345,c|SUB|A|325-2|G,Association,c|SUB|A|325-2|G,0.4096385542,TypePairMajority,sentence_local
36254249,D008345,p|DEL|109_120|AQ,Association,p|DEL|109_120|AQ,0.4096385542,TypePairMajority,sentence_local
36254249,D012844,D016506,Positive_Correlation,D012844,0.3421807747,TypePairMajority,sentence_local
36254249,D012844,c|SUB|A|325-2|G,Association,c|SUB|A|325-2|G,0.4096385542,TypePairMajority,sentence_local
36254249,D012844,p|DEL|109_120|AQ,Association,p|DEL|109_120|AQ,0.4096385542,TypePairMajority,sentence_local
36254249,D016506,c|SUB|A|325-2|G,Association,c|SUB|A|325-2|G,0.431372549,TypePairMajority,sentence_local
36254249,D016506,p|DEL|109_120|AQ,Association,p|DEL|109_120|AQ,0.431372549,TypePairMajority,sentence_local
36258913,406972,D002289,Association,406972,0.5936990766,TypePairMajority,sentence_local
36258913,406972,D009369,Association,406972,0.5936990766,TypePairMajority,sentence_local
36258913,406973,D002289,Association,406973,0.5936990766,TypePairMajority,sentence_local
36258913,406973,D009369,Association,406973,0.5936990766,TypePairMajority,sentence_local
36258913,574501,D002289,Association,574501,0.5936990766,TypePairMajority,sentence_local
36258913,574501,D009369,Association,574501,0.5936990766,TypePairMajority,sentence_local
36258913,D002289,rs11614913,Association,rs11614913,0.431372549,TypePairMajority,sentence_local
36258913,D002289,rs3746444,Association,rs3746444,0.431372549,TypePairMajority,sentence_local
36258913,D002289,rs37464444,Association,rs37464444,0.431372549,TypePairMajority,sentence_local
36258913,D009369,rs11614913,Association,rs11614913,0.431372549,TypePairMajority,sentence_local
36258913,D009369,rs3746444,Association,rs3746444,0.431372549,TypePairMajority,sentence_local
36261171,340061,D007239,Association,340061,0.5936990766,TypePairMajority,sentence_local
36261171,340061,D007249,Association,340061,0.5936990766,TypePairMajority,sentence_local
36261171,340061,D009369,Association,340061,0.5936990766,TypePairMajority,sentence_local
36261171,3439,D007239,Association,3439,0.5936990766,TypePairMajority,sentence_local
36261171,3439,D007249,Association,3439,0.5936990766,TypePairMajority,sentence_local
36261171,3439,D009369,Association,3439,0.5936990766,TypePairMajority,sentence_local
36261171,D007239,D009712,Positive_Correlation,D007239,0.3421807747,TypePairMajority,sentence_local
36261171,D007249,D009712,Positive_Correlation,D007249,0.3421807747,TypePairMajority,sentence_local
36261171,D009369,D009712,Positive_Correlation,D009369,0.3421807747,TypePairMajority,sentence_local
36261171,D014364,rs11554776,Association,rs11554776,0.4096385542,TypePairMajority,sentence_local
36262065,24161,D002318,Association,24161,0.5936990766,TypePairMajority,sentence_local
36262065,24161,D007674,Association,24161,0.5936990766,TypePairMajority,sentence_local
36262065,24161,D056486,Association,24161,0.5936990766,TypePairMajority,sentence_local
36262065,24208,D004700,Association,24208,0.5936990766,TypePairMajority,sentence_local
36262065,24248,D013733,Association,24248,0.5936990766,TypePairMajority,sentence_local
36262065,24786,D013733,Association,24786,0.5936990766,TypePairMajority,sentence_local
36262065,25586,D002318,Association,25586,0.5936990766,TypePairMajority,sentence_local
36262065,25586,D007674,Association,25586,0.5936990766,TypePairMajority,sentence_local
36262065,25586,D056486,Association,25586,0.5936990766,TypePairMajority,sentence_local
36262065,25721,D002318,Association,25721,0.5936990766,TypePairMajority,sentence_local
36262065,25721,D007674,Association,25721,0.5936990766,TypePairMajority,sentence_local
36262065,25721,D056486,Association,25721,0.5936990766,TypePairMajority,sentence_local
36262065,58962,D013733,Association,58962,0.5936990766,TypePairMajority,sentence_local
36262065,81670,D002318,Association,81670,0.5936990766,TypePairMajority,sentence_local
36262065,81670,D007674,Association,81670,0.5936990766,TypePairMajority,sentence_local
36262065,81670,D056486,Association,81670,0.5936990766,TypePairMajority,sentence_local
36262065,C051786,D000091662,Positive_Correlation,C051786,0.3421807747,TypePairMajority,sentence_local
36262065,C051786,D002318,Positive_Correlation,C051786,0.3421807747,TypePairMajority,sentence_local
36262065,C051786,D004700,Positive_Correlation,C051786,0.3421807747,TypePairMajority,sentence_local
36262065,C051786,D007674,Positive_Correlation,C051786,0.3421807747,TypePairMajority,sentence_local
36262065,C051786,D013733,Positive_Correlation,C051786,0.3421807747,TypePairMajority,sentence_local
36262065,C051786,D056486,Positive_Correlation,C051786,0.3421807747,TypePairMajority,sentence_local
36262065,C051786,D064420,Positive_Correlation,C051786,0.3421807747,TypePairMajority,sentence_local
36262065,D000091662,D001280,Positive_Correlation,D000091662,0.3421807747,TypePairMajority,sentence_local
36262065,D001280,D002318,Positive_Correlation,D001280,0.3421807747,TypePairMajority,sentence_local
36262065,D001280,D004700,Positive_Correlation,D001280,0.3421807747,TypePairMajority,sentence_local
36262065,D001280,D007674,Positive_Correlation,D001280,0.3421807747,TypePairMajority,sentence_local
36262065,D001280,D013733,Positive_Correlation,D001280,0.3421807747,TypePairMajority,sentence_local
36262065,D001280,D056486,Positive_Correlation,D001280,0.3421807747,TypePairMajority,sentence_local
36262065,D001280,D064420,Positive_Correlation,D001280,0.3421807747,TypePairMajority,sentence_local
36262065,D001663,D002318,Positive_Correlation,D001663,0.3421807747,TypePairMajority,sentence_local
36262065,D001663,D007674,Positive_Correlation,D001663,0.3421807747,TypePairMajority,sentence_local
36262065,D001663,D056486,Positive_Correlation,D001663,0.3421807747,TypePairMajority,sentence_local
36262065,D002318,D002784,Positive_Correlation,D002318,0.3421807747,TypePairMajority,sentence_local
36262065,D002318,D003404,Positive_Correlation,D002318,0.3421807747,TypePairMajority,sentence_local
36262065,D002318,D014280,Positive_Correlation,D002318,0.3421807747,TypePairMajority,sentence_local
36262065,D002318,D014508,Positive_Correlation,D002318,0.3421807747,TypePairMajority,sentence_local
36262065,D002784,D007674,Positive_Correlation,D002784,0.3421807747,TypePairMajority,sentence_local
36262065,D002784,D056486,Positive_Correlation,D002784,0.3421807747,TypePairMajority,sentence_local
36262065,D003404,D007674,Positive_Correlation,D003404,0.3421807747,TypePairMajority,sentence_local
36262065,D003404,D056486,Positive_Correlation,D003404,0.3421807747,TypePairMajority,sentence_local
36262065,D004700,D013739,Positive_Correlation,D004700,0.3421807747,TypePairMajority,sentence_local
36262065,D005978,D013733,Positive_Correlation,D005978,0.3421807747,TypePairMajority,sentence_local
36262065,D007674,D014280,Positive_Correlation,D007674,0.3421807747,TypePairMajority,sentence_local
36262065,D007674,D014508,Positive_Correlation,D007674,0.3421807747,TypePairMajority,sentence_local
36262065,D008315,D013733,Positive_Correlation,D008315,0.3421807747,TypePairMajority,sentence_local
36262065,D014280,D056486,Positive_Correlation,D014280,0.3421807747,TypePairMajority,sentence_local
36262065,D014508,D056486,Positive_Correlation,D014508,0.3421807747,TypePairMajority,sentence_local
36263152,445,D020159,Association,445,0.5936990766,TypePairMajority,sentence_local
36263152,D000641,D020159,Positive_Correlation,D000641,0.3421807747,TypePairMajority,sentence_local
36266725,213,D000419,Association,213,0.5936990766,TypePairMajority,sentence_local
36266725,259,D000419,Association,259,0.5936990766,TypePairMajority,sentence_local
36266725,7018,D000419,Association,7018,0.5936990766,TypePairMajority,sentence_local
36266725,8029,D000419,Association,8029,0.5936990766,TypePairMajority,sentence_local
36266725,8029,D011507,Association,8029,0.5936990766,TypePairMajority,sentence_local
36266725,D000419,D014805,Positive_Correlation,D000419,0.3421807747,TypePairMajority,sentence_local
36266725,D011507,D014805,Positive_Correlation,D011507,0.3421807747,TypePairMajority,sentence_local
36266725,D014805,c|DEL|5153_5154|CT,Association,c|DEL|5153_5154|CT,0.4096385542,TypePairMajority,sentence_local
36266725,D014805,p|SUB|S|1718|X,Association,p|SUB|S|1718|X,0.4096385542,TypePairMajority,sentence_local
36266725,D014805,rs149220088,Association,rs149220088,0.4096385542,TypePairMajority,sentence_local
36266725,D014805,rs373056649,Association,rs373056649,0.4096385542,TypePairMajority,sentence_local
36266725,D014805,rs767078847,Association,rs767078847,0.4096385542,TypePairMajority,sentence_local
36267056,3949,D002318,Association,3949,0.5936990766,TypePairMajority,sentence_local
36267056,3949,D006938,Association,3949,0.5936990766,TypePairMajority,sentence_local
36267056,D002318,rs730882082,Association,rs730882082,0.431372549,TypePairMajority,sentence_local
36267056,D006938,rs730882082,Association,rs730882082,0.431372549,TypePairMajority,sentence_local
36267056,D008055,D017202,Positive_Correlation,D008055,0.3421807747,TypePairMajority,sentence_local
36267056,D008055,D050197,Positive_Correlation,D008055,0.3421807747,TypePairMajority,sentence_local
36267056,D008055,D058729,Positive_Correlation,D008055,0.3421807747,TypePairMajority,sentence_local
36267056,D008055,rs730882082,Association,rs730882082,0.4096385542,TypePairMajority,sentence_local
36267056,D017202,rs730882082,Association,rs730882082,0.431372549,TypePairMajority,sentence_local
36267056,D050197,rs730882082,Association,rs730882082,0.431372549,TypePairMajority,sentence_local
36267056,D058729,rs730882082,Association,rs730882082,0.431372549,TypePairMajority,sentence_local
36273440,1493,D001171,Association,1493,0.5936990766,TypePairMajority,sentence_local
36273440,1493,D001327,Association,1493,0.5936990766,TypePairMajority,sentence_local
36273440,1493,D007153,Association,1493,0.5936990766,TypePairMajority,sentence_local
36273440,1493,D017074,Association,1493,0.5936990766,TypePairMajority,sentence_local
36273440,D001327,c|INDEL|445_568-544|TTTGCGATTG,Association,c|INDEL|445_568-544|TTTGCGATTG,0.431372549,TypePairMajority,sentence_local
36274208,79443,D002386,Association,79443,0.5936990766,TypePairMajority,sentence_local
36274208,D002386,c|SUB|C|[265|T,Association,c|SUB|C|[265|T,0.431372549,TypePairMajority,sentence_local
36274208,D002386,rs141476300,Association,rs141476300,0.431372549,TypePairMajority,sentence_local
36274208,D002386,rs4682801,Association,rs4682801,0.431372549,TypePairMajority,sentence_local
36274837,2010,D000083143,Association,2010,0.5936990766,TypePairMajority,sentence_local
36274837,2010,D020389,Association,2010,0.5936990766,TypePairMajority,sentence_local
36274837,8841,D020389,Association,8841,0.5936990766,TypePairMajority,sentence_local
36276968,348,D000544,Association,348,0.5936990766,TypePairMajority,sentence_local
36276968,348,D003072,Association,348,0.5936990766,TypePairMajority,sentence_local
36276968,348,D003324,Association,348,0.5936990766,TypePairMajority,sentence_local
36276968,348,D008268,Association,348,0.5936990766,TypePairMajority,sentence_local
36276968,D000544,rs429358,Association,rs429358,0.431372549,TypePairMajority,sentence_local
36276968,D003072,rs429358,Association,rs429358,0.431372549,TypePairMajority,sentence_local
36276968,D003324,rs429358,Association,rs429358,0.431372549,TypePairMajority,sentence_local
36276968,D008268,rs429358,Association,rs429358,0.431372549,TypePairMajority,sentence_local
36289279,1548,D000077192,Association,1548,0.5936990766,TypePairMajority,sentence_local
36289279,1548,D000230,Association,1548,0.5936990766,TypePairMajority,sentence_local
36289279,1548,D002294,Association,1548,0.5936990766,TypePairMajority,sentence_local
36289279,1806,D000077192,Association,1806,0.5936990766,TypePairMajority,sentence_local
36289279,1806,D000230,Association,1806,0.5936990766,TypePairMajority,sentence_local
36289279,1806,D002294,Association,1806,0.5936990766,TypePairMajority,sentence_local
36289279,217,D000077192,Association,217,0.5936990766,TypePairMajority,sentence_local
36289279,217,D000230,Association,217,0.5936990766,TypePairMajority,sentence_local
36289279,217,D002294,Association,217,0.5936990766,TypePairMajority,sentence_local
36289279,D000077192,rs190771411,Association,rs190771411,0.431372549,TypePairMajority,sentence_local
36289279,D000077192,rs200562975,Association,rs200562975,0.431372549,TypePairMajority,sentence_local
36289279,D000077192,rs568781254,Association,rs568781254,0.431372549,TypePairMajority,sentence_local
36289279,D000230,rs190771411,Association,rs190771411,0.431372549,TypePairMajority,sentence_local
36289279,D000230,rs200562975,Association,rs200562975,0.431372549,TypePairMajority,sentence_local
36289279,D000230,rs568781254,Association,rs568781254,0.431372549,TypePairMajority,sentence_local
36289279,D002294,rs190771411,Association,rs190771411,0.431372549,TypePairMajority,sentence_local
36289279,D002294,rs200562975,Association,rs200562975,0.431372549,TypePairMajority,sentence_local
36289279,D002294,rs568781254,Association,rs568781254,0.431372549,TypePairMajority,sentence_local
36290844,1956,D002289,Association,1956,0.5936990766,TypePairMajority,sentence_local
36290844,D000077156,c|INS|Exon20|,Association,c|INS|Exon20|,0.4096385542,TypePairMajority,sentence_local
36290844,D000077156,rs121434568,Association,rs121434568,0.4096385542,TypePairMajority,sentence_local
36290844,D000077716,c|INS|Exon20|,Association,c|INS|Exon20|,0.4096385542,TypePairMajority,sentence_local
36290844,D000077716,rs121434568,Association,rs121434568,0.4096385542,TypePairMajority,sentence_local
36290844,D002289,c|DEL|Exon19|,Association,c|DEL|Exon19|,0.431372549,TypePairMajority,sentence_local
36290844,D002289,c|INS|Exon20|,Association,c|INS|Exon20|,0.431372549,TypePairMajority,sentence_local
36290844,D002289,rs121434568,Association,rs121434568,0.431372549,TypePairMajority,sentence_local
36290844,D010984,c|INS|Exon20|,Association,c|INS|Exon20|,0.4096385542,TypePairMajority,sentence_local
36290844,D010984,rs121434568,Association,rs121434568,0.4096385542,TypePairMajority,sentence_local
36291383,2688,C536820,Association,2688,0.5936990766,TypePairMajority,sentence_local
36291383,3479,C536820,Association,3479,0.5936990766,TypePairMajority,sentence_local
36291383,7227,C536820,Association,7227,0.5936990766,TypePairMajority,sentence_local
36291383,7227,D000013,Association,7227,0.5936990766,TypePairMajority,sentence_local
36291383,7227,D030342,Association,7227,0.5936990766,TypePairMajority,sentence_local
36291383,C536820,D019382,Positive_Correlation,C536820,0.3421807747,TypePairMajority,sentence_local
36291383,D004393,D019382,Positive_Correlation,D004393,0.3421807747,TypePairMajority,sentence_local
36295559,29126,D064726,Association,29126,0.5936990766,TypePairMajority,sentence_local
36295559,D001943,rs822336,Association,rs822336,0.431372549,TypePairMajority,sentence_local
36295559,D003643,rs822336,Association,rs822336,0.431372549,TypePairMajority,sentence_local
36295559,D003643,rs822337,Association,rs822337,0.431372549,TypePairMajority,sentence_local
36295559,D005557,D064726,Positive_Correlation,D005557,0.3421807747,TypePairMajority,sentence_local
36295559,D009369,rs822337,Association,rs822337,0.431372549,TypePairMajority,sentence_local
36295559,D010232,D064726,Positive_Correlation,D010232,0.3421807747,TypePairMajority,sentence_local
36295559,D012008,rs822336,Association,rs822336,0.431372549,TypePairMajority,sentence_local
36295559,D012008,rs822337,Association,rs822337,0.431372549,TypePairMajority,sentence_local
36295559,D064726,rs822336,Association,rs822336,0.431372549,TypePairMajority,sentence_local
36295559,D064726,rs822337,Association,rs822337,0.431372549,TypePairMajority,sentence_local
36296984,D000077276,D001847,Positive_Correlation,D000077276,0.3421807747,TypePairMajority,sentence_local
36296984,D000077276,D010024,Positive_Correlation,D000077276,0.3421807747,TypePairMajority,sentence_local
36296984,D000077276,D058866,Positive_Correlation,D000077276,0.3421807747,TypePairMajority,sentence_local
36296984,D000077330,D010024,Positive_Correlation,D000077330,0.3421807747,TypePairMajority,sentence_local
36296984,D001847,D005938,Positive_Correlation,D001847,0.3421807747,TypePairMajority,sentence_local
36296984,D001847,D019833,Positive_Correlation,D001847,0.3421807747,TypePairMajority,sentence_local
36296984,D002338,D010024,Positive_Correlation,D002338,0.3421807747,TypePairMajority,sentence_local
36296984,D002338,D058866,Positive_Correlation,D002338,0.3421807747,TypePairMajority,sentence_local
36296984,D005938,D010024,Positive_Correlation,D005938,0.3421807747,TypePairMajority,sentence_local
36296984,D005938,D058866,Positive_Correlation,D005938,0.3421807747,TypePairMajority,sentence_local
36296984,D007529,D010024,Positive_Correlation,D007529,0.3421807747,TypePairMajority,sentence_local
36296984,D007529,D058866,Positive_Correlation,D007529,0.3421807747,TypePairMajority,sentence_local
36296984,D008775,D010024,Positive_Correlation,D008775,0.3421807747,TypePairMajority,sentence_local
36296984,D010024,D019833,Positive_Correlation,D010024,0.3421807747,TypePairMajority,sentence_local
36296984,D019833,D058866,Positive_Correlation,D019833,0.3421807747,TypePairMajority,sentence_local
36297369,3939,D008113,Association,3939,0.5936990766,TypePairMajority,sentence_local
36297369,3939,D009369,Association,3939,0.5936990766,TypePairMajority,sentence_local
36297369,407040,D008113,Association,407040,0.5936990766,TypePairMajority,sentence_local
36297369,407040,D009369,Association,407040,0.5936990766,TypePairMajority,sentence_local
36297369,4193,D008113,Association,4193,0.5936990766,TypePairMajority,sentence_local
36297369,4193,D009369,Association,4193,0.5936990766,TypePairMajority,sentence_local
36297369,7157,D008113,Association,7157,0.5936990766,TypePairMajority,sentence_local
36297369,7157,D009369,Association,7157,0.5936990766,TypePairMajority,sentence_local
36297369,C016517,D008113,Positive_Correlation,C016517,0.3421807747,TypePairMajority,sentence_local
36297369,C016517,D009369,Positive_Correlation,C016517,0.3421807747,TypePairMajority,sentence_local
36303223,6821,C536184,Association,6821,0.5936990766,TypePairMajority,sentence_local
36303223,6821,C538141,Association,6821,0.5936990766,TypePairMajority,sentence_local
36303223,6821,D020739,Association,6821,0.5936990766,TypePairMajority,sentence_local
36303223,D013447,p|SUB|Y|400|,Association,p|SUB|Y|400|,0.4096385542,TypePairMajority,sentence_local
36303223,D013447,rs780917238,Association,rs780917238,0.4096385542,TypePairMajority,sentence_local
36303443,1277,D006333,Association,1277,0.5936990766,TypePairMajority,sentence_local
36303443,1277,D054143,Association,1277,0.5936990766,TypePairMajority,sentence_local
36303443,2335,D006333,Association,2335,0.5936990766,TypePairMajority,sentence_local
36303443,2335,D054143,Association,2335,0.5936990766,TypePairMajority,sentence_local
36303443,3553,D006333,Association,3553,0.5936990766,TypePairMajority,sentence_local
36303443,3553,D054143,Association,3553,0.5936990766,TypePairMajority,sentence_local
36303443,3569,D006333,Association,3569,0.5936990766,TypePairMajority,sentence_local
36303443,3569,D054143,Association,3569,0.5936990766,TypePairMajority,sentence_local
36303443,3958,D054143,Association,3958,0.5936990766,TypePairMajority,sentence_local
36303443,4314,D054143,Association,4314,0.5936990766,TypePairMajority,sentence_local
36303443,4318,D054143,Association,4318,0.5936990766,TypePairMajority,sentence_local
36303443,6524,D054143,Association,6524,0.5936990766,TypePairMajority,sentence_local
36303443,C529054,D054143,Positive_Correlation,C529054,0.3421807747,TypePairMajority,sentence_local
36303443,C549068,D006333,Positive_Correlation,C549068,0.3421807747,TypePairMajority,sentence_local
36303443,C549068,D054143,Positive_Correlation,C549068,0.3421807747,TypePairMajority,sentence_local
36303443,D006333,D013148,Positive_Correlation,D006333,0.3421807747,TypePairMajority,sentence_local
36303443,D013148,D054143,Positive_Correlation,D013148,0.3421807747,TypePairMajority,sentence_local
36304533,6772,D001327,Association,6772,0.5936990766,TypePairMajority,sentence_local
36304533,6772,D002178,Association,6772,0.5936990766,TypePairMajority,sentence_local
36304533,6772,D002180,Association,6772,0.5936990766,TypePairMajority,sentence_local
36304533,6772,D003922,Association,6772,0.5936990766,TypePairMajority,sentence_local
36304533,6772,D006529,Association,6772,0.5936990766,TypePairMajority,sentence_local
36304533,6772,D012141,Association,6772,0.5936990766,TypePairMajority,sentence_local
36304533,6772,D013163,Association,6772,0.5936990766,TypePairMajority,sentence_local
36304533,D001786,D007239,Positive_Correlation,D001786,0.3421807747,TypePairMajority,sentence_local
36304533,D001786,D014376,Positive_Correlation,D001786,0.3421807747,TypePairMajority,sentence_local
36304533,D007239,D007538,Positive_Correlation,D007239,0.3421807747,TypePairMajority,sentence_local
36304533,D007239,D012293,Positive_Correlation,D007239,0.3421807747,TypePairMajority,sentence_local
36304533,D007538,D014376,Positive_Correlation,D007538,0.3421807747,TypePairMajority,sentence_local
36304533,D012293,D014376,Positive_Correlation,D012293,0.3421807747,TypePairMajority,sentence_local
36305088,2902,D012559,Association,2902,0.5936990766,TypePairMajority,sentence_local
36305088,4842,D012559,Association,4842,0.5936990766,TypePairMajority,sentence_local
36305088,51655,D001523,Association,51655,0.5936990766,TypePairMajority,sentence_local
36305088,51655,D012559,Association,51655,0.5936990766,TypePairMajority,sentence_local
36305088,9722,D012559,Association,9722,0.5936990766,TypePairMajority,sentence_local
36305088,D012559,c|SUB|A|722|T,Association,c|SUB|A|722|T,0.431372549,TypePairMajority,sentence_local
36305088,D012559,c|SUB|G|*31|A,Association,c|SUB|G|*31|A,0.431372549,TypePairMajority,sentence_local
36305088,D012559,c|SUB|G|31|A,Association,c|SUB|G|31|A,0.431372549,TypePairMajority,sentence_local
36306144,12978,D003920,Association,12978,0.5936990766,TypePairMajority,sentence_local
36306144,22177,D000860,Association,22177,0.5936990766,TypePairMajority,sentence_local
36306144,22177,D003920,Association,22177,0.5936990766,TypePairMajority,sentence_local
36306144,22177,D006943,Association,22177,0.5936990766,TypePairMajority,sentence_local
36306144,3091,D000860,Association,3091,0.5936990766,TypePairMajority,sentence_local
36306144,51129,D000860,Association,51129,0.5936990766,TypePairMajority,sentence_local
36306144,6850,D000860,Association,6850,0.5936990766,TypePairMajority,sentence_local
36306144,6850,D003920,Association,6850,0.5936990766,TypePairMajority,sentence_local
36306144,6850,D006943,Association,6850,0.5936990766,TypePairMajority,sentence_local
36306144,7305,D000860,Association,7305,0.5936990766,TypePairMajority,sentence_local
36306144,7305,D006943,Association,7305,0.5936990766,TypePairMajority,sentence_local
36306144,7422,D000860,Association,7422,0.5936990766,TypePairMajority,sentence_local
36306144,83433,D000860,Association,83433,0.5936990766,TypePairMajority,sentence_local
36306144,83433,D003920,Association,83433,0.5936990766,TypePairMajority,sentence_local
36306144,83433,D006943,Association,83433,0.5936990766,TypePairMajority,sentence_local
36306144,D003920,D013311,Positive_Correlation,D003920,0.3421807747,TypePairMajority,sentence_local
36306287,C034759,p|SUB|F|145|I,Association,p|SUB|F|145|I,0.4096385542,TypePairMajority,sentence_local
36306287,C034759,p|SUB|G|353|V,Association,p|SUB|G|353|V,0.4096385542,TypePairMajority,sentence_local
36306287,C034759,p|SUB|M|343|L,Association,p|SUB|M|343|L,0.4096385542,TypePairMajority,sentence_local
36306287,D002738,p|SUB|F|145|I,Association,p|SUB|F|145|I,0.4096385542,TypePairMajority,sentence_local
36306287,D002738,p|SUB|G|353|V,Association,p|SUB|G|353|V,0.4096385542,TypePairMajority,sentence_local
36306287,D002738,p|SUB|M|343|L,Association,p|SUB|M|343|L,0.4096385542,TypePairMajority,sentence_local
36306287,D006418,p|SUB|F|145|I,Association,p|SUB|F|145|I,0.4096385542,TypePairMajority,sentence_local
36306287,D006418,p|SUB|G|353|V,Association,p|SUB|G|353|V,0.4096385542,TypePairMajority,sentence_local
36306287,D006418,p|SUB|M|343|L,Association,p|SUB|M|343|L,0.4096385542,TypePairMajority,sentence_local
36307211,4035,C537617,Association,4035,0.5936990766,TypePairMajority,sentence_local
36307211,4035,D009202,Association,4035,0.5936990766,TypePairMajority,sentence_local
36307211,4035,D054079,Association,4035,0.5936990766,TypePairMajority,sentence_local
36308663,115650,D000361,Association,115650,0.5936990766,TypePairMajority,sentence_local
36308663,115650,D002051,Association,115650,0.5936990766,TypePairMajority,sentence_local
36308663,115650,D007153,Association,115650,0.5936990766,TypePairMajority,sentence_local
36308663,115650,D008223,Association,115650,0.5936990766,TypePairMajority,sentence_local
36308663,115650,D008231,Association,115650,0.5936990766,TypePairMajority,sentence_local
36308663,115650,D016393,Association,115650,0.5936990766,TypePairMajority,sentence_local
36308663,115650,D017074,Association,115650,0.5936990766,TypePairMajority,sentence_local
36308663,D002051,c|SUB|A|52|T,Association,c|SUB|A|52|T,0.431372549,TypePairMajority,sentence_local
36308663,D002051,rs151243201,Association,rs151243201,0.431372549,TypePairMajority,sentence_local
36308663,D002051,rs547352394,Association,rs547352394,0.431372549,TypePairMajority,sentence_local
36308663,D002051,rs61756766,Association,rs61756766,0.431372549,TypePairMajority,sentence_local
36308663,D002051,rs77874543,Association,rs77874543,0.431372549,TypePairMajority,sentence_local
36308663,D007153,rs77874543,Association,rs77874543,0.431372549,TypePairMajority,sentence_local
36308663,D008223,rs77874543,Association,rs77874543,0.431372549,TypePairMajority,sentence_local
36308663,D017074,rs77874543,Association,rs77874543,0.431372549,TypePairMajority,sentence_local
36309503,2064,D001943,Association,2064,0.5936990766,TypePairMajority,sentence_local
36309503,2064,D009369,Association,2064,0.5936990766,TypePairMajority,sentence_local
36309503,406892,D001943,Association,406892,0.5936990766,TypePairMajority,sentence_local
36309503,406892,D009369,Association,406892,0.5936990766,TypePairMajority,sentence_local
36309503,4585,D001943,Association,4585,0.5936990766,TypePairMajority,sentence_local
36309503,4585,D009369,Association,4585,0.5936990766,TypePairMajority,sentence_local
36309503,574412,D001943,Association,574412,0.5936990766,TypePairMajority,sentence_local
36309503,574412,D009369,Association,574412,0.5936990766,TypePairMajority,sentence_local
36309503,619351,D001943,Association,619351,0.5936990766,TypePairMajority,sentence_local
36309503,619351,D009369,Association,619351,0.5936990766,TypePairMajority,sentence_local
36309503,63976,D001943,Association,63976,0.5936990766,TypePairMajority,sentence_local
36309503,63976,D009369,Association,63976,0.5936990766,TypePairMajority,sentence_local
36309503,9231,D001943,Association,9231,0.5936990766,TypePairMajority,sentence_local
36309503,9231,D009369,Association,9231,0.5936990766,TypePairMajority,sentence_local
36309503,D000068878,D001943,Positive_Correlation,D000068878,0.3421807747,TypePairMajority,sentence_local
36309503,D000068878,D009369,Positive_Correlation,D000068878,0.3421807747,TypePairMajority,sentence_local
36309505,1736,C536068,Association,1736,0.5936990766,TypePairMajority,sentence_local
36309505,C536068,rs878853071,Association,rs878853071,0.431372549,TypePairMajority,sentence_local
36313260,1543,D000026,Association,1543,0.5936990766,TypePairMajority,sentence_local
36313260,1565,D000026,Association,1565,0.5936990766,TypePairMajority,sentence_local
36313260,4846,D000026,Association,4846,0.5936990766,TypePairMajority,sentence_local
36313260,D000026,rs1048943,Association,rs1048943,0.431372549,TypePairMajority,sentence_local
36313260,D000026,rs28371725,Association,rs28371725,0.431372549,TypePairMajority,sentence_local
36313260,D000026,rs7830,Association,rs7830,0.431372549,TypePairMajority,sentence_local
36313470,5053,D010661,Association,5053,0.5936990766,TypePairMajority,sentence_local
36313470,5092,D010661,Association,5092,0.5936990766,TypePairMajority,sentence_local
36313470,5805,D000068079,Association,5805,0.5936990766,TypePairMajority,sentence_local
36313470,5805,D003643,Association,5805,0.5936990766,TypePairMajority,sentence_local
36313470,5805,D008607,Association,5805,0.5936990766,TypePairMajority,sentence_local
36313470,5805,D010661,Association,5805,0.5936990766,TypePairMajority,sentence_local
36313470,5860,D000068079,Association,5860,0.5936990766,TypePairMajority,sentence_local
36313470,5860,D003643,Association,5860,0.5936990766,TypePairMajority,sentence_local
36313470,5860,D008607,Association,5860,0.5936990766,TypePairMajority,sentence_local
36313470,5860,D010661,Association,5860,0.5936990766,TypePairMajority,sentence_local
36313470,D010661,D011622,Positive_Correlation,D010661,0.3421807747,TypePairMajority,sentence_local
36313640,5426,D009369,Association,5426,0.5936990766,TypePairMajority,sentence_local
36313640,5426,D016889,Association,5426,0.5936990766,TypePairMajority,sentence_local
36313640,D002945,D016889,Positive_Correlation,D002945,0.3421807747,TypePairMajority,sentence_local
36313640,D016889,rs1057519943,Association,rs1057519943,0.431372549,TypePairMajority,sentence_local
36313640,D016889,rs1057519945,Association,rs1057519945,0.431372549,TypePairMajority,sentence_local
36313640,D016889,rs63750193,Association,rs63750193,0.431372549,TypePairMajority,sentence_local
36313640,D016889,rs778572159,Association,rs778572159,0.431372549,TypePairMajority,sentence_local
36316845,C535979,D013739,Positive_Correlation,C535979,0.3421807747,TypePairMajority,sentence_local
36316845,D006111,D013739,Positive_Correlation,D006111,0.3421807747,TypePairMajority,sentence_local
36316870,10544,D054556,Association,10544,0.5936990766,TypePairMajority,sentence_local
36316870,2147,D054556,Association,2147,0.5936990766,TypePairMajority,sentence_local
36316870,2153,D054556,Association,2153,0.5936990766,TypePairMajority,sentence_local
36316870,3026,D054556,Association,3026,0.5936990766,TypePairMajority,sentence_local
36316870,4524,D054556,Association,4524,0.5936990766,TypePairMajority,sentence_local
36316870,5054,D054556,Association,5054,0.5936990766,TypePairMajority,sentence_local
36316870,D054556,rs1210201190,Association,rs1210201190,0.431372549,TypePairMajority,sentence_local
36316870,D054556,rs1799963,Association,rs1799963,0.431372549,TypePairMajority,sentence_local
36316870,D054556,rs1801131,Association,rs1801131,0.431372549,TypePairMajority,sentence_local
36316870,D054556,rs1801133,Association,rs1801133,0.431372549,TypePairMajority,sentence_local
36316870,D054556,rs6025,Association,rs6025,0.431372549,TypePairMajority,sentence_local
36316870,D054556,rs7080536,Association,rs7080536,0.431372549,TypePairMajority,sentence_local
36316870,D054556,rs867186,Association,rs867186,0.431372549,TypePairMajority,sentence_local
36317157,1956,D002289,Association,1956,0.5936990766,TypePairMajority,sentence_local
36317157,C000596361,D002289,Positive_Correlation,C000596361,0.3421807747,TypePairMajority,sentence_local
36317157,C000705711,D002289,Positive_Correlation,C000705711,0.3421807747,TypePairMajority,sentence_local
36317157,C000705711,rs121434569,Association,rs121434569,0.4096385542,TypePairMajority,sentence_local
36317157,C000718108,D002289,Positive_Correlation,C000718108,0.3421807747,TypePairMajority,sentence_local
36317157,C000718108,rs121434569,Association,rs121434569,0.4096385542,TypePairMajority,sentence_local
36317157,D002289,rs121434569,Association,rs121434569,0.431372549,TypePairMajority,sentence_local
36329033,12370,D007249,Association,12370,0.5936990766,TypePairMajority,sentence_local
36329033,19766,D007239,Association,19766,0.5936990766,TypePairMajority,sentence_local
36329033,19766,D007249,Association,19766,0.5936990766,TypePairMajority,sentence_local
36329033,21937,D007249,Association,21937,0.5936990766,TypePairMajority,sentence_local
36329033,56532,D007249,Association,56532,0.5936990766,TypePairMajority,sentence_local
36329033,D007239,D012694,Positive_Correlation,D007239,0.3421807747,TypePairMajority,sentence_local
36329033,D007239,D013912,Positive_Correlation,D007239,0.3421807747,TypePairMajority,sentence_local
36329033,D007239,D014443,Positive_Correlation,D007239,0.3421807747,TypePairMajority,sentence_local
36329033,D007249,D012694,Positive_Correlation,D007249,0.3421807747,TypePairMajority,sentence_local
36329033,D007249,D013912,Positive_Correlation,D007249,0.3421807747,TypePairMajority,sentence_local
36329033,D007249,D014443,Positive_Correlation,D007249,0.3421807747,TypePairMajority,sentence_local
36329033,D007249,p|SUB|Y|383|F,Association,p|SUB|Y|383|F,0.431372549,TypePairMajority,sentence_local
36329033,D014443,p|SUB|Y|383|F,Association,p|SUB|Y|383|F,0.4096385542,TypePairMajority,sentence_local
36329997,11031,D009080,Association,11031,0.5936990766,TypePairMajority,sentence_local
36329997,D003323,D016756,Positive_Correlation,D003323,0.3421807747,TypePairMajority,sentence_local
36329997,D007249,D016756,Positive_Correlation,D007249,0.3421807747,TypePairMajority,sentence_local
36329997,D009080,D016756,Positive_Correlation,D009080,0.3421807747,TypePairMajority,sentence_local
36329997,D009080,rs9965664,Association,rs9965664,0.431372549,TypePairMajority,sentence_local
36329997,D016756,rs9965664,Association,rs9965664,0.4096385542,TypePairMajority,sentence_local
36335669,13653,D005355,Association,13653,0.5936990766,TypePairMajority,sentence_local
36335669,16878,D005355,Association,16878,0.5936990766,TypePairMajority,sentence_local
36335669,16878,D007674,Association,16878,0.5936990766,TypePairMajority,sentence_local
36335669,16878,D051436,Association,16878,0.5936990766,TypePairMajority,sentence_local
36335669,16880,D005355,Association,16880,0.5936990766,TypePairMajority,sentence_local
36335669,16880,D007674,Association,16880,0.5936990766,TypePairMajority,sentence_local
36335669,20423,D005355,Association,20423,0.5936990766,TypePairMajority,sentence_local
36335669,20848,D005355,Association,20848,0.5936990766,TypePairMajority,sentence_local
36335669,26413,D005355,Association,26413,0.5936990766,TypePairMajority,sentence_local
36335669,3569,D005355,Association,3569,0.5936990766,TypePairMajority,sentence_local
36335669,3569,D007674,Association,3569,0.5936990766,TypePairMajority,sentence_local
36335669,3569,D051436,Association,3569,0.5936990766,TypePairMajority,sentence_local
36335669,3976,D005355,Association,3976,0.5936990766,TypePairMajority,sentence_local
36335669,3976,D007674,Association,3976,0.5936990766,TypePairMajority,sentence_local
36335669,3976,D007676,Association,3976,0.5936990766,TypePairMajority,sentence_local
36335669,3976,D051436,Association,3976,0.5936990766,TypePairMajority,sentence_local
36338728,1728,D009369,Association,1728,0.5936990766,TypePairMajority,sentence_local
36338728,D009369,rs1800566,Association,rs1800566,0.431372549,TypePairMajority,sentence_local
36348907,2153,D006984,Association,2153,0.5936990766,TypePairMajority,sentence_local
36348907,2153,D008581,Association,2153,0.5936990766,TypePairMajority,sentence_local
36348907,3690,D006984,Association,3690,0.5936990766,TypePairMajority,sentence_local
36348907,3690,D008581,Association,3690,0.5936990766,TypePairMajority,sentence_local
36348907,4524,D006984,Association,4524,0.5936990766,TypePairMajority,sentence_local
36348907,4524,D008581,Association,4524,0.5936990766,TypePairMajority,sentence_local
36348907,5054,D006984,Association,5054,0.5936990766,TypePairMajority,sentence_local
36348907,5054,D008581,Association,5054,0.5936990766,TypePairMajority,sentence_local
36348907,D006984,rs1801131,Association,rs1801131,0.431372549,TypePairMajority,sentence_local
36348907,D006984,rs1801133,Association,rs1801133,0.431372549,TypePairMajority,sentence_local
36348907,D006984,rs6025,Association,rs6025,0.431372549,TypePairMajority,sentence_local
36348907,D006984,rs765625943,Association,rs765625943,0.431372549,TypePairMajority,sentence_local
36348907,D008581,rs1801131,Association,rs1801131,0.431372549,TypePairMajority,sentence_local
36348907,D008581,rs1801133,Association,rs1801133,0.431372549,TypePairMajority,sentence_local
36348907,D008581,rs6025,Association,rs6025,0.431372549,TypePairMajority,sentence_local
36348907,D008581,rs765625943,Association,rs765625943,0.431372549,TypePairMajority,sentence_local
36351451,43740578,D000086382,Association,43740578,0.5936990766,TypePairMajority,sentence_local
36351451,C000718217,D000086382,Positive_Correlation,C000718217,0.3421807747,TypePairMajority,sentence_local
36351451,C000718217,p|SUB|P|252|L,Association,p|SUB|P|252|L,0.4096385542,TypePairMajority,sentence_local
36351451,C000718217,p|SUB|T|21|I,Association,p|SUB|T|21|I,0.4096385542,TypePairMajority,sentence_local
36351451,C000718217,p|SUB|T|304|I,Association,p|SUB|T|304|I,0.4096385542,TypePairMajority,sentence_local
36353687,7226,D019636,Association,7226,0.5936990766,TypePairMajority,sentence_local
36353687,D000246,p|SUB|D|820|A,Association,p|SUB|D|820|A,0.4096385542,TypePairMajority,sentence_local
36353687,D000246,p|SUB|R|845|A,Association,p|SUB|R|845|A,0.4096385542,TypePairMajority,sentence_local
36353687,D000246,p|SUB|R|845|D,Association,p|SUB|R|845|D,0.4096385542,TypePairMajority,sentence_local
36353687,D000246,rs1282298847,Association,rs1282298847,0.4096385542,TypePairMajority,sentence_local
36353687,D002118,p|SUB|D|820|A,Association,p|SUB|D|820|A,0.4096385542,TypePairMajority,sentence_local
36353687,D002118,p|SUB|R|845|A,Association,p|SUB|R|845|A,0.4096385542,TypePairMajority,sentence_local
36353687,D002118,p|SUB|R|845|D,Association,p|SUB|R|845|D,0.4096385542,TypePairMajority,sentence_local
36353687,D002118,rs1282298847,Association,rs1282298847,0.4096385542,TypePairMajority,sentence_local
36353687,D002413,p|SUB|D|820|A,Association,p|SUB|D|820|A,0.4096385542,TypePairMajority,sentence_local
36353687,D002413,p|SUB|R|845|A,Association,p|SUB|R|845|A,0.4096385542,TypePairMajority,sentence_local
36353687,D002413,p|SUB|R|845|D,Association,p|SUB|R|845|D,0.4096385542,TypePairMajority,sentence_local
36353687,D002413,rs1282298847,Association,rs1282298847,0.4096385542,TypePairMajority,sentence_local
36354768,3757,D053840,Association,3757,0.5936990766,TypePairMajority,sentence_local
36354768,6331,D053840,Association,6331,0.5936990766,TypePairMajority,sentence_local
36354768,7273,D053840,Association,7273,0.5936990766,TypePairMajority,sentence_local
36358848,3845,D000230,Association,3845,0.5936990766,TypePairMajority,sentence_local
36358848,3845,D002289,Association,3845,0.5936990766,TypePairMajority,sentence_local
36358848,C000706028,D002289,Positive_Correlation,C000706028,0.3421807747,TypePairMajority,sentence_local
36358848,C000718190,D002289,Positive_Correlation,C000718190,0.3421807747,TypePairMajority,sentence_local
36361524,1385,D019636,Association,1385,0.5936990766,TypePairMajority,sentence_local
36361524,1385,D020258,Association,1385,0.5936990766,TypePairMajority,sentence_local
36361524,4137,D000544,Association,4137,0.5936990766,TypePairMajority,sentence_local
36361524,4137,D024801,Association,4137,0.5936990766,TypePairMajority,sentence_local
36361524,4915,D000544,Association,4915,0.5936990766,TypePairMajority,sentence_local
36361524,4915,D019636,Association,4915,0.5936990766,TypePairMajority,sentence_local
36361524,4915,D020258,Association,4915,0.5936990766,TypePairMajority,sentence_local
36361524,4915,D024801,Association,4915,0.5936990766,TypePairMajority,sentence_local
36361524,627,D019636,Association,627,0.5936990766,TypePairMajority,sentence_local
36361524,627,D020258,Association,627,0.5936990766,TypePairMajority,sentence_local
36361524,D000544,D003374,Positive_Correlation,D000544,0.3421807747,TypePairMajority,sentence_local
36361524,D003374,D024801,Positive_Correlation,D003374,0.3421807747,TypePairMajority,sentence_local
36361582,D000242,p|Allele|N|191,Association,p|Allele|N|191,0.4096385542,TypePairMajority,sentence_local
36361582,D000242,p|SUB|N|288|Q,Association,p|SUB|N|288|Q,0.4096385542,TypePairMajority,sentence_local
36362417,3458,D000086382,Association,3458,0.5936990766,TypePairMajority,sentence_local
36362417,3458,D013967,Association,3458,0.5936990766,TypePairMajority,sentence_local
36362417,59272,D000086382,Association,59272,0.5936990766,TypePairMajority,sentence_local
36362417,59272,D006111,Association,59272,0.5936990766,TypePairMajority,sentence_local
36362417,59272,D013967,Association,59272,0.5936990766,TypePairMajority,sentence_local
36362417,59272,D050031,Association,59272,0.5936990766,TypePairMajority,sentence_local
36362417,7113,D006111,Association,7113,0.5936990766,TypePairMajority,sentence_local
36362417,7113,D013967,Association,7113,0.5936990766,TypePairMajority,sentence_local
36362417,7113,D050031,Association,7113,0.5936990766,TypePairMajority,sentence_local
36362417,7124,D000086382,Association,7124,0.5936990766,TypePairMajority,sentence_local
36362417,7124,D013967,Association,7124,0.5936990766,TypePairMajority,sentence_local
36362417,8829,D000086382,Association,8829,0.5936990766,TypePairMajority,sentence_local
36362417,8829,D006111,Association,8829,0.5936990766,TypePairMajority,sentence_local
36362417,8829,D013967,Association,8829,0.5936990766,TypePairMajority,sentence_local
36362417,8829,D050031,Association,8829,0.5936990766,TypePairMajority,sentence_local
36362417,D000086382,D006862,Positive_Correlation,D000086382,0.3421807747,TypePairMajority,sentence_local
36362461,335,D050197,Association,335,0.5936990766,TypePairMajority,sentence_local
36362461,79679,D003920,Association,79679,0.5936990766,TypePairMajority,sentence_local
36362461,79679,D003922,Association,79679,0.5936990766,TypePairMajority,sentence_local
36362461,79679,D011565,Association,79679,0.5936990766,TypePairMajority,sentence_local
36362461,79679,D050171,Association,79679,0.5936990766,TypePairMajority,sentence_local
36362461,79679,D050197,Association,79679,0.5936990766,TypePairMajority,sentence_local
36362461,D003920,D008727,Positive_Correlation,D003920,0.3421807747,TypePairMajority,sentence_local
36362461,D003920,rs12025144,Association,rs12025144,0.431372549,TypePairMajority,sentence_local
36362461,D003920,rs2066398,Association,rs2066398,0.431372549,TypePairMajority,sentence_local
36362461,D008055,D050197,Positive_Correlation,D008055,0.3421807747,TypePairMajority,sentence_local
36362461,D008055,rs2066398,Association,rs2066398,0.4096385542,TypePairMajority,sentence_local
36362461,D008727,D011565,Positive_Correlation,D008727,0.3421807747,TypePairMajority,sentence_local
36362461,D008727,D050197,Positive_Correlation,D008727,0.3421807747,TypePairMajority,sentence_local
36362461,D008727,rs2066398,Association,rs2066398,0.4096385542,TypePairMajority,sentence_local
36362461,D011565,rs12025144,Association,rs12025144,0.431372549,TypePairMajority,sentence_local
36362461,D011565,rs2066398,Association,rs2066398,0.431372549,TypePairMajority,sentence_local
36362461,D050171,rs12025144,Association,rs12025144,0.431372549,TypePairMajority,sentence_local
36362461,D050171,rs2066398,Association,rs2066398,0.431372549,TypePairMajority,sentence_local
36362461,D050197,rs2066398,Association,rs2066398,0.431372549,TypePairMajority,sentence_local
36362642,7018,D001523,Association,7018,0.5936990766,TypePairMajority,sentence_local
36362642,7018,D003072,Association,7018,0.5936990766,TypePairMajority,sentence_local
36362642,7018,D012559,Association,7018,0.5936990766,TypePairMajority,sentence_local
36362642,D001523,D007501,Positive_Correlation,D001523,0.3421807747,TypePairMajority,sentence_local
36362642,D001523,rs3811655,Association,rs3811655,0.431372549,TypePairMajority,sentence_local
36362642,D003072,D007501,Positive_Correlation,D003072,0.3421807747,TypePairMajority,sentence_local
36362642,D003072,rs3811655,Association,rs3811655,0.431372549,TypePairMajority,sentence_local
36362642,D007501,D012559,Positive_Correlation,D007501,0.3421807747,TypePairMajority,sentence_local
36362642,D007501,rs3811655,Association,rs3811655,0.4096385542,TypePairMajority,sentence_local
36362642,D012559,rs3811655,Association,rs3811655,0.431372549,TypePairMajority,sentence_local
36364874,120227,D003920,Association,120227,0.5936990766,TypePairMajority,sentence_local
36364874,120227,D006943,Association,120227,0.5936990766,TypePairMajority,sentence_local
36364874,120227,D006973,Association,120227,0.5936990766,TypePairMajority,sentence_local
36364874,120227,D009765,Association,120227,0.5936990766,TypePairMajority,sentence_local
36364874,120227,D024821,Association,120227,0.5936990766,TypePairMajority,sentence_local
36364874,120227,D050177,Association,120227,0.5936990766,TypePairMajority,sentence_local
36364874,7421,D003920,Association,7421,0.5936990766,TypePairMajority,sentence_local
36364874,7421,D006973,Association,7421,0.5936990766,TypePairMajority,sentence_local
36364874,7421,D009765,Association,7421,0.5936990766,TypePairMajority,sentence_local
36364874,7421,D024821,Association,7421,0.5936990766,TypePairMajority,sentence_local
36364874,7421,D050177,Association,7421,0.5936990766,TypePairMajority,sentence_local
36364874,D003920,rs10741657,Association,rs10741657,0.431372549,TypePairMajority,sentence_local
36364874,D003920,rs12794714,Association,rs12794714,0.431372549,TypePairMajority,sentence_local
36364874,D003920,rs7975232,Association,rs7975232,0.431372549,TypePairMajority,sentence_local
36364874,D006943,rs10741657,Association,rs10741657,0.431372549,TypePairMajority,sentence_local
36364874,D006943,rs12794714,Association,rs12794714,0.431372549,TypePairMajority,sentence_local
36364874,D006943,rs2060793,Association,rs2060793,0.431372549,TypePairMajority,sentence_local
36364874,D006973,rs10741657,Association,rs10741657,0.431372549,TypePairMajority,sentence_local
36364874,D006973,rs12794714,Association,rs12794714,0.431372549,TypePairMajority,sentence_local
36364874,D006973,rs7975232,Association,rs7975232,0.431372549,TypePairMajority,sentence_local
36364874,D009765,rs10741657,Association,rs10741657,0.431372549,TypePairMajority,sentence_local
36364874,D009765,rs12794714,Association,rs12794714,0.431372549,TypePairMajority,sentence_local
36364874,D009765,rs7975232,Association,rs7975232,0.431372549,TypePairMajority,sentence_local
36364874,D024821,rs10741657,Association,rs10741657,0.431372549,TypePairMajority,sentence_local
36364874,D024821,rs12794714,Association,rs12794714,0.431372549,TypePairMajority,sentence_local
36364874,D024821,rs7975232,Association,rs7975232,0.431372549,TypePairMajority,sentence_local
36364874,D050177,rs10741657,Association,rs10741657,0.431372549,TypePairMajority,sentence_local
36364874,D050177,rs12794714,Association,rs12794714,0.431372549,TypePairMajority,sentence_local
36364874,D050177,rs7975232,Association,rs7975232,0.431372549,TypePairMajority,sentence_local
36364930,7421,D002289,Association,7421,0.5936990766,TypePairMajority,sentence_local
36364930,7421,D009369,Association,7421,0.5936990766,TypePairMajority,sentence_local
36364930,D002289,D014807,Positive_Correlation,D002289,0.3421807747,TypePairMajority,sentence_local
36364930,D002289,rs10877012,Association,rs10877012,0.431372549,TypePairMajority,sentence_local
36364930,D002289,rs1544410,Association,rs1544410,0.431372549,TypePairMajority,sentence_local
36364930,D002289,rs3782130,Association,rs3782130,0.431372549,TypePairMajority,sentence_local
36364930,D002289,rs4646536,Association,rs4646536,0.431372549,TypePairMajority,sentence_local
36364930,D002289,rs703842,Association,rs703842,0.431372549,TypePairMajority,sentence_local
36364930,D002289,rs731236,Association,rs731236,0.431372549,TypePairMajority,sentence_local
36364930,D002289,rs7975232,Association,rs7975232,0.431372549,TypePairMajority,sentence_local
36364930,D009369,rs1544410,Association,rs1544410,0.431372549,TypePairMajority,sentence_local
36366419,1494475,D014777,Association,1494475,0.5936990766,TypePairMajority,sentence_local
36366419,1494475,D060085,Association,1494475,0.5936990766,TypePairMajority,sentence_local
36366419,D000069455,p|SUB|S|275|F,Association,p|SUB|S|275|F,0.4096385542,TypePairMajority,sentence_local
36384536,23132,D008175,Association,23132,0.5936990766,TypePairMajority,sentence_local
36384536,2965,D002294,Association,2965,0.5936990766,TypePairMajority,sentence_local
36384536,2965,D008175,Association,2965,0.5936990766,TypePairMajority,sentence_local
36384536,D002294,rs3802967,Association,rs3802967,0.431372549,TypePairMajority,sentence_local
36384536,D008175,rs11720298,Association,rs11720298,0.431372549,TypePairMajority,sentence_local
36384536,D008175,rs3802967,Association,rs3802967,0.431372549,TypePairMajority,sentence_local
36384536,D008175,rs4150667,Association,rs4150667,0.431372549,TypePairMajority,sentence_local
36384536,D008175,rs4687592,Association,rs4687592,0.431372549,TypePairMajority,sentence_local
36384536,D008175,rs9864693,Association,rs9864693,0.431372549,TypePairMajority,sentence_local
36385756,57680,D000067877,Association,57680,0.5936990766,TypePairMajority,sentence_local
36385756,67772,D000067877,Association,67772,0.5936990766,TypePairMajority,sentence_local
36385756,67772,D001007,Association,67772,0.5936990766,TypePairMajority,sentence_local
36385756,67772,D001321,Association,67772,0.5936990766,TypePairMajority,sentence_local
36385756,67772,D001523,Association,67772,0.5936990766,TypePairMajority,sentence_local
36385756,D000067877,p|SUB|N|2373|K,Association,p|SUB|N|2373|K,0.431372549,TypePairMajority,sentence_local
36385756,D000067877,rs1331026006,Association,rs1331026006,0.431372549,TypePairMajority,sentence_local
36385756,D001007,rs1331026006,Association,rs1331026006,0.431372549,TypePairMajority,sentence_local
36385756,D001321,rs1331026006,Association,rs1331026006,0.431372549,TypePairMajority,sentence_local
36385756,D001523,p|SUB|N|2373|K,Association,p|SUB|N|2373|K,0.431372549,TypePairMajority,sentence_local
36386806,1991,C536227,Association,1991,0.5936990766,TypePairMajority,sentence_local
36386806,1991,D009503,Association,1991,0.5936990766,TypePairMajority,sentence_local
36386806,C536227,c|SUB|T|180|G,Association,c|SUB|T|180|G,0.431372549,TypePairMajority,sentence_local
36386806,C536227,p|SUB|I|60|M,Association,p|SUB|I|60|M,0.431372549,TypePairMajority,sentence_local
36386806,C536227,rs137854447,Association,rs137854447,0.431372549,TypePairMajority,sentence_local
36386806,D009503,D009842,Positive_Correlation,D009503,0.3421807747,TypePairMajority,sentence_local
36387492,5327,D000086382,Association,5327,0.5936990766,TypePairMajority,sentence_local
36387492,6401,D000086382,Association,6401,0.5936990766,TypePairMajority,sentence_local
36387492,6403,D000086382,Association,6403,0.5936990766,TypePairMajority,sentence_local
36387492,7035,D000086382,Association,7035,0.5936990766,TypePairMajority,sentence_local
36387492,D000086382,rs2020921,Association,rs2020921,0.431372549,TypePairMajority,sentence_local
36387492,D000086382,rs5361,Association,rs5361,0.431372549,TypePairMajority,sentence_local
36387492,D000086382,rs6133,Association,rs6133,0.431372549,TypePairMajority,sentence_local
36387492,D000086382,rs8176592,Association,rs8176592,0.431372549,TypePairMajority,sentence_local
36388127,C000605992,D002312,Positive_Correlation,C000605992,0.3421807747,TypePairMajority,sentence_local
36388127,C000605992,p|SUB|R|403|Q,Association,p|SUB|R|403|Q,0.4096385542,TypePairMajority,sentence_local
36388127,C472645,D002312,Positive_Correlation,C472645,0.3421807747,TypePairMajority,sentence_local
36388127,C472645,p|SUB|R|403|Q,Association,p|SUB|R|403|Q,0.4096385542,TypePairMajority,sentence_local
36388127,C547293,D002312,Positive_Correlation,C547293,0.3421807747,TypePairMajority,sentence_local
36388127,C547293,p|SUB|R|403|Q,Association,p|SUB|R|403|Q,0.4096385542,TypePairMajority,sentence_local
36388127,D002118,D002312,Positive_Correlation,D002118,0.3421807747,TypePairMajority,sentence_local
36388127,D002118,p|SUB|R|403|Q,Association,p|SUB|R|403|Q,0.4096385542,TypePairMajority,sentence_local
36388127,D002312,p|SUB|R|403|Q,Association,p|SUB|R|403|Q,0.431372549,TypePairMajority,sentence_local
36388945,3553,D000086382,Association,3553,0.5936990766,TypePairMajority,sentence_local
36388945,3553,D007249,Association,3553,0.5936990766,TypePairMajority,sentence_local
36388945,3569,D000086382,Association,3569,0.5936990766,TypePairMajority,sentence_local
36388945,3569,D007249,Association,3569,0.5936990766,TypePairMajority,sentence_local
36388945,3576,D000086382,Association,3576,0.5936990766,TypePairMajority,sentence_local
36388945,3576,D007249,Association,3576,0.5936990766,TypePairMajority,sentence_local
36388945,3605,D000086382,Association,3605,0.5936990766,TypePairMajority,sentence_local
36388945,3605,D018352,Association,3605,0.5936990766,TypePairMajority,sentence_local
36388945,43740568,D000086382,Association,43740568,0.5936990766,TypePairMajority,sentence_local
36388945,43740568,D007249,Association,43740568,0.5936990766,TypePairMajority,sentence_local
36388945,43740578,D000086382,Association,43740578,0.5936990766,TypePairMajority,sentence_local
36388945,43740578,D007249,Association,43740578,0.5936990766,TypePairMajority,sentence_local
36388945,59272,D000086382,Association,59272,0.5936990766,TypePairMajority,sentence_local
36388945,59272,D007249,Association,59272,0.5936990766,TypePairMajority,sentence_local
36388945,7097,D000086382,Association,7097,0.5936990766,TypePairMajority,sentence_local
36388945,7097,D018352,Association,7097,0.5936990766,TypePairMajority,sentence_local
36388945,7124,D000086382,Association,7124,0.5936990766,TypePairMajority,sentence_local
36388945,7124,D007249,Association,7124,0.5936990766,TypePairMajority,sentence_local
36388945,C005273,D000086382,Positive_Correlation,C005273,0.3421807747,TypePairMajority,sentence_local
36388945,C006552,D000086382,Positive_Correlation,C006552,0.3421807747,TypePairMajority,sentence_local
36388945,C006680,D000086382,Positive_Correlation,C006680,0.3421807747,TypePairMajority,sentence_local
36388945,C023717,D000086382,Positive_Correlation,C023717,0.3421807747,TypePairMajority,sentence_local
36388945,C023717,D007249,Positive_Correlation,C023717,0.3421807747,TypePairMajority,sentence_local
36388945,C031327,D000086382,Positive_Correlation,C031327,0.3421807747,TypePairMajority,sentence_local
36388945,C518327,D000086382,Positive_Correlation,C518327,0.3421807747,TypePairMajority,sentence_local
36388945,D000086382,D004365,Positive_Correlation,D000086382,0.3421807747,TypePairMajority,sentence_local
36388945,D000086382,D005419,Positive_Correlation,D000086382,0.3421807747,TypePairMajority,sentence_local
36388945,D000086382,D011794,Positive_Correlation,D000086382,0.3421807747,TypePairMajority,sentence_local
36388945,D000086382,D047311,Positive_Correlation,D000086382,0.3421807747,TypePairMajority,sentence_local
36388945,D004365,D007249,Positive_Correlation,D004365,0.3421807747,TypePairMajority,sentence_local
36388945,D005419,D007249,Positive_Correlation,D005419,0.3421807747,TypePairMajority,sentence_local
36388945,D007249,D011794,Positive_Correlation,D007249,0.3421807747,TypePairMajority,sentence_local
36388945,D007249,D047311,Positive_Correlation,D007249,0.3421807747,TypePairMajority,sentence_local
36389080,3458,D003704,Association,3458,0.5936990766,TypePairMajority,sentence_local
36389080,3552,D003704,Association,3552,0.5936990766,TypePairMajority,sentence_local
36389080,3569,D003704,Association,3569,0.5936990766,TypePairMajority,sentence_local
36389080,7124,D003704,Association,7124,0.5936990766,TypePairMajority,sentence_local
36397318,185,D011225,Association,185,0.5936990766,TypePairMajority,sentence_local
36397318,186,D011225,Association,186,0.5936990766,TypePairMajority,sentence_local
36397318,D011225,c|SUB|A|-1166|C,Association,c|SUB|A|-1166|C,0.431372549,TypePairMajority,sentence_local
36397318,D011225,c|SUB|A|-1675|G,Association,c|SUB|A|-1675|G,0.431372549,TypePairMajority,sentence_local
36397853,1301,OMIM:228520,Association,1301,0.5936990766,TypePairMajority,sentence_local
36399957,14528,D002561,Association,14528,0.5936990766,TypePairMajority,sentence_local
36399957,14528,D003072,Association,14528,0.5936990766,TypePairMajority,sentence_local
36399957,14528,D020138,Association,14528,0.5936990766,TypePairMajority,sentence_local
36399957,18126,D003072,Association,18126,0.5936990766,TypePairMajority,sentence_local
36399957,2643,D003072,Association,2643,0.5936990766,TypePairMajority,sentence_local
36399957,2643,D020138,Association,2643,0.5936990766,TypePairMajority,sentence_local
36399957,C003402,p|SUB|C|141|A,Association,p|SUB|C|141|A,0.4096385542,TypePairMajority,sentence_local
36399957,C007957,D003072,Positive_Correlation,C007957,0.3421807747,TypePairMajority,sentence_local
36399957,C007957,p|SUB|C|141|A,Association,p|SUB|C|141|A,0.4096385542,TypePairMajority,sentence_local
36399957,C090663,p|SUB|C|141|A,Association,p|SUB|C|141|A,0.4096385542,TypePairMajority,sentence_local
36399957,D000111,p|SUB|C|141|A,Association,p|SUB|C|141|A,0.4096385542,TypePairMajority,sentence_local
36399957,D003072,D003545,Positive_Correlation,D003072,0.3421807747,TypePairMajority,sentence_local
36399957,D003545,D020138,Positive_Correlation,D003545,0.3421807747,TypePairMajority,sentence_local
36401380,3767,D003924,Association,3767,0.5936990766,TypePairMajority,sentence_local
36401380,6833,D003924,Association,6833,0.5936990766,TypePairMajority,sentence_local
36401380,D003924,rs1799859,Association,rs1799859,0.431372549,TypePairMajority,sentence_local
36401380,D003924,rs2285676,Association,rs2285676,0.431372549,TypePairMajority,sentence_local
36401380,D003924,rs5219,Association,rs5219,0.431372549,TypePairMajority,sentence_local
36401380,D003924,rs757110,Association,rs757110,0.431372549,TypePairMajority,sentence_local
36404555,4567,C536246,Association,4567,0.5936990766,TypePairMajority,sentence_local
36404555,4567,D005923,Association,4567,0.5936990766,TypePairMajority,sentence_local
36404555,4567,D007674,Association,4567,0.5936990766,TypePairMajority,sentence_local
36404555,4567,D009135,Association,4567,0.5936990766,TypePairMajority,sentence_local
36404555,4567,D009202,Association,4567,0.5936990766,TypePairMajority,sentence_local
36404555,4567,D011507,Association,4567,0.5936990766,TypePairMajority,sentence_local
36404555,4567,D017237,Association,4567,0.5936990766,TypePairMajority,sentence_local
36404555,4567,D017241,Association,4567,0.5936990766,TypePairMajority,sentence_local
36404555,4567,D028361,Association,4567,0.5936990766,TypePairMajority,sentence_local
36404555,C536246,m|SUB|A|3243|G,Association,m|SUB|A|3243|G,0.431372549,TypePairMajority,sentence_local
36404555,D005923,m|SUB|A|3243|G,Association,m|SUB|A|3243|G,0.431372549,TypePairMajority,sentence_local
36404555,D007674,m|DEL|3274_3275|AC,Association,m|DEL|3274_3275|AC,0.431372549,TypePairMajority,sentence_local
36404555,D009135,m|SUB|A|3243|G,Association,m|SUB|A|3243|G,0.431372549,TypePairMajority,sentence_local
36404555,D009202,m|SUB|A|3243|G,Association,m|SUB|A|3243|G,0.431372549,TypePairMajority,sentence_local
36404555,D011507,m|DEL|3274_3275|AC,Association,m|DEL|3274_3275|AC,0.431372549,TypePairMajority,sentence_local
36404555,D017237,m|DEL|3274_3275|AC,Association,m|DEL|3274_3275|AC,0.431372549,TypePairMajority,sentence_local
36404555,D017241,m|SUB|A|3243|G,Association,m|SUB|A|3243|G,0.431372549,TypePairMajority,sentence_local
36404555,D028361,m|DEL|3274_3275|AC,Association,m|DEL|3274_3275|AC,0.431372549,TypePairMajority,sentence_local
36406976,21926,D000080424,Association,21926,0.5936990766,TypePairMajority,sentence_local
36406976,21926,D003643,Association,21926,0.5936990766,TypePairMajority,sentence_local
36406976,3569,D000080424,Association,3569,0.5936990766,TypePairMajority,sentence_local
36406976,3569,D000086382,Association,3569,0.5936990766,TypePairMajority,sentence_local
36406976,C532038,D000080424,Positive_Correlation,C532038,0.3421807747,TypePairMajority,sentence_local
36406976,C532038,D003643,Positive_Correlation,C532038,0.3421807747,TypePairMajority,sentence_local
36408215,24835,D009135,Association,24835,0.5936990766,TypePairMajority,sentence_local
36408215,24835,D010146,Association,24835,0.5936990766,TypePairMajority,sentence_local
36408215,291926,D010146,Association,291926,0.5936990766,TypePairMajority,sentence_local
36408215,309165,D009135,Association,309165,0.5936990766,TypePairMajority,sentence_local
36408215,309165,D010146,Association,309165,0.5936990766,TypePairMajority,sentence_local
36408215,4208,D009135,Association,4208,0.5936990766,TypePairMajority,sentence_local
36408215,499497,D007249,Association,499497,0.5936990766,TypePairMajority,sentence_local
36408215,499497,D009209,Association,499497,0.5936990766,TypePairMajority,sentence_local
36408215,499497,D010146,Association,499497,0.5936990766,TypePairMajority,sentence_local
36408215,81523,D010146,Association,81523,0.5936990766,TypePairMajority,sentence_local
36408215,C412811,D010146,Positive_Correlation,C412811,0.3421807747,TypePairMajority,sentence_local
36408215,D007249,D020927,Positive_Correlation,D007249,0.3421807747,TypePairMajority,sentence_local
36408215,D009135,D020927,Positive_Correlation,D009135,0.3421807747,TypePairMajority,sentence_local
36408215,D009209,D020927,Positive_Correlation,D009209,0.3421807747,TypePairMajority,sentence_local
36408789,5274,C536841,Association,5274,0.5936990766,TypePairMajority,sentence_local
36408789,5274,D019636,Association,5274,0.5936990766,TypePairMajority,sentence_local
36408789,C504424,p|SUB|H|138|C,Association,p|SUB|H|138|C,0.4096385542,TypePairMajority,sentence_local
36410397,11027185,D005355,Association,11027185,0.5936990766,TypePairMajority,sentence_local
36410397,11027185,D019698,Association,11027185,0.5936990766,TypePairMajority,sentence_local
36410397,C549273,D019698,Positive_Correlation,C549273,0.3421807747,TypePairMajority,sentence_local
36410397,D000069474,D019698,Positive_Correlation,D000069474,0.3421807747,TypePairMajority,sentence_local
36410397,D005355,D011092,Positive_Correlation,D005355,0.3421807747,TypePairMajority,sentence_local
36410397,D005355,D012254,Positive_Correlation,D005355,0.3421807747,TypePairMajority,sentence_local
36410397,D005355,D016898,Positive_Correlation,D005355,0.3421807747,TypePairMajority,sentence_local
36410397,D011092,D019698,Positive_Correlation,D011092,0.3421807747,TypePairMajority,sentence_local
36410397,D012254,D019698,Positive_Correlation,D012254,0.3421807747,TypePairMajority,sentence_local
36410397,D016898,D019698,Positive_Correlation,D016898,0.3421807747,TypePairMajority,sentence_local
36411082,351,D000544,Association,351,0.5936990766,TypePairMajority,sentence_local
36418322,D001943,D018943,Positive_Correlation,D001943,0.3421807747,TypePairMajority,sentence_local
36418322,D003907,rs28714259,Association,rs28714259,0.4096385542,TypePairMajority,sentence_local
36418322,D004317,D006332,Positive_Correlation,D004317,0.3421807747,TypePairMajority,sentence_local
36418322,D004317,rs28714259,Association,rs28714259,0.4096385542,TypePairMajority,sentence_local
36418322,D006331,rs28714259,Association,rs28714259,0.431372549,TypePairMajority,sentence_local
36418322,D006333,D018943,Positive_Correlation,D006333,0.3421807747,TypePairMajority,sentence_local
36418322,D006333,rs28714259,Association,rs28714259,0.431372549,TypePairMajority,sentence_local
36418322,D018943,D066126,Positive_Correlation,D018943,0.3421807747,TypePairMajority,sentence_local
36418322,D018943,rs28714259,Association,rs28714259,0.4096385542,TypePairMajority,sentence_local
36419651,8291,C537480,Association,8291,0.5936990766,TypePairMajority,sentence_local
36419651,8291,C537995,Association,8291,0.5936990766,TypePairMajority,sentence_local
36419668,29126,D007249,Association,29126,0.5936990766,TypePairMajority,sentence_local
36419668,3458,D007249,Association,3458,0.5936990766,TypePairMajority,sentence_local
36419668,3820,D007918,Association,3820,0.5936990766,TypePairMajority,sentence_local
36419668,5133,D007249,Association,5133,0.5936990766,TypePairMajority,sentence_local
36419668,5133,D015440,Association,5133,0.5936990766,TypePairMajority,sentence_local
36419668,7097,D007918,Association,7097,0.5936990766,TypePairMajority,sentence_local
36419668,7097,D015440,Association,7097,0.5936990766,TypePairMajority,sentence_local
36419668,7099,D007918,Association,7099,0.5936990766,TypePairMajority,sentence_local
36419668,7099,D015440,Association,7099,0.5936990766,TypePairMajority,sentence_local
36419668,7124,D007249,Association,7124,0.5936990766,TypePairMajority,sentence_local
36419668,917,D007918,Association,917,0.5936990766,TypePairMajority,sentence_local
36419668,920,D007918,Association,920,0.5936990766,TypePairMajority,sentence_local
36419668,925,D007918,Association,925,0.5936990766,TypePairMajority,sentence_local
36419668,929,D007918,Association,929,0.5936990766,TypePairMajority,sentence_local
36419668,930,D007918,Association,930,0.5936990766,TypePairMajority,sentence_local
36420263,12156,D006086,Association,12156,0.5936990766,TypePairMajority,sentence_local
36420263,12159,D006086,Association,12159,0.5936990766,TypePairMajority,sentence_local
36420263,18007,D006086,Association,18007,0.5936990766,TypePairMajority,sentence_local
36420263,285704,D003092,Association,285704,0.5936990766,TypePairMajority,sentence_local
36420263,285704,D005759,Association,285704,0.5936990766,TypePairMajority,sentence_local
36420263,285704,D006086,Association,285704,0.5936990766,TypePairMajority,sentence_local
36420263,285704,D015212,Association,285704,0.5936990766,TypePairMajority,sentence_local
36420263,285704,D052016,Association,285704,0.5936990766,TypePairMajority,sentence_local
36420263,68799,D003092,Association,68799,0.5936990766,TypePairMajority,sentence_local
36420263,68799,D005759,Association,68799,0.5936990766,TypePairMajority,sentence_local
36420263,68799,D006086,Association,68799,0.5936990766,TypePairMajority,sentence_local
36420263,68799,D015212,Association,68799,0.5936990766,TypePairMajority,sentence_local
36420263,68799,D052016,Association,68799,0.5936990766,TypePairMajority,sentence_local
36420263,D003092,D016264,Positive_Correlation,D003092,0.3421807747,TypePairMajority,sentence_local
36420263,D015212,D016264,Positive_Correlation,D015212,0.3421807747,TypePairMajority,sentence_local
36421383,6513,D004194,Association,6513,0.5936990766,TypePairMajority,sentence_local
36421788,1081,D000568,Association,1081,0.5936990766,TypePairMajority,sentence_local
36421788,1081,D007247,Association,1081,0.5936990766,TypePairMajority,sentence_local
36421788,1081,D016649,Association,1081,0.5936990766,TypePairMajority,sentence_local
36421788,2488,D000568,Association,2488,0.5936990766,TypePairMajority,sentence_local
36421788,2488,D007247,Association,2488,0.5936990766,TypePairMajority,sentence_local
36421788,2488,D016649,Association,2488,0.5936990766,TypePairMajority,sentence_local
36421788,51081,C537286,Association,51081,0.5936990766,TypePairMajority,sentence_local
36421788,51081,D006319,Association,51081,0.5936990766,TypePairMajority,sentence_local
36421788,51081,D016649,Association,51081,0.5936990766,TypePairMajority,sentence_local
36421807,3757,D001145,Association,3757,0.5936990766,TypePairMajority,sentence_local
36421807,3757,D003643,Association,3757,0.5936990766,TypePairMajority,sentence_local
36421807,3757,D006331,Association,3757,0.5936990766,TypePairMajority,sentence_local
36421807,3757,D012559,Association,3757,0.5936990766,TypePairMajority,sentence_local
36421807,775,D001145,Association,775,0.5936990766,TypePairMajority,sentence_local
36421807,775,D003643,Association,775,0.5936990766,TypePairMajority,sentence_local
36421807,775,D006331,Association,775,0.5936990766,TypePairMajority,sentence_local
36421807,775,D012559,Association,775,0.5936990766,TypePairMajority,sentence_local
36421807,D006331,rs2239061,Association,rs2239061,0.431372549,TypePairMajority,sentence_local
36421807,D006331,rs2283274,Association,rs2283274,0.431372549,TypePairMajority,sentence_local
36421807,D012559,rs1036145,Association,rs1036145,0.431372549,TypePairMajority,sentence_local
36421807,D012559,rs11763131,Association,rs11763131,0.431372549,TypePairMajority,sentence_local
36421807,D012559,rs2239061,Association,rs2239061,0.431372549,TypePairMajority,sentence_local
36421807,D012559,rs2283274,Association,rs2283274,0.431372549,TypePairMajority,sentence_local
36421807,D012559,rs3800779,Association,rs3800779,0.431372549,TypePairMajority,sentence_local
36421807,D012559,rs3807373,Association,rs3807373,0.431372549,TypePairMajority,sentence_local
36421807,D012559,rs748693,Association,rs748693,0.431372549,TypePairMajority,sentence_local
36421822,1535,D003324,Association,1535,0.5936990766,TypePairMajority,sentence_local
36421822,1535,D003643,Association,1535,0.5936990766,TypePairMajority,sentence_local
36421822,183,D003324,Association,183,0.5936990766,TypePairMajority,sentence_local
36421822,183,D003643,Association,183,0.5936990766,TypePairMajority,sentence_local
36421822,19,D003324,Association,19,0.5936990766,TypePairMajority,sentence_local
36421822,19,D003643,Association,19,0.5936990766,TypePairMajority,sentence_local
36421822,D003643,rs2230806,Association,rs2230806,0.431372549,TypePairMajority,sentence_local
36421822,D003643,rs699,Association,rs699,0.431372549,TypePairMajority,sentence_local
36421847,11136,D003555,Association,11136,0.5936990766,TypePairMajority,sentence_local
36421847,6519,D003554,Association,6519,0.5936990766,TypePairMajority,sentence_local
36421847,6519,D003555,Association,6519,0.5936990766,TypePairMajority,sentence_local
36421847,6519,D007669,Association,6519,0.5936990766,TypePairMajority,sentence_local
36421847,D003553,D003555,Positive_Correlation,D003553,0.3421807747,TypePairMajority,sentence_local
36421847,D003553,D007669,Positive_Correlation,D003553,0.3421807747,TypePairMajority,sentence_local
36421847,D003553,D007674,Positive_Correlation,D003553,0.3421807747,TypePairMajority,sentence_local
36421847,D003553,D056844,Positive_Correlation,D003553,0.3421807747,TypePairMajority,sentence_local
36421847,D003554,c|SUB|G|818|A,Association,c|SUB|G|818|A,0.431372549,TypePairMajority,sentence_local
36421847,D003554,rs772810111,Association,rs772810111,0.431372549,TypePairMajority,sentence_local
36421847,D007669,c|SUB|G|818|A,Association,c|SUB|G|818|A,0.431372549,TypePairMajority,sentence_local
36421847,D007669,rs772810111,Association,rs772810111,0.431372549,TypePairMajority,sentence_local
36425336,2566,C562694,Association,2566,0.5936990766,TypePairMajority,sentence_local
36425336,2566,D000069279,Association,2566,0.5936990766,TypePairMajority,sentence_local
36425336,2566,D004827,Association,2566,0.5936990766,TypePairMajority,sentence_local
36425336,C562694,c|SUB|C|540|T,Association,c|SUB|C|540|T,0.431372549,TypePairMajority,sentence_local
36425336,C562694,c|SUB|T|813|C,Association,c|SUB|T|813|C,0.431372549,TypePairMajority,sentence_local
36425336,C562694,p|SUB|K|289|M,Association,p|SUB|K|289|M,0.431372549,TypePairMajority,sentence_local
36425336,C562694,rs211037,Association,rs211037,0.431372549,TypePairMajority,sentence_local
36425336,D000069279,c|SUB|C|540|T,Association,c|SUB|C|540|T,0.431372549,TypePairMajority,sentence_local
36425336,D000069279,c|SUB|T|813|C,Association,c|SUB|T|813|C,0.431372549,TypePairMajority,sentence_local
36425336,D000069279,p|SUB|K|289|M,Association,p|SUB|K|289|M,0.431372549,TypePairMajority,sentence_local
36425336,D000069279,rs211037,Association,rs211037,0.431372549,TypePairMajority,sentence_local
36425553,1956,D002289,Association,1956,0.5936990766,TypePairMajority,sentence_local
36425553,D000077716,D002289,Positive_Correlation,D000077716,0.3421807747,TypePairMajority,sentence_local
36425568,1956,D002289,Association,1956,0.5936990766,TypePairMajority,sentence_local
36425568,D002289,p|INDEL|770|GY,Association,p|INDEL|770|GY,0.431372549,TypePairMajority,sentence_local
36425568,D002289,p|INS|763_764|FQEA,Association,p|INS|763_764|FQEA,0.431372549,TypePairMajority,sentence_local
36425568,D002289,p|INS|769_770|ASY,Association,p|INS|769_770|ASY,0.431372549,TypePairMajority,sentence_local
36425568,D002289,p|INS|770_771|SVD,Association,p|INS|770_771|SVD,0.431372549,TypePairMajority,sentence_local
36425568,D010710,p|INS|770_771|SVD,Association,p|INS|770_771|SVD,0.4096385542,TypePairMajority,sentence_local
36428825,3417,D002357,Association,3417,0.5936990766,TypePairMajority,sentence_local
36428825,3417,D002812,Association,3417,0.5936990766,TypePairMajority,sentence_local
36428825,3417,D002813,Association,3417,0.5936990766,TypePairMajority,sentence_local
36428825,3417,D004687,Association,3417,0.5936990766,TypePairMajority,sentence_local
36428825,3417,D006391,Association,3417,0.5936990766,TypePairMajority,sentence_local
36428825,3417,D009369,Association,3417,0.5936990766,TypePairMajority,sentence_local
36428825,3417,D010051,Association,3417,0.5936990766,TypePairMajority,sentence_local
36428825,3417,D012878,Association,3417,0.5936990766,TypePairMajority,sentence_local
36428825,3418,D004687,Association,3418,0.5936990766,TypePairMajority,sentence_local
36428825,3418,D009369,Association,3418,0.5936990766,TypePairMajority,sentence_local
36428825,D002357,rs121913499,Association,rs121913499,0.431372549,TypePairMajority,sentence_local
36428825,D002357,rs121913500,Association,rs121913500,0.431372549,TypePairMajority,sentence_local
36428825,D002812,rs121913499,Association,rs121913499,0.431372549,TypePairMajority,sentence_local
36428825,D002812,rs121913500,Association,rs121913500,0.431372549,TypePairMajority,sentence_local
36428825,D002813,rs121913499,Association,rs121913499,0.431372549,TypePairMajority,sentence_local
36428825,D002813,rs121913500,Association,rs121913500,0.431372549,TypePairMajority,sentence_local
36428825,D004687,rs121913499,Association,rs121913499,0.431372549,TypePairMajority,sentence_local
36428825,D004687,rs121913500,Association,rs121913500,0.431372549,TypePairMajority,sentence_local
36428825,D006391,rs121913499,Association,rs121913499,0.431372549,TypePairMajority,sentence_local
36428825,D006391,rs121913500,Association,rs121913500,0.431372549,TypePairMajority,sentence_local
36428825,D009369,rs121913499,Association,rs121913499,0.431372549,TypePairMajority,sentence_local
36428825,D009369,rs121913500,Association,rs121913500,0.431372549,TypePairMajority,sentence_local
36428825,D010051,rs121913499,Association,rs121913499,0.431372549,TypePairMajority,sentence_local
36428825,D010051,rs121913500,Association,rs121913500,0.431372549,TypePairMajority,sentence_local
36428825,D012878,rs121913499,Association,rs121913499,0.431372549,TypePairMajority,sentence_local
36428825,D012878,rs121913500,Association,rs121913500,0.431372549,TypePairMajority,sentence_local
36429029,101885491,D003103,Association,101885491,0.5936990766,TypePairMajority,sentence_local
36429029,101885491,D008268,Association,101885491,0.5936990766,TypePairMajority,sentence_local
36429029,101885491,D012162,Association,101885491,0.5936990766,TypePairMajority,sentence_local
36429029,8777,C535968,Association,8777,0.5936990766,TypePairMajority,sentence_local
36429029,8777,D008268,Association,8777,0.5936990766,TypePairMajority,sentence_local
36429029,C535968,c|DEL|4301|A,Association,c|DEL|4301|A,0.431372549,TypePairMajority,sentence_local
36429029,C535968,c|SUB|C|5255|G,Association,c|SUB|C|5255|G,0.431372549,TypePairMajority,sentence_local
36429029,C535968,p|FS|D|1434||3,Association,p|FS|D|1434||3,0.431372549,TypePairMajority,sentence_local
36429029,C535968,p|SUB|S|1752|X,Association,p|SUB|S|1752|X,0.431372549,TypePairMajority,sentence_local
36432690,C006780,D008659,Positive_Correlation,C006780,0.3421807747,TypePairMajority,sentence_local
36432690,D001216,D008659,Positive_Correlation,D001216,0.3421807747,TypePairMajority,sentence_local
36432690,D007930,D008659,Positive_Correlation,D007930,0.3421807747,TypePairMajority,sentence_local
36432690,D008659,D009646,Positive_Correlation,D008659,0.3421807747,TypePairMajority,sentence_local
36432690,D008659,D013654,Positive_Correlation,D008659,0.3421807747,TypePairMajority,sentence_local
36432690,D008659,D013912,Positive_Correlation,D008659,0.3421807747,TypePairMajority,sentence_local
36432690,D008659,D018698,Positive_Correlation,D008659,0.3421807747,TypePairMajority,sentence_local
36437455,285440,D000083242,Association,285440,0.5936990766,TypePairMajority,sentence_local
36437455,285440,D054556,Association,285440,0.5936990766,TypePairMajority,sentence_local
36437455,D000083242,rs1053094,Association,rs1053094,0.431372549,TypePairMajority,sentence_local
36437455,D000083242,rs1398007,Association,rs1398007,0.431372549,TypePairMajority,sentence_local
36437455,D000083242,rs56413992,Association,rs56413992,0.431372549,TypePairMajority,sentence_local
36438844,24494,D007249,Association,24494,0.5936990766,TypePairMajority,sentence_local
36438844,24770,D007249,Association,24770,0.5936990766,TypePairMajority,sentence_local
36438844,24835,D007249,Association,24835,0.5936990766,TypePairMajority,sentence_local
36438844,287362,D007249,Association,287362,0.5936990766,TypePairMajority,sentence_local
36438844,287362,D056627,Association,287362,0.5936990766,TypePairMajority,sentence_local
36438844,309165,D007249,Association,309165,0.5936990766,TypePairMajority,sentence_local
36438844,309165,D056627,Association,309165,0.5936990766,TypePairMajority,sentence_local
36438844,5734,D007249,Association,5734,0.5936990766,TypePairMajority,sentence_local
36438844,5734,D051437,Association,5734,0.5936990766,TypePairMajority,sentence_local
36438844,5734,D056627,Association,5734,0.5936990766,TypePairMajority,sentence_local
36438844,84023,D007249,Association,84023,0.5936990766,TypePairMajority,sentence_local
36438844,84023,D010532,Association,84023,0.5936990766,TypePairMajority,sentence_local
36438844,84023,D056627,Association,84023,0.5936990766,TypePairMajority,sentence_local
36438844,9536,D056627,Association,9536,0.5936990766,TypePairMajority,sentence_local
36438844,C487890,D007249,Positive_Correlation,C487890,0.3421807747,TypePairMajority,sentence_local
36438844,C487890,D010532,Positive_Correlation,C487890,0.3421807747,TypePairMajority,sentence_local
36438844,C487890,D056627,Positive_Correlation,C487890,0.3421807747,TypePairMajority,sentence_local
36438844,D005947,D007249,Positive_Correlation,D005947,0.3421807747,TypePairMajority,sentence_local
36438844,D015232,D056627,Positive_Correlation,D015232,0.3421807747,TypePairMajority,sentence_local
36444585,1956,D015179,Association,1956,0.5936990766,TypePairMajority,sentence_local
36444585,3845,D009369,Association,3845,0.5936990766,TypePairMajority,sentence_local
36444585,3845,D015179,Association,3845,0.5936990766,TypePairMajority,sentence_local
36444585,4893,D015179,Association,4893,0.5936990766,TypePairMajority,sentence_local
36444585,5594,D015179,Association,5594,0.5936990766,TypePairMajority,sentence_local
36444585,673,D015179,Association,673,0.5936990766,TypePairMajority,sentence_local
36466970,1373,D020165,Association,1373,0.5936990766,TypePairMajority,sentence_local
36466970,D001929,D005973,Positive_Correlation,D001929,0.3421807747,TypePairMajority,sentence_local
36466970,D001929,D012462,Positive_Correlation,D001929,0.3421807747,TypePairMajority,sentence_local
36466970,D005334,D005973,Positive_Correlation,D005334,0.3421807747,TypePairMajority,sentence_local
36466970,D005334,D012462,Positive_Correlation,D005334,0.3421807747,TypePairMajority,sentence_local
36466970,D005973,D022124,Positive_Correlation,D005973,0.3421807747,TypePairMajority,sentence_local
36466970,D012462,D022124,Positive_Correlation,D012462,0.3421807747,TypePairMajority,sentence_local
36466970,D020165,c|INDEL|4193_4206|G,Association,c|INDEL|4193_4206|G,0.431372549,TypePairMajority,sentence_local
36466970,D020165,c|SUB|C|793|A,Association,c|SUB|C|793|A,0.431372549,TypePairMajority,sentence_local
36466970,D020165,p|FS|L|1398|R|25,Association,p|FS|L|1398|R|25,0.431372549,TypePairMajority,sentence_local
36466970,D020165,p|SUB|P|265|T,Association,p|SUB|P|265|T,0.431372549,TypePairMajority,sentence_local
36467477,112476,D009422,Association,112476,0.5936990766,TypePairMajority,sentence_local
36468031,270,D014947,Association,270,0.5936990766,TypePairMajority,sentence_local
36468031,4638,D014947,Association,4638,0.5936990766,TypePairMajority,sentence_local
36468031,D014947,c|SUB|C|37885|A,Association,c|SUB|C|37885|A,0.431372549,TypePairMajority,sentence_local
36473671,43740578,D000086382,Association,43740578,0.5936990766,TypePairMajority,sentence_local
36479285,55630,C538178,Association,55630,0.5936990766,TypePairMajority,sentence_local
36479285,D000505,D015032,Positive_Correlation,D000505,0.3421807747,TypePairMajority,sentence_local
36479285,D005076,D015032,Positive_Correlation,D005076,0.3421807747,TypePairMajority,sentence_local
36483035,3717,D009196,Association,3717,0.5936990766,TypePairMajority,sentence_local
36483035,3717,D011087,Association,3717,0.5936990766,TypePairMajority,sentence_local
36483035,3717,D013920,Association,3717,0.5936990766,TypePairMajority,sentence_local
36483035,C540383,p|SUB|L|611|S,Association,p|SUB|L|611|S,0.4096385542,TypePairMajority,sentence_local
36483035,C540383,rs77375493,Association,rs77375493,0.4096385542,TypePairMajority,sentence_local
36483035,D009196,D016898,Positive_Correlation,D009196,0.3421807747,TypePairMajority,sentence_local
36483035,D011087,p|SUB|L|611|S,Association,p|SUB|L|611|S,0.431372549,TypePairMajority,sentence_local
36483035,D011087,rs77375493,Association,rs77375493,0.431372549,TypePairMajority,sentence_local
36483035,D013920,p|SUB|L|611|S,Association,p|SUB|L|611|S,0.431372549,TypePairMajority,sentence_local
36483035,D013920,rs77375493,Association,rs77375493,0.431372549,TypePairMajority,sentence_local
36483035,D016898,p|SUB|L|611|S,Association,p|SUB|L|611|S,0.4096385542,TypePairMajority,sentence_local
36483035,D016898,rs77375493,Association,rs77375493,0.4096385542,TypePairMajority,sentence_local
36494601,29126,D009369,Association,29126,0.5936990766,TypePairMajority,sentence_local
36494601,3845,D008175,Association,3845,0.5936990766,TypePairMajority,sentence_local
36494601,3845,D009369,Association,3845,0.5936990766,TypePairMajority,sentence_local
36494601,3845,D010190,Association,3845,0.5936990766,TypePairMajority,sentence_local
36494601,3845,D015179,Association,3845,0.5936990766,TypePairMajority,sentence_local
36494601,3845,D019337,Association,3845,0.5936990766,TypePairMajority,sentence_local
36494601,D009369,rs112445441,Association,rs112445441,0.431372549,TypePairMajority,sentence_local
36494601,D009369,rs121913529,Association,rs121913529,0.431372549,TypePairMajority,sentence_local
36494601,D009369,rs121913530,Association,rs121913530,0.431372549,TypePairMajority,sentence_local
36498839,11787,D007249,Association,11787,0.5936990766,TypePairMajority,sentence_local
36498839,11787,D008569,Association,11787,0.5936990766,TypePairMajority,sentence_local
36498839,11787,D019636,Association,11787,0.5936990766,TypePairMajority,sentence_local
36498839,11820,D007249,Association,11820,0.5936990766,TypePairMajority,sentence_local
36498839,11820,D008569,Association,11820,0.5936990766,TypePairMajority,sentence_local
36498839,17762,D007249,Association,17762,0.5936990766,TypePairMajority,sentence_local
36498839,17762,D008569,Association,17762,0.5936990766,TypePairMajority,sentence_local
36498839,18033,D007249,Association,18033,0.5936990766,TypePairMajority,sentence_local
36498839,18033,D008569,Association,18033,0.5936990766,TypePairMajority,sentence_local
36498839,227700,D007249,Association,227700,0.5936990766,TypePairMajority,sentence_local
36498839,227700,D008569,Association,227700,0.5936990766,TypePairMajority,sentence_local
36498839,351,D000544,Association,351,0.5936990766,TypePairMajority,sentence_local
36498839,351,D009447,Association,351,0.5936990766,TypePairMajority,sentence_local
36498839,351,D019636,Association,351,0.5936990766,TypePairMajority,sentence_local
36498839,4137,D009447,Association,4137,0.5936990766,TypePairMajority,sentence_local
36498839,51741,D000544,Association,51741,0.5936990766,TypePairMajority,sentence_local
36498839,51741,D008569,Association,51741,0.5936990766,TypePairMajority,sentence_local
36498839,51741,D010300,Association,51741,0.5936990766,TypePairMajority,sentence_local
36498839,51741,D019636,Association,51741,0.5936990766,TypePairMajority,sentence_local
36498839,56904,D000544,Association,56904,0.5936990766,TypePairMajority,sentence_local
36498839,56904,D009447,Association,56904,0.5936990766,TypePairMajority,sentence_local
36498839,56904,D019636,Association,56904,0.5936990766,TypePairMajority,sentence_local
36498839,67091,D000544,Association,67091,0.5936990766,TypePairMajority,sentence_local
36498839,67091,D007249,Association,67091,0.5936990766,TypePairMajority,sentence_local
36498839,67091,D008569,Association,67091,0.5936990766,TypePairMajority,sentence_local
36498839,67091,D010300,Association,67091,0.5936990766,TypePairMajority,sentence_local
36498839,67091,D019636,Association,67091,0.5936990766,TypePairMajority,sentence_local
36498839,79090,D000544,Association,79090,0.5936990766,TypePairMajority,sentence_local
36498839,79090,D009447,Association,79090,0.5936990766,TypePairMajority,sentence_local
36498839,79090,D010300,Association,79090,0.5936990766,TypePairMajority,sentence_local
36498839,79090,D019636,Association,79090,0.5936990766,TypePairMajority,sentence_local
36498839,9220,D000544,Association,9220,0.5936990766,TypePairMajority,sentence_local
36498839,9220,D009447,Association,9220,0.5936990766,TypePairMajority,sentence_local
36498839,9220,D019636,Association,9220,0.5936990766,TypePairMajority,sentence_local
36498839,D000544,D015655,Positive_Correlation,D000544,0.3421807747,TypePairMajority,sentence_local
36498839,D009447,D009498,Positive_Correlation,D009447,0.3421807747,TypePairMajority,sentence_local
36498839,D009447,D015655,Positive_Correlation,D009447,0.3421807747,TypePairMajority,sentence_local
36498839,D010300,D015655,Positive_Correlation,D010300,0.3421807747,TypePairMajority,sentence_local
36499290,338,D003920,Association,338,0.5936990766,TypePairMajority,sentence_local
36499290,338,D024821,Association,338,0.5936990766,TypePairMajority,sentence_local
36499290,D002784,D003920,Positive_Correlation,D002784,0.3421807747,TypePairMajority,sentence_local
36499290,D002784,D024821,Positive_Correlation,D002784,0.3421807747,TypePairMajority,sentence_local
36499290,D002784,rs1318006,Association,rs1318006,0.4096385542,TypePairMajority,sentence_local
36499290,D002784,rs13306194,Association,rs13306194,0.4096385542,TypePairMajority,sentence_local
36499290,D002784,rs1367117,Association,rs1367117,0.4096385542,TypePairMajority,sentence_local
36499290,D002784,rs144467873,Association,rs144467873,0.4096385542,TypePairMajority,sentence_local
36499290,D002784,rs35131127,Association,rs35131127,0.4096385542,TypePairMajority,sentence_local
36499290,D002784,rs4665709,Association,rs4665709,0.4096385542,TypePairMajority,sentence_local
36499290,D002784,rs56213756,Association,rs56213756,0.4096385542,TypePairMajority,sentence_local
36499290,D002784,rs679899,Association,rs679899,0.4096385542,TypePairMajority,sentence_local
36499290,D003920,D008055,Positive_Correlation,D003920,0.3421807747,TypePairMajority,sentence_local
36499290,D008055,D024821,Positive_Correlation,D008055,0.3421807747,TypePairMajority,sentence_local
36499290,D014280,D024821,Positive_Correlation,D014280,0.3421807747,TypePairMajority,sentence_local
36499290,D014280,rs1318006,Association,rs1318006,0.4096385542,TypePairMajority,sentence_local
36499290,D014280,rs13306194,Association,rs13306194,0.4096385542,TypePairMajority,sentence_local
36499290,D014280,rs1367117,Association,rs1367117,0.4096385542,TypePairMajority,sentence_local
36499290,D014280,rs144467873,Association,rs144467873,0.4096385542,TypePairMajority,sentence_local
36499290,D014280,rs35131127,Association,rs35131127,0.4096385542,TypePairMajority,sentence_local
36499290,D014280,rs4665709,Association,rs4665709,0.4096385542,TypePairMajority,sentence_local
36499290,D014280,rs56213756,Association,rs56213756,0.4096385542,TypePairMajority,sentence_local
36499290,D014280,rs679899,Association,rs679899,0.4096385542,TypePairMajority,sentence_local
36499290,D024821,rs1318006,Association,rs1318006,0.431372549,TypePairMajority,sentence_local
36499290,D024821,rs13306194,Association,rs13306194,0.431372549,TypePairMajority,sentence_local
36499290,D024821,rs1367117,Association,rs1367117,0.431372549,TypePairMajority,sentence_local
36499290,D024821,rs144467873,Association,rs144467873,0.431372549,TypePairMajority,sentence_local
36499290,D024821,rs35131127,Association,rs35131127,0.431372549,TypePairMajority,sentence_local
36499290,D024821,rs4665709,Association,rs4665709,0.431372549,TypePairMajority,sentence_local
36499290,D024821,rs56213756,Association,rs56213756,0.431372549,TypePairMajority,sentence_local
36499290,D024821,rs679899,Association,rs679899,0.431372549,TypePairMajority,sentence_local
36499314,7078,D009362,Association,7078,0.5936990766,TypePairMajority,sentence_local
36499314,7078,D009369,Association,7078,0.5936990766,TypePairMajority,sentence_local
36499314,7078,D012878,Association,7078,0.5936990766,TypePairMajority,sentence_local
36499314,D001151,D009369,Positive_Correlation,D001151,0.3421807747,TypePairMajority,sentence_local
36499314,D001151,D012878,Positive_Correlation,D001151,0.3421807747,TypePairMajority,sentence_local
36499314,D001151,rs2234921,Association,rs2234921,0.4096385542,TypePairMajority,sentence_local
36499314,D001151,rs9619311,Association,rs9619311,0.4096385542,TypePairMajority,sentence_local
36499314,D012878,rs2234921,Association,rs2234921,0.431372549,TypePairMajority,sentence_local
36499314,D012878,rs9619311,Association,rs9619311,0.431372549,TypePairMajority,sentence_local
36499743,406947,D001943,Association,406947,0.5936990766,TypePairMajority,sentence_local
36499743,672,D001943,Association,672,0.5936990766,TypePairMajority,sentence_local
36499743,675,D001943,Association,675,0.5936990766,TypePairMajority,sentence_local
36499743,D001943,D002945,Positive_Correlation,D001943,0.3421807747,TypePairMajority,sentence_local
36499743,D001943,rs190708267,Association,rs190708267,0.431372549,TypePairMajority,sentence_local
36500726,142,D009336,Association,142,0.5936990766,TypePairMajority,sentence_local
36500726,308,D009336,Association,308,0.5936990766,TypePairMajority,sentence_local
36500726,54205,D009336,Association,54205,0.5936990766,TypePairMajority,sentence_local
36500726,836,D009336,Association,836,0.5936990766,TypePairMajority,sentence_local
36500726,C039128,D007938,Positive_Correlation,C039128,0.3421807747,TypePairMajority,sentence_local
36500726,D007938,D010742,Positive_Correlation,D007938,0.3421807747,TypePairMajority,sentence_local
36500726,D007938,D014230,Positive_Correlation,D007938,0.3421807747,TypePairMajority,sentence_local
36500726,D009336,D011419,Positive_Correlation,D009336,0.3421807747,TypePairMajority,sentence_local
36500726,D010742,D054198,Positive_Correlation,D010742,0.3421807747,TypePairMajority,sentence_local
36500726,D014230,D054198,Positive_Correlation,D014230,0.3421807747,TypePairMajority,sentence_local
36503542,116554,D006930,Association,116554,0.5936990766,TypePairMajority,sentence_local
36503542,116554,D007249,Association,116554,0.5936990766,TypePairMajority,sentence_local
36503542,116554,D013119,Association,116554,0.5936990766,TypePairMajority,sentence_local
36503542,116590,D006930,Association,116590,0.5936990766,TypePairMajority,sentence_local
36503542,116590,D007249,Association,116590,0.5936990766,TypePairMajority,sentence_local
36503542,116590,D013119,Association,116590,0.5936990766,TypePairMajority,sentence_local
36503542,24253,D000090862,Association,24253,0.5936990766,TypePairMajority,sentence_local
36503542,24253,D009437,Association,24253,0.5936990766,TypePairMajority,sentence_local
36503542,24253,D013119,Association,24253,0.5936990766,TypePairMajority,sentence_local
36503542,25155,D006930,Association,25155,0.5936990766,TypePairMajority,sentence_local
36503542,25155,D007249,Association,25155,0.5936990766,TypePairMajority,sentence_local
36503542,25155,D013119,Association,25155,0.5936990766,TypePairMajority,sentence_local
36503542,25166,D006930,Association,25166,0.5936990766,TypePairMajority,sentence_local
36503542,25166,D007249,Association,25166,0.5936990766,TypePairMajority,sentence_local
36503542,25166,D013119,Association,25166,0.5936990766,TypePairMajority,sentence_local
36503542,287362,D000090862,Association,287362,0.5936990766,TypePairMajority,sentence_local
36503542,287362,D006930,Association,287362,0.5936990766,TypePairMajority,sentence_local
36503542,287362,D007249,Association,287362,0.5936990766,TypePairMajority,sentence_local
36503542,287362,D009437,Association,287362,0.5936990766,TypePairMajority,sentence_local
36503542,287362,D013119,Association,287362,0.5936990766,TypePairMajority,sentence_local
36503542,315084,D006930,Association,315084,0.5936990766,TypePairMajority,sentence_local
36503542,315084,D007249,Association,315084,0.5936990766,TypePairMajority,sentence_local
36503542,315084,D013119,Association,315084,0.5936990766,TypePairMajority,sentence_local
36503542,502902,D000090862,Association,502902,0.5936990766,TypePairMajority,sentence_local
36503542,502902,D006930,Association,502902,0.5936990766,TypePairMajority,sentence_local
36503542,502902,D007249,Association,502902,0.5936990766,TypePairMajority,sentence_local
36503542,502902,D009422,Association,502902,0.5936990766,TypePairMajority,sentence_local
36503542,502902,D009437,Association,502902,0.5936990766,TypePairMajority,sentence_local
36503542,502902,D013119,Association,502902,0.5936990766,TypePairMajority,sentence_local
36503542,D000255,D013119,Positive_Correlation,D000255,0.3421807747,TypePairMajority,sentence_local
36503542,D008070,D013119,Positive_Correlation,D008070,0.3421807747,TypePairMajority,sentence_local
36511679,7015,D008577,Association,7015,0.5936990766,TypePairMajority,sentence_local
36511679,D000068258,D008577,Positive_Correlation,D000068258,0.3421807747,TypePairMajority,sentence_local
36511679,D000068338,D008577,Positive_Correlation,D000068338,0.3421807747,TypePairMajority,sentence_local
36511679,D000077210,D008577,Positive_Correlation,D000077210,0.3421807747,TypePairMajority,sentence_local
36511679,D008577,D015282,Positive_Correlation,D008577,0.3421807747,TypePairMajority,sentence_local
36512268,4524,D006712,Association,4524,0.5936990766,TypePairMajority,sentence_local
36512268,875,D006712,Association,875,0.5936990766,TypePairMajority,sentence_local
36512268,D006710,D006712,Positive_Correlation,D006710,0.3421807747,TypePairMajority,sentence_local
36512268,D006710,D008661,Positive_Correlation,D006710,0.3421807747,TypePairMajority,sentence_local
36512268,D006712,c|DEL|19|,Association,c|DEL|19|,0.431372549,TypePairMajority,sentence_local
36512268,D006712,rs1194897557,Association,rs1194897557,0.431372549,TypePairMajority,sentence_local
36512268,D006712,rs1801131,Association,rs1801131,0.431372549,TypePairMajority,sentence_local
36512268,D006712,rs1801133,Association,rs1801133,0.431372549,TypePairMajority,sentence_local
36520821,16193,D007249,Association,16193,0.5936990766,TypePairMajority,sentence_local
36523794,4255,D012512,Association,4255,0.5936990766,TypePairMajority,sentence_local
36523794,D000077146,D012512,Positive_Correlation,D000077146,0.3421807747,TypePairMajority,sentence_local
36523794,D000077204,D012512,Positive_Correlation,D000077204,0.3421807747,TypePairMajority,sentence_local
36523814,3458,D007249,Association,3458,0.5936990766,TypePairMajority,sentence_local
36523814,3458,D010300,Association,3458,0.5936990766,TypePairMajority,sentence_local
36523814,3458,D020078,Association,3458,0.5936990766,TypePairMajority,sentence_local
36523814,3553,D007249,Association,3553,0.5936990766,TypePairMajority,sentence_local
36523814,4790,D010300,Association,4790,0.5936990766,TypePairMajority,sentence_local
36523814,4843,D007249,Association,4843,0.5936990766,TypePairMajority,sentence_local
36523814,4843,D010300,Association,4843,0.5936990766,TypePairMajority,sentence_local
36523814,834,D007249,Association,834,0.5936990766,TypePairMajority,sentence_local
36523814,D005947,D007249,Positive_Correlation,D005947,0.3421807747,TypePairMajority,sentence_local
36523814,D005947,D010300,Positive_Correlation,D005947,0.3421807747,TypePairMajority,sentence_local
36523814,D005947,D020078,Positive_Correlation,D005947,0.3421807747,TypePairMajority,sentence_local
36523814,D009573,D010300,Positive_Correlation,D009573,0.3421807747,TypePairMajority,sentence_local
36523814,D010300,D015632,Positive_Correlation,D010300,0.3421807747,TypePairMajority,sentence_local
36523814,D010300,D016627,Positive_Correlation,D010300,0.3421807747,TypePairMajority,sentence_local
36527059,1588,D008175,Association,1588,0.5936990766,TypePairMajority,sentence_local
36527059,1588,D009369,Association,1588,0.5936990766,TypePairMajority,sentence_local
36527059,D000077192,rs28757157,Association,rs28757157,0.431372549,TypePairMajority,sentence_local
36527059,D000077192,rs3751592,Association,rs3751592,0.431372549,TypePairMajority,sentence_local
36527059,D002294,rs28757157,Association,rs28757157,0.431372549,TypePairMajority,sentence_local
36527059,D002294,rs3751592,Association,rs3751592,0.431372549,TypePairMajority,sentence_local
36527059,D008175,rs28757157,Association,rs28757157,0.431372549,TypePairMajority,sentence_local
36527059,D008175,rs3751592,Association,rs3751592,0.431372549,TypePairMajority,sentence_local
36527059,D008175,rs59429575,Association,rs59429575,0.431372549,TypePairMajority,sentence_local
36527059,D009369,rs28757157,Association,rs28757157,0.431372549,TypePairMajority,sentence_local
36528612,43740568,D000086382,Association,43740568,0.5936990766,TypePairMajority,sentence_local
36528612,43740570,D000086382,Association,43740570,0.5936990766,TypePairMajority,sentence_local
36528612,43740571,D000086382,Association,43740571,0.5936990766,TypePairMajority,sentence_local
36528612,43740575,D000086382,Association,43740575,0.5936990766,TypePairMajority,sentence_local
36530994,3091,D000860,Association,3091,0.5936990766,TypePairMajority,sentence_local
36530994,3091,D006528,Association,3091,0.5936990766,TypePairMajority,sentence_local
36530994,445,D000860,Association,445,0.5936990766,TypePairMajority,sentence_local
36530994,445,D006528,Association,445,0.5936990766,TypePairMajority,sentence_local
36530994,51741,D000860,Association,51741,0.5936990766,TypePairMajority,sentence_local
36530994,51741,D006528,Association,51741,0.5936990766,TypePairMajority,sentence_local
36530994,51741,D009369,Association,51741,0.5936990766,TypePairMajority,sentence_local
36530994,C410216,D006528,Positive_Correlation,C410216,0.3421807747,TypePairMajority,sentence_local
36530994,C512527,D000860,Positive_Correlation,C512527,0.3421807747,TypePairMajority,sentence_local
36530994,C512527,D006528,Positive_Correlation,C512527,0.3421807747,TypePairMajority,sentence_local
36530994,C512527,rs13338697,Association,rs13338697,0.4096385542,TypePairMajority,sentence_local
36530994,C512527,rs6025211,Association,rs6025211,0.4096385542,TypePairMajority,sentence_local
36530994,D000860,rs13338697,Association,rs13338697,0.431372549,TypePairMajority,sentence_local
36530994,D001120,rs13338697,Association,rs13338697,0.4096385542,TypePairMajority,sentence_local
36530994,D006528,rs13338697,Association,rs13338697,0.431372549,TypePairMajority,sentence_local
36530994,D006528,rs6025211,Association,rs6025211,0.431372549,TypePairMajority,sentence_local
36530994,D009369,rs13338697,Association,rs13338697,0.431372549,TypePairMajority,sentence_local
36530994,D009369,rs6025211,Association,rs6025211,0.431372549,TypePairMajority,sentence_local
36531003,10111,D018297,Association,10111,0.5936990766,TypePairMajority,sentence_local
36531003,11200,D018297,Association,11200,0.5936990766,TypePairMajority,sentence_local
36531003,207,D018297,Association,207,0.5936990766,TypePairMajority,sentence_local
36531003,367,D018297,Association,367,0.5936990766,TypePairMajority,sentence_local
36531003,472,D010051,Association,472,0.5936990766,TypePairMajority,sentence_local
36531003,472,D018297,Association,472,0.5936990766,TypePairMajority,sentence_local
36531003,472,D049914,Association,472,0.5936990766,TypePairMajority,sentence_local
36531003,4763,D018297,Association,4763,0.5936990766,TypePairMajority,sentence_local
36531003,4851,D018297,Association,4851,0.5936990766,TypePairMajority,sentence_local
36531003,5290,D018297,Association,5290,0.5936990766,TypePairMajority,sentence_local
36531003,5889,D010051,Association,5889,0.5936990766,TypePairMajority,sentence_local
36531003,5889,D049914,Association,5889,0.5936990766,TypePairMajority,sentence_local
36531003,5890,D010051,Association,5890,0.5936990766,TypePairMajority,sentence_local
36531003,5890,D049914,Association,5890,0.5936990766,TypePairMajority,sentence_local
36531003,5892,D010051,Association,5892,0.5936990766,TypePairMajority,sentence_local
36531003,5892,D049914,Association,5892,0.5936990766,TypePairMajority,sentence_local
36531003,5925,D018297,Association,5925,0.5936990766,TypePairMajority,sentence_local
36531003,6098,D018297,Association,6098,0.5936990766,TypePairMajority,sentence_local
36531003,672,D010051,Association,672,0.5936990766,TypePairMajority,sentence_local
36531003,672,D018297,Association,672,0.5936990766,TypePairMajority,sentence_local
36531003,675,D010051,Association,675,0.5936990766,TypePairMajority,sentence_local
36531003,675,D018297,Association,675,0.5936990766,TypePairMajority,sentence_local
36531003,7157,D018297,Association,7157,0.5936990766,TypePairMajority,sentence_local
36531003,79728,D010051,Association,79728,0.5936990766,TypePairMajority,sentence_local
36531003,79728,D049914,Association,79728,0.5936990766,TypePairMajority,sentence_local
36531003,83990,D010051,Association,83990,0.5936990766,TypePairMajority,sentence_local
36531003,83990,D018297,Association,83990,0.5936990766,TypePairMajority,sentence_local
36531003,83990,D049914,Association,83990,0.5936990766,TypePairMajority,sentence_local
36531003,D018297,rs121908700,Association,rs121908700,0.431372549,TypePairMajority,sentence_local
36531003,D018297,rs376824528,Association,rs376824528,0.431372549,TypePairMajority,sentence_local
36531003,D018297,rs912203557,Association,rs912203557,0.431372549,TypePairMajority,sentence_local
36531218,101060264,D007249,Association,101060264,0.5936990766,TypePairMajority,sentence_local
36531218,28,D007249,Association,28,0.5936990766,TypePairMajority,sentence_local
36531218,3455,D007249,Association,3455,0.5936990766,TypePairMajority,sentence_local
36531218,348,D007249,Association,348,0.5936990766,TypePairMajority,sentence_local
36531218,7124,D007249,Association,7124,0.5936990766,TypePairMajority,sentence_local
36531218,D007249,rs1799964,Association,rs1799964,0.431372549,TypePairMajority,sentence_local
36531218,D007249,rs1886814,Association,rs1886814,0.431372549,TypePairMajority,sentence_local
36531218,D007249,rs429358,Association,rs429358,0.431372549,TypePairMajority,sentence_local
36531218,D007249,rs9975538,Association,rs9975538,0.431372549,TypePairMajority,sentence_local
36531775,2348,C567791,Association,2348,0.5936990766,TypePairMajority,sentence_local
36531775,C567791,D005492,Positive_Correlation,C567791,0.3421807747,TypePairMajority,sentence_local
36531775,C567791,rs200728335,Association,rs200728335,0.431372549,TypePairMajority,sentence_local
36531775,D001259,D002955,Positive_Correlation,D001259,0.3421807747,TypePairMajority,sentence_local
36531775,D002955,D012640,Positive_Correlation,D002955,0.3421807747,TypePairMajority,sentence_local
36533174,9379,D010300,Association,9379,0.5936990766,TypePairMajority,sentence_local
36533174,9379,D019636,Association,9379,0.5936990766,TypePairMajority,sentence_local
36533174,D010300,p|SUB|G|849|D,Association,p|SUB|G|849|D,0.431372549,TypePairMajority,sentence_local
36542547,8291,C537995,Association,8291,0.5936990766,TypePairMajority,sentence_local
36542547,C537995,c|SUB|C|1397+649|T,Association,c|SUB|C|1397+649|T,0.431372549,TypePairMajority,sentence_local
36548088,16333,D015430,Association,16333,0.5936990766,TypePairMajority,sentence_local
36548088,16337,D015430,Association,16337,0.5936990766,TypePairMajority,sentence_local
36548088,D005947,p|SUB|L|973|F,Association,p|SUB|L|973|F,0.4096385542,TypePairMajority,sentence_local
36548088,D015430,p|SUB|L|973|F,Association,p|SUB|L|973|F,0.431372549,TypePairMajority,sentence_local
36548551,24248,D007249,Association,24248,0.5936990766,TypePairMajority,sentence_local
36548551,24494,D007249,Association,24494,0.5936990766,TypePairMajority,sentence_local
36548551,24786,D007249,Association,24786,0.5936990766,TypePairMajority,sentence_local
36548551,24835,D007249,Association,24835,0.5936990766,TypePairMajority,sentence_local
36548551,C091888,D007249,Positive_Correlation,C091888,0.3421807747,TypePairMajority,sentence_local
36548551,C091888,D008569,Positive_Correlation,C091888,0.3421807747,TypePairMajority,sentence_local
36548551,C091888,D019954,Positive_Correlation,C091888,0.3421807747,TypePairMajority,sentence_local
36548551,C091888,D020258,Positive_Correlation,C091888,0.3421807747,TypePairMajority,sentence_local
36548551,D003300,D007249,Positive_Correlation,D003300,0.3421807747,TypePairMajority,sentence_local
36548551,D003300,D008569,Positive_Correlation,D003300,0.3421807747,TypePairMajority,sentence_local
36548551,D003300,D019954,Positive_Correlation,D003300,0.3421807747,TypePairMajority,sentence_local
36548551,D003300,D020258,Positive_Correlation,D003300,0.3421807747,TypePairMajority,sentence_local
36548551,D007249,D008063,Positive_Correlation,D007249,0.3421807747,TypePairMajority,sentence_local
36548551,D007249,D009573,Positive_Correlation,D007249,0.3421807747,TypePairMajority,sentence_local
36548551,D007249,D017382,Positive_Correlation,D007249,0.3421807747,TypePairMajority,sentence_local
36548551,D007249,D017392,Positive_Correlation,D007249,0.3421807747,TypePairMajority,sentence_local
36548551,D008063,D008569,Positive_Correlation,D008063,0.3421807747,TypePairMajority,sentence_local
36548551,D008063,D019954,Positive_Correlation,D008063,0.3421807747,TypePairMajority,sentence_local
36548551,D008063,D020258,Positive_Correlation,D008063,0.3421807747,TypePairMajority,sentence_local
36551633,4914,D009369,Association,4914,0.5936990766,TypePairMajority,sentence_local
36551633,4914,D016606,Association,4914,0.5936990766,TypePairMajority,sentence_local
36551633,4916,D009369,Association,4916,0.5936990766,TypePairMajority,sentence_local
36551633,4916,D016606,Association,4916,0.5936990766,TypePairMajority,sentence_local
36551633,5728,D009369,Association,5728,0.5936990766,TypePairMajority,sentence_local
36551633,5728,D016606,Association,5728,0.5936990766,TypePairMajority,sentence_local
36551633,673,D009369,Association,673,0.5936990766,TypePairMajority,sentence_local
36551633,673,D016606,Association,673,0.5936990766,TypePairMajority,sentence_local
36551633,7157,D009369,Association,7157,0.5936990766,TypePairMajority,sentence_local
36551633,7157,D016606,Association,7157,0.5936990766,TypePairMajority,sentence_local
36551633,D009369,rs113488022,Association,rs113488022,0.431372549,TypePairMajority,sentence_local
36551633,D016606,rs113488022,Association,rs113488022,0.431372549,TypePairMajority,sentence_local
36552614,18024,D003092,Association,18024,0.5936990766,TypePairMajority,sentence_local
36552614,18024,D007249,Association,18024,0.5936990766,TypePairMajority,sentence_local
36552614,50868,D003092,Association,50868,0.5936990766,TypePairMajority,sentence_local
36552614,50868,D007249,Association,50868,0.5936990766,TypePairMajority,sentence_local
36552614,C004999,D003092,Positive_Correlation,C004999,0.3421807747,TypePairMajority,sentence_local
36552614,C004999,D007249,Positive_Correlation,C004999,0.3421807747,TypePairMajority,sentence_local
36552614,C012843,D003092,Positive_Correlation,C012843,0.3421807747,TypePairMajority,sentence_local
36552614,C012843,D007249,Positive_Correlation,C012843,0.3421807747,TypePairMajority,sentence_local
36552614,C016766,D003092,Positive_Correlation,C016766,0.3421807747,TypePairMajority,sentence_local
36552614,C016766,D007249,Positive_Correlation,C016766,0.3421807747,TypePairMajority,sentence_local
36552614,C032005,D003092,Positive_Correlation,C032005,0.3421807747,TypePairMajority,sentence_local
36552614,C032005,D007249,Positive_Correlation,C032005,0.3421807747,TypePairMajority,sentence_local
36552614,C040920,D003092,Positive_Correlation,C040920,0.3421807747,TypePairMajority,sentence_local
36552614,C040920,D007249,Positive_Correlation,C040920,0.3421807747,TypePairMajority,sentence_local
36552614,D002726,D003092,Positive_Correlation,D002726,0.3421807747,TypePairMajority,sentence_local
36552614,D002726,D007249,Positive_Correlation,D002726,0.3421807747,TypePairMajority,sentence_local
36552614,D003092,D016264,Positive_Correlation,D003092,0.3421807747,TypePairMajority,sentence_local
36552614,D007249,D016264,Positive_Correlation,D007249,0.3421807747,TypePairMajority,sentence_local
36553811,D004220,c|SUB|G|28|C,Association,c|SUB|G|28|C,0.4096385542,TypePairMajority,sentence_local
36553811,D004220,p|SUB|A|37|P,Association,p|SUB|A|37|P,0.4096385542,TypePairMajority,sentence_local
36553811,D004220,p|SUB|M|176|V,Association,p|SUB|M|176|V,0.4096385542,TypePairMajority,sentence_local
36553811,D004220,p|SUB|M|294|R,Association,p|SUB|M|294|R,0.4096385542,TypePairMajority,sentence_local
36553811,D004220,p|SUB|P|206|C,Association,p|SUB|P|206|C,0.4096385542,TypePairMajority,sentence_local
36553811,D004220,p|SUB|Q|34|P,Association,p|SUB|Q|34|P,0.4096385542,TypePairMajority,sentence_local
36553811,D004220,rs756784071,Association,rs756784071,0.4096385542,TypePairMajority,sentence_local
36555402,2879,D006973,Association,2879,0.5936990766,TypePairMajority,sentence_local
36555402,2879,D011225,Association,2879,0.5936990766,TypePairMajority,sentence_local
36555402,2879,D015179,Association,2879,0.5936990766,TypePairMajority,sentence_local
36555402,2879,D020521,Association,2879,0.5936990766,TypePairMajority,sentence_local
36555402,D006973,rs713041,Association,rs713041,0.431372549,TypePairMajority,sentence_local
36555402,D009369,D012643,Positive_Correlation,D009369,0.3421807747,TypePairMajority,sentence_local
36555402,D011225,rs713041,Association,rs713041,0.431372549,TypePairMajority,sentence_local
36555402,D012643,rs713041,Association,rs713041,0.4096385542,TypePairMajority,sentence_local
36555402,D015179,rs173041,Association,rs173041,0.431372549,TypePairMajority,sentence_local
36555402,D015179,rs713041,Association,rs713041,0.431372549,TypePairMajority,sentence_local
36555402,D020521,rs713041,Association,rs713041,0.431372549,TypePairMajority,sentence_local
36558033,1956,D002289,Association,1956,0.5936990766,TypePairMajority,sentence_local
36558033,D011810,rs1057519861,Association,rs1057519861,0.4096385542,TypePairMajority,sentence_local
36558033,D011810,rs121434568,Association,rs121434568,0.4096385542,TypePairMajority,sentence_local
36558033,D011810,rs121434569,Association,rs121434569,0.4096385542,TypePairMajority,sentence_local
36559664,12606,D007249,Association,12606,0.5936990766,TypePairMajority,sentence_local
36559664,12608,D007249,Association,12608,0.5936990766,TypePairMajority,sentence_local
36559664,18126,D007249,Association,18126,0.5936990766,TypePairMajority,sentence_local
36559664,19016,D007249,Association,19016,0.5936990766,TypePairMajority,sentence_local
36559664,19225,D007249,Association,19225,0.5936990766,TypePairMajority,sentence_local
36559664,C007768,D007249,Positive_Correlation,C007768,0.3421807747,TypePairMajority,sentence_local
36559664,C039602,D007249,Positive_Correlation,C039602,0.3421807747,TypePairMajority,sentence_local
36559664,D000077385,D007249,Positive_Correlation,D000077385,0.3421807747,TypePairMajority,sentence_local
36559664,D005419,D007249,Positive_Correlation,D005419,0.3421807747,TypePairMajority,sentence_local
36559664,D007249,D008055,Positive_Correlation,D007249,0.3421807747,TypePairMajority,sentence_local
36568277,2290,C567924,Association,2290,0.5936990766,TypePairMajority,sentence_local
36568277,2290,D008607,Association,2290,0.5936990766,TypePairMajority,sentence_local
36568277,2290,D015518,Association,2290,0.5936990766,TypePairMajority,sentence_local
36568277,2290,D065886,Association,2290,0.5936990766,TypePairMajority,sentence_local
36568277,4204,D015518,Association,4204,0.5936990766,TypePairMajority,sentence_local
36568277,5587,D015518,Association,5587,0.5936990766,TypePairMajority,sentence_local
36568277,6792,D015518,Association,6792,0.5936990766,TypePairMajority,sentence_local
36568277,D008607,c|SUB|G|385|T,Association,c|SUB|G|385|T,0.431372549,TypePairMajority,sentence_local
36568277,D008607,p|SUB|E|129|X,Association,p|SUB|E|129|X,0.431372549,TypePairMajority,sentence_local
36568277,D065886,c|SUB|G|385|T,Association,c|SUB|G|385|T,0.431372549,TypePairMajority,sentence_local
36568277,D065886,p|SUB|E|129|X,Association,p|SUB|E|129|X,0.431372549,TypePairMajority,sentence_local
36568392,7054,C538007,Association,7054,0.5936990766,TypePairMajority,sentence_local
36568392,7054,D001927,Association,7054,0.5936990766,TypePairMajority,sentence_local
36568392,7054,D004421,Association,7054,0.5936990766,TypePairMajority,sentence_local
36568392,7054,D014202,Association,7054,0.5936990766,TypePairMajority,sentence_local
36568392,C538007,D002395,Positive_Correlation,C538007,0.3421807747,TypePairMajority,sentence_local
36568392,C538007,D004298,Positive_Correlation,C538007,0.3421807747,TypePairMajority,sentence_local
36568392,C538007,D007980,Positive_Correlation,C538007,0.3421807747,TypePairMajority,sentence_local
36568392,D001927,D004298,Positive_Correlation,D001927,0.3421807747,TypePairMajority,sentence_local
36568392,D004298,D004421,Positive_Correlation,D004298,0.3421807747,TypePairMajority,sentence_local
36568392,D004298,D014202,Positive_Correlation,D004298,0.3421807747,TypePairMajority,sentence_local
36568436,26276,C535382,Association,26276,0.5936990766,TypePairMajority,sentence_local
36568436,26276,D030342,Association,26276,0.5936990766,TypePairMajority,sentence_local
36568436,63894,C535382,Association,63894,0.5936990766,TypePairMajority,sentence_local
36568436,63894,D030342,Association,63894,0.5936990766,TypePairMajority,sentence_local
36571426,140806,D065631,Association,140806,0.5936990766,TypePairMajority,sentence_local
36571426,17833,D065631,Association,17833,0.5936990766,TypePairMajority,sentence_local
36571426,20666,D065631,Association,20666,0.5936990766,TypePairMajority,sentence_local
36571426,53603,D065631,Association,53603,0.5936990766,TypePairMajority,sentence_local
36571426,541307,D065631,Association,541307,0.5936990766,TypePairMajority,sentence_local
36571426,6664,D007249,Association,6664,0.5936990766,TypePairMajority,sentence_local
36571426,6664,D065631,Association,6664,0.5936990766,TypePairMajority,sentence_local
36571426,77125,D065631,Association,77125,0.5936990766,TypePairMajority,sentence_local
36571426,D006632,D065631,Positive_Correlation,D006632,0.3421807747,TypePairMajority,sentence_local
36571426,D010047,D065631,Positive_Correlation,D010047,0.3421807747,TypePairMajority,sentence_local
36572978,2155,D004844,Association,2155,0.5936990766,TypePairMajority,sentence_local
36572978,2155,D005168,Association,2155,0.5936990766,TypePairMajority,sentence_local
36572978,2155,D008595,Association,2155,0.5936990766,TypePairMajority,sentence_local
36583021,5805,C535325,Association,5805,0.5936990766,TypePairMajority,sentence_local
36583021,5805,D010661,Association,5805,0.5936990766,TypePairMajority,sentence_local
36583021,C003402,D010661,Positive_Correlation,C003402,0.3421807747,TypePairMajority,sentence_local
36583021,C535325,c|INS|46_147|TG,Association,c|INS|46_147|TG,0.431372549,TypePairMajority,sentence_local
36583021,C535325,c|SUB|A|164-36|G,Association,c|SUB|A|164-36|G,0.431372549,TypePairMajority,sentence_local
36585034,1602,D003920,Association,1602,0.5936990766,TypePairMajority,sentence_local
36585034,1602,D010182,Association,1602,0.5936990766,TypePairMajority,sentence_local
36585034,164656,D003920,Association,164656,0.5936990766,TypePairMajority,sentence_local
36585034,2646,D003920,Association,2646,0.5936990766,TypePairMajority,sentence_local
36585034,2646,D010182,Association,2646,0.5936990766,TypePairMajority,sentence_local
36585034,3083,D003920,Association,3083,0.5936990766,TypePairMajority,sentence_local
36585034,4160,D003920,Association,4160,0.5936990766,TypePairMajority,sentence_local
36585034,5990,D003920,Association,5990,0.5936990766,TypePairMajority,sentence_local
36585034,5990,D010182,Association,5990,0.5936990766,TypePairMajority,sentence_local
36585034,6239,D003920,Association,6239,0.5936990766,TypePairMajority,sentence_local
36585034,6239,D010182,Association,6239,0.5936990766,TypePairMajority,sentence_local
36585034,6523,D003920,Association,6523,0.5936990766,TypePairMajority,sentence_local
36585034,6523,D010182,Association,6523,0.5936990766,TypePairMajority,sentence_local
36585034,843,D003920,Association,843,0.5936990766,TypePairMajority,sentence_local
36585034,84327,D003920,Association,84327,0.5936990766,TypePairMajority,sentence_local
36585034,84327,D010182,Association,84327,0.5936990766,TypePairMajority,sentence_local
36585034,D002096,D003920,Positive_Correlation,D002096,0.3421807747,TypePairMajority,sentence_local
36585034,D002096,D010182,Positive_Correlation,D002096,0.3421807747,TypePairMajority,sentence_local
36585034,D002096,rs1175125123,Association,rs1175125123,0.4096385542,TypePairMajority,sentence_local
36585034,D010182,c|SUB|A|932|T,Association,c|SUB|A|932|T,0.431372549,TypePairMajority,sentence_local
36585034,D010182,rs1175125123,Association,rs1175125123,0.431372549,TypePairMajority,sentence_local
36593749,207,D007249,Association,207,0.5936990766,TypePairMajority,sentence_local
36593749,207,D011225,Association,207,0.5936990766,TypePairMajority,sentence_local
36593749,3553,D007249,Association,3553,0.5936990766,TypePairMajority,sentence_local
36593749,3553,D011225,Association,3553,0.5936990766,TypePairMajority,sentence_local
36593749,3565,D007249,Association,3565,0.5936990766,TypePairMajority,sentence_local
36593749,3565,D011225,Association,3565,0.5936990766,TypePairMajority,sentence_local
36593749,3586,D007249,Association,3586,0.5936990766,TypePairMajority,sentence_local
36593749,3586,D011225,Association,3586,0.5936990766,TypePairMajority,sentence_local
36593749,3596,D007249,Association,3596,0.5936990766,TypePairMajority,sentence_local
36593749,3596,D011225,Association,3596,0.5936990766,TypePairMajority,sentence_local
36593749,4313,D007249,Association,4313,0.5936990766,TypePairMajority,sentence_local
36593749,4313,D011225,Association,4313,0.5936990766,TypePairMajority,sentence_local
36593749,4318,D007249,Association,4318,0.5936990766,TypePairMajority,sentence_local
36593749,4318,D011225,Association,4318,0.5936990766,TypePairMajority,sentence_local
36593749,5111,D007249,Association,5111,0.5936990766,TypePairMajority,sentence_local
36593749,5111,D011225,Association,5111,0.5936990766,TypePairMajority,sentence_local
36593749,5291,D007249,Association,5291,0.5936990766,TypePairMajority,sentence_local
36593749,5291,D011225,Association,5291,0.5936990766,TypePairMajority,sentence_local
36593749,595,D007249,Association,595,0.5936990766,TypePairMajority,sentence_local
36593749,595,D011225,Association,595,0.5936990766,TypePairMajority,sentence_local
36593749,7124,D007249,Association,7124,0.5936990766,TypePairMajority,sentence_local
36593749,7124,D011225,Association,7124,0.5936990766,TypePairMajority,sentence_local
36593749,C085911,D011225,Positive_Correlation,C085911,0.3421807747,TypePairMajority,sentence_local
36593749,D007249,D011374,Positive_Correlation,D007249,0.3421807747,TypePairMajority,sentence_local
36593749,D011225,D011374,Positive_Correlation,D011225,0.3421807747,TypePairMajority,sentence_local
36599841,3717,D055728,Association,3717,0.5936990766,TypePairMajority,sentence_local
36599841,C528327,D000740,Positive_Correlation,C528327,0.3421807747,TypePairMajority,sentence_local
36599841,C528327,D055728,Positive_Correlation,C528327,0.3421807747,TypePairMajority,sentence_local
36599841,C540383,D055728,Positive_Correlation,C540383,0.3421807747,TypePairMajority,sentence_local
36599841,C546012,D000740,Positive_Correlation,C546012,0.3421807747,TypePairMajority,sentence_local
36599841,C546012,D055728,Positive_Correlation,C546012,0.3421807747,TypePairMajority,sentence_local
36599841,C571029,D055728,Positive_Correlation,C571029,0.3421807747,TypePairMajority,sentence_local
36611868,123,D005234,Association,123,0.5936990766,TypePairMajority,sentence_local
36611868,440503,D005234,Association,440503,0.5936990766,TypePairMajority,sentence_local
36611868,440503,D005235,Association,440503,0.5936990766,TypePairMajority,sentence_local
36611868,440503,D005355,Association,440503,0.5936990766,TypePairMajority,sentence_local
36611868,440503,D007249,Association,440503,0.5936990766,TypePairMajority,sentence_local
36611868,440503,D065626,Association,440503,0.5936990766,TypePairMajority,sentence_local
36611868,5346,D005234,Association,5346,0.5936990766,TypePairMajority,sentence_local
36611868,57104,D005234,Association,57104,0.5936990766,TypePairMajority,sentence_local
36611868,80339,D005234,Association,80339,0.5936990766,TypePairMajority,sentence_local
36611868,80339,D005235,Association,80339,0.5936990766,TypePairMajority,sentence_local
36611868,80339,D005355,Association,80339,0.5936990766,TypePairMajority,sentence_local
36611868,80339,D006528,Association,80339,0.5936990766,TypePairMajority,sentence_local
36611868,80339,D007249,Association,80339,0.5936990766,TypePairMajority,sentence_local
36611868,80339,D008103,Association,80339,0.5936990766,TypePairMajority,sentence_local
36611868,80339,D065626,Association,80339,0.5936990766,TypePairMajority,sentence_local
36611868,D005234,rs738409,Association,rs738409,0.431372549,TypePairMajority,sentence_local
36611868,D005235,rs738409,Association,rs738409,0.431372549,TypePairMajority,sentence_local
36611868,D005355,rs738409,Association,rs738409,0.431372549,TypePairMajority,sentence_local
36611868,D006528,rs738409,Association,rs738409,0.431372549,TypePairMajority,sentence_local
36611868,D007249,rs738409,Association,rs738409,0.431372549,TypePairMajority,sentence_local
36611868,D008103,rs738409,Association,rs738409,0.431372549,TypePairMajority,sentence_local
36611868,D065626,rs738409,Association,rs738409,0.431372549,TypePairMajority,sentence_local
36613877,53354,D006211,Association,53354,0.5936990766,TypePairMajority,sentence_local
36613877,53354,D028361,Association,53354,0.5936990766,TypePairMajority,sentence_local
36613877,79646,D006211,Association,79646,0.5936990766,TypePairMajority,sentence_local
36613877,79646,D028361,Association,79646,0.5936990766,TypePairMajority,sentence_local
36613877,80025,D006211,Association,80025,0.5936990766,TypePairMajority,sentence_local
36613877,80025,D019636,Association,80025,0.5936990766,TypePairMajority,sentence_local
36613877,80025,D028361,Association,80025,0.5936990766,TypePairMajority,sentence_local
36613877,852144,D028361,Association,852144,0.5936990766,TypePairMajority,sentence_local
36613877,D003065,D028361,Positive_Correlation,D003065,0.3421807747,TypePairMajority,sentence_local
36613877,D007501,D028361,Positive_Correlation,D007501,0.3421807747,TypePairMajority,sentence_local
36614109,3845,D002289,Association,3845,0.5936990766,TypePairMajority,sentence_local
36614109,3845,D009369,Association,3845,0.5936990766,TypePairMajority,sentence_local
36614109,C000629551,rs121913530,Association,rs121913530,0.4096385542,TypePairMajority,sentence_local
36614109,C487932,rs121913530,Association,rs121913530,0.4096385542,TypePairMajority,sentence_local
36614109,D000077716,rs121913530,Association,rs121913530,0.4096385542,TypePairMajority,sentence_local
36614109,D002289,rs121913530,Association,rs121913530,0.431372549,TypePairMajority,sentence_local
36614109,D009369,rs121913530,Association,rs121913530,0.431372549,TypePairMajority,sentence_local
36619221,2146,D007676,Association,2146,0.5936990766,TypePairMajority,sentence_local
36619229,2099,D001943,Association,2099,0.5936990766,TypePairMajority,sentence_local
36619229,2099,D009362,Association,2099,0.5936990766,TypePairMajority,sentence_local
36619229,2099,D009369,Association,2099,0.5936990766,TypePairMajority,sentence_local
36619229,2099,D012008,Association,2099,0.5936990766,TypePairMajority,sentence_local
36619229,2752,D001943,Association,2752,0.5936990766,TypePairMajority,sentence_local
36619229,2752,D007249,Association,2752,0.5936990766,TypePairMajority,sentence_local
36619229,2752,D009369,Association,2752,0.5936990766,TypePairMajority,sentence_local
36619229,2752,D012008,Association,2752,0.5936990766,TypePairMajority,sentence_local
36619229,C004858,D001943,Positive_Correlation,C004858,0.3421807747,TypePairMajority,sentence_local
36619229,C054871,D001943,Positive_Correlation,C054871,0.3421807747,TypePairMajority,sentence_local
36619229,D000077267,D001943,Positive_Correlation,D000077267,0.3421807747,TypePairMajority,sentence_local
36619229,D001943,D003523,Positive_Correlation,D001943,0.3421807747,TypePairMajority,sentence_local
36619229,D001943,D009853,Positive_Correlation,D001943,0.3421807747,TypePairMajority,sentence_local
36619229,D001943,D013629,Positive_Correlation,D001943,0.3421807747,TypePairMajority,sentence_local
36619229,D001943,D016210,Positive_Correlation,D001943,0.3421807747,TypePairMajority,sentence_local
36619229,D001943,D016291,Positive_Correlation,D001943,0.3421807747,TypePairMajority,sentence_local
36619229,D005973,D009369,Positive_Correlation,D005973,0.3421807747,TypePairMajority,sentence_local
36619229,D009362,D013629,Positive_Correlation,D009362,0.3421807747,TypePairMajority,sentence_local
36619229,D009369,D013629,Positive_Correlation,D009369,0.3421807747,TypePairMajority,sentence_local
36619229,D012008,D013629,Positive_Correlation,D012008,0.3421807747,TypePairMajority,sentence_local
36622214,D016712,p|SUB|V|588|F,Association,p|SUB|V|588|F,0.4096385542,TypePairMajority,sentence_local
36622214,D016712,p|SUB|V|631|F,Association,p|SUB|V|631|F,0.4096385542,TypePairMajority,sentence_local
36627670,100287569,D000077192,Association,100287569,0.5936990766,TypePairMajority,sentence_local
36627670,100287569,D002294,Association,100287569,0.5936990766,TypePairMajority,sentence_local
36627670,100287569,D008175,Association,100287569,0.5936990766,TypePairMajority,sentence_local
36627670,100287569,D055752,Association,100287569,0.5936990766,TypePairMajority,sentence_local
36627670,100302123,D000077192,Association,100302123,0.5936990766,TypePairMajority,sentence_local
36627670,147011,D000077192,Association,147011,0.5936990766,TypePairMajority,sentence_local
36627670,147011,D009369,Association,147011,0.5936990766,TypePairMajority,sentence_local
36627670,207,D000077192,Association,207,0.5936990766,TypePairMajority,sentence_local
36627670,4609,D000077192,Association,4609,0.5936990766,TypePairMajority,sentence_local
36627670,596,D000077192,Association,596,0.5936990766,TypePairMajority,sentence_local
36627670,596,D009369,Association,596,0.5936990766,TypePairMajority,sentence_local
36627670,678,D000077192,Association,678,0.5936990766,TypePairMajority,sentence_local
36627670,678,D009369,Association,678,0.5936990766,TypePairMajority,sentence_local
36627670,D000077192,D002945,Positive_Correlation,D000077192,0.3421807747,TypePairMajority,sentence_local
36627670,D002294,D002945,Positive_Correlation,D002294,0.3421807747,TypePairMajority,sentence_local
36627670,D002945,D008175,Positive_Correlation,D002945,0.3421807747,TypePairMajority,sentence_local
36627670,D002945,D009369,Positive_Correlation,D002945,0.3421807747,TypePairMajority,sentence_local
36627670,D002945,D055752,Positive_Correlation,D002945,0.3421807747,TypePairMajority,sentence_local
36635651,116512,D005355,Association,116512,0.5936990766,TypePairMajority,sentence_local
36635651,C581752,D005355,Positive_Correlation,C581752,0.3421807747,TypePairMajority,sentence_local
36644390,12333,D000860,Association,12333,0.5936990766,TypePairMajority,sentence_local
36644390,12333,D002908,Association,12333,0.5936990766,TypePairMajority,sentence_local
36644390,12333,D014652,Association,12333,0.5936990766,TypePairMajority,sentence_local
36644390,12333,D028361,Association,12333,0.5936990766,TypePairMajority,sentence_local
36644390,18127,D000860,Association,18127,0.5936990766,TypePairMajority,sentence_local
36644390,18127,D014652,Association,18127,0.5936990766,TypePairMajority,sentence_local
36644390,18127,D028361,Association,18127,0.5936990766,TypePairMajority,sentence_local
36644390,4846,D000860,Association,4846,0.5936990766,TypePairMajority,sentence_local
36644390,4846,D014652,Association,4846,0.5936990766,TypePairMajority,sentence_local
36644390,4846,D028361,Association,4846,0.5936990766,TypePairMajority,sentence_local
36644390,51792,D000860,Association,51792,0.5936990766,TypePairMajority,sentence_local
36644390,51792,D014652,Association,51792,0.5936990766,TypePairMajority,sentence_local
36644390,51792,D028361,Association,51792,0.5936990766,TypePairMajority,sentence_local
36644390,5524,D000860,Association,5524,0.5936990766,TypePairMajority,sentence_local
36644390,5524,D014652,Association,5524,0.5936990766,TypePairMajority,sentence_local
36644390,5524,D028361,Association,5524,0.5936990766,TypePairMajority,sentence_local
36644390,823,D000860,Association,823,0.5936990766,TypePairMajority,sentence_local
36644390,823,D002908,Association,823,0.5936990766,TypePairMajority,sentence_local
36644390,823,D014652,Association,823,0.5936990766,TypePairMajority,sentence_local
36644390,823,D028361,Association,823,0.5936990766,TypePairMajority,sentence_local
36644390,C001803,D000860,Positive_Correlation,C001803,0.3421807747,TypePairMajority,sentence_local
36644390,C001803,D014652,Positive_Correlation,C001803,0.3421807747,TypePairMajority,sentence_local
36644390,C001803,D028361,Positive_Correlation,C001803,0.3421807747,TypePairMajority,sentence_local
36644390,C035054,D000860,Positive_Correlation,C035054,0.3421807747,TypePairMajority,sentence_local
36644390,C035054,D002908,Positive_Correlation,C035054,0.3421807747,TypePairMajority,sentence_local
36644390,C035054,D014652,Positive_Correlation,C035054,0.3421807747,TypePairMajority,sentence_local
36644390,C035054,D028361,Positive_Correlation,C035054,0.3421807747,TypePairMajority,sentence_local
36644390,D000111,D000860,Positive_Correlation,D000111,0.3421807747,TypePairMajority,sentence_local
36644390,D000111,D014652,Positive_Correlation,D000111,0.3421807747,TypePairMajority,sentence_local
36644390,D000111,D028361,Positive_Correlation,D000111,0.3421807747,TypePairMajority,sentence_local
36644390,D000860,D006861,Positive_Correlation,D000860,0.3421807747,TypePairMajority,sentence_local
36644390,D000860,D017382,Positive_Correlation,D000860,0.3421807747,TypePairMajority,sentence_local
36644390,D000860,D019319,Positive_Correlation,D000860,0.3421807747,TypePairMajority,sentence_local
36644390,D002908,D017382,Positive_Correlation,D002908,0.3421807747,TypePairMajority,sentence_local
36644390,D009569,D014652,Positive_Correlation,D009569,0.3421807747,TypePairMajority,sentence_local
36644390,D014652,D017382,Positive_Correlation,D014652,0.3421807747,TypePairMajority,sentence_local
36644390,D014652,D019319,Positive_Correlation,D014652,0.3421807747,TypePairMajority,sentence_local
36644390,D019319,D028361,Positive_Correlation,D019319,0.3421807747,TypePairMajority,sentence_local
36650399,10057,D001749,Association,10057,0.5936990766,TypePairMajority,sentence_local
36650399,10351,D001749,Association,10351,0.5936990766,TypePairMajority,sentence_local
36650399,10864,D001749,Association,10864,0.5936990766,TypePairMajority,sentence_local
36650399,10864,D064420,Association,10864,0.5936990766,TypePairMajority,sentence_local
36650399,1244,D001749,Association,1244,0.5936990766,TypePairMajority,sentence_local
36650399,1244,D064420,Association,1244,0.5936990766,TypePairMajority,sentence_local
36650399,1317,D006311,Association,1317,0.5936990766,TypePairMajority,sentence_local
36650399,1317,D007674,Association,1317,0.5936990766,TypePairMajority,sentence_local
36650399,1468,D001749,Association,1468,0.5936990766,TypePairMajority,sentence_local
36650399,146802,D006311,Association,146802,0.5936990766,TypePairMajority,sentence_local
36650399,146802,D007674,Association,146802,0.5936990766,TypePairMajority,sentence_local
36650399,23456,D001749,Association,23456,0.5936990766,TypePairMajority,sentence_local
36650399,5243,D001749,Association,5243,0.5936990766,TypePairMajority,sentence_local
36650399,5243,D064420,Association,5243,0.5936990766,TypePairMajority,sentence_local
36650399,538,D001749,Association,538,0.5936990766,TypePairMajority,sentence_local
36650399,538,D064420,Association,538,0.5936990766,TypePairMajority,sentence_local
36650399,540,D001749,Association,540,0.5936990766,TypePairMajority,sentence_local
36650399,55244,D006311,Association,55244,0.5936990766,TypePairMajority,sentence_local
36650399,55244,D007674,Association,55244,0.5936990766,TypePairMajority,sentence_local
36650399,6582,D001749,Association,6582,0.5936990766,TypePairMajority,sentence_local
36650399,6582,D064420,Association,6582,0.5936990766,TypePairMajority,sentence_local
36650399,89845,D001749,Association,89845,0.5936990766,TypePairMajority,sentence_local
36650399,89874,D001749,Association,89874,0.5936990766,TypePairMajority,sentence_local
36650399,89874,D064420,Association,89874,0.5936990766,TypePairMajority,sentence_local
36650399,9356,D001749,Association,9356,0.5936990766,TypePairMajority,sentence_local
36650399,9356,D064420,Association,9356,0.5936990766,TypePairMajority,sentence_local
36650399,9429,D001749,Association,9429,0.5936990766,TypePairMajority,sentence_local
36650399,9619,D001749,Association,9619,0.5936990766,TypePairMajority,sentence_local
36650399,D001749,D002945,Positive_Correlation,D001749,0.3421807747,TypePairMajority,sentence_local
36650399,D001749,D010984,Positive_Correlation,D001749,0.3421807747,TypePairMajority,sentence_local
36650399,D002945,D006311,Positive_Correlation,D002945,0.3421807747,TypePairMajority,sentence_local
36650399,D002945,D007674,Positive_Correlation,D002945,0.3421807747,TypePairMajority,sentence_local
36650399,D002945,D064420,Positive_Correlation,D002945,0.3421807747,TypePairMajority,sentence_local
36650399,D010984,D064420,Positive_Correlation,D010984,0.3421807747,TypePairMajority,sentence_local
36660193,D000077204,D005909,Positive_Correlation,D000077204,0.3421807747,TypePairMajority,sentence_local
36660193,D002945,D009369,Positive_Correlation,D002945,0.3421807747,TypePairMajority,sentence_local
36660193,D005047,D005909,Positive_Correlation,D005047,0.3421807747,TypePairMajority,sentence_local
36660193,D005472,D009369,Positive_Correlation,D005472,0.3421807747,TypePairMajority,sentence_local
36660193,D009369,D017239,Positive_Correlation,D009369,0.3421807747,TypePairMajority,sentence_local
36661504,79923,D009369,Association,79923,0.5936990766,TypePairMajority,sentence_local
36661504,79923,D013274,Association,79923,0.5936990766,TypePairMajority,sentence_local
36661504,9314,D013274,Association,9314,0.5936990766,TypePairMajority,sentence_local
36661504,D002945,D013274,Positive_Correlation,D002945,0.3421807747,TypePairMajority,sentence_local
36661504,D013274,D053221,Positive_Correlation,D013274,0.3421807747,TypePairMajority,sentence_local
36661544,2353,C566121,Association,2353,0.5936990766,TypePairMajority,sentence_local
36661544,2353,D002971,Association,2353,0.5936990766,TypePairMajority,sentence_local
36661544,2353,D019465,Association,2353,0.5936990766,TypePairMajority,sentence_local
36661544,4313,C566121,Association,4313,0.5936990766,TypePairMajority,sentence_local
36661544,4313,D002971,Association,4313,0.5936990766,TypePairMajority,sentence_local
36661544,4313,D019465,Association,4313,0.5936990766,TypePairMajority,sentence_local
36661544,83716,C566121,Association,83716,0.5936990766,TypePairMajority,sentence_local
36661544,83716,D002971,Association,83716,0.5936990766,TypePairMajority,sentence_local
36661544,83716,D019465,Association,83716,0.5936990766,TypePairMajority,sentence_local
36661544,841,C566121,Association,841,0.5936990766,TypePairMajority,sentence_local
36661544,841,D002971,Association,841,0.5936990766,TypePairMajority,sentence_local
36661544,841,D019465,Association,841,0.5936990766,TypePairMajority,sentence_local
36661544,C566121,rs1046117,Association,rs1046117,0.431372549,TypePairMajority,sentence_local
36661544,C566121,rs243836,Association,rs243836,0.431372549,TypePairMajority,sentence_local
36661544,C566121,rs3769825,Association,rs3769825,0.431372549,TypePairMajority,sentence_local
36661544,C566121,rs8061351,Association,rs8061351,0.431372549,TypePairMajority,sentence_local
36661544,D002971,rs1046117,Association,rs1046117,0.431372549,TypePairMajority,sentence_local
36661544,D002971,rs243836,Association,rs243836,0.431372549,TypePairMajority,sentence_local
36661544,D002971,rs3769825,Association,rs3769825,0.431372549,TypePairMajority,sentence_local
36661544,D002971,rs8061351,Association,rs8061351,0.431372549,TypePairMajority,sentence_local
36661544,D019465,rs1046117,Association,rs1046117,0.431372549,TypePairMajority,sentence_local
36672327,10018,D013964,Association,10018,0.5936990766,TypePairMajority,sentence_local
36672327,3845,D013964,Association,3845,0.5936990766,TypePairMajority,sentence_local
36672327,5594,D013964,Association,5594,0.5936990766,TypePairMajority,sentence_local
36672327,5604,D013964,Association,5604,0.5936990766,TypePairMajority,sentence_local
36672327,5605,D013964,Association,5605,0.5936990766,TypePairMajority,sentence_local
36672327,5979,D013964,Association,5979,0.5936990766,TypePairMajority,sentence_local
36672327,6714,D013964,Association,6714,0.5936990766,TypePairMajority,sentence_local
36672327,673,D013964,Association,673,0.5936990766,TypePairMajority,sentence_local
36672327,C560077,D013964,Positive_Correlation,C560077,0.3421807747,TypePairMajority,sentence_local
36672327,D000069439,D013964,Positive_Correlation,D000069439,0.3421807747,TypePairMajority,sentence_local
36672750,1312,D001943,Association,1312,0.5936990766,TypePairMajority,sentence_local
36672750,1312,D010146,Association,1312,0.5936990766,TypePairMajority,sentence_local
36672750,1312,D020069,Association,1312,0.5936990766,TypePairMajority,sentence_local
36672750,1312,D059350,Association,1312,0.5936990766,TypePairMajority,sentence_local
36672750,4988,D001943,Association,4988,0.5936990766,TypePairMajority,sentence_local
36672750,4988,D010146,Association,4988,0.5936990766,TypePairMajority,sentence_local
36672750,4988,D020069,Association,4988,0.5936990766,TypePairMajority,sentence_local
36672750,4988,D059350,Association,4988,0.5936990766,TypePairMajority,sentence_local
36672750,D010146,rs1799971,Association,rs1799971,0.431372549,TypePairMajority,sentence_local
36672750,D010146,rs4680,Association,rs4680,0.431372549,TypePairMajority,sentence_local
36672750,D010146,rs540825,Association,rs540825,0.431372549,TypePairMajority,sentence_local
36672750,D010146,rs6269,Association,rs6269,0.431372549,TypePairMajority,sentence_local
36673448,C002230,D001943,Positive_Correlation,C002230,0.3421807747,TypePairMajority,sentence_local
36673448,C005273,D009369,Positive_Correlation,C005273,0.3421807747,TypePairMajority,sentence_local
36673448,C005273,D009385,Positive_Correlation,C005273,0.3421807747,TypePairMajority,sentence_local
36673448,C005273,D063646,Positive_Correlation,C005273,0.3421807747,TypePairMajority,sentence_local
36673448,C008450,D001943,Positive_Correlation,C008450,0.3421807747,TypePairMajority,sentence_local
36673448,C017515,D001943,Positive_Correlation,C017515,0.3421807747,TypePairMajority,sentence_local
36673448,C024829,D001943,Positive_Correlation,C024829,0.3421807747,TypePairMajority,sentence_local
36673448,C025946,D001943,Positive_Correlation,C025946,0.3421807747,TypePairMajority,sentence_local
36673448,C042810,D001943,Positive_Correlation,C042810,0.3421807747,TypePairMajority,sentence_local
36673448,C046175,D001943,Positive_Correlation,C046175,0.3421807747,TypePairMajority,sentence_local
36673448,D001943,D005419,Positive_Correlation,D001943,0.3421807747,TypePairMajority,sentence_local
36673448,D001943,D009705,Positive_Correlation,D001943,0.3421807747,TypePairMajority,sentence_local
36673448,D001943,D015032,Positive_Correlation,D001943,0.3421807747,TypePairMajority,sentence_local
36673448,D001943,D015127,Positive_Correlation,D001943,0.3421807747,TypePairMajority,sentence_local
36673448,D001943,D059808,Positive_Correlation,D001943,0.3421807747,TypePairMajority,sentence_local
36673448,D002392,D009385,Positive_Correlation,D002392,0.3421807747,TypePairMajority,sentence_local
36673448,D002392,D063646,Positive_Correlation,D002392,0.3421807747,TypePairMajority,sentence_local
36673448,D005419,D009369,Positive_Correlation,D005419,0.3421807747,TypePairMajority,sentence_local
36673448,D005419,D063646,Positive_Correlation,D005419,0.3421807747,TypePairMajority,sentence_local
36673448,D009369,D009705,Positive_Correlation,D009369,0.3421807747,TypePairMajority,sentence_local
36673448,D009369,D015032,Positive_Correlation,D009369,0.3421807747,TypePairMajority,sentence_local
36673448,D009369,D059808,Positive_Correlation,D009369,0.3421807747,TypePairMajority,sentence_local
36673448,D009385,D015032,Positive_Correlation,D009385,0.3421807747,TypePairMajority,sentence_local
36673448,D009385,D015127,Positive_Correlation,D009385,0.3421807747,TypePairMajority,sentence_local
36673448,D009385,D047310,Positive_Correlation,D009385,0.3421807747,TypePairMajority,sentence_local
36673448,D009385,D059808,Positive_Correlation,D009385,0.3421807747,TypePairMajority,sentence_local
36673448,D015032,D063646,Positive_Correlation,D015032,0.3421807747,TypePairMajority,sentence_local
36673448,D047310,D063646,Positive_Correlation,D047310,0.3421807747,TypePairMajority,sentence_local
36680390,445,OMIM:215700,Association,445,0.5936990766,TypePairMajority,sentence_local
36682035,3556,D002294,Association,3556,0.5936990766,TypePairMajority,sentence_local
36682035,3556,D003643,Association,3556,0.5936990766,TypePairMajority,sentence_local
36682035,3556,D007822,Association,3556,0.5936990766,TypePairMajority,sentence_local
36682035,3556,D009369,Association,3556,0.5936990766,TypePairMajority,sentence_local
36682035,3569,D002294,Association,3569,0.5936990766,TypePairMajority,sentence_local
36682035,3569,D007822,Association,3569,0.5936990766,TypePairMajority,sentence_local
36682035,640,D002294,Association,640,0.5936990766,TypePairMajority,sentence_local
36682035,640,D007822,Association,640,0.5936990766,TypePairMajority,sentence_local
36682035,7078,D002294,Association,7078,0.5936990766,TypePairMajority,sentence_local
36682035,7078,D007822,Association,7078,0.5936990766,TypePairMajority,sentence_local
36682035,9173,D002294,Association,9173,0.5936990766,TypePairMajority,sentence_local
36682035,9173,D007822,Association,9173,0.5936990766,TypePairMajority,sentence_local
36682035,D002294,rs1041973,Association,rs1041973,0.431372549,TypePairMajority,sentence_local
36682035,D002294,rs13277113,Association,rs13277113,0.431372549,TypePairMajority,sentence_local
36682035,D002294,rs1800795,Association,rs1800795,0.431372549,TypePairMajority,sentence_local
36682035,D002294,rs4624606,Association,rs4624606,0.431372549,TypePairMajority,sentence_local
36682035,D002294,rs9621532,Association,rs9621532,0.431372549,TypePairMajority,sentence_local
36682035,D003643,rs4624606,Association,rs4624606,0.431372549,TypePairMajority,sentence_local
36682035,D007822,rs1041973,Association,rs1041973,0.431372549,TypePairMajority,sentence_local
36682035,D007822,rs13277113,Association,rs13277113,0.431372549,TypePairMajority,sentence_local
36682035,D007822,rs1800795,Association,rs1800795,0.431372549,TypePairMajority,sentence_local
36682035,D007822,rs4624606,Association,rs4624606,0.431372549,TypePairMajority,sentence_local
36682035,D007822,rs9621532,Association,rs9621532,0.431372549,TypePairMajority,sentence_local
36682035,D009369,rs4624606,Association,rs4624606,0.431372549,TypePairMajority,sentence_local
36685169,2161,D056828,Association,2161,0.5936990766,TypePairMajority,sentence_local
36685169,26509,D056828,Association,26509,0.5936990766,TypePairMajority,sentence_local
36685169,284,D056828,Association,284,0.5936990766,TypePairMajority,sentence_local
36685169,3818,D056828,Association,3818,0.5936990766,TypePairMajority,sentence_local
36685169,3827,D056828,Association,3827,0.5936990766,TypePairMajority,sentence_local
36685169,5340,D056828,Association,5340,0.5936990766,TypePairMajority,sentence_local
36685169,64711,D056828,Association,64711,0.5936990766,TypePairMajority,sentence_local
36685169,710,D056828,Association,710,0.5936990766,TypePairMajority,sentence_local
36685169,710,D056829,Association,710,0.5936990766,TypePairMajority,sentence_local
36687078,D000077192,D002867,Positive_Correlation,D000077192,0.3421807747,TypePairMajority,sentence_local
36687078,D000077192,D010087,Positive_Correlation,D000077192,0.3421807747,TypePairMajority,sentence_local
36687078,D002867,D015473,Positive_Correlation,D002867,0.3421807747,TypePairMajority,sentence_local
36687078,D002867,D064420,Positive_Correlation,D002867,0.3421807747,TypePairMajority,sentence_local
36687078,D010087,D015473,Positive_Correlation,D010087,0.3421807747,TypePairMajority,sentence_local
36687078,D010087,D064420,Positive_Correlation,D010087,0.3421807747,TypePairMajority,sentence_local
36690661,10728,D009400,Association,10728,0.5936990766,TypePairMajority,sentence_local
36690661,5742,D009400,Association,5742,0.5936990766,TypePairMajority,sentence_local
36690661,5742,D050197,Association,5742,0.5936990766,TypePairMajority,sentence_local
36690661,5743,D009400,Association,5743,0.5936990766,TypePairMajority,sentence_local
36690661,80142,D009400,Association,80142,0.5936990766,TypePairMajority,sentence_local
36690661,9536,D009400,Association,9536,0.5936990766,TypePairMajority,sentence_local
36690661,D009400,D015232,Positive_Correlation,D009400,0.3421807747,TypePairMajority,sentence_local
36690661,D009400,rs11300958,Association,rs11300958,0.431372549,TypePairMajority,sentence_local
36690661,D009400,rs2958155,Association,rs2958155,0.431372549,TypePairMajority,sentence_local
36690661,D009400,rs4648268,Association,rs4648268,0.431372549,TypePairMajority,sentence_local
36690661,D050197,rs10306194,Association,rs10306194,0.431372549,TypePairMajority,sentence_local
36698099,1557,D001714,Association,1557,0.5936990766,TypePairMajority,sentence_local
36698099,1557,D003865,Association,1557,0.5936990766,TypePairMajority,sentence_local
36698099,5243,D001714,Association,5243,0.5936990766,TypePairMajority,sentence_local
36698099,5243,D003865,Association,5243,0.5936990766,TypePairMajority,sentence_local
36698099,6326,D003865,Association,6326,0.5936990766,TypePairMajority,sentence_local
36698099,D001714,rs1045642,Association,rs1045642,0.431372549,TypePairMajority,sentence_local
36698099,D001714,rs4244285,Association,rs4244285,0.431372549,TypePairMajority,sentence_local
36698099,D001714,rs4986893,Association,rs4986893,0.431372549,TypePairMajority,sentence_local
36698099,D003865,rs1045642,Association,rs1045642,0.431372549,TypePairMajority,sentence_local
36698099,D003865,rs17183814,Association,rs17183814,0.431372549,TypePairMajority,sentence_local
36698099,D003865,rs4244285,Association,rs4244285,0.431372549,TypePairMajority,sentence_local
36698099,D003865,rs4986893,Association,rs4986893,0.431372549,TypePairMajority,sentence_local
36700212,22220430,D000357,Association,22220430,0.5936990766,TypePairMajority,sentence_local
36711025,19126,D009369,Association,19126,0.5936990766,TypePairMajority,sentence_local
36711025,20674,D009369,Association,20674,0.5936990766,TypePairMajority,sentence_local
36711025,3569,D007249,Association,3569,0.5936990766,TypePairMajority,sentence_local
36711025,3576,D007249,Association,3576,0.5936990766,TypePairMajority,sentence_local
36711025,3614,D007249,Association,3614,0.5936990766,TypePairMajority,sentence_local
36711025,3614,D009369,Association,3614,0.5936990766,TypePairMajority,sentence_local
36711025,3614,D018281,Association,3614,0.5936990766,TypePairMajority,sentence_local
36711025,3615,D009369,Association,3615,0.5936990766,TypePairMajority,sentence_local
36711025,3615,D018281,Association,3615,0.5936990766,TypePairMajority,sentence_local
36711025,471,D018281,Association,471,0.5936990766,TypePairMajority,sentence_local
36711025,5198,D018281,Association,5198,0.5936990766,TypePairMajority,sentence_local
36711025,5471,D009369,Association,5471,0.5936990766,TypePairMajority,sentence_local
36711025,5471,D018281,Association,5471,0.5936990766,TypePairMajority,sentence_local
36711025,6696,D007249,Association,6696,0.5936990766,TypePairMajority,sentence_local
36711025,7412,D007249,Association,7412,0.5936990766,TypePairMajority,sentence_local
36711025,7422,D007249,Association,7422,0.5936990766,TypePairMajority,sentence_local
36711025,D006151,D007249,Positive_Correlation,D006151,0.3421807747,TypePairMajority,sentence_local
36711025,D006151,D009369,Positive_Correlation,D006151,0.3421807747,TypePairMajority,sentence_local
36711025,D006151,D018281,Positive_Correlation,D006151,0.3421807747,TypePairMajority,sentence_local
36711025,D009173,D009369,Positive_Correlation,D009173,0.3421807747,TypePairMajority,sentence_local
36711025,D009369,D011687,Positive_Correlation,D009369,0.3421807747,TypePairMajority,sentence_local
36711025,D011687,D018281,Positive_Correlation,D011687,0.3421807747,TypePairMajority,sentence_local
36711701,29110,D007249,Association,29110,0.5936990766,TypePairMajority,sentence_local
36711701,29110,D009369,Association,29110,0.5936990766,TypePairMajority,sentence_local
36711701,3661,D007249,Association,3661,0.5936990766,TypePairMajority,sentence_local
36711701,3661,D009369,Association,3661,0.5936990766,TypePairMajority,sentence_local
36711701,3661,D010190,Association,3661,0.5936990766,TypePairMajority,sentence_local
36711701,3661,D050500,Association,3661,0.5936990766,TypePairMajority,sentence_local
36711701,90865,D007249,Association,90865,0.5936990766,TypePairMajority,sentence_local
36711701,90865,D009369,Association,90865,0.5936990766,TypePairMajority,sentence_local
36711701,90865,D010190,Association,90865,0.5936990766,TypePairMajority,sentence_local
36711701,90865,D050500,Association,90865,0.5936990766,TypePairMajority,sentence_local
36711701,C108475,D007249,Positive_Correlation,C108475,0.3421807747,TypePairMajority,sentence_local
36711701,C108475,D009369,Positive_Correlation,C108475,0.3421807747,TypePairMajority,sentence_local
36711701,C108475,D010190,Positive_Correlation,C108475,0.3421807747,TypePairMajority,sentence_local
36711701,C108475,D050500,Positive_Correlation,C108475,0.3421807747,TypePairMajority,sentence_local
36727005,1644,C537437,Association,1644,0.5936990766,TypePairMajority,sentence_local
36737753,101928337,D013964,Association,101928337,0.5936990766,TypePairMajority,sentence_local
36737753,57715,D013964,Association,57715,0.5936990766,TypePairMajority,sentence_local
36737753,7173,D013964,Association,7173,0.5936990766,TypePairMajority,sentence_local
36737753,D013964,rs2048722,Association,rs2048722,0.431372549,TypePairMajority,sentence_local
36737753,D013964,rs4919510,Association,rs4919510,0.431372549,TypePairMajority,sentence_local
36737753,D013964,rs925489,Association,rs925489,0.431372549,TypePairMajority,sentence_local
36741386,207,D003872,Association,207,0.5936990766,TypePairMajority,sentence_local
36741386,207,D011565,Association,207,0.5936990766,TypePairMajority,sentence_local
36741386,207,D012871,Association,207,0.5936990766,TypePairMajority,sentence_local
36741386,2475,D003872,Association,2475,0.5936990766,TypePairMajority,sentence_local
36741386,2475,D011565,Association,2475,0.5936990766,TypePairMajority,sentence_local
36741386,2475,D012871,Association,2475,0.5936990766,TypePairMajority,sentence_local
36741386,3605,D011565,Association,3605,0.5936990766,TypePairMajority,sentence_local
36741386,5291,D011565,Association,5291,0.5936990766,TypePairMajority,sentence_local
36741386,6198,D011565,Association,6198,0.5936990766,TypePairMajority,sentence_local
36741386,C017875,D003872,Positive_Correlation,C017875,0.3421807747,TypePairMajority,sentence_local
36741386,C017875,D011565,Positive_Correlation,C017875,0.3421807747,TypePairMajority,sentence_local
36741386,C017875,D012871,Positive_Correlation,C017875,0.3421807747,TypePairMajority,sentence_local
36741386,D000077271,D003872,Positive_Correlation,D000077271,0.3421807747,TypePairMajority,sentence_local
36741386,D000077271,D011565,Positive_Correlation,D000077271,0.3421807747,TypePairMajority,sentence_local
36741386,D000077271,D012871,Positive_Correlation,D000077271,0.3421807747,TypePairMajority,sentence_local
36741386,D003872,D020123,Positive_Correlation,D003872,0.3421807747,TypePairMajority,sentence_local
36741386,D011565,D020123,Positive_Correlation,D011565,0.3421807747,TypePairMajority,sentence_local
36741386,D012871,D020123,Positive_Correlation,D012871,0.3421807747,TypePairMajority,sentence_local
36744531,5741,D061205,Association,5741,0.5936990766,TypePairMajority,sentence_local
36744531,D000450,D061205,Positive_Correlation,D000450,0.3421807747,TypePairMajority,sentence_local
36744531,D004997,D019851,Positive_Correlation,D004997,0.3421807747,TypePairMajority,sentence_local
36759515,120892,D010300,Association,120892,0.5936990766,TypePairMajority,sentence_local
36759515,2534,D010300,Association,2534,0.5936990766,TypePairMajority,sentence_local
36759515,54832,D010300,Association,54832,0.5936990766,TypePairMajority,sentence_local
36759515,64710,D010300,Association,64710,0.5936990766,TypePairMajority,sentence_local
36759515,6622,D010300,Association,6622,0.5936990766,TypePairMajority,sentence_local
36759515,8934,D010300,Association,8934,0.5936990766,TypePairMajority,sentence_local
36759515,D010300,rs11557080,Association,rs11557080,0.431372549,TypePairMajority,sentence_local
36759515,D010300,rs2251086,Association,rs2251086,0.431372549,TypePairMajority,sentence_local
36759515,D010300,rs33949390,Association,rs33949390,0.431372549,TypePairMajority,sentence_local
36759515,D010300,rs34594498,Association,rs34594498,0.431372549,TypePairMajority,sentence_local
36759515,D010300,rs34778348,Association,rs34778348,0.431372549,TypePairMajority,sentence_local
36759515,D010300,rs356182,Association,rs356182,0.431372549,TypePairMajority,sentence_local
36759515,D010300,rs61204179,Association,rs61204179,0.431372549,TypePairMajority,sentence_local
36759515,D010300,rs997368,Association,rs997368,0.431372549,TypePairMajority,sentence_local
36760581,10891,D050177,Association,10891,0.5936990766,TypePairMajority,sentence_local
36760581,10891,D063766,Association,10891,0.5936990766,TypePairMajority,sentence_local
36760581,252995,D050177,Association,252995,0.5936990766,TypePairMajority,sentence_local
36760581,252995,D063766,Association,252995,0.5936990766,TypePairMajority,sentence_local
36760581,D050177,rs16835198,Association,rs16835198,0.431372549,TypePairMajority,sentence_local
36760581,D050177,rs3755863,Association,rs3755863,0.431372549,TypePairMajority,sentence_local
36760581,D050177,rs8192678,Association,rs8192678,0.431372549,TypePairMajority,sentence_local
36760581,D063766,rs16835198,Association,rs16835198,0.431372549,TypePairMajority,sentence_local
36760581,D063766,rs3755863,Association,rs3755863,0.431372549,TypePairMajority,sentence_local
36760581,D063766,rs8192678,Association,rs8192678,0.431372549,TypePairMajority,sentence_local
36760778,2155,D005168,Association,2155,0.5936990766,TypePairMajority,sentence_local
36760778,2155,D020300,Association,2155,0.5936990766,TypePairMajority,sentence_local
36760778,D020300,c|DEL|790|C,Association,c|DEL|790|C,0.431372549,TypePairMajority,sentence_local
36761951,80169,C566283,Association,80169,0.5936990766,TypePairMajority,sentence_local
36761951,80169,D004211,Association,80169,0.5936990766,TypePairMajority,sentence_local
36761951,80169,D005221,Association,80169,0.5936990766,TypePairMajority,sentence_local
36761951,80169,D012817,Association,80169,0.5936990766,TypePairMajority,sentence_local
36761951,80169,D013921,Association,80169,0.5936990766,TypePairMajority,sentence_local
36761951,80169,D014652,Association,80169,0.5936990766,TypePairMajority,sentence_local
36761951,80169,D059885,Association,80169,0.5936990766,TypePairMajority,sentence_local
36761951,C566283,c|SUB|A|435+9|C,Association,c|SUB|A|435+9|C,0.431372549,TypePairMajority,sentence_local
36761951,C566283,rs183966301,Association,rs183966301,0.431372549,TypePairMajority,sentence_local
36761951,D011241,D059885,Positive_Correlation,D011241,0.3421807747,TypePairMajority,sentence_local
36761951,D013792,D059885,Positive_Correlation,D013792,0.3421807747,TypePairMajority,sentence_local
36761951,D020123,D059885,Positive_Correlation,D020123,0.3421807747,TypePairMajority,sentence_local
36761951,D059885,c|SUB|A|435+9|C,Association,c|SUB|A|435+9|C,0.431372549,TypePairMajority,sentence_local
36761951,D059885,rs183966301,Association,rs183966301,0.431372549,TypePairMajority,sentence_local
36789003,65250,C536293,Association,65250,0.5936990766,TypePairMajority,sentence_local
36789003,65250,D000072661,Association,65250,0.5936990766,TypePairMajority,sentence_local
36789003,C536293,c|DUP|8948|T|,Association,c|DUP|8948|T|,0.431372549,TypePairMajority,sentence_local
36789003,C536293,c|SUB|G|247|T,Association,c|SUB|G|247|T,0.431372549,TypePairMajority,sentence_local
36789003,C536293,p|FS|P|2984|T|7,Association,p|FS|P|2984|T|7,0.431372549,TypePairMajority,sentence_local
36789003,C536293,p|SUB|G|83|X,Association,p|SUB|G|83|X,0.431372549,TypePairMajority,sentence_local
36798132,13610,D011654,Association,13610,0.5936990766,TypePairMajority,sentence_local
36798132,C548679,D011654,Positive_Correlation,C548679,0.3421807747,TypePairMajority,sentence_local
