doc_id,id1,id2,relation,subject,score,system,mode
24722316,24413,D003907,Negative_Correlation,D003907,0.7594783275,AISKGConstrainedTransfer,sentence_local
24722316,24413,D004487,Association,24413,0.6608920281,AISKGConstrainedTransfer,sentence_local
24722316,24413,D006862,Positive_Correlation,D006862,0.3288614896,AISKGConstrainedTransfer,sentence_local
24722316,24413,D015735,Negative_Correlation,D015735,0.765685299,AISKGConstrainedTransfer,sentence_local
24722316,24413,D055371,Association,24413,0.6576533888,AISKGConstrainedTransfer,sentence_local
24722316,2908,D003907,Negative_Correlation,D003907,0.7594783275,AISKGConstrainedTransfer,sentence_local
24722316,2908,D004487,Association,2908,0.6608920281,AISKGConstrainedTransfer,sentence_local
24722316,2908,D006862,Positive_Correlation,D006862,0.3288614896,AISKGConstrainedTransfer,sentence_local
24722316,2908,D015735,Negative_Correlation,D015735,0.765685299,AISKGConstrainedTransfer,sentence_local
24722316,2908,D055371,Association,2908,0.6576533888,AISKGConstrainedTransfer,sentence_local
24722316,4313,D003907,Negative_Correlation,D003907,0.3925966122,AISKGConstrainedTransfer,sentence_local
24722316,4313,D004318,Positive_Correlation,D004318,0.4213925116,AISKGConstrainedTransfer,sentence_local
24722316,4313,D004487,Association,4313,0.7559871947,AISKGConstrainedTransfer,sentence_local
24722316,4313,D006862,Positive_Correlation,D006862,0.5358439507,AISKGConstrainedTransfer,sentence_local
24722316,4313,D055371,Association,4313,0.9326771881,AISKGConstrainedTransfer,sentence_local
24722316,4318,D003907,Negative_Correlation,D003907,0.3640707665,AISKGConstrainedTransfer,sentence_local
24722316,4318,D004318,Positive_Correlation,D004318,0.4806406096,AISKGConstrainedTransfer,sentence_local
24722316,4318,D004487,Association,4318,0.7551059203,AISKGConstrainedTransfer,sentence_local
24722316,4318,D006862,Negative_Correlation,D006862,0.472422646,AISKGConstrainedTransfer,sentence_local
24722316,4318,D055371,Association,4318,0.9326771881,AISKGConstrainedTransfer,sentence_local
24722316,81686,D003907,Negative_Correlation,D003907,0.3925966122,AISKGConstrainedTransfer,sentence_local
24722316,81686,D004318,Positive_Correlation,D004318,0.6093568574,AISKGConstrainedTransfer,sentence_local
24722316,81686,D004487,Association,81686,0.7559871947,AISKGConstrainedTransfer,sentence_local
24722316,81686,D006862,Positive_Correlation,D006862,0.5358439507,AISKGConstrainedTransfer,sentence_local
24722316,81686,D055371,Association,81686,0.9326771881,AISKGConstrainedTransfer,sentence_local
24722316,81687,D003907,Negative_Correlation,D003907,0.3640707665,AISKGConstrainedTransfer,sentence_local
24722316,81687,D004318,Positive_Correlation,D004318,0.6093568574,AISKGConstrainedTransfer,sentence_local
24722316,81687,D004487,Association,81687,0.7551059203,AISKGConstrainedTransfer,sentence_local
24722316,81687,D006862,Negative_Correlation,D006862,0.472422646,AISKGConstrainedTransfer,sentence_local
24722316,81687,D055371,Association,81687,0.9326771881,AISKGConstrainedTransfer,sentence_local
24722316,C025451,D055371,Positive_Correlation,C025451,0.5050082738,AISKGConstrainedTransfer,sentence_local
24722316,D003907,D004487,Positive_Correlation,D003907,0.5456723878,AISKGConstrainedTransfer,sentence_local
24722316,D003907,D015735,Negative_Correlation,D015735,0.7553508992,AISKGConstrainedTransfer,sentence_local
24722316,D003907,D055371,Positive_Correlation,D003907,0.7247924254,AISKGConstrainedTransfer,sentence_local
24722316,D004487,D006862,Positive_Correlation,D004487,0.5571097319,AISKGConstrainedTransfer,sentence_local
24722316,D006862,D055371,Positive_Correlation,D006862,0.7671614091,AISKGConstrainedTransfer,sentence_local
26115796,5609,D000074324,Negative_Correlation,D000074324,0.832858991,AISKGConstrainedTransfer,sentence_local
26115796,5609,D008545,Association,5609,0.7999137267,AISKGConstrainedTransfer,sentence_local
26115796,673,D000074324,Negative_Correlation,D000074324,0.8372911014,AISKGConstrainedTransfer,sentence_local
26115796,673,D008545,Association,673,0.8054637803,AISKGConstrainedTransfer,sentence_local
26115796,C582435,D000074324,Comparison,,0.5625880688,AISKGConstrainedTransfer,sentence_local
26115796,C582435,D000077204,Negative_Correlation,D000077204,0.4343627,AISKGConstrainedTransfer,sentence_local
26115796,C582435,D000740,Positive_Correlation,C582435,0.3708641021,AISKGConstrainedTransfer,sentence_local
26115796,C582435,D001068,Positive_Correlation,C582435,0.3782997889,AISKGConstrainedTransfer,sentence_local
26115796,C582435,D003092,Negative_Correlation,C582435,0.3823472942,AISKGConstrainedTransfer,sentence_local
26115796,C582435,D003606,Negative_Correlation,D003606,0.4343627,AISKGConstrainedTransfer,sentence_local
26115796,C582435,D003967,Negative_Correlation,C582435,0.3810575521,AISKGConstrainedTransfer,sentence_local
26115796,C582435,D004487,Negative_Correlation,C582435,0.3939599521,AISKGConstrainedTransfer,sentence_local
26115796,C582435,D005221,Positive_Correlation,C582435,0.491268698,AISKGConstrainedTransfer,sentence_local
26115796,C582435,D007010,Negative_Correlation,C582435,0.3810575521,AISKGConstrainedTransfer,sentence_local
26115796,C582435,D007018,Positive_Correlation,C582435,0.3708641021,AISKGConstrainedTransfer,sentence_local
26115796,C582435,D007970,Negative_Correlation,C582435,0.3653178381,AISKGConstrainedTransfer,sentence_local
26115796,C582435,D008545,Negative_Correlation,C582435,0.484436114,AISKGConstrainedTransfer,sentence_local
26115796,C582435,D009503,Negative_Correlation,C582435,0.3933035344,AISKGConstrainedTransfer,sentence_local
26115796,C582435,D011014,Negative_Correlation,C582435,0.3810575521,AISKGConstrainedTransfer,sentence_local
26115796,C582435,D016190,Negative_Correlation,D016190,0.4343627,AISKGConstrainedTransfer,sentence_local
26115796,C582435,D017239,Negative_Correlation,D017239,0.507374463,AISKGConstrainedTransfer,sentence_local
26115796,C582435,D063806,Negative_Correlation,C582435,0.3810575521,AISKGConstrainedTransfer,sentence_local
26115796,D000074324,D008545,Positive_Correlation,D000074324,0.5310921853,AISKGConstrainedTransfer,sentence_local
26115796,D000077204,D003606,Negative_Correlation,D003606,0.3707777872,AISKGConstrainedTransfer,sentence_local
26115796,D000077204,D016190,Negative_Correlation,D016190,0.4851990945,AISKGConstrainedTransfer,sentence_local
26115796,D000077204,D017239,Negative_Correlation,D017239,0.507374463,AISKGConstrainedTransfer,sentence_local
26115796,D003606,D016190,Negative_Correlation,D016190,0.3707777872,AISKGConstrainedTransfer,sentence_local
26115796,D003606,D017239,Negative_Correlation,D017239,0.3810217525,AISKGConstrainedTransfer,sentence_local
26115796,D016190,D017239,Negative_Correlation,D017239,0.3810217525,AISKGConstrainedTransfer,sentence_local
27374774,55863,C537475,Association,55863,0.8571374502,AISKGConstrainedTransfer,sentence_local
27374774,55863,D007676,Association,55863,0.6481658328,AISKGConstrainedTransfer,sentence_local
27374774,55863,D009135,Association,55863,0.5467586582,AISKGConstrainedTransfer,sentence_local
27374774,55863,D009202,Association,55863,0.6864057074,AISKGConstrainedTransfer,sentence_local
27374774,55863,D028361,Association,55863,0.6105175992,AISKGConstrainedTransfer,sentence_local
27374774,D028361,p|FS|N|134|I|2,Positive_Correlation,p|FS|N|134|I|2,0.5252941201,AISKGConstrainedTransfer,sentence_local
27374774,D028361,rs141542003,Positive_Correlation,rs141542003,0.7014968635,AISKGConstrainedTransfer,sentence_local
27374774,D028361,rs886037835,Positive_Correlation,rs886037835,0.5901098363,AISKGConstrainedTransfer,sentence_local
27623776,20191,C536334,Association,20191,0.8159387043,AISKGConstrainedTransfer,sentence_local
27623776,20191,D000068577,Negative_Correlation,D000068577,0.5757436336,AISKGConstrainedTransfer,sentence_local
27623776,20191,D000077261,Association,D000077261,0.421670826,AISKGConstrainedTransfer,sentence_local
27623776,20191,D002118,Negative_Correlation,D002118,0.6159718268,AISKGConstrainedTransfer,sentence_local
27623776,20191,D002413,Negative_Correlation,D002413,0.6159718268,AISKGConstrainedTransfer,sentence_local
27623776,20191,D017180,Association,20191,0.9681227755,AISKGConstrainedTransfer,sentence_local
27623776,6262,C536334,Association,6262,0.9356123412,AISKGConstrainedTransfer,sentence_local
27623776,6262,D000068577,Negative_Correlation,D000068577,0.5757436336,AISKGConstrainedTransfer,sentence_local
27623776,6262,D000077261,Association,D000077261,0.421670826,AISKGConstrainedTransfer,sentence_local
27623776,6262,D002118,Negative_Correlation,D002118,0.6159718268,AISKGConstrainedTransfer,sentence_local
27623776,6262,D002413,Negative_Correlation,D002413,0.6159718268,AISKGConstrainedTransfer,sentence_local
27623776,6262,D017180,Association,6262,0.9681227755,AISKGConstrainedTransfer,sentence_local
27623776,C536334,D000068577,Positive_Correlation,C536334,0.587189734,AISKGConstrainedTransfer,sentence_local
27623776,C536334,D000077261,Negative_Correlation,C536334,0.4916062735,AISKGConstrainedTransfer,sentence_local
27623776,C536334,D002118,Positive_Correlation,C536334,0.4433476889,AISKGConstrainedTransfer,sentence_local
27623776,C536334,D002413,Positive_Correlation,C536334,0.4433476889,AISKGConstrainedTransfer,sentence_local
27623776,C536334,p|SUB|R|4496|C,Positive_Correlation,p|SUB|R|4496|C,0.5468628345,AISKGConstrainedTransfer,sentence_local
27623776,D000068577,D001145,Negative_Correlation,D000068577,0.5475123953,AISKGConstrainedTransfer,sentence_local
27623776,D000068577,D002118,Negative_Correlation,D002118,0.4599798428,AISKGConstrainedTransfer,sentence_local
27623776,D000068577,D002413,Negative_Correlation,D002413,0.4599798428,AISKGConstrainedTransfer,sentence_local
27623776,D000068577,D017180,Positive_Correlation,D000068577,0.3869918617,AISKGConstrainedTransfer,sentence_local
27623776,D000068577,p|SUB|R|4496|C,Negative_Correlation,,0.3378665717,AISKGConstrainedTransfer,sentence_local
27623776,D000077261,D017180,Positive_Correlation,D000077261,0.4457868945,AISKGConstrainedTransfer,sentence_local
27623776,D000077261,p|SUB|R|4496|C,Negative_Correlation,,0.3378665717,AISKGConstrainedTransfer,sentence_local
27623776,D001145,D002118,Negative_Correlation,D001145,0.4973661412,AISKGConstrainedTransfer,sentence_local
27623776,D001145,D002413,Negative_Correlation,D001145,0.4973661412,AISKGConstrainedTransfer,sentence_local
27784654,116590,25029,Association,,0.3615715107,AISKGConstrainedTransfer,sentence_local
27784654,116590,58965,Association,,0.3615715107,AISKGConstrainedTransfer,sentence_local
27784654,116590,C093973,Negative_Correlation,C093973,0.5755920465,AISKGConstrainedTransfer,sentence_local
27784654,116590,D014409,Negative_Correlation,D014409,0.5755920465,AISKGConstrainedTransfer,sentence_local
27784654,171519,C093973,Negative_Correlation,C093973,0.4898325402,AISKGConstrainedTransfer,sentence_local
27784654,171519,D005317,Association,171519,0.8312194463,AISKGConstrainedTransfer,sentence_local
27784654,171519,D011225,Association,171519,0.8483896495,AISKGConstrainedTransfer,sentence_local
27784654,171519,D014409,Negative_Correlation,D014409,0.3959007451,AISKGConstrainedTransfer,sentence_local
27784654,25026,D014409,Negative_Correlation,D014409,0.3378921994,AISKGConstrainedTransfer,sentence_local
27784654,25029,50689,Association,,0.3431227329,AISKGConstrainedTransfer,sentence_local
27784654,25029,56820,Positive_Correlation,56820,0.6421981939,AISKGConstrainedTransfer,sentence_local
27784654,25029,58966,Positive_Correlation,58966,0.6421981939,AISKGConstrainedTransfer,sentence_local
27784654,25029,C093973,Association,C093973,0.4181747702,AISKGConstrainedTransfer,sentence_local
27784654,25029,D005317,Association,25029,0.8312194463,AISKGConstrainedTransfer,sentence_local
27784654,25029,D011225,Association,25029,0.8483896495,AISKGConstrainedTransfer,sentence_local
27784654,25029,D014409,Negative_Correlation,D014409,0.3936515915,AISKGConstrainedTransfer,sentence_local
27784654,399475,D014409,Negative_Correlation,D014409,0.4513755518,AISKGConstrainedTransfer,sentence_local
27784654,50689,C093973,Negative_Correlation,C093973,0.4463572012,AISKGConstrainedTransfer,sentence_local
27784654,50689,D014409,Negative_Correlation,D014409,0.554113884,AISKGConstrainedTransfer,sentence_local
27784654,56820,58965,Positive_Correlation,58965,0.6283813055,AISKGConstrainedTransfer,sentence_local
27784654,58965,C093973,Association,C093973,0.4181747702,AISKGConstrainedTransfer,sentence_local
27784654,58965,D005317,Association,58965,0.8312194463,AISKGConstrainedTransfer,sentence_local
27784654,58965,D011225,Association,58965,0.8483896495,AISKGConstrainedTransfer,sentence_local
27784654,58965,D014409,Negative_Correlation,D014409,0.3936515915,AISKGConstrainedTransfer,sentence_local
27784654,C093973,D014409,Negative_Correlation,D014409,0.5223486999,AISKGConstrainedTransfer,sentence_local
27784654,D005317,D014409,Positive_Correlation,D005317,0.6685700722,AISKGConstrainedTransfer,sentence_local
27784654,D011225,D014409,Positive_Correlation,D011225,0.6137458111,AISKGConstrainedTransfer,sentence_local
27897268,1956,D009369,Association,1956,0.8367050703,AISKGConstrainedTransfer,sentence_local
27897268,1956,D015179,Association,1956,0.6221146426,AISKGConstrainedTransfer,sentence_local
28053271,51010,C580383,Association,51010,0.9199121975,AISKGConstrainedTransfer,sentence_local
28053271,51010,D009422,Association,51010,0.8307456077,AISKGConstrainedTransfer,sentence_local
28053271,51010,D016472,Association,51010,0.9340479755,AISKGConstrainedTransfer,sentence_local
28053271,854023,C580383,Association,854023,0.9178505953,AISKGConstrainedTransfer,sentence_local
28053271,854023,D009422,Association,854023,0.9223097631,AISKGConstrainedTransfer,sentence_local
28053271,854023,D016472,Association,854023,0.9340479755,AISKGConstrainedTransfer,sentence_local
28053271,D009422,c|SUB|G|148|C,Association,c|SUB|G|148|C,0.6241792511,AISKGConstrainedTransfer,sentence_local
28053271,D009422,c|SUB|G|8|A,Association,c|SUB|G|8|A,0.6241792511,AISKGConstrainedTransfer,sentence_local
28053271,D009422,p|SUB|W|195|R,Association,p|SUB|W|195|R,0.6241792511,AISKGConstrainedTransfer,sentence_local
28053271,D009422,rs387907196,Association,rs387907196,0.6241792511,AISKGConstrainedTransfer,sentence_local
28053271,D009422,rs672601332,Association,rs672601332,0.6241792511,AISKGConstrainedTransfer,sentence_local
28053271,D009422,rs730882145,Association,rs730882145,0.6241792511,AISKGConstrainedTransfer,sentence_local
28270517,852258,D009841,Association,D009841,0.4644354098,AISKGConstrainedTransfer,sentence_local
28270517,852258,D009844,Association,D009844,0.4644354098,AISKGConstrainedTransfer,sentence_local
28270517,854656,D009841,Association,D009841,0.4644354098,AISKGConstrainedTransfer,sentence_local
28270517,854656,D009844,Association,D009844,0.4644354098,AISKGConstrainedTransfer,sentence_local
28430993,5428,D001927,Association,5428,0.815147655,AISKGConstrainedTransfer,sentence_local
28430993,5428,D002386,Association,5428,0.885010024,AISKGConstrainedTransfer,sentence_local
28430993,5428,D002549,Association,5428,0.8533211746,AISKGConstrainedTransfer,sentence_local
28430993,5428,D006319,Association,5428,0.8833987509,AISKGConstrainedTransfer,sentence_local
28430993,5428,D009135,Association,5428,0.8778285155,AISKGConstrainedTransfer,sentence_local
28430993,5428,D017093,Association,5428,0.8491602618,AISKGConstrainedTransfer,sentence_local
28430993,5428,D017246,Association,5428,0.7582259087,AISKGConstrainedTransfer,sentence_local
28430993,5428,D028361,Association,5428,0.9278778907,AISKGConstrainedTransfer,sentence_local
28430993,D002386,rs113994099,Positive_Correlation,rs113994099,0.6685715546,AISKGConstrainedTransfer,sentence_local
28430993,D006319,rs113994099,Positive_Correlation,rs113994099,0.6670377976,AISKGConstrainedTransfer,sentence_local
28430993,D009135,rs113994099,Positive_Correlation,rs113994099,0.6846632094,AISKGConstrainedTransfer,sentence_local
28430993,D017093,rs113994099,Positive_Correlation,rs113994099,0.6690270842,AISKGConstrainedTransfer,sentence_local
28430993,D028361,rs113994099,Positive_Correlation,rs113994099,0.703486348,AISKGConstrainedTransfer,sentence_local
29218329,18999,C000594653,Negative_Correlation,C000594653,0.8042955338,AISKGConstrainedTransfer,sentence_local
29218329,20674,C000594653,Negative_Correlation,C000594653,0.7981084038,AISKGConstrainedTransfer,sentence_local
29218329,23957,C000594653,Negative_Correlation,C000594653,0.8103374633,AISKGConstrainedTransfer,sentence_local
29218329,23957,D009369,Association,23957,0.794080292,AISKGConstrainedTransfer,sentence_local
29218329,3148,D006528,Association,3148,0.9386047288,AISKGConstrainedTransfer,sentence_local
29218329,387146,C000594653,Negative_Correlation,C000594653,0.8103374633,AISKGConstrainedTransfer,sentence_local
29218329,387146,D008113,Association,387146,0.8696798472,AISKGConstrainedTransfer,sentence_local
29218329,387146,D009369,Association,387146,0.794080292,AISKGConstrainedTransfer,sentence_local
29218329,97165,C000594653,Negative_Correlation,C000594653,0.7926095492,AISKGConstrainedTransfer,sentence_local
29218329,97165,D008113,Association,97165,0.9379075106,AISKGConstrainedTransfer,sentence_local
29218329,97165,D009369,Association,97165,0.9058765849,AISKGConstrainedTransfer,sentence_local
29379364,1789,D004314,Association,1789,0.9380016735,AISKGConstrainedTransfer,sentence_local
29379364,1789,D005492,Association,D005492,0.6040974876,AISKGConstrainedTransfer,sentence_local
29379364,1789,D012436,Association,D012436,0.5079390037,AISKGConstrainedTransfer,sentence_local
29379364,D004314,D005492,Positive_Correlation,D004314,0.6395163072,AISKGConstrainedTransfer,sentence_local
29379364,D004314,rs2424913,Association,rs2424913,0.4177823169,AISKGConstrainedTransfer,sentence_local
29379364,D005492,D012436,Association,D005492,0.4593548419,AISKGConstrainedTransfer,sentence_local
29595509,D003643,D012293,Positive_Correlation,D003643,0.4568658648,AISKGConstrainedTransfer,sentence_local
29595509,D004977,D014376,Negative_Correlation,D004977,0.6872678229,AISKGConstrainedTransfer,sentence_local
29595509,D004977,D014397,Negative_Correlation,D004977,0.4861796447,AISKGConstrainedTransfer,sentence_local
29595509,D007538,D014376,Positive_Correlation,D007538,0.6438069766,AISKGConstrainedTransfer,sentence_local
29595509,D011718,D014376,Negative_Correlation,D011718,0.6872678229,AISKGConstrainedTransfer,sentence_local
29595509,D011718,D014397,Negative_Correlation,D011718,0.4861796447,AISKGConstrainedTransfer,sentence_local
29595509,D012293,D014376,Positive_Correlation,D012293,0.6180642805,AISKGConstrainedTransfer,sentence_local
29595509,D012293,D014397,Negative_Correlation,D012293,0.4861796447,AISKGConstrainedTransfer,sentence_local
29595509,D013307,D014376,Negative_Correlation,D013307,0.6852545203,AISKGConstrainedTransfer,sentence_local
29595509,D014376,D024841,Negative_Correlation,D014376,0.6708242907,AISKGConstrainedTransfer,sentence_local
29595509,D014397,D024841,Negative_Correlation,D014397,0.4613898826,AISKGConstrainedTransfer,sentence_local
31193310,112476,C537180,Association,112476,0.9326129217,AISKGConstrainedTransfer,sentence_local
31193310,112476,C580065,Association,112476,0.9226827722,AISKGConstrainedTransfer,sentence_local
31193310,112476,D004827,Association,112476,0.9583846401,AISKGConstrainedTransfer,sentence_local
31193310,112476,D020325,Association,112476,0.9183492985,AISKGConstrainedTransfer,sentence_local
31193310,112476,D020936,Association,112476,0.9165720424,AISKGConstrainedTransfer,sentence_local
31298765,4976,D029241,Association,4976,0.8060948241,AISKGConstrainedTransfer,sentence_local
31298765,550504,D009896,Association,550504,0.9502144268,AISKGConstrainedTransfer,sentence_local
31298765,550504,D012162,Association,550504,0.7892892628,AISKGConstrainedTransfer,sentence_local
31298765,550504,D029241,Association,550504,0.7546687628,AISKGConstrainedTransfer,sentence_local
31298765,D012162,rs1799652893,Positive_Correlation,rs1799652893,0.48420061,AISKGConstrainedTransfer,sentence_local
31298765,D012162,rs1799747454,Positive_Correlation,rs1799747454,0.505984569,AISKGConstrainedTransfer,sentence_local
31298765,D012162,rs28936415,Positive_Correlation,rs28936415,0.48420061,AISKGConstrainedTransfer,sentence_local
31298765,D029241,rs1799652893,Positive_Correlation,rs1799652893,0.4875676711,AISKGConstrainedTransfer,sentence_local
31298765,D029241,rs1799747454,Positive_Correlation,rs1799747454,0.4610091061,AISKGConstrainedTransfer,sentence_local
31298765,D029241,rs28936415,Positive_Correlation,rs28936415,0.5137482268,AISKGConstrainedTransfer,sentence_local
31416966,125061,D007737,Association,D007737,0.5434937751,AISKGConstrainedTransfer,sentence_local
31416966,125061,D009369,Association,125061,0.7001474484,AISKGConstrainedTransfer,sentence_local
31416966,125061,D014364,Association,D014364,0.6301081036,AISKGConstrainedTransfer,sentence_local
31416966,125061,D015179,Association,125061,0.7754815654,AISKGConstrainedTransfer,sentence_local
31416966,196,C511621,Positive_Correlation,C511621,0.4697335961,AISKGConstrainedTransfer,sentence_local
31416966,196,D007737,Positive_Correlation,D007737,0.5396076231,AISKGConstrainedTransfer,sentence_local
31416966,196,D014364,Association,D014364,0.3799533478,AISKGConstrainedTransfer,sentence_local
31416966,196,D015179,Association,196,0.9029182798,AISKGConstrainedTransfer,sentence_local
31416966,4609,D005973,Positive_Correlation,D005973,0.5533976927,AISKGConstrainedTransfer,sentence_local
31416966,4609,D007737,Association,D007737,0.3540515104,AISKGConstrainedTransfer,sentence_local
31416966,4609,D009369,Association,4609,0.8692249726,AISKGConstrainedTransfer,sentence_local
31416966,4609,D014364,Positive_Correlation,D014364,0.3720546169,AISKGConstrainedTransfer,sentence_local
31416966,4609,D015179,Association,4609,0.9598188747,AISKGConstrainedTransfer,sentence_local
31416966,6510,D007737,Negative_Correlation,D007737,0.4595238814,AISKGConstrainedTransfer,sentence_local
31416966,6510,D009369,Association,6510,0.7001474484,AISKGConstrainedTransfer,sentence_local
31416966,6510,D014364,Association,D014364,0.6299876353,AISKGConstrainedTransfer,sentence_local
31416966,6510,D015179,Association,6510,0.8071086771,AISKGConstrainedTransfer,sentence_local
31416966,8140,D007737,Negative_Correlation,D007737,0.4595238814,AISKGConstrainedTransfer,sentence_local
31416966,8140,D009369,Association,8140,0.7001474484,AISKGConstrainedTransfer,sentence_local
31416966,8140,D014364,Association,D014364,0.4997261723,AISKGConstrainedTransfer,sentence_local
31416966,8140,D015179,Association,8140,0.8071086771,AISKGConstrainedTransfer,sentence_local
31416966,C511621,D007737,Negative_Correlation,D007737,0.312777126,AISKGConstrainedTransfer,sentence_local
31416966,C511621,D015179,Positive_Correlation,C511621,0.5964471234,AISKGConstrainedTransfer,sentence_local
31416966,D005973,D009369,Positive_Correlation,D005973,0.4329111517,AISKGConstrainedTransfer,sentence_local
31416966,D007737,D009369,Negative_Correlation,D007737,0.4471541724,AISKGConstrainedTransfer,sentence_local
31416966,D007737,D014364,Conversion,D014364,0.7453890102,AISKGConstrainedTransfer,sentence_local
31416966,D007737,D015179,Positive_Correlation,D007737,0.5033794478,AISKGConstrainedTransfer,sentence_local
31416966,D014364,D015179,Negative_Correlation,D014364,0.4102906252,AISKGConstrainedTransfer,sentence_local
31484706,467,C579720,Positive_Correlation,C579720,0.4330394252,AISKGConstrainedTransfer,sentence_local
31484706,467,D017313,Positive_Correlation,D017313,0.4581075585,AISKGConstrainedTransfer,sentence_local
31484706,467,D017382,Positive_Correlation,D017382,0.510260353,AISKGConstrainedTransfer,sentence_local
31484706,468,C579720,Positive_Correlation,C579720,0.4330394252,AISKGConstrainedTransfer,sentence_local
31484706,468,D017313,Positive_Correlation,D017313,0.4581075585,AISKGConstrainedTransfer,sentence_local
31484706,468,D017382,Positive_Correlation,D017382,0.510260353,AISKGConstrainedTransfer,sentence_local
31484706,5366,C579720,Positive_Correlation,C579720,0.5085992378,AISKGConstrainedTransfer,sentence_local
31484706,5366,D009447,Association,5366,0.9318773624,AISKGConstrainedTransfer,sentence_local
31484706,5366,D017313,Negative_Correlation,D017313,0.458096064,AISKGConstrainedTransfer,sentence_local
31484706,5366,D017382,Positive_Correlation,D017382,0.560043784,AISKGConstrainedTransfer,sentence_local
31484706,596,C579720,Negative_Correlation,C579720,0.4904564304,AISKGConstrainedTransfer,sentence_local
31484706,596,D009447,Association,596,0.9084769069,AISKGConstrainedTransfer,sentence_local
31484706,596,D012176,Negative_Correlation,D012176,0.7899690087,AISKGConstrainedTransfer,sentence_local
31484706,596,D017313,Negative_Correlation,D017313,0.5521343483,AISKGConstrainedTransfer,sentence_local
31484706,C579720,D009447,Negative_Correlation,C579720,0.6182854233,AISKGConstrainedTransfer,sentence_local
31484706,C579720,D012176,Conversion,D012176,0.6457556559,AISKGConstrainedTransfer,sentence_local
31484706,C579720,D017382,Negative_Correlation,D017382,0.4199618367,AISKGConstrainedTransfer,sentence_local
31484706,D009447,D012176,Negative_Correlation,D009447,0.6799603997,AISKGConstrainedTransfer,sentence_local
31484706,D009447,D017313,Positive_Correlation,D009447,0.3344269667,AISKGConstrainedTransfer,sentence_local
31484706,D012176,D017313,Conversion,D017313,0.6522772109,AISKGConstrainedTransfer,sentence_local
31484706,D017313,D017382,Positive_Correlation,D017382,0.3942079842,AISKGConstrainedTransfer,sentence_local
31488414,D012004,rs17026425,Positive_Correlation,rs17026425,0.6397454415,AISKGConstrainedTransfer,sentence_local
31488414,D012004,rs17057166,Positive_Correlation,rs17057166,0.5444686974,AISKGConstrainedTransfer,sentence_local
31488414,D012004,rs1728400,Positive_Correlation,rs1728400,0.5444686974,AISKGConstrainedTransfer,sentence_local
31488414,D012004,rs17693104,Positive_Correlation,rs17693104,0.5444686974,AISKGConstrainedTransfer,sentence_local
31488414,D012004,rs202280,Positive_Correlation,rs202280,0.5444686974,AISKGConstrainedTransfer,sentence_local
31488414,D012004,rs6797464,Positive_Correlation,rs6797464,0.5444686974,AISKGConstrainedTransfer,sentence_local
31488414,D012004,rs6854845,Positive_Correlation,rs6854845,0.6397454415,AISKGConstrainedTransfer,sentence_local
31488414,D012004,rs823920,Positive_Correlation,rs823920,0.4738875694,AISKGConstrainedTransfer,sentence_local
31488414,D015179,rs17026425,Positive_Correlation,rs17026425,0.5882361426,AISKGConstrainedTransfer,sentence_local
31488414,D015179,rs17057166,Association,rs17057166,0.4018973733,AISKGConstrainedTransfer,sentence_local
31488414,D015179,rs1728400,Association,rs1728400,0.4018973733,AISKGConstrainedTransfer,sentence_local
31488414,D015179,rs17693104,Association,rs17693104,0.4018973733,AISKGConstrainedTransfer,sentence_local
31488414,D015179,rs202280,Association,rs202280,0.4018973733,AISKGConstrainedTransfer,sentence_local
31488414,D015179,rs6797464,Association,rs6797464,0.4018973733,AISKGConstrainedTransfer,sentence_local
31488414,D015179,rs6854845,Association,rs6854845,0.4018973733,AISKGConstrainedTransfer,sentence_local
31488414,D015179,rs823920,Positive_Correlation,rs823920,0.5882361426,AISKGConstrainedTransfer,sentence_local
31614143,1956,C007517,Association,C007517,0.3715079407,AISKGConstrainedTransfer,sentence_local
31614143,1956,C079087,Association,C079087,0.5820371891,AISKGConstrainedTransfer,sentence_local
31614143,1956,D000077341,Negative_Correlation,D000077341,0.6175921534,AISKGConstrainedTransfer,sentence_local
31614143,1956,D002289,Association,1956,0.8126085115,AISKGConstrainedTransfer,sentence_local
31614143,1956,D014013,Association,D014013,0.3715079407,AISKGConstrainedTransfer,sentence_local
31614143,1956,D017382,Negative_Correlation,D017382,0.3564390789,AISKGConstrainedTransfer,sentence_local
31614143,2064,C007517,Negative_Correlation,C007517,0.4070175537,AISKGConstrainedTransfer,sentence_local
31614143,2064,C079087,Association,C079087,0.3961280613,AISKGConstrainedTransfer,sentence_local
31614143,2064,D000077341,Negative_Correlation,D000077341,0.6548375891,AISKGConstrainedTransfer,sentence_local
31614143,2064,D002289,Association,2064,0.8098107231,AISKGConstrainedTransfer,sentence_local
31614143,2064,D014013,Negative_Correlation,D014013,0.4070175537,AISKGConstrainedTransfer,sentence_local
31614143,2064,D017382,Negative_Correlation,D017382,0.4117102503,AISKGConstrainedTransfer,sentence_local
31614143,4922,4923,Positive_Correlation,4923,0.4606804022,AISKGConstrainedTransfer,sentence_local
31614143,4922,C007517,Negative_Correlation,C007517,0.4181450374,AISKGConstrainedTransfer,sentence_local
31614143,4922,C079087,Negative_Correlation,C079087,0.6738361673,AISKGConstrainedTransfer,sentence_local
31614143,4922,D000077341,Negative_Correlation,D000077341,0.6455333224,AISKGConstrainedTransfer,sentence_local
31614143,4922,D002289,Association,4922,0.7941205519,AISKGConstrainedTransfer,sentence_local
31614143,4922,D008175,Association,4922,0.907324223,AISKGConstrainedTransfer,sentence_local
31614143,4922,D014013,Negative_Correlation,D014013,0.4181450374,AISKGConstrainedTransfer,sentence_local
31614143,4922,D017382,Negative_Correlation,D017382,0.4564928987,AISKGConstrainedTransfer,sentence_local
31614143,4923,C079087,Association,C079087,0.4772808232,AISKGConstrainedTransfer,sentence_local
31614143,4923,D000077341,Negative_Correlation,D000077341,0.5853600803,AISKGConstrainedTransfer,sentence_local
31614143,4923,D002289,Association,4923,0.7493565568,AISKGConstrainedTransfer,sentence_local
31614143,4923,D008175,Association,4923,0.883835639,AISKGConstrainedTransfer,sentence_local
31614143,4923,D017382,Association,D017382,0.4878202163,AISKGConstrainedTransfer,sentence_local
31614143,50506,C007517,Negative_Correlation,C007517,0.4838484626,AISKGConstrainedTransfer,sentence_local
31614143,50506,C079087,Negative_Correlation,C079087,0.4821053595,AISKGConstrainedTransfer,sentence_local
31614143,50506,D014013,Negative_Correlation,D014013,0.4821053595,AISKGConstrainedTransfer,sentence_local
31614143,50506,D017382,Positive_Correlation,D017382,0.4841959081,AISKGConstrainedTransfer,sentence_local
31614143,50507,C007517,Negative_Correlation,C007517,0.4530949546,AISKGConstrainedTransfer,sentence_local
31614143,50507,C079087,Negative_Correlation,C079087,0.4504447008,AISKGConstrainedTransfer,sentence_local
31614143,50507,D014013,Negative_Correlation,D014013,0.4530949546,AISKGConstrainedTransfer,sentence_local
31614143,50507,D017382,Positive_Correlation,D017382,0.4704890343,AISKGConstrainedTransfer,sentence_local
31614143,5594,C007517,Negative_Correlation,C007517,0.4884735507,AISKGConstrainedTransfer,sentence_local
31614143,5594,D014013,Negative_Correlation,D014013,0.4884735507,AISKGConstrainedTransfer,sentence_local
31614143,7294,C007517,Negative_Correlation,C007517,0.6737063915,AISKGConstrainedTransfer,sentence_local
31614143,7294,C079087,Negative_Correlation,C079087,0.6737063915,AISKGConstrainedTransfer,sentence_local
31614143,7294,D000077341,Negative_Correlation,D000077341,0.6510261448,AISKGConstrainedTransfer,sentence_local
31614143,7294,D002289,Association,7294,0.798703174,AISKGConstrainedTransfer,sentence_local
31614143,C007517,C079087,Negative_Correlation,C079087,0.4819562284,AISKGConstrainedTransfer,sentence_local
31614143,C007517,D000077341,Negative_Correlation,D000077341,0.4819562284,AISKGConstrainedTransfer,sentence_local
31614143,C007517,D002289,Negative_Correlation,C007517,0.6324547651,AISKGConstrainedTransfer,sentence_local
31614143,C007517,D014013,Negative_Correlation,D014013,0.4018559086,AISKGConstrainedTransfer,sentence_local
31614143,C007517,D017382,Negative_Correlation,D017382,0.4945114394,AISKGConstrainedTransfer,sentence_local
31614143,C079087,D000077341,Negative_Correlation,D000077341,0.4819562284,AISKGConstrainedTransfer,sentence_local
31614143,C079087,D002289,Negative_Correlation,C079087,0.6324547651,AISKGConstrainedTransfer,sentence_local
31614143,C079087,D014013,Negative_Correlation,D014013,0.4340542025,AISKGConstrainedTransfer,sentence_local
31614143,C079087,D017382,Negative_Correlation,D017382,0.4945114394,AISKGConstrainedTransfer,sentence_local
31614143,D000077341,D002289,Negative_Correlation,D000077341,0.6324547651,AISKGConstrainedTransfer,sentence_local
31614143,D014013,D017382,Negative_Correlation,D017382,0.4945114394,AISKGConstrainedTransfer,sentence_local
31661889,24890,D007249,Association,24890,0.7401731927,AISKGConstrainedTransfer,sentence_local
31661889,25294,D007249,Association,25294,0.7149171741,AISKGConstrainedTransfer,sentence_local
31661889,25330,D007249,Association,25330,0.7151707277,AISKGConstrainedTransfer,sentence_local
31661889,25330,D050171,Association,25330,0.4360614274,AISKGConstrainedTransfer,sentence_local
31661889,29260,D007249,Association,29260,0.7325733773,AISKGConstrainedTransfer,sentence_local
31661889,29260,D008055,Association,D008055,0.6505423311,AISKGConstrainedTransfer,sentence_local
31661889,29260,D050171,Association,29260,0.4613967762,AISKGConstrainedTransfer,sentence_local
31661889,361676,D007249,Association,361676,0.7124580553,AISKGConstrainedTransfer,sentence_local
31661889,361676,D008055,Association,D008055,0.4677232094,AISKGConstrainedTransfer,sentence_local
31661889,361676,D050171,Association,361676,0.4393128855,AISKGConstrainedTransfer,sentence_local
31661889,50671,D007249,Association,50671,0.7168457904,AISKGConstrainedTransfer,sentence_local
31661889,60581,D007249,Association,60581,0.7149171741,AISKGConstrainedTransfer,sentence_local
31661889,78968,D007249,Association,78968,0.7149171741,AISKGConstrainedTransfer,sentence_local
31661889,81736,D007249,Association,81736,0.7598954624,AISKGConstrainedTransfer,sentence_local
31661889,81736,D008055,Association,D008055,0.6334478267,AISKGConstrainedTransfer,sentence_local
31661889,C006780,D052439,Positive_Correlation,C006780,0.7502354138,AISKGConstrainedTransfer,sentence_local
31661889,D005632,D052439,Positive_Correlation,D005632,0.729882077,AISKGConstrainedTransfer,sentence_local
31661889,D007249,D008055,Association,D007249,0.5534639211,AISKGConstrainedTransfer,sentence_local
31829566,D000117,D012794,Conversion,D012794,0.7004664127,AISKGConstrainedTransfer,sentence_local
31829566,D005690,D011134,Association,D005690,0.4832448546,AISKGConstrainedTransfer,sentence_local
31829566,D005690,D012794,Conversion,D012794,0.6847677304,AISKGConstrainedTransfer,sentence_local
31829566,D011134,D012794,Conversion,D012794,0.6538716213,AISKGConstrainedTransfer,sentence_local
32141127,93692,D003545,Association,D003545,0.3833405999,AISKGConstrainedTransfer,sentence_local
32141127,93692,D005978,Association,D005978,0.3986716485,AISKGConstrainedTransfer,sentence_local
32141127,93692,D008055,Negative_Correlation,D008055,0.4099020622,AISKGConstrainedTransfer,sentence_local
32141127,93692,D009765,Association,93692,0.8797808353,AISKGConstrainedTransfer,sentence_local
32141127,D009765,D017382,Positive_Correlation,D009765,0.624198769,AISKGConstrainedTransfer,sentence_local
32491001,153,D003643,Association,153,0.7214742047,AISKGConstrainedTransfer,sentence_local
32491001,153,D006333,Association,153,0.8796390589,AISKGConstrainedTransfer,sentence_local
32491001,D003643,rs1801252,Positive_Correlation,rs1801252,0.5374901335,AISKGConstrainedTransfer,sentence_local
32491001,D006333,rs1801252,Positive_Correlation,rs1801252,0.4962752895,AISKGConstrainedTransfer,sentence_local
32543048,3035,D002607,Association,3035,0.9006740838,AISKGConstrainedTransfer,sentence_local
32543048,3035,D003513,Negative_Correlation,D003513,0.6177587027,AISKGConstrainedTransfer,sentence_local
32543048,3035,D006641,Negative_Correlation,D006641,0.6177587027,AISKGConstrainedTransfer,sentence_local
32543048,3035,D009422,Association,3035,0.9235381909,AISKGConstrainedTransfer,sentence_local
32543048,4803,D010673,Association,4803,0.8295773615,AISKGConstrainedTransfer,sentence_local
32543048,502531,D002607,Association,502531,0.8919326576,AISKGConstrainedTransfer,sentence_local
32543048,D002607,rs1239341211,Positive_Correlation,rs1239341211,0.483834067,AISKGConstrainedTransfer,sentence_local
32543048,D002607,rs1246368348,Positive_Correlation,rs1246368348,0.483834067,AISKGConstrainedTransfer,sentence_local
32543048,D002607,rs191391414,Positive_Correlation,rs191391414,0.483834067,AISKGConstrainedTransfer,sentence_local
32577690,2539,D000086382,Association,2539,0.9453894806,AISKGConstrainedTransfer,sentence_local
32577690,2539,D002738,Association,D002738,0.3934666865,AISKGConstrainedTransfer,sentence_local
32577690,2539,D005955,Association,2539,0.8489916309,AISKGConstrainedTransfer,sentence_local
32577690,2539,D006886,Association,D006886,0.3952072111,AISKGConstrainedTransfer,sentence_local
32577690,D000086382,D002738,Negative_Correlation,D000086382,0.365349817,AISKGConstrainedTransfer,sentence_local
32577690,D000086382,D006886,Negative_Correlation,D000086382,0.3824332241,AISKGConstrainedTransfer,sentence_local
32577690,D002738,D006886,Comparison,,0.6778730367,AISKGConstrainedTransfer,sentence_local
32577690,D005955,rs1050828,Positive_Correlation,rs1050828,0.7096513972,AISKGConstrainedTransfer,sentence_local
32789836,7276,C567782,Association,7276,0.9234277659,AISKGConstrainedTransfer,sentence_local
32789836,C567782,D015609,Positive_Correlation,C567782,0.6428909524,AISKGConstrainedTransfer,sentence_local
32789836,D006333,rs121918068,Positive_Correlation,rs121918068,0.5163880213,AISKGConstrainedTransfer,sentence_local
32789836,D020521,rs1377503416,Positive_Correlation,rs1377503416,0.7482455369,AISKGConstrainedTransfer,sentence_local
32862188,100041286,D000083242,Association,100041286,0.9232203031,AISKGConstrainedTransfer,sentence_local
32862188,100041286,D009410,Association,100041286,0.9140519566,AISKGConstrainedTransfer,sentence_local
32862188,100041286,D020244,Association,100041286,0.9690375523,AISKGConstrainedTransfer,sentence_local
32862188,17242,C113580,Association,C113580,0.4179792798,AISKGConstrainedTransfer,sentence_local
32862188,17242,D000083242,Association,17242,0.9232203031,AISKGConstrainedTransfer,sentence_local
32862188,17242,D009410,Association,17242,0.9263190895,AISKGConstrainedTransfer,sentence_local
32862188,26413,C113580,Association,C113580,0.4179792798,AISKGConstrainedTransfer,sentence_local
32862188,26413,D000083242,Association,26413,0.9232203031,AISKGConstrainedTransfer,sentence_local
32862188,26413,D009410,Association,26413,0.9263190895,AISKGConstrainedTransfer,sentence_local
32862188,285958,D000083242,Association,285958,0.87574874,AISKGConstrainedTransfer,sentence_local
32862188,285958,D009410,Association,285958,0.8481412006,AISKGConstrainedTransfer,sentence_local
32862188,387135,D000083242,Association,387135,0.9119002764,AISKGConstrainedTransfer,sentence_local
32862188,387135,D009410,Association,387135,0.9248863484,AISKGConstrainedTransfer,sentence_local
32862188,387135,D020244,Association,387135,0.9690375523,AISKGConstrainedTransfer,sentence_local
32862188,55985,D000083242,Association,55985,0.9246367902,AISKGConstrainedTransfer,sentence_local
32862188,55985,D009410,Association,55985,0.9273082227,AISKGConstrainedTransfer,sentence_local
32862188,55985,D020244,Association,55985,0.9690375523,AISKGConstrainedTransfer,sentence_local
33038514,1956,2064,Positive_Correlation,2064,0.5596472654,AISKGConstrainedTransfer,sentence_local
33038514,1956,D000077192,Association,1956,0.8548525284,AISKGConstrainedTransfer,sentence_local
33038514,1956,D008175,Association,1956,0.902083539,AISKGConstrainedTransfer,sentence_local
33038514,2064,C000596361,Negative_Correlation,C000596361,0.496965978,AISKGConstrainedTransfer,sentence_local
33038514,2064,D008175,Association,2064,0.8902246754,AISKGConstrainedTransfer,sentence_local
33038514,4170,C000596361,Negative_Correlation,C000596361,0.496965978,AISKGConstrainedTransfer,sentence_local
33038514,C000596361,rs121913444,Association,rs121913444,0.5992378048,AISKGConstrainedTransfer,sentence_local
33038514,D000077192,rs121913444,Positive_Correlation,rs121913444,0.8292821781,AISKGConstrainedTransfer,sentence_local
33038514,D008175,rs121913444,Positive_Correlation,rs121913444,0.6398697261,AISKGConstrainedTransfer,sentence_local
33054111,2623,C564050,Association,2623,0.9149213933,AISKGConstrainedTransfer,sentence_local
33054111,2623,C564526,Association,2623,0.9183509544,AISKGConstrainedTransfer,sentence_local
33054111,2623,D006474,Association,2623,0.9214663694,AISKGConstrainedTransfer,sentence_local
33054111,2623,D017086,Association,2623,0.9220678871,AISKGConstrainedTransfer,sentence_local
33054111,340146,D006474,Association,340146,0.9378940942,AISKGConstrainedTransfer,sentence_local
33054111,51206,D000244,Negative_Correlation,D000244,0.3950629562,AISKGConstrainedTransfer,sentence_local
33054111,5742,D006474,Association,5742,0.9378940942,AISKGConstrainedTransfer,sentence_local
33054111,9002,D000244,Negative_Correlation,D000244,0.3462444982,AISKGConstrainedTransfer,sentence_local
33054111,C564050,rs104894809,Positive_Correlation,rs104894809,0.60286072,AISKGConstrainedTransfer,sentence_local
33054111,C564526,rs104894809,Positive_Correlation,rs104894809,0.5901346568,AISKGConstrainedTransfer,sentence_local
33054111,D006474,rs104894809,Positive_Correlation,rs104894809,0.5901346568,AISKGConstrainedTransfer,sentence_local
33054111,D017086,rs104894809,Positive_Correlation,rs104894809,0.5361353088,AISKGConstrainedTransfer,sentence_local
33060108,16653,D021441,Association,16653,0.9305890081,AISKGConstrainedTransfer,sentence_local
33060108,22059,D021441,Association,22059,0.9547900494,AISKGConstrainedTransfer,sentence_local
33060108,D009369,D012330,Positive_Correlation,D009369,0.7639165602,AISKGConstrainedTransfer,sentence_local
33060108,D021441,rs121913529,Positive_Correlation,rs121913529,0.87869511,AISKGConstrainedTransfer,sentence_local
33069768,4193,55109,Association,,0.6387024318,AISKGConstrainedTransfer,sentence_local
33069768,4193,7157,Association,,0.6387024318,AISKGConstrainedTransfer,sentence_local
33069768,4193,D009369,Association,4193,0.9210157427,AISKGConstrainedTransfer,sentence_local
33069768,55109,7157,Association,,0.6387024318,AISKGConstrainedTransfer,sentence_local
33069768,55109,D009369,Association,55109,0.7967568209,AISKGConstrainedTransfer,sentence_local
33069768,7157,D009369,Association,7157,0.8514588697,AISKGConstrainedTransfer,sentence_local
33069768,D009369,p|SUB|N|483|T,Positive_Correlation,p|SUB|N|483|T,0.6159715034,AISKGConstrainedTransfer,sentence_local
33069768,D009369,p|SUB|Q|467|H,Positive_Correlation,p|SUB|Q|467|H,0.770656479,AISKGConstrainedTransfer,sentence_local
33069768,D009369,p|SUB|Y|469|N,Positive_Correlation,p|SUB|Y|469|N,0.7116499703,AISKGConstrainedTransfer,sentence_local
33144263,114757,D003486,Negative_Correlation,D003486,0.3266232435,AISKGConstrainedTransfer,sentence_local
33144263,114757,D006418,Negative_Correlation,D006418,0.323728396,AISKGConstrainedTransfer,sentence_local
33144263,114757,D006861,Negative_Correlation,D006861,0.4788644509,AISKGConstrainedTransfer,sentence_local
33144263,114757,D008055,Association,D008055,0.5039238683,AISKGConstrainedTransfer,sentence_local
33144263,114757,D009569,Association,D009569,0.5750232971,AISKGConstrainedTransfer,sentence_local
33144263,D006418,p|Allele|C|38,Association,p|Allele|C|38,0.6530465923,AISKGConstrainedTransfer,sentence_local
33144263,D006418,p|Allele|C|83,Association,p|Allele|C|83,0.6530465923,AISKGConstrainedTransfer,sentence_local
33144263,D008055,D009569,Conversion,D009569,0.6028080807,AISKGConstrainedTransfer,sentence_local
33148508,15184,D006984,Association,15184,0.9779324954,AISKGConstrainedTransfer,sentence_local
33148508,17691,D000242,Negative_Correlation,D000242,0.5865980055,AISKGConstrainedTransfer,sentence_local
33148508,18747,D000242,Negative_Correlation,D000242,0.4954638746,AISKGConstrainedTransfer,sentence_local
33148508,19227,D000242,Negative_Correlation,D000242,0.4954638746,AISKGConstrainedTransfer,sentence_local
33148508,19227,D006984,Association,19227,0.9484070833,AISKGConstrainedTransfer,sentence_local
33148508,208727,D006984,Association,208727,0.926122131,AISKGConstrainedTransfer,sentence_local
33148508,235344,D000242,Negative_Correlation,D000242,0.4954638746,AISKGConstrainedTransfer,sentence_local
33148508,70661,D000242,Negative_Correlation,D000242,0.4954638746,AISKGConstrainedTransfer,sentence_local
33161775,24770,D007249,Association,24770,0.8063876174,AISKGConstrainedTransfer,sentence_local
33161775,24770,D017382,Positive_Correlation,D017382,0.4208656523,AISKGConstrainedTransfer,sentence_local
33161775,25361,D007249,Association,25361,0.7854903118,AISKGConstrainedTransfer,sentence_local
33161775,25361,D017382,Positive_Correlation,D017382,0.4958383476,AISKGConstrainedTransfer,sentence_local
33161775,292155,D007249,Association,292155,0.9285980431,AISKGConstrainedTransfer,sentence_local
33161775,292155,D014657,Association,292155,0.7091386146,AISKGConstrainedTransfer,sentence_local
33161775,292155,D017673,Negative_Correlation,D017673,0.3860024881,AISKGConstrainedTransfer,sentence_local
33161775,64017,D007249,Association,64017,0.8453002712,AISKGConstrainedTransfer,sentence_local
33161775,64017,D014657,Association,64017,0.7321020692,AISKGConstrainedTransfer,sentence_local
33161775,64017,D017673,Negative_Correlation,D017673,0.3860024881,AISKGConstrainedTransfer,sentence_local
33161775,C067883,D007249,Positive_Correlation,C067883,0.5489559062,AISKGConstrainedTransfer,sentence_local
33161775,D006973,D017673,Positive_Correlation,D006973,0.4670866395,AISKGConstrainedTransfer,sentence_local
33161775,D007249,D017382,Positive_Correlation,D007249,0.616228213,AISKGConstrainedTransfer,sentence_local
33161775,D007249,D017673,Positive_Correlation,D007249,0.5530803636,AISKGConstrainedTransfer,sentence_local
33161775,D014657,D017673,Positive_Correlation,D014657,0.5404017112,AISKGConstrainedTransfer,sentence_local
33278357,12370,D009569,Association,D009569,0.4607961015,AISKGConstrainedTransfer,sentence_local
33278357,14082,D009569,Association,D009569,0.4607961015,AISKGConstrainedTransfer,sentence_local
33278357,15978,D000080424,Association,15978,0.758875053,AISKGConstrainedTransfer,sentence_local
33278357,15978,D000086382,Association,15978,0.8626948639,AISKGConstrainedTransfer,sentence_local
33278357,15978,D003643,Association,15978,0.795474508,AISKGConstrainedTransfer,sentence_local
33278357,15978,D007249,Association,15978,0.5624643329,AISKGConstrainedTransfer,sentence_local
33278357,15978,D009569,Association,D009569,0.4823264718,AISKGConstrainedTransfer,sentence_local
33278357,15978,D018805,Association,15978,0.8650173383,AISKGConstrainedTransfer,sentence_local
33278357,15978,D051359,Association,15978,0.8995341877,AISKGConstrainedTransfer,sentence_local
33278357,16362,D009569,Positive_Correlation,D009569,0.3701283438,AISKGConstrainedTransfer,sentence_local
33278357,16452,D009569,Association,D009569,0.4607961015,AISKGConstrainedTransfer,sentence_local
33278357,20846,D009569,Association,D009569,0.4607961015,AISKGConstrainedTransfer,sentence_local
33278357,21926,D000080424,Association,21926,0.7971211131,AISKGConstrainedTransfer,sentence_local
33278357,21926,D000086382,Association,21926,0.690857741,AISKGConstrainedTransfer,sentence_local
33278357,21926,D003643,Association,21926,0.7697934446,AISKGConstrainedTransfer,sentence_local
33278357,21926,D007249,Association,21926,0.8065888016,AISKGConstrainedTransfer,sentence_local
33278357,21926,D009569,Association,D009569,0.5844326436,AISKGConstrainedTransfer,sentence_local
33278357,21926,D018805,Association,21926,0.8523072904,AISKGConstrainedTransfer,sentence_local
33278357,21926,D051359,Association,21926,0.8734171928,AISKGConstrainedTransfer,sentence_local
33303340,1312,D010146,Association,1312,0.8354713664,AISKGConstrainedTransfer,sentence_local
33303340,1312,D059373,Association,1312,0.8350646899,AISKGConstrainedTransfer,sentence_local
33303340,5021,D006930,Association,5021,0.9739033165,AISKGConstrainedTransfer,sentence_local
33303340,5021,D010146,Association,5021,0.9106026337,AISKGConstrainedTransfer,sentence_local
33303340,5021,D059373,Association,5021,0.9565368672,AISKGConstrainedTransfer,sentence_local
33303340,D006930,rs2254298,Positive_Correlation,rs2254298,0.6542118428,AISKGConstrainedTransfer,sentence_local
33303340,D010146,rs2254298,Association,rs2254298,0.4413737946,AISKGConstrainedTransfer,sentence_local
33303340,D010146,rs4633,Positive_Correlation,rs4633,0.4249312801,AISKGConstrainedTransfer,sentence_local
33303340,D010146,rs4680,Association,rs4680,0.4413737946,AISKGConstrainedTransfer,sentence_local
33303340,D010146,rs4818,Positive_Correlation,rs4818,0.4249312801,AISKGConstrainedTransfer,sentence_local
33303340,D010146,rs53576,Association,rs53576,0.4413737946,AISKGConstrainedTransfer,sentence_local
33303340,D010146,rs6269,Positive_Correlation,rs6269,0.4249312801,AISKGConstrainedTransfer,sentence_local
33303340,D059373,rs2254298,Association,rs2254298,0.4088383283,AISKGConstrainedTransfer,sentence_local
33303340,D059373,rs4633,Association,rs4633,0.4088383283,AISKGConstrainedTransfer,sentence_local
33303340,D059373,rs4680,Association,rs4680,0.4088383283,AISKGConstrainedTransfer,sentence_local
33303340,D059373,rs4818,Association,rs4818,0.4088383283,AISKGConstrainedTransfer,sentence_local
33303340,D059373,rs53576,Positive_Correlation,rs53576,0.765471315,AISKGConstrainedTransfer,sentence_local
33303340,D059373,rs6269,Association,rs6269,0.4088383283,AISKGConstrainedTransfer,sentence_local
33306506,80339,D002241,Association,D002241,0.3568922457,AISKGConstrainedTransfer,sentence_local
33306506,80339,D002794,Association,D002794,0.3417532046,AISKGConstrainedTransfer,sentence_local
33306506,80339,D007529,Association,D007529,0.3417532046,AISKGConstrainedTransfer,sentence_local
33306506,80339,D008103,Association,80339,0.863336224,AISKGConstrainedTransfer,sentence_local
33306506,80339,D008715,Positive_Correlation,D008715,0.3455694698,AISKGConstrainedTransfer,sentence_local
33306506,80339,D015525,Positive_Correlation,D015525,0.3571700408,AISKGConstrainedTransfer,sentence_local
33306506,80339,D065626,Association,80339,0.7533247773,AISKGConstrainedTransfer,sentence_local
33306506,D002241,D008103,Positive_Correlation,D002241,0.7236654147,AISKGConstrainedTransfer,sentence_local
33306506,D002241,rs738409,Association,rs738409,0.5215207164,AISKGConstrainedTransfer,sentence_local
33306506,D002794,D008103,Positive_Correlation,D002794,0.6893283437,AISKGConstrainedTransfer,sentence_local
33306506,D002794,rs738409,Association,rs738409,0.5027640162,AISKGConstrainedTransfer,sentence_local
33306506,D007529,D008103,Positive_Correlation,D007529,0.641950039,AISKGConstrainedTransfer,sentence_local
33306506,D007529,rs738409,Association,rs738409,0.5027640162,AISKGConstrainedTransfer,sentence_local
33306506,D008103,D008715,Positive_Correlation,D008103,0.6319774846,AISKGConstrainedTransfer,sentence_local
33306506,D008103,D015525,Positive_Correlation,D008103,0.6237307526,AISKGConstrainedTransfer,sentence_local
33306506,D008103,rs738409,Positive_Correlation,rs738409,0.7591297717,AISKGConstrainedTransfer,sentence_local
33306506,D008715,rs738409,Association,rs738409,0.4939491048,AISKGConstrainedTransfer,sentence_local
33306506,D015525,rs738409,Association,rs738409,0.5152748866,AISKGConstrainedTransfer,sentence_local
33306506,D065626,rs738409,Positive_Correlation,rs738409,0.6708346318,AISKGConstrainedTransfer,sentence_local
33316326,55869,9126,Association,,0.6234999242,AISKGConstrainedTransfer,sentence_local
33316326,55869,D003635,Association,55869,0.9271302584,AISKGConstrainedTransfer,sentence_local
33319124,43740570,64398,Association,,0.6037020608,AISKGConstrainedTransfer,sentence_local
33319124,43740570,D000086382,Association,43740570,0.9305183652,AISKGConstrainedTransfer,sentence_local
33319124,64398,D000086382,Association,64398,0.9367345214,AISKGConstrainedTransfer,sentence_local
33325691,140,D000077154,Association,D000077154,0.3777818461,AISKGConstrainedTransfer,sentence_local
33325691,140,D009705,Association,D009705,0.3114001083,AISKGConstrainedTransfer,sentence_local
33325691,5467,C567258,Association,5467,0.644261559,AISKGConstrainedTransfer,sentence_local
33325691,5467,D000077154,Association,D000077154,0.3777818461,AISKGConstrainedTransfer,sentence_local
33325691,5467,D000241,Association,D000241,0.4392609349,AISKGConstrainedTransfer,sentence_local
33325691,5467,D008659,Association,5467,0.6398142315,AISKGConstrainedTransfer,sentence_local
33325691,5467,D009369,Association,5467,0.7080791148,AISKGConstrainedTransfer,sentence_local
33325691,5467,D009705,Association,D009705,0.4662498224,AISKGConstrainedTransfer,sentence_local
33325691,5468,C567258,Association,5468,0.6202095123,AISKGConstrainedTransfer,sentence_local
33325691,5468,D000077154,Association,D000077154,0.3777818461,AISKGConstrainedTransfer,sentence_local
33325691,5468,D000241,Association,D000241,0.4392609349,AISKGConstrainedTransfer,sentence_local
33325691,5468,D008659,Association,5468,0.6150963165,AISKGConstrainedTransfer,sentence_local
33325691,5468,D009369,Association,5468,0.6901800916,AISKGConstrainedTransfer,sentence_local
33325691,5468,D009705,Association,D009705,0.4662498224,AISKGConstrainedTransfer,sentence_local
33325691,9370,C567258,Association,9370,0.6418837238,AISKGConstrainedTransfer,sentence_local
33325691,9370,D008659,Association,9370,0.6389837483,AISKGConstrainedTransfer,sentence_local
33325691,9370,D009369,Association,9370,0.7105730578,AISKGConstrainedTransfer,sentence_local
33357452,26563,D000077192,Association,26563,0.9214729757,AISKGConstrainedTransfer,sentence_local
33357452,26563,D003520,Negative_Correlation,D003520,0.4806889614,AISKGConstrainedTransfer,sentence_local
33357452,26563,D009369,Association,26563,0.8329182594,AISKGConstrainedTransfer,sentence_local
33357452,4919,D001943,Association,4919,0.8880768355,AISKGConstrainedTransfer,sentence_local
33357452,4919,D008175,Association,4919,0.8880768355,AISKGConstrainedTransfer,sentence_local
33357452,4919,D009369,Association,4919,0.8630887467,AISKGConstrainedTransfer,sentence_local
33357452,60533,D000077150,Negative_Correlation,D000077150,0.7052578027,AISKGConstrainedTransfer,sentence_local
33357452,60533,D003520,Negative_Correlation,D003520,0.7052578027,AISKGConstrainedTransfer,sentence_local
33357452,60533,D009369,Association,60533,0.7319009827,AISKGConstrainedTransfer,sentence_local
33357452,C117307,D000077192,Association,C117307,0.9214729757,AISKGConstrainedTransfer,sentence_local
33357452,C495901,D000077192,Association,C495901,0.9214729757,AISKGConstrainedTransfer,sentence_local
33357452,D000077150,D003520,Comparison,,0.3325843628,AISKGConstrainedTransfer,sentence_local
33357452,D000077150,D009369,Positive_Correlation,D000077150,0.5076391659,AISKGConstrainedTransfer,sentence_local
33357452,D000077192,p|SUB|G|12|D,Positive_Correlation,p|SUB|G|12|D,0.6061163848,AISKGConstrainedTransfer,sentence_local
33357452,D003520,D009369,Negative_Correlation,D003520,0.6643078994,AISKGConstrainedTransfer,sentence_local
33384558,116554,C108475,Negative_Correlation,C108475,0.4969829693,AISKGConstrainedTransfer,sentence_local
33384558,116554,D000069604,Negative_Correlation,D000069604,0.5625953692,AISKGConstrainedTransfer,sentence_local
33384558,116554,D001930,Association,116554,0.8944226293,AISKGConstrainedTransfer,sentence_local
33384558,116554,D002955,Negative_Correlation,D002955,0.5238769119,AISKGConstrainedTransfer,sentence_local
33384558,116554,D004949,Negative_Correlation,D004949,0.4969829693,AISKGConstrainedTransfer,sentence_local
33384558,116554,D015427,Association,116554,0.886920156,AISKGConstrainedTransfer,sentence_local
33384558,116554,D019636,Association,116554,0.9033665741,AISKGConstrainedTransfer,sentence_local
33384558,116554,D020078,Association,116554,0.5938740951,AISKGConstrainedTransfer,sentence_local
33384558,116554,D020244,Association,116554,0.9340627494,AISKGConstrainedTransfer,sentence_local
33384558,24835,D020078,Association,24835,0.6885330838,AISKGConstrainedTransfer,sentence_local
33384558,24835,D020244,Association,24835,0.7044292176,AISKGConstrainedTransfer,sentence_local
33384558,25272,C108475,Bind,C108475,0.3636283877,AISKGConstrainedTransfer,sentence_local
33384558,25272,D000069604,Positive_Correlation,D000069604,0.342525471,AISKGConstrainedTransfer,sentence_local
33384558,25272,D000083242,Association,25272,0.9237541027,AISKGConstrainedTransfer,sentence_local
33384558,25272,D004949,Positive_Correlation,D004949,0.342525471,AISKGConstrainedTransfer,sentence_local
33384558,25272,D009410,Association,25272,0.924468896,AISKGConstrainedTransfer,sentence_local
33384558,25272,D020078,Association,25272,0.8161484984,AISKGConstrainedTransfer,sentence_local
33384558,25272,D020244,Association,25272,0.8411554676,AISKGConstrainedTransfer,sentence_local
33384558,309165,D020078,Association,309165,0.5718463701,AISKGConstrainedTransfer,sentence_local
33384558,309165,D020244,Association,309165,0.6868255862,AISKGConstrainedTransfer,sentence_local
33384558,C108475,C432165,Association,C108475,0.3362041786,AISKGConstrainedTransfer,sentence_local
33384558,C108475,D000083242,Positive_Correlation,C108475,0.7000998566,AISKGConstrainedTransfer,sentence_local
33384558,C108475,D002545,Positive_Correlation,C108475,0.7149719088,AISKGConstrainedTransfer,sentence_local
33384558,C108475,D009461,Positive_Correlation,C108475,0.4124704858,AISKGConstrainedTransfer,sentence_local
33384558,C108475,D020244,Negative_Correlation,C108475,0.4824321158,AISKGConstrainedTransfer,sentence_local
33384558,C432165,D002955,Negative_Correlation,D002955,0.3518198005,AISKGConstrainedTransfer,sentence_local
33384558,C432165,D020244,Negative_Correlation,C432165,0.4231458431,AISKGConstrainedTransfer,sentence_local
33384558,D000069604,D000083242,Positive_Correlation,D000069604,0.7000998566,AISKGConstrainedTransfer,sentence_local
33384558,D000069604,D002545,Positive_Correlation,D000069604,0.6049303895,AISKGConstrainedTransfer,sentence_local
33384558,D000069604,D009461,Positive_Correlation,D000069604,0.4124704858,AISKGConstrainedTransfer,sentence_local
33384558,D000069604,D020244,Negative_Correlation,D000069604,0.4231458431,AISKGConstrainedTransfer,sentence_local
33384558,D000083242,D002955,Positive_Correlation,D000083242,0.7097952829,AISKGConstrainedTransfer,sentence_local
33384558,D000083242,D004949,Positive_Correlation,D000083242,0.7017539618,AISKGConstrainedTransfer,sentence_local
33384558,D002545,D002955,Positive_Correlation,D002545,0.6193698582,AISKGConstrainedTransfer,sentence_local
33384558,D002545,D004949,Positive_Correlation,D002545,0.6107867077,AISKGConstrainedTransfer,sentence_local
33384558,D002955,D020244,Positive_Correlation,D002955,0.4262375762,AISKGConstrainedTransfer,sentence_local
33384558,D004949,D009461,Positive_Correlation,D004949,0.4124704858,AISKGConstrainedTransfer,sentence_local
33384558,D004949,D020244,Negative_Correlation,D004949,0.4231458431,AISKGConstrainedTransfer,sentence_local
33412145,D000068079,D007501,Negative_Correlation,D000068079,0.4185568295,AISKGConstrainedTransfer,sentence_local
33412145,D000535,D001151,Negative_Correlation,D001151,0.3810454362,AISKGConstrainedTransfer,sentence_local
33412145,D000535,D001729,Negative_Correlation,D001729,0.4233680654,AISKGConstrainedTransfer,sentence_local
33412145,D000535,D002104,Negative_Correlation,D002104,0.4233680654,AISKGConstrainedTransfer,sentence_local
33412145,D000535,D003300,Negative_Correlation,D003300,0.4233680654,AISKGConstrainedTransfer,sentence_local
33412145,D000535,D015032,Negative_Correlation,D015032,0.4069807693,AISKGConstrainedTransfer,sentence_local
33412145,D000535,D019216,Negative_Correlation,D019216,0.4023044813,AISKGConstrainedTransfer,sentence_local
33412145,D000535,D019636,Negative_Correlation,D000535,0.475036157,AISKGConstrainedTransfer,sentence_local
33412145,D000535,D020258,Negative_Correlation,D000535,0.4660334887,AISKGConstrainedTransfer,sentence_local
33412145,D000544,D007501,Positive_Correlation,D000544,0.5704867908,AISKGConstrainedTransfer,sentence_local
33412145,D000690,D007501,Positive_Correlation,D000690,0.4992876975,AISKGConstrainedTransfer,sentence_local
33412145,D001151,D001729,Negative_Correlation,D001729,0.3810454362,AISKGConstrainedTransfer,sentence_local
33412145,D001151,D009532,Negative_Correlation,D009532,0.3810454362,AISKGConstrainedTransfer,sentence_local
33412145,D001151,D019636,Negative_Correlation,D001151,0.4382866969,AISKGConstrainedTransfer,sentence_local
33412145,D001151,D020258,Negative_Correlation,D001151,0.429722088,AISKGConstrainedTransfer,sentence_local
33412145,D001729,D008345,Negative_Correlation,D008345,0.3888663687,AISKGConstrainedTransfer,sentence_local
33412145,D001729,D008628,Negative_Correlation,D008628,0.4362031932,AISKGConstrainedTransfer,sentence_local
33412145,D001729,D015032,Negative_Correlation,D015032,0.374132872,AISKGConstrainedTransfer,sentence_local
33412145,D001729,D019636,Negative_Correlation,D001729,0.4546572058,AISKGConstrainedTransfer,sentence_local
33412145,D001729,D020258,Negative_Correlation,D001729,0.4559706348,AISKGConstrainedTransfer,sentence_local
33412145,D002104,D008345,Negative_Correlation,D008345,0.3888663687,AISKGConstrainedTransfer,sentence_local
33412145,D002104,D008628,Negative_Correlation,D008628,0.4362031932,AISKGConstrainedTransfer,sentence_local
33412145,D002104,D019636,Negative_Correlation,D002104,0.4648529921,AISKGConstrainedTransfer,sentence_local
33412145,D002104,D020258,Negative_Correlation,D002104,0.4559706348,AISKGConstrainedTransfer,sentence_local
33412145,D003072,D007501,Negative_Correlation,D003072,0.4185568295,AISKGConstrainedTransfer,sentence_local
33412145,D003300,D008628,Negative_Correlation,D008628,0.4362031932,AISKGConstrainedTransfer,sentence_local
33412145,D003300,D009532,Negative_Correlation,D009532,0.3888663687,AISKGConstrainedTransfer,sentence_local
33412145,D003300,D019636,Negative_Correlation,D003300,0.4648529921,AISKGConstrainedTransfer,sentence_local
33412145,D003300,D020258,Negative_Correlation,D003300,0.4559706348,AISKGConstrainedTransfer,sentence_local
33412145,D007501,D010300,Negative_Correlation,D007501,0.3664994219,AISKGConstrainedTransfer,sentence_local
33412145,D007501,D019636,Negative_Correlation,D007501,0.4648529921,AISKGConstrainedTransfer,sentence_local
33412145,D007501,D020258,Positive_Correlation,D007501,0.4500278969,AISKGConstrainedTransfer,sentence_local
33412145,D007854,D019216,Negative_Correlation,D019216,0.3603865245,AISKGConstrainedTransfer,sentence_local
33412145,D007854,D019636,Positive_Correlation,D007854,0.44712258,AISKGConstrainedTransfer,sentence_local
33412145,D007854,D020258,Positive_Correlation,D007854,0.456439427,AISKGConstrainedTransfer,sentence_local
33412145,D008345,D009532,Negative_Correlation,D009532,0.3888663687,AISKGConstrainedTransfer,sentence_local
33412145,D008345,D019216,Negative_Correlation,D019216,0.4023044813,AISKGConstrainedTransfer,sentence_local
33412145,D008345,D019636,Negative_Correlation,D008345,0.4546572058,AISKGConstrainedTransfer,sentence_local
33412145,D008345,D020258,Negative_Correlation,D008345,0.4460948336,AISKGConstrainedTransfer,sentence_local
33412145,D008628,D009532,Negative_Correlation,D009532,0.4362031932,AISKGConstrainedTransfer,sentence_local
33412145,D008628,D019216,Negative_Correlation,D019216,0.4023044813,AISKGConstrainedTransfer,sentence_local
33412145,D008628,D019636,Negative_Correlation,D008628,0.4688139633,AISKGConstrainedTransfer,sentence_local
33412145,D008628,D020258,Negative_Correlation,D008628,0.4601463313,AISKGConstrainedTransfer,sentence_local
33412145,D009532,D015032,Negative_Correlation,D015032,0.374132872,AISKGConstrainedTransfer,sentence_local
33412145,D009532,D019636,Negative_Correlation,D009532,0.4546572058,AISKGConstrainedTransfer,sentence_local
33412145,D009532,D020258,Negative_Correlation,D009532,0.4559706348,AISKGConstrainedTransfer,sentence_local
33412145,D015032,D019636,Negative_Correlation,D015032,0.4648529921,AISKGConstrainedTransfer,sentence_local
33412145,D015032,D020258,Negative_Correlation,D015032,0.4559706348,AISKGConstrainedTransfer,sentence_local
33412145,D019216,D019636,Negative_Correlation,D019216,0.5082884388,AISKGConstrainedTransfer,sentence_local
33412145,D019216,D020258,Positive_Correlation,D019216,0.7196105793,AISKGConstrainedTransfer,sentence_local
33484482,20740,C020243,Negative_Correlation,C020243,0.3219782999,AISKGConstrainedTransfer,sentence_local
33484482,226025,C020243,Negative_Correlation,C020243,0.3509414315,AISKGConstrainedTransfer,sentence_local
33484482,226025,D002386,Association,226025,0.6592495119,AISKGConstrainedTransfer,sentence_local
33484482,226025,D008850,Association,226025,0.8636129957,AISKGConstrainedTransfer,sentence_local
33484482,58,D002114,Association,58,0.7522008193,AISKGConstrainedTransfer,sentence_local
33484482,58,D005128,Association,58,0.7019233532,AISKGConstrainedTransfer,sentence_local
33484482,58,D007905,Association,58,0.7522008193,AISKGConstrainedTransfer,sentence_local
33484482,80036,D002114,Association,80036,0.7519701483,AISKGConstrainedTransfer,sentence_local
33484482,80036,D002118,Negative_Correlation,D002118,0.5983761842,AISKGConstrainedTransfer,sentence_local
33484482,80036,D002386,Association,80036,0.9158896713,AISKGConstrainedTransfer,sentence_local
33484482,80036,D005124,Association,80036,0.9026488617,AISKGConstrainedTransfer,sentence_local
33484482,80036,D005128,Association,80036,0.6624388231,AISKGConstrainedTransfer,sentence_local
33484482,80036,D007905,Association,80036,0.7519701483,AISKGConstrainedTransfer,sentence_local
33484482,968,D002114,Association,968,0.7571185057,AISKGConstrainedTransfer,sentence_local
33484482,968,D005128,Association,968,0.7972476858,AISKGConstrainedTransfer,sentence_local
33484482,968,D007905,Association,968,0.7571185057,AISKGConstrainedTransfer,sentence_local
33484482,D002386,p|SUB|I|65|M,Positive_Correlation,p|SUB|I|65|M,0.6031177206,AISKGConstrainedTransfer,sentence_local
33484482,D002386,p|SUB|I||M,Positive_Correlation,p|SUB|I||M,0.6591196249,AISKGConstrainedTransfer,sentence_local
33491092,3605,D011565,Association,3605,0.7837234991,AISKGConstrainedTransfer,sentence_local
33491092,56300,D011565,Association,56300,0.8008174896,AISKGConstrainedTransfer,sentence_local
33491092,64332,D011565,Association,64332,0.8008174896,AISKGConstrainedTransfer,sentence_local
33491092,7124,D011565,Association,7124,0.9399205894,AISKGConstrainedTransfer,sentence_local
33539617,3684,D007249,Association,3684,0.7825279841,AISKGConstrainedTransfer,sentence_local
33539617,3684,D011225,Association,3684,0.8761878225,AISKGConstrainedTransfer,sentence_local
33539617,3687,718,Bind,3687,0.5527974182,AISKGConstrainedTransfer,sentence_local
33539617,3687,D007249,Association,3687,0.7825279841,AISKGConstrainedTransfer,sentence_local
33539617,3687,D011225,Association,3687,0.9345694818,AISKGConstrainedTransfer,sentence_local
33539617,3689,718,Bind,3689,0.5527974182,AISKGConstrainedTransfer,sentence_local
33539617,3689,D007249,Association,3689,0.7825279841,AISKGConstrainedTransfer,sentence_local
33539617,3689,D011225,Association,3689,0.8761878225,AISKGConstrainedTransfer,sentence_local
33539617,718,D011225,Association,718,0.8067595996,AISKGConstrainedTransfer,sentence_local
33539617,D011225,rs1143680,Positive_Correlation,rs1143680,0.800679471,AISKGConstrainedTransfer,sentence_local
33598942,D000069461,D000077866,Negative_Correlation,D000077866,0.4869005459,AISKGConstrainedTransfer,sentence_local
33598942,D000069461,D003520,Cotreatment,,0.3963845928,AISKGConstrainedTransfer,sentence_local
33598942,D000069461,D003907,Negative_Correlation,D003907,0.487040845,AISKGConstrainedTransfer,sentence_local
33598942,D000069461,D005047,Negative_Correlation,D005047,0.3458656554,AISKGConstrainedTransfer,sentence_local
33598942,D000069461,D019337,Negative_Correlation,D000069461,0.602531044,AISKGConstrainedTransfer,sentence_local
33598942,D000077866,D003907,Cotreatment,,0.4525908952,AISKGConstrainedTransfer,sentence_local
33598942,D000077866,D005047,Cotreatment,,0.3676038094,AISKGConstrainedTransfer,sentence_local
33598942,D000077866,D019337,Negative_Correlation,D000077866,0.602531044,AISKGConstrainedTransfer,sentence_local
33598942,D003520,D019337,Positive_Correlation,D003520,0.372657727,AISKGConstrainedTransfer,sentence_local
33598942,D003907,D005047,Cotreatment,,0.3718440937,AISKGConstrainedTransfer,sentence_local
33598942,D003907,D019337,Negative_Correlation,D003907,0.6308579979,AISKGConstrainedTransfer,sentence_local
33598942,D005047,D019337,Negative_Correlation,D005047,0.415808873,AISKGConstrainedTransfer,sentence_local
33604927,20273,D000080485,Association,20273,0.7671974226,AISKGConstrainedTransfer,sentence_local
33604927,20273,D001049,Association,20273,0.8573105894,AISKGConstrainedTransfer,sentence_local
33604927,20273,D003643,Association,20273,0.7842537627,AISKGConstrainedTransfer,sentence_local
33604927,20273,D004829,Association,20273,0.8823271754,AISKGConstrainedTransfer,sentence_local
33604927,20273,D012640,Association,20273,0.8296099767,AISKGConstrainedTransfer,sentence_local
33604927,6334,D001049,Association,6334,0.7919222673,AISKGConstrainedTransfer,sentence_local
33604927,6334,D004827,Association,6334,0.7990040815,AISKGConstrainedTransfer,sentence_local
33604927,6334,D004829,Association,6334,0.8003598023,AISKGConstrainedTransfer,sentence_local
33604927,6334,D012640,Association,6334,0.7790310143,AISKGConstrainedTransfer,sentence_local
33604927,D000080485,D010433,Positive_Correlation,D000080485,0.4301427938,AISKGConstrainedTransfer,sentence_local
33604927,D000080485,rs202151337,Positive_Correlation,rs202151337,0.521740497,AISKGConstrainedTransfer,sentence_local
33604927,D000080485,rs796053228,Positive_Correlation,rs796053228,0.5465557918,AISKGConstrainedTransfer,sentence_local
33604927,D001049,rs1064794782,Positive_Correlation,rs1064794782,0.5545638421,AISKGConstrainedTransfer,sentence_local
33604927,D003643,D010433,Positive_Correlation,D003643,0.5835720739,AISKGConstrainedTransfer,sentence_local
33604927,D003643,rs202151337,Positive_Correlation,rs202151337,0.6425935579,AISKGConstrainedTransfer,sentence_local
33604927,D003643,rs796053228,Positive_Correlation,rs796053228,0.6584194468,AISKGConstrainedTransfer,sentence_local
33604927,D004827,rs1064794782,Positive_Correlation,rs1064794782,0.640461463,AISKGConstrainedTransfer,sentence_local
33604927,D004829,rs1064794782,Positive_Correlation,rs1064794782,0.6331768459,AISKGConstrainedTransfer,sentence_local
33604927,D010433,D012640,Positive_Correlation,D010433,0.5304380276,AISKGConstrainedTransfer,sentence_local
33604927,D012640,rs1064794782,Positive_Correlation,rs1064794782,0.5337031891,AISKGConstrainedTransfer,sentence_local
33604927,D012640,rs202151337,Positive_Correlation,rs202151337,0.5765318758,AISKGConstrainedTransfer,sentence_local
33604927,D012640,rs796053228,Positive_Correlation,rs796053228,0.5937014739,AISKGConstrainedTransfer,sentence_local
33619369,5478,D009101,Association,5478,0.6386488192,AISKGConstrainedTransfer,sentence_local
33619369,5478,D009369,Association,5478,0.7041929888,AISKGConstrainedTransfer,sentence_local
33619369,5478,D016572,Negative_Correlation,D016572,0.7947421878,AISKGConstrainedTransfer,sentence_local
33619369,C524865,D009101,Negative_Correlation,C524865,0.3873283089,AISKGConstrainedTransfer,sentence_local
33619369,C556306,D009101,Negative_Correlation,C556306,0.3873283089,AISKGConstrainedTransfer,sentence_local
33619369,D000069286,D009101,Negative_Correlation,D000069286,0.3873283089,AISKGConstrainedTransfer,sentence_local
33619369,D000077269,D009101,Negative_Correlation,D000077269,0.3873283089,AISKGConstrainedTransfer,sentence_local
33619369,D003907,D009101,Negative_Correlation,D003907,0.4253979777,AISKGConstrainedTransfer,sentence_local
33619369,D009101,D016572,Negative_Correlation,D009101,0.688285193,AISKGConstrainedTransfer,sentence_local
33636222,21924,D002311,Association,21924,0.8397485549,AISKGConstrainedTransfer,sentence_local
33636222,21924,D002312,Association,21924,0.8548931808,AISKGConstrainedTransfer,sentence_local
33636222,D002118,D002311,Negative_Correlation,D002118,0.4111879687,AISKGConstrainedTransfer,sentence_local
33636222,D002311,p|SUB|I|61|Q,Positive_Correlation,p|SUB|I|61|Q,0.45565578,AISKGConstrainedTransfer,sentence_local
33636222,D002311,rs200720341,Positive_Correlation,rs200720341,0.45565578,AISKGConstrainedTransfer,sentence_local
33636222,D002312,p|SUB|I|61|Q,Positive_Correlation,p|SUB|I|61|Q,0.4503955129,AISKGConstrainedTransfer,sentence_local
33636222,D002312,rs200720341,Positive_Correlation,rs200720341,0.4503955129,AISKGConstrainedTransfer,sentence_local
33660564,1793,D006160,Association,D006160,0.3978578279,AISKGConstrainedTransfer,sentence_local
33660564,5879,D008607,Association,5879,0.9064320373,AISKGConstrainedTransfer,sentence_local
33660564,79767,D000067877,Association,79767,0.7211314822,AISKGConstrainedTransfer,sentence_local
33660564,79767,D002658,Association,79767,0.8965531517,AISKGConstrainedTransfer,sentence_local
33660564,79767,D008607,Association,79767,0.9064320373,AISKGConstrainedTransfer,sentence_local
33660564,79767,D065886,Association,79767,0.8617041854,AISKGConstrainedTransfer,sentence_local
33660564,D000067877,rs183146864,Association,rs183146864,0.446045195,AISKGConstrainedTransfer,sentence_local
33660564,D000067877,rs375983845,Association,rs375983845,0.4504567756,AISKGConstrainedTransfer,sentence_local
33660564,D002658,rs183146864,Association,rs183146864,0.4092015416,AISKGConstrainedTransfer,sentence_local
33660564,D002658,rs375983845,Positive_Correlation,rs375983845,0.3616528714,AISKGConstrainedTransfer,sentence_local
33662365,C006584,C030242,Conversion,C030242,0.6961401447,AISKGConstrainedTransfer,sentence_local
33662365,C006584,C546216,Conversion,C546216,0.5900730723,AISKGConstrainedTransfer,sentence_local
33662365,C006584,D000086382,Positive_Correlation,C006584,0.4066611663,AISKGConstrainedTransfer,sentence_local
33662365,C006584,D019815,Conversion,D019815,0.694474252,AISKGConstrainedTransfer,sentence_local
33662365,C008757,D000086382,Positive_Correlation,C008757,0.4162855748,AISKGConstrainedTransfer,sentence_local
33662365,C008757,D009952,Cotreatment,,0.38587171,AISKGConstrainedTransfer,sentence_local
33662365,C008757,D019301,Conversion,D019301,0.5939808746,AISKGConstrainedTransfer,sentence_local
33662365,C030242,C546216,Conversion,C546216,0.6740961211,AISKGConstrainedTransfer,sentence_local
33662365,C030242,D000086382,Positive_Correlation,C030242,0.397467476,AISKGConstrainedTransfer,sentence_local
33662365,C030242,D019815,Conversion,D019815,0.6236367651,AISKGConstrainedTransfer,sentence_local
33662365,C031570,D000086382,Positive_Correlation,C031570,0.4739136741,AISKGConstrainedTransfer,sentence_local
33662365,C031570,D018698,Conversion,D018698,0.5925585263,AISKGConstrainedTransfer,sentence_local
33662365,C031570,D019344,Conversion,D019344,0.6617952687,AISKGConstrainedTransfer,sentence_local
33662365,C031570,D020148,Conversion,D020148,0.5925585263,AISKGConstrainedTransfer,sentence_local
33662365,C114956,D000086382,Positive_Correlation,C114956,0.4733102475,AISKGConstrainedTransfer,sentence_local
33662365,C114956,D019343,Conversion,D019343,0.5609706337,AISKGConstrainedTransfer,sentence_local
33662365,C517078,D000086382,Positive_Correlation,C517078,0.4379839034,AISKGConstrainedTransfer,sentence_local
33662365,C517078,D020155,Conversion,D020155,0.6070686643,AISKGConstrainedTransfer,sentence_local
33662365,C546216,D000086382,Negative_Correlation,C546216,0.4064481912,AISKGConstrainedTransfer,sentence_local
33662365,C546216,D019815,Conversion,D019815,0.6807920812,AISKGConstrainedTransfer,sentence_local
33662365,D000086382,D002784,Positive_Correlation,D000086382,0.401774742,AISKGConstrainedTransfer,sentence_local
33662365,D000086382,D005632,Positive_Correlation,D000086382,0.4873360106,AISKGConstrainedTransfer,sentence_local
33662365,D000086382,D009952,Positive_Correlation,D000086382,0.5270886752,AISKGConstrainedTransfer,sentence_local
33662365,D000086382,D010649,Positive_Correlation,D000086382,0.6423342077,AISKGConstrainedTransfer,sentence_local
33662365,D000086382,D012694,Positive_Correlation,D000086382,0.6423342077,AISKGConstrainedTransfer,sentence_local
33662365,D000086382,D018698,Positive_Correlation,D000086382,0.6218128189,AISKGConstrainedTransfer,sentence_local
33662365,D000086382,D019301,Positive_Correlation,D000086382,0.4791024395,AISKGConstrainedTransfer,sentence_local
33662365,D000086382,D019343,Positive_Correlation,D000086382,0.4603167597,AISKGConstrainedTransfer,sentence_local
33662365,D000086382,D019344,Positive_Correlation,D000086382,0.6360585725,AISKGConstrainedTransfer,sentence_local
33662365,D000086382,D019815,Positive_Correlation,D000086382,0.3910054423,AISKGConstrainedTransfer,sentence_local
33662365,D000086382,D020148,Positive_Correlation,D000086382,0.5456111239,AISKGConstrainedTransfer,sentence_local
33662365,D000086382,D020155,Positive_Correlation,D000086382,0.4847007898,AISKGConstrainedTransfer,sentence_local
33662365,D002784,D009952,Cotreatment,,0.3939937843,AISKGConstrainedTransfer,sentence_local
33662365,D002784,D018698,Conversion,D018698,0.6921094233,AISKGConstrainedTransfer,sentence_local
33662365,D002784,D019344,Conversion,D019344,0.5814306264,AISKGConstrainedTransfer,sentence_local
33662365,D002784,D019802,Conversion,D019802,0.6217038707,AISKGConstrainedTransfer,sentence_local
33662365,D002784,D020148,Conversion,D020148,0.6826108815,AISKGConstrainedTransfer,sentence_local
33662365,D002784,D020155,Conversion,D020155,0.6217038707,AISKGConstrainedTransfer,sentence_local
33662365,D005632,D019343,Conversion,D019343,0.6148349384,AISKGConstrainedTransfer,sentence_local
33662365,D005632,D019802,Conversion,D019802,0.5663910792,AISKGConstrainedTransfer,sentence_local
33662365,D009952,D019301,Conversion,D019301,0.5807472385,AISKGConstrainedTransfer,sentence_local
33662365,D009952,D019802,Conversion,D019802,0.6049827073,AISKGConstrainedTransfer,sentence_local
33662365,D010649,D018698,Conversion,D018698,0.587049222,AISKGConstrainedTransfer,sentence_local
33662365,D010649,D019344,Conversion,D019344,0.5574510938,AISKGConstrainedTransfer,sentence_local
33662365,D010649,D020148,Conversion,D020148,0.6796051572,AISKGConstrainedTransfer,sentence_local
33662365,D012694,D018698,Conversion,D018698,0.587049222,AISKGConstrainedTransfer,sentence_local
33662365,D012694,D019344,Conversion,D019344,0.5574510938,AISKGConstrainedTransfer,sentence_local
33662365,D012694,D020148,Conversion,D020148,0.6796051572,AISKGConstrainedTransfer,sentence_local
33662365,D018698,D019344,Conversion,D019344,0.6617952687,AISKGConstrainedTransfer,sentence_local
33662365,D018698,D020148,Conversion,D020148,0.6724076074,AISKGConstrainedTransfer,sentence_local
33662365,D019301,D019802,Conversion,D019802,0.6021586583,AISKGConstrainedTransfer,sentence_local
33662365,D019343,D019802,Conversion,D019802,0.4942187535,AISKGConstrainedTransfer,sentence_local
33662365,D019344,D020148,Conversion,D020148,0.6590739395,AISKGConstrainedTransfer,sentence_local
33662365,D019802,D020155,Conversion,D020155,0.6070686643,AISKGConstrainedTransfer,sentence_local
33664057,1977,7157,Positive_Correlation,7157,0.3679651167,AISKGConstrainedTransfer,sentence_local
33664057,22059,D002908,Association,22059,0.6931859459,AISKGConstrainedTransfer,sentence_local
33664057,22059,D005234,Association,22059,0.7687860695,AISKGConstrainedTransfer,sentence_local
33664057,22059,D007249,Association,22059,0.6931859459,AISKGConstrainedTransfer,sentence_local
33664057,22059,D009369,Association,22059,0.7597842065,AISKGConstrainedTransfer,sentence_local
33664057,7157,D009369,Association,7157,0.921300954,AISKGConstrainedTransfer,sentence_local
33664057,D002908,rs774859528,Positive_Correlation,rs774859528,0.6625272701,AISKGConstrainedTransfer,sentence_local
33664057,D005234,rs774859528,Positive_Correlation,rs774859528,0.7227850801,AISKGConstrainedTransfer,sentence_local
33664057,D007249,rs774859528,Positive_Correlation,rs774859528,0.6625272701,AISKGConstrainedTransfer,sentence_local
33664057,D009369,rs774859528,Positive_Correlation,rs774859528,0.6754826356,AISKGConstrainedTransfer,sentence_local
33686748,3620,D007737,Association,D007737,0.5236033591,AISKGConstrainedTransfer,sentence_local
33686748,3620,D009536,Association,D009536,0.5236033591,AISKGConstrainedTransfer,sentence_local
33686748,3620,D014364,Association,D014364,0.4561840711,AISKGConstrainedTransfer,sentence_local
33686748,C018613,D000086382,Positive_Correlation,C018613,0.4206448053,AISKGConstrainedTransfer,sentence_local
33686748,C018613,D018805,Positive_Correlation,C018613,0.3826038451,AISKGConstrainedTransfer,sentence_local
33686748,D000086382,D007538,Positive_Correlation,D000086382,0.5410974768,AISKGConstrainedTransfer,sentence_local
33686748,D000086382,D009536,Positive_Correlation,D000086382,0.4679416151,AISKGConstrainedTransfer,sentence_local
33686748,D000086382,D009537,Positive_Correlation,D000086382,0.521884948,AISKGConstrainedTransfer,sentence_local
33686748,D007538,D018805,Positive_Correlation,D007538,0.4861878666,AISKGConstrainedTransfer,sentence_local
33686748,D007737,D009536,Conversion,D009536,0.7128736392,AISKGConstrainedTransfer,sentence_local
33686748,D007737,D014364,Conversion,D014364,0.7141299189,AISKGConstrainedTransfer,sentence_local
33686748,D009536,D014364,Conversion,D014364,0.6851809476,AISKGConstrainedTransfer,sentence_local
33686748,D009536,D018805,Negative_Correlation,D009536,0.4829017903,AISKGConstrainedTransfer,sentence_local
33686748,D009537,D018805,Positive_Correlation,D009537,0.3826038451,AISKGConstrainedTransfer,sentence_local
33774023,1803,D000086382,Association,1803,0.8060701302,AISKGConstrainedTransfer,sentence_local
33774023,59272,D000086382,Association,59272,0.9331655724,AISKGConstrainedTransfer,sentence_local
33774023,D000086382,rs3788979,Positive_Correlation,rs3788979,0.5965551558,AISKGConstrainedTransfer,sentence_local
33789164,25,D009196,Association,25,0.9725794056,AISKGConstrainedTransfer,sentence_local
33789164,25,D011087,Association,25,0.9308518732,AISKGConstrainedTransfer,sentence_local
33789164,25,D013920,Association,25,0.9193476371,AISKGConstrainedTransfer,sentence_local
33789164,25,D055728,Association,25,0.9091317404,AISKGConstrainedTransfer,sentence_local
33789164,3717,D009196,Association,3717,0.9063800908,AISKGConstrainedTransfer,sentence_local
33789164,3717,D011087,Association,3717,0.9268524269,AISKGConstrainedTransfer,sentence_local
33789164,3717,D013920,Association,3717,0.9193476371,AISKGConstrainedTransfer,sentence_local
33789164,3717,D055728,Association,3717,0.8859880809,AISKGConstrainedTransfer,sentence_local
33789164,4352,D009196,Association,4352,0.9236061598,AISKGConstrainedTransfer,sentence_local
33789164,4352,D011087,Association,4352,0.9141043103,AISKGConstrainedTransfer,sentence_local
33789164,4352,D013920,Association,4352,0.9006853201,AISKGConstrainedTransfer,sentence_local
33789164,4352,D055728,Association,4352,0.8939083207,AISKGConstrainedTransfer,sentence_local
33789164,613,D009196,Association,613,0.9725794056,AISKGConstrainedTransfer,sentence_local
33789164,613,D011087,Association,613,0.9308518732,AISKGConstrainedTransfer,sentence_local
33789164,613,D013920,Association,613,0.9193476371,AISKGConstrainedTransfer,sentence_local
33789164,613,D055728,Association,613,0.9091317404,AISKGConstrainedTransfer,sentence_local
33789164,811,D009196,Association,811,0.8906819102,AISKGConstrainedTransfer,sentence_local
33789164,811,D011087,Association,811,0.9141043103,AISKGConstrainedTransfer,sentence_local
33789164,811,D013920,Association,811,0.8822395115,AISKGConstrainedTransfer,sentence_local
33789164,811,D055728,Association,811,0.8111038703,AISKGConstrainedTransfer,sentence_local
33878394,1019,C500026,Negative_Correlation,C500026,0.8049652263,AISKGConstrainedTransfer,sentence_local
33878394,1019,D000077195,Association,1019,0.8929275644,AISKGConstrainedTransfer,sentence_local
33878394,1019,D000077716,Negative_Correlation,D000077716,0.8049652263,AISKGConstrainedTransfer,sentence_local
33878394,1019,D007971,Association,1019,0.8672971341,AISKGConstrainedTransfer,sentence_local
33878394,1019,D009369,Association,1019,0.8589891725,AISKGConstrainedTransfer,sentence_local
33878394,1021,C500026,Negative_Correlation,C500026,0.8049652263,AISKGConstrainedTransfer,sentence_local
33878394,1021,D000077195,Association,1021,0.8929275644,AISKGConstrainedTransfer,sentence_local
33878394,1021,D000077716,Negative_Correlation,D000077716,0.8049652263,AISKGConstrainedTransfer,sentence_local
33878394,1021,D007971,Association,1021,0.8672971341,AISKGConstrainedTransfer,sentence_local
33878394,1021,D009369,Association,1021,0.8589891725,AISKGConstrainedTransfer,sentence_local
33878394,16664,D009369,Association,16664,0.737932457,AISKGConstrainedTransfer,sentence_local
33878394,1956,C500026,Negative_Correlation,C500026,0.7909449273,AISKGConstrainedTransfer,sentence_local
33878394,1956,D000077195,Association,1956,0.897648403,AISKGConstrainedTransfer,sentence_local
33878394,1956,D000077716,Negative_Correlation,D000077716,0.8049652263,AISKGConstrainedTransfer,sentence_local
33878394,1956,D007971,Association,1956,0.8758923475,AISKGConstrainedTransfer,sentence_local
33878394,1956,D009369,Association,1956,0.8758923475,AISKGConstrainedTransfer,sentence_local
33878394,20104,C500026,Negative_Correlation,C500026,0.6029696062,AISKGConstrainedTransfer,sentence_local
33878394,20104,D000077195,Association,20104,0.5911686423,AISKGConstrainedTransfer,sentence_local
33878394,20104,D000077716,Negative_Correlation,D000077716,0.6407243276,AISKGConstrainedTransfer,sentence_local
33878394,3845,D009369,Association,3845,0.7547066788,AISKGConstrainedTransfer,sentence_local
33878394,595,D000077195,Association,595,0.8838742753,AISKGConstrainedTransfer,sentence_local
33878394,595,D007971,Association,595,0.847349776,AISKGConstrainedTransfer,sentence_local
33878394,595,D009369,Association,595,0.8364230058,AISKGConstrainedTransfer,sentence_local
33878394,6194,C500026,Negative_Correlation,C500026,0.6029696062,AISKGConstrainedTransfer,sentence_local
33878394,6194,D000077195,Association,6194,0.5911686423,AISKGConstrainedTransfer,sentence_local
33878394,6194,D000077716,Negative_Correlation,D000077716,0.6407243276,AISKGConstrainedTransfer,sentence_local
33878394,6194,D007971,Association,6194,0.8700542145,AISKGConstrainedTransfer,sentence_local
33878394,6194,D009369,Association,6194,0.8700542145,AISKGConstrainedTransfer,sentence_local
33878394,7157,D009369,Association,7157,0.7547066788,AISKGConstrainedTransfer,sentence_local
33878394,C500026,D000077195,Negative_Correlation,C500026,0.7376463403,AISKGConstrainedTransfer,sentence_local
33878394,D000077195,D000077716,Negative_Correlation,D000077195,0.7106851209,AISKGConstrainedTransfer,sentence_local
33878394,D009369,p|SUB|R|172|H,Positive_Correlation,p|SUB|R|172|H,0.7124616332,AISKGConstrainedTransfer,sentence_local
33878394,D009369,rs121913529,Positive_Correlation,rs121913529,0.7124616332,AISKGConstrainedTransfer,sentence_local
33878394,D014233,D017382,Negative_Correlation,D017382,0.3976787727,AISKGConstrainedTransfer,sentence_local
33905892,43740568,D000086382,Association,43740568,0.7086730751,AISKGConstrainedTransfer,sentence_local
33905892,43740568,D007239,Association,43740568,0.766914799,AISKGConstrainedTransfer,sentence_local
33905892,D000086382,p|SUB|T|1117|I,Positive_Correlation,p|SUB|T|1117|I,0.4876947777,AISKGConstrainedTransfer,sentence_local
33905892,D007239,p|SUB|T|1117|I,Association,p|SUB|T|1117|I,0.4207798195,AISKGConstrainedTransfer,sentence_local
33987320,4166,D003317,Association,4166,0.9310498896,AISKGConstrainedTransfer,sentence_local
33987320,4166,D003318,Association,4166,0.7647051463,AISKGConstrainedTransfer,sentence_local
33987320,4166,D014786,Association,4166,0.7820708611,AISKGConstrainedTransfer,sentence_local
33987320,4166,D030342,Association,4166,0.7146191071,AISKGConstrainedTransfer,sentence_local
33987320,D003317,rs1465389120,Positive_Correlation,rs1465389120,0.7073666357,AISKGConstrainedTransfer,sentence_local
33987320,D003317,rs771397083,Positive_Correlation,rs771397083,0.5392355139,AISKGConstrainedTransfer,sentence_local
34000358,1906,D000086382,Association,1906,0.7837869263,AISKGConstrainedTransfer,sentence_local
34000358,1906,D003920,Association,1906,0.7940727472,AISKGConstrainedTransfer,sentence_local
34000358,1906,D006333,Association,1906,0.7667684478,AISKGConstrainedTransfer,sentence_local
34000358,1906,D007249,Association,1906,0.8738726374,AISKGConstrainedTransfer,sentence_local
34000358,1906,D058186,Association,1906,0.8157113057,AISKGConstrainedTransfer,sentence_local
34000358,1906,D059347,Association,1906,0.9083536112,AISKGConstrainedTransfer,sentence_local
34000358,246787,C529054,Association,C529054,0.3312244274,AISKGConstrainedTransfer,sentence_local
34000358,246787,D003920,Association,246787,0.8546089024,AISKGConstrainedTransfer,sentence_local
34000358,246787,D005355,Association,246787,0.8899088178,AISKGConstrainedTransfer,sentence_local
34000358,30878,C529054,Association,C529054,0.3312244274,AISKGConstrainedTransfer,sentence_local
34000358,30878,D003920,Association,30878,0.8546089024,AISKGConstrainedTransfer,sentence_local
34000358,30878,D005355,Association,30878,0.8899088178,AISKGConstrainedTransfer,sentence_local
34000358,3553,7124,Positive_Correlation,7124,0.4876053423,AISKGConstrainedTransfer,sentence_local
34000358,3553,D007249,Association,3553,0.8363002812,AISKGConstrainedTransfer,sentence_local
34000358,3569,D007249,Association,3569,0.8392367004,AISKGConstrainedTransfer,sentence_local
34000358,3586,D007249,Association,3586,0.7623077092,AISKGConstrainedTransfer,sentence_local
34000358,3605,D007249,Association,3605,0.8323305581,AISKGConstrainedTransfer,sentence_local
34000358,59272,D000086382,Association,59272,0.9146972985,AISKGConstrainedTransfer,sentence_local
34000358,59272,D003920,Association,59272,0.7822363993,AISKGConstrainedTransfer,sentence_local
34000358,59272,D006333,Association,59272,0.7667684478,AISKGConstrainedTransfer,sentence_local
34000358,59272,D007249,Association,59272,0.8455807733,AISKGConstrainedTransfer,sentence_local
34000358,59272,D058186,Association,59272,0.7975130776,AISKGConstrainedTransfer,sentence_local
34000358,59272,D059347,Association,59272,0.9083536112,AISKGConstrainedTransfer,sentence_local
34000358,6524,D000086382,Association,6524,0.9146972985,AISKGConstrainedTransfer,sentence_local
34000358,6524,D003920,Association,6524,0.7822363993,AISKGConstrainedTransfer,sentence_local
34000358,6524,D006333,Association,6524,0.7667684478,AISKGConstrainedTransfer,sentence_local
34000358,6524,D007249,Association,6524,0.9131040506,AISKGConstrainedTransfer,sentence_local
34000358,6524,D058186,Association,6524,0.7975130776,AISKGConstrainedTransfer,sentence_local
34000358,6524,D059347,Association,6524,0.8426057089,AISKGConstrainedTransfer,sentence_local
34000358,6648,D007249,Association,6648,0.8133287862,AISKGConstrainedTransfer,sentence_local
34000358,70008,C529054,Association,C529054,0.3312244274,AISKGConstrainedTransfer,sentence_local
34000358,70008,D003920,Association,70008,0.8546089024,AISKGConstrainedTransfer,sentence_local
34000358,70008,D005355,Association,70008,0.8899088178,AISKGConstrainedTransfer,sentence_local
34000358,7124,D007249,Association,7124,0.8165894983,AISKGConstrainedTransfer,sentence_local
34000358,847,D007249,Association,847,0.8122859555,AISKGConstrainedTransfer,sentence_local
34000358,8862,D000086382,Association,8862,0.9146972985,AISKGConstrainedTransfer,sentence_local
34000358,8862,D003920,Association,8862,0.7822363993,AISKGConstrainedTransfer,sentence_local
34000358,8862,D006333,Association,8862,0.7667684478,AISKGConstrainedTransfer,sentence_local
34000358,8862,D007249,Association,8862,0.9131040506,AISKGConstrainedTransfer,sentence_local
34000358,8862,D058186,Association,8862,0.7975130776,AISKGConstrainedTransfer,sentence_local
34000358,8862,D059347,Association,8862,0.9083536112,AISKGConstrainedTransfer,sentence_local
34000358,C529054,D003920,Positive_Correlation,C529054,0.5021129546,AISKGConstrainedTransfer,sentence_local
34000358,C529054,D005355,Positive_Correlation,C529054,0.5648353794,AISKGConstrainedTransfer,sentence_local
34016879,2875,D005183,Association,2875,0.8802011319,AISKGConstrainedTransfer,sentence_local
34016879,2875,D013921,Association,2875,0.8452046446,AISKGConstrainedTransfer,sentence_local
34016879,5205,D002780,Association,5205,0.7756383759,AISKGConstrainedTransfer,sentence_local
34016879,5205,D005183,Association,5205,0.8857586606,AISKGConstrainedTransfer,sentence_local
34016879,5205,D011537,Association,5205,0.9883364436,AISKGConstrainedTransfer,sentence_local
34016879,5205,D013921,Association,5205,0.852015477,AISKGConstrainedTransfer,sentence_local
34016879,5244,D002780,Association,5244,0.7756383759,AISKGConstrainedTransfer,sentence_local
34016879,8647,D002780,Association,8647,0.8750423009,AISKGConstrainedTransfer,sentence_local
34016879,8647,D005183,Association,8647,0.8752360299,AISKGConstrainedTransfer,sentence_local
34016879,8647,D011537,Association,8647,0.9883364436,AISKGConstrainedTransfer,sentence_local
34016879,8647,D013921,Association,8647,0.8386434856,AISKGConstrainedTransfer,sentence_local
34016879,8714,D002780,Association,8714,0.8162829707,AISKGConstrainedTransfer,sentence_local
34016879,8714,D005183,Association,8714,0.8857586606,AISKGConstrainedTransfer,sentence_local
34016879,8714,D013921,Association,8714,0.8386434856,AISKGConstrainedTransfer,sentence_local
34102393,207,D005910,Association,207,0.9641875368,AISKGConstrainedTransfer,sentence_local
34102393,2475,D005910,Association,2475,0.96218103,AISKGConstrainedTransfer,sentence_local
34102393,5290,D004827,Association,5290,0.9165553775,AISKGConstrainedTransfer,sentence_local
34102393,5290,D005910,Association,5290,0.8232199377,AISKGConstrainedTransfer,sentence_local
34102393,D004827,rs121913273,Positive_Correlation,rs121913273,0.5805182187,AISKGConstrainedTransfer,sentence_local
34102393,D004827,rs121913279,Positive_Correlation,rs121913279,0.5805182187,AISKGConstrainedTransfer,sentence_local
34102393,D004827,rs121913287,Positive_Correlation,rs121913287,0.5805182187,AISKGConstrainedTransfer,sentence_local
34102393,D004827,rs587777790,Positive_Correlation,rs587777790,0.5805182187,AISKGConstrainedTransfer,sentence_local
34102393,D012640,rs121913279,Positive_Correlation,rs121913279,0.6741803591,AISKGConstrainedTransfer,sentence_local
34103301,1019,C000600259,Negative_Correlation,C000600259,0.5035863924,AISKGConstrainedTransfer,sentence_local
34103301,1019,D015470,Association,1019,0.9205124862,AISKGConstrainedTransfer,sentence_local
34103301,1021,C000600259,Negative_Correlation,C000600259,0.5035863924,AISKGConstrainedTransfer,sentence_local
34103301,1021,D015470,Association,1021,0.9205124862,AISKGConstrainedTransfer,sentence_local
34103301,2322,C000600259,Negative_Correlation,C000600259,0.5815170349,AISKGConstrainedTransfer,sentence_local
34103301,2322,D012008,Association,2322,0.7274692249,AISKGConstrainedTransfer,sentence_local
34103301,2322,D015470,Association,2322,0.7457992949,AISKGConstrainedTransfer,sentence_local
34103301,896,C000600259,Negative_Correlation,C000600259,0.452820271,AISKGConstrainedTransfer,sentence_local
34103301,896,D015470,Association,896,0.9205124862,AISKGConstrainedTransfer,sentence_local
34103301,C000600259,D012008,Negative_Correlation,C000600259,0.5809209124,AISKGConstrainedTransfer,sentence_local
34103301,C000600259,D015470,Negative_Correlation,C000600259,0.6304087948,AISKGConstrainedTransfer,sentence_local
34103301,C000600259,p|SUB|Q|276|-,Negative_Correlation,,0.3699663709,AISKGConstrainedTransfer,sentence_local
34103301,C000600259,p|SUB|T|283|A,Negative_Correlation,,0.3703741906,AISKGConstrainedTransfer,sentence_local
34105970,4625,D000255,Association,D000255,0.5724266452,AISKGConstrainedTransfer,sentence_local
34105970,4625,D009202,Association,4625,0.9326125242,AISKGConstrainedTransfer,sentence_local
34105970,8625606,D000255,Association,D000255,0.5397714799,AISKGConstrainedTransfer,sentence_local
34105970,D000255,D009202,Positive_Correlation,D000255,0.3931586534,AISKGConstrainedTransfer,sentence_local
34105970,D000255,p|SUB|I|467|T,Association,p|SUB|I|467|T,0.655065847,AISKGConstrainedTransfer,sentence_local
34105970,D009202,p|SUB|I|457|T,Positive_Correlation,p|SUB|I|457|T,0.4970474446,AISKGConstrainedTransfer,sentence_local
34105970,D009202,p|SUB|I|467|T,Positive_Correlation,p|SUB|I|467|T,0.4970474446,AISKGConstrainedTransfer,sentence_local
34105970,D009202,p|SUB|R|453|C,Positive_Correlation,p|SUB|R|453|C,0.6953514889,AISKGConstrainedTransfer,sentence_local
34107326,43740568,D000084063,Association,43740568,0.9837749697,AISKGConstrainedTransfer,sentence_local
34107326,43740568,D000086382,Association,43740568,0.9837749697,AISKGConstrainedTransfer,sentence_local
34107326,43740569,D000084063,Association,43740569,0.9188146008,AISKGConstrainedTransfer,sentence_local
34107326,43740569,D000086382,Association,43740569,0.9188146008,AISKGConstrainedTransfer,sentence_local
34107326,43740575,D000084063,Association,43740575,0.9837749697,AISKGConstrainedTransfer,sentence_local
34107326,43740575,D000086382,Association,43740575,0.9837749697,AISKGConstrainedTransfer,sentence_local
34107326,43740578,D000084063,Association,43740578,0.9188146008,AISKGConstrainedTransfer,sentence_local
34107326,43740578,D000086382,Association,43740578,0.9188146008,AISKGConstrainedTransfer,sentence_local
34107326,D000084063,c|DEL|141_143|,Positive_Correlation,c|DEL|141_143|,0.5889380162,AISKGConstrainedTransfer,sentence_local
34107326,D000084063,p|INS|215|AGY,Positive_Correlation,p|INS|215|AGY,0.6468634849,AISKGConstrainedTransfer,sentence_local
34107326,D000084063,p|SUB|D|215|A,Positive_Correlation,p|SUB|D|215|A,0.6468634849,AISKGConstrainedTransfer,sentence_local
34107326,D000084063,p|SUB|D|614|G,Positive_Correlation,p|SUB|D|614|G,0.6468634849,AISKGConstrainedTransfer,sentence_local
34107326,D000084063,p|SUB|L|452|R,Association,p|SUB|L|452|R,0.5215046088,AISKGConstrainedTransfer,sentence_local
34107326,D000086382,c|DEL|141_143|,Positive_Correlation,c|DEL|141_143|,0.5889380162,AISKGConstrainedTransfer,sentence_local
34107326,D000086382,p|INS|215|AGY,Positive_Correlation,p|INS|215|AGY,0.6468634849,AISKGConstrainedTransfer,sentence_local
34107326,D000086382,p|SUB|D|215|A,Positive_Correlation,p|SUB|D|215|A,0.6468634849,AISKGConstrainedTransfer,sentence_local
34107326,D000086382,p|SUB|D|614|G,Positive_Correlation,p|SUB|D|614|G,0.6468634849,AISKGConstrainedTransfer,sentence_local
34107326,D000086382,p|SUB|L|452|R,Positive_Correlation,p|SUB|L|452|R,0.6468634849,AISKGConstrainedTransfer,sentence_local
34111421,4292,D015179,Association,4292,0.7844510863,AISKGConstrainedTransfer,sentence_local
34111421,4436,D015179,Association,4436,0.7874270782,AISKGConstrainedTransfer,sentence_local
34111421,D015179,rs193922376,Positive_Correlation,rs193922376,0.6029322781,AISKGConstrainedTransfer,sentence_local
34115511,5816,D008274,Association,D008274,0.3672493583,AISKGConstrainedTransfer,sentence_local
34115511,D002118,p|SUB|E|59|D,Association,p|SUB|E|59|D,0.5659490459,AISKGConstrainedTransfer,sentence_local
34115511,D002118,p|SUB|S|55|D,Association,p|SUB|S|55|D,0.6268366529,AISKGConstrainedTransfer,sentence_local
34115511,D008274,p|SUB|D|94|S,Association,p|SUB|D|94|S,0.6551789358,AISKGConstrainedTransfer,sentence_local
34115511,D008274,p|SUB|E|59|D,Association,p|SUB|E|59|D,0.6551789358,AISKGConstrainedTransfer,sentence_local
34115511,D008274,p|SUB|G|98|E,Association,p|SUB|G|98|E,0.6551789358,AISKGConstrainedTransfer,sentence_local
34115511,D008274,p|SUB|S|55|D,Association,p|SUB|S|55|D,0.6551789358,AISKGConstrainedTransfer,sentence_local
34143713,1293,D009798,Association,1293,0.9307547816,AISKGConstrainedTransfer,sentence_local
34143713,7057,D005901,Association,7057,0.9202381914,AISKGConstrainedTransfer,sentence_local
34143713,7057,D009798,Association,7057,0.9307547816,AISKGConstrainedTransfer,sentence_local
34143713,D005901,rs2228262,Association,rs2228262,0.5229837959,AISKGConstrainedTransfer,sentence_local
34143713,D009798,rs2228262,Positive_Correlation,rs2228262,0.7089813002,AISKGConstrainedTransfer,sentence_local
34151866,23576,C018524,Negative_Correlation,C018524,0.4858333329,AISKGConstrainedTransfer,sentence_local
34151866,23576,D001997,Association,23576,0.9302355193,AISKGConstrainedTransfer,sentence_local
34151866,23576,D006976,Association,23576,0.7942531567,AISKGConstrainedTransfer,sentence_local
34151866,23576,D009569,Negative_Correlation,D009569,0.3873408503,AISKGConstrainedTransfer,sentence_local
34151866,23576,D009573,Negative_Correlation,D009573,0.3600864377,AISKGConstrainedTransfer,sentence_local
34151866,4843,C018524,Negative_Correlation,C018524,0.6029968444,AISKGConstrainedTransfer,sentence_local
34151866,4843,D009569,Negative_Correlation,D009569,0.4354903508,AISKGConstrainedTransfer,sentence_local
34151866,C018524,D002956,Conversion,D002956,0.6999701293,AISKGConstrainedTransfer,sentence_local
34151866,C018524,D009569,Conversion,D009569,0.7314737887,AISKGConstrainedTransfer,sentence_local
34151866,C018524,D009573,Conversion,D009573,0.732830156,AISKGConstrainedTransfer,sentence_local
34151866,D001997,D009569,Positive_Correlation,D001997,0.5526904774,AISKGConstrainedTransfer,sentence_local
34151866,D001997,rs480414,Positive_Correlation,rs480414,0.7148764634,AISKGConstrainedTransfer,sentence_local
34151866,D002956,D009569,Conversion,D009569,0.7314737887,AISKGConstrainedTransfer,sentence_local
34151866,D002956,D009573,Conversion,D009573,0.732830156,AISKGConstrainedTransfer,sentence_local
34151866,D006976,D009569,Positive_Correlation,D006976,0.5247054055,AISKGConstrainedTransfer,sentence_local
34151866,D006976,rs480414,Positive_Correlation,rs480414,0.5027265973,AISKGConstrainedTransfer,sentence_local
34151866,D009569,D009573,Conversion,D009573,0.7283790675,AISKGConstrainedTransfer,sentence_local
34151866,D009569,rs480414,Association,rs480414,0.3639359412,AISKGConstrainedTransfer,sentence_local
34157861,104797223,C116890,Negative_Correlation,C116890,0.743609552,AISKGConstrainedTransfer,sentence_local
34157861,104797223,C570240,Negative_Correlation,C570240,0.7846321333,AISKGConstrainedTransfer,sentence_local
34157861,104797223,D003920,Association,104797223,0.4121317793,AISKGConstrainedTransfer,sentence_local
34157861,104797223,D005947,Negative_Correlation,D005947,0.4467997345,AISKGConstrainedTransfer,sentence_local
34157861,104797223,D006152,Negative_Correlation,D006152,0.5550254549,AISKGConstrainedTransfer,sentence_local
34157861,104797223,D006333,Association,104797223,0.9170932794,AISKGConstrainedTransfer,sentence_local
34157861,104797223,D006976,Association,104797223,0.8462857362,AISKGConstrainedTransfer,sentence_local
34157861,104797223,D007328,Negative_Correlation,D007328,0.6034425714,AISKGConstrainedTransfer,sentence_local
34157861,104797223,D009765,Association,104797223,0.5374787386,AISKGConstrainedTransfer,sentence_local
34157861,104797223,D014652,Association,104797223,0.8521538175,AISKGConstrainedTransfer,sentence_local
34157861,104797223,D017382,Negative_Correlation,D017382,0.3614362422,AISKGConstrainedTransfer,sentence_local
34157861,104797223,D019308,Negative_Correlation,D019308,0.5010800333,AISKGConstrainedTransfer,sentence_local
34157861,104797223,D024821,Association,104797223,0.9084267428,AISKGConstrainedTransfer,sentence_local
34157861,24536,D006333,Association,24536,0.49953432,AISKGConstrainedTransfer,sentence_local
34157861,24536,D006976,Association,24536,0.4545052292,AISKGConstrainedTransfer,sentence_local
34157861,24536,D009765,Association,24536,0.5706015861,AISKGConstrainedTransfer,sentence_local
34157861,25202,C116890,Negative_Correlation,C116890,0.4291882266,AISKGConstrainedTransfer,sentence_local
34157861,25202,C570240,Negative_Correlation,C570240,0.743609552,AISKGConstrainedTransfer,sentence_local
34157861,25202,D003920,Association,25202,0.4121317793,AISKGConstrainedTransfer,sentence_local
34157861,25202,D005947,Negative_Correlation,D005947,0.4467997345,AISKGConstrainedTransfer,sentence_local
34157861,25202,D006152,Negative_Correlation,D006152,0.6143306545,AISKGConstrainedTransfer,sentence_local
34157861,25202,D006333,Association,25202,0.9177292279,AISKGConstrainedTransfer,sentence_local
34157861,25202,D006976,Negative_Correlation,25202,0.5043963766,AISKGConstrainedTransfer,sentence_local
34157861,25202,D007328,Negative_Correlation,D007328,0.5538473489,AISKGConstrainedTransfer,sentence_local
34157861,25202,D009765,Association,25202,0.8884667797,AISKGConstrainedTransfer,sentence_local
34157861,25202,D014652,Association,25202,0.8222092736,AISKGConstrainedTransfer,sentence_local
34157861,25202,D017382,Positive_Correlation,D017382,0.4539982103,AISKGConstrainedTransfer,sentence_local
34157861,25202,D019308,Negative_Correlation,D019308,0.5010800333,AISKGConstrainedTransfer,sentence_local
34157861,25202,D024821,Association,25202,0.9201988705,AISKGConstrainedTransfer,sentence_local
34157861,25206,C116890,Negative_Correlation,C116890,0.743609552,AISKGConstrainedTransfer,sentence_local
34157861,25206,C570240,Negative_Correlation,C570240,0.743609552,AISKGConstrainedTransfer,sentence_local
34157861,25206,D006333,Association,25206,0.9177292279,AISKGConstrainedTransfer,sentence_local
34157861,25206,D006976,Negative_Correlation,25206,0.5043963766,AISKGConstrainedTransfer,sentence_local
34157861,25206,D009765,Association,25206,0.5374787386,AISKGConstrainedTransfer,sentence_local
34157861,25206,D014652,Association,25206,0.8222092736,AISKGConstrainedTransfer,sentence_local
34157861,25206,D017382,Negative_Correlation,D017382,0.7672251167,AISKGConstrainedTransfer,sentence_local
34157861,25206,D024821,Association,25206,0.9201988705,AISKGConstrainedTransfer,sentence_local
34157861,29508,C570240,Negative_Correlation,C570240,0.743609552,AISKGConstrainedTransfer,sentence_local
34157861,29508,D003920,Association,29508,0.4532485095,AISKGConstrainedTransfer,sentence_local
34157861,29508,D006152,Negative_Correlation,D006152,0.713534108,AISKGConstrainedTransfer,sentence_local
34157861,29508,D006333,Association,29508,0.9170932794,AISKGConstrainedTransfer,sentence_local
34157861,29508,D006976,Negative_Correlation,29508,0.5043963766,AISKGConstrainedTransfer,sentence_local
34157861,29508,D009765,Association,29508,0.8425812588,AISKGConstrainedTransfer,sentence_local
34157861,29508,D014652,Association,29508,0.8673184733,AISKGConstrainedTransfer,sentence_local
34157861,29508,D017382,Negative_Correlation,D017382,0.3614362422,AISKGConstrainedTransfer,sentence_local
34157861,29508,D024821,Association,29508,0.9201988705,AISKGConstrainedTransfer,sentence_local
34157861,4800,C116890,Negative_Correlation,C116890,0.743609552,AISKGConstrainedTransfer,sentence_local
34157861,4800,C570240,Negative_Correlation,C570240,0.743609552,AISKGConstrainedTransfer,sentence_local
34157861,4800,D003920,Association,4800,0.4532485095,AISKGConstrainedTransfer,sentence_local
34157861,4800,D006152,Negative_Correlation,D006152,0.713534108,AISKGConstrainedTransfer,sentence_local
34157861,4800,D006333,Association,4800,0.9170932794,AISKGConstrainedTransfer,sentence_local
34157861,4800,D006976,Negative_Correlation,4800,0.5043963766,AISKGConstrainedTransfer,sentence_local
34157861,4800,D009765,Association,4800,0.5374787386,AISKGConstrainedTransfer,sentence_local
34157861,4800,D014652,Association,4800,0.8673184733,AISKGConstrainedTransfer,sentence_local
34157861,4800,D017382,Negative_Correlation,D017382,0.3614362422,AISKGConstrainedTransfer,sentence_local
34157861,4800,D024821,Association,4800,0.9201988705,AISKGConstrainedTransfer,sentence_local
34157861,497757,C116890,Negative_Correlation,C116890,0.743609552,AISKGConstrainedTransfer,sentence_local
34157861,497757,C570240,Negative_Correlation,C570240,0.743609552,AISKGConstrainedTransfer,sentence_local
34157861,497757,D006333,Association,497757,0.9177292279,AISKGConstrainedTransfer,sentence_local
34157861,497757,D006976,Negative_Correlation,497757,0.5043963766,AISKGConstrainedTransfer,sentence_local
34157861,497757,D009765,Association,497757,0.5374787386,AISKGConstrainedTransfer,sentence_local
34157861,497757,D014652,Association,497757,0.8222092736,AISKGConstrainedTransfer,sentence_local
34157861,497757,D017382,Negative_Correlation,D017382,0.7672251167,AISKGConstrainedTransfer,sentence_local
34157861,497757,D024821,Association,497757,0.9201988705,AISKGConstrainedTransfer,sentence_local
34157861,574455,C116890,Negative_Correlation,C116890,0.743609552,AISKGConstrainedTransfer,sentence_local
34157861,574455,C570240,Negative_Correlation,C570240,0.7846321333,AISKGConstrainedTransfer,sentence_local
34157861,574455,D003920,Association,574455,0.4121317793,AISKGConstrainedTransfer,sentence_local
34157861,574455,D005947,Negative_Correlation,D005947,0.4467997345,AISKGConstrainedTransfer,sentence_local
34157861,574455,D006152,Negative_Correlation,D006152,0.5550254549,AISKGConstrainedTransfer,sentence_local
34157861,574455,D006333,Association,574455,0.9170932794,AISKGConstrainedTransfer,sentence_local
34157861,574455,D006976,Association,574455,0.8462857362,AISKGConstrainedTransfer,sentence_local
34157861,574455,D007328,Negative_Correlation,D007328,0.6034425714,AISKGConstrainedTransfer,sentence_local
34157861,574455,D009765,Association,574455,0.5374787386,AISKGConstrainedTransfer,sentence_local
34157861,574455,D014652,Association,574455,0.8521538175,AISKGConstrainedTransfer,sentence_local
34157861,574455,D017382,Negative_Correlation,D017382,0.3614362422,AISKGConstrainedTransfer,sentence_local
34157861,574455,D019308,Negative_Correlation,D019308,0.5010800333,AISKGConstrainedTransfer,sentence_local
34157861,574455,D024821,Association,574455,0.9084267428,AISKGConstrainedTransfer,sentence_local
34157861,64522,C570240,Negative_Correlation,C570240,0.5139350897,AISKGConstrainedTransfer,sentence_local
34157861,64522,D006152,Negative_Correlation,D006152,0.6852302594,AISKGConstrainedTransfer,sentence_local
34157861,64522,D006976,Association,64522,0.9070334022,AISKGConstrainedTransfer,sentence_local
34157861,66012,C116890,Negative_Correlation,C116890,0.743609552,AISKGConstrainedTransfer,sentence_local
34157861,66012,C570240,Negative_Correlation,C570240,0.743609552,AISKGConstrainedTransfer,sentence_local
34157861,66012,D006333,Association,66012,0.9177292279,AISKGConstrainedTransfer,sentence_local
34157861,66012,D006976,Negative_Correlation,66012,0.5043963766,AISKGConstrainedTransfer,sentence_local
34157861,66012,D009765,Association,66012,0.5374787386,AISKGConstrainedTransfer,sentence_local
34157861,66012,D014652,Association,66012,0.8222092736,AISKGConstrainedTransfer,sentence_local
34157861,66012,D017382,Negative_Correlation,D017382,0.7672251167,AISKGConstrainedTransfer,sentence_local
34157861,66012,D024821,Association,66012,0.9201988705,AISKGConstrainedTransfer,sentence_local
34157861,C116890,C570240,Negative_Correlation,C570240,0.5337974,AISKGConstrainedTransfer,sentence_local
34157861,C116890,D006333,Positive_Correlation,C116890,0.3585828744,AISKGConstrainedTransfer,sentence_local
34157861,C116890,D006976,Negative_Correlation,C116890,0.3766054441,AISKGConstrainedTransfer,sentence_local
34157861,C116890,D009765,Negative_Correlation,C116890,0.3753304493,AISKGConstrainedTransfer,sentence_local
34157861,C116890,D017382,Negative_Correlation,D017382,0.7341596329,AISKGConstrainedTransfer,sentence_local
34157861,C116890,D024821,Negative_Correlation,C116890,0.6973580493,AISKGConstrainedTransfer,sentence_local
34157861,C570240,D006976,Negative_Correlation,C570240,0.6268300447,AISKGConstrainedTransfer,sentence_local
34157861,C570240,D009765,Negative_Correlation,C570240,0.5415467119,AISKGConstrainedTransfer,sentence_local
34157861,C570240,D017382,Negative_Correlation,D017382,0.7341596329,AISKGConstrainedTransfer,sentence_local
34157861,C570240,D024821,Negative_Correlation,C570240,0.6066126899,AISKGConstrainedTransfer,sentence_local
34157861,D003920,D005947,Negative_Correlation,D003920,0.5337684146,AISKGConstrainedTransfer,sentence_local
34157861,D003920,D006152,Negative_Correlation,D003920,0.6005022056,AISKGConstrainedTransfer,sentence_local
34157861,D003920,D007328,Negative_Correlation,D003920,0.5962050694,AISKGConstrainedTransfer,sentence_local
34157861,D003920,D017382,Negative_Correlation,D003920,0.6024540829,AISKGConstrainedTransfer,sentence_local
34157861,D003920,D019308,Negative_Correlation,D003920,0.5902481987,AISKGConstrainedTransfer,sentence_local
34157861,D004280,D009765,Positive_Correlation,D004280,0.5973163589,AISKGConstrainedTransfer,sentence_local
34157861,D005947,D009765,Negative_Correlation,D005947,0.5740544343,AISKGConstrainedTransfer,sentence_local
34157861,D005947,D017382,Negative_Correlation,D017382,0.5057940332,AISKGConstrainedTransfer,sentence_local
34157861,D006152,D006976,Negative_Correlation,D006152,0.5662791847,AISKGConstrainedTransfer,sentence_local
34157861,D006152,D009765,Negative_Correlation,D006152,0.5650436645,AISKGConstrainedTransfer,sentence_local
34157861,D006152,D017382,Negative_Correlation,D017382,0.4756099231,AISKGConstrainedTransfer,sentence_local
34157861,D006333,D017382,Positive_Correlation,D006333,0.4535996399,AISKGConstrainedTransfer,sentence_local
34157861,D006976,D017382,Positive_Correlation,D006976,0.6963684688,AISKGConstrainedTransfer,sentence_local
34157861,D007328,D009765,Negative_Correlation,D007328,0.5741954156,AISKGConstrainedTransfer,sentence_local
34157861,D007328,D017382,Negative_Correlation,D017382,0.5452104155,AISKGConstrainedTransfer,sentence_local
34157861,D009765,D017382,Positive_Correlation,D009765,0.6379223958,AISKGConstrainedTransfer,sentence_local
34157861,D009765,D019308,Negative_Correlation,D009765,0.5541209047,AISKGConstrainedTransfer,sentence_local
34157861,D014652,D017382,Positive_Correlation,D014652,0.6525135791,AISKGConstrainedTransfer,sentence_local
34157861,D017382,D024821,Positive_Correlation,D017382,0.4642237523,AISKGConstrainedTransfer,sentence_local
34215679,12608,C010223,Association,C010223,0.3775326112,AISKGConstrainedTransfer,sentence_local
34215679,12608,D001327,Association,12608,0.7435227742,AISKGConstrainedTransfer,sentence_local
34215679,12608,D007674,Association,12608,0.7435227742,AISKGConstrainedTransfer,sentence_local
34215679,12609,C010223,Association,C010223,0.4289444817,AISKGConstrainedTransfer,sentence_local
34215679,12609,D001327,Association,12609,0.7435227742,AISKGConstrainedTransfer,sentence_local
34215679,12609,D007674,Association,12609,0.7435227742,AISKGConstrainedTransfer,sentence_local
34215679,16171,C010223,Association,C010223,0.6031162211,AISKGConstrainedTransfer,sentence_local
34215679,16171,D001327,Association,16171,0.9366516552,AISKGConstrainedTransfer,sentence_local
34215679,16171,D007249,Association,16171,0.9366516552,AISKGConstrainedTransfer,sentence_local
34215679,16171,D007674,Association,16171,0.7306870649,AISKGConstrainedTransfer,sentence_local
34215679,16819,D001327,Association,16819,0.6797783587,AISKGConstrainedTransfer,sentence_local
34215679,16819,D005921,Association,16819,0.8784153426,AISKGConstrainedTransfer,sentence_local
34215679,16819,D007674,Association,16819,0.6797783587,AISKGConstrainedTransfer,sentence_local
34215679,21926,319765,Association,,0.4946455344,AISKGConstrainedTransfer,sentence_local
34215679,21926,C010223,Association,C010223,0.6089288545,AISKGConstrainedTransfer,sentence_local
34215679,21926,D001327,Association,21926,0.9507199273,AISKGConstrainedTransfer,sentence_local
34215679,21926,D007249,Association,21926,0.9507199273,AISKGConstrainedTransfer,sentence_local
34215679,257630,C010223,Association,C010223,0.5192879925,AISKGConstrainedTransfer,sentence_local
34215679,319765,C010223,Negative_Correlation,C010223,0.3618062792,AISKGConstrainedTransfer,sentence_local
34215679,319765,D001327,Association,319765,0.937737442,AISKGConstrainedTransfer,sentence_local
34215679,319765,D005921,Association,319765,0.8784153426,AISKGConstrainedTransfer,sentence_local
34215679,319765,D007249,Association,319765,0.937737442,AISKGConstrainedTransfer,sentence_local
34215679,319765,D007674,Association,319765,0.7435227742,AISKGConstrainedTransfer,sentence_local
34215679,C010223,D001327,Positive_Correlation,C010223,0.4838421171,AISKGConstrainedTransfer,sentence_local
34215679,C010223,D007249,Positive_Correlation,C010223,0.4838421171,AISKGConstrainedTransfer,sentence_local
34224748,5566,D003480,Association,5566,0.9575634572,AISKGConstrainedTransfer,sentence_local
34224748,5566,D006854,Association,D006854,0.7217400774,AISKGConstrainedTransfer,sentence_local
34224748,5566,D018246,Association,5566,0.9387889014,AISKGConstrainedTransfer,sentence_local
34224748,D003480,p|SUB|E|31|V,Positive_Correlation,p|SUB|E|31|V,0.8218431324,AISKGConstrainedTransfer,sentence_local
34224748,D003480,p|SUB|L|205|R,Positive_Correlation,p|SUB|L|205|R,0.7433640814,AISKGConstrainedTransfer,sentence_local
34224748,D003480,p|SUB|W|196|R,Positive_Correlation,p|SUB|W|196|R,0.7433640814,AISKGConstrainedTransfer,sentence_local
34224748,D006854,D018246,Association,D006854,0.4234553764,AISKGConstrainedTransfer,sentence_local
34244312,11148,D009369,Association,11148,0.9258073865,AISKGConstrainedTransfer,sentence_local
34244312,115653,D009369,Association,115653,0.8676002339,AISKGConstrainedTransfer,sentence_local
34244312,925,D009369,Association,925,0.9407259765,AISKGConstrainedTransfer,sentence_local
34265624,2166,7098,Association,,0.5201244787,AISKGConstrainedTransfer,sentence_local
34265624,2166,C005958,Negative_Correlation,C005958,0.4550391759,AISKGConstrainedTransfer,sentence_local
34265624,2166,C078814,Negative_Correlation,C078814,0.4550391759,AISKGConstrainedTransfer,sentence_local
34265624,2166,C088155,Positive_Correlation,C088155,0.3899206685,AISKGConstrainedTransfer,sentence_local
34265624,2166,C488250,Positive_Correlation,C488250,0.484746895,AISKGConstrainedTransfer,sentence_local
34265624,2166,D000084462,Association,2166,0.9493965978,AISKGConstrainedTransfer,sentence_local
34265624,2166,D000090862,Association,2166,0.9428334941,AISKGConstrainedTransfer,sentence_local
34265624,2166,D002186,Association,D002186,0.3681563866,AISKGConstrainedTransfer,sentence_local
34265624,2166,D007249,Association,2166,0.7939741954,AISKGConstrainedTransfer,sentence_local
34265624,2166,D011070,Positive_Correlation,D011070,0.3832540101,AISKGConstrainedTransfer,sentence_local
34265624,3553,C005958,Negative_Correlation,C005958,0.3277858591,AISKGConstrainedTransfer,sentence_local
34265624,3553,C488250,Negative_Correlation,C488250,0.4629577189,AISKGConstrainedTransfer,sentence_local
34265624,3553,D000084462,Association,3553,0.8915047686,AISKGConstrainedTransfer,sentence_local
34265624,3659,C005958,Positive_Correlation,C005958,0.5082010573,AISKGConstrainedTransfer,sentence_local
34265624,4513,C005958,Negative_Correlation,C005958,0.3326592851,AISKGConstrainedTransfer,sentence_local
34265624,4513,C488250,Negative_Correlation,C488250,0.4688224828,AISKGConstrainedTransfer,sentence_local
34265624,4513,D000084462,Association,4513,0.9021509406,AISKGConstrainedTransfer,sentence_local
34265624,4790,C005958,Positive_Correlation,C005958,0.5082010573,AISKGConstrainedTransfer,sentence_local
34265624,4843,C005958,Negative_Correlation,C005958,0.3102985382,AISKGConstrainedTransfer,sentence_local
34265624,4843,C488250,Negative_Correlation,C488250,0.4522774986,AISKGConstrainedTransfer,sentence_local
34265624,4843,D000084462,Association,4843,0.9146657707,AISKGConstrainedTransfer,sentence_local
34265624,5465,C022203,Association,C022203,0.6207500392,AISKGConstrainedTransfer,sentence_local
34265624,5465,D000084462,Association,5465,0.9493965978,AISKGConstrainedTransfer,sentence_local
34265624,5465,D000090862,Association,5465,0.9682774899,AISKGConstrainedTransfer,sentence_local
34265624,5465,D007249,Association,5465,0.9647675516,AISKGConstrainedTransfer,sentence_local
34265624,7098,C005958,Positive_Correlation,C005958,0.5681643145,AISKGConstrainedTransfer,sentence_local
34265624,7098,C022203,Association,C022203,0.4949518876,AISKGConstrainedTransfer,sentence_local
34265624,7098,C078814,Positive_Correlation,C078814,0.3899206685,AISKGConstrainedTransfer,sentence_local
34265624,7098,C088155,Positive_Correlation,C088155,0.4367668526,AISKGConstrainedTransfer,sentence_local
34265624,7098,C488250,Negative_Correlation,C488250,0.4834463613,AISKGConstrainedTransfer,sentence_local
34265624,7098,D000084462,Association,7098,0.9776440224,AISKGConstrainedTransfer,sentence_local
34265624,7098,D000090862,Association,7098,0.9261874107,AISKGConstrainedTransfer,sentence_local
34265624,7098,D002186,Association,D002186,0.3790424091,AISKGConstrainedTransfer,sentence_local
34265624,7098,D007249,Association,7098,0.9430965547,AISKGConstrainedTransfer,sentence_local
34265624,7098,D011070,Negative_Correlation,D011070,0.4221683198,AISKGConstrainedTransfer,sentence_local
34265624,9536,C005958,Negative_Correlation,C005958,0.3427039753,AISKGConstrainedTransfer,sentence_local
34265624,9536,C488250,Negative_Correlation,C488250,0.3427039753,AISKGConstrainedTransfer,sentence_local
34265624,9536,D000084462,Association,9536,0.9082903108,AISKGConstrainedTransfer,sentence_local
34265624,C005958,C078814,Negative_Correlation,C078814,0.4170727757,AISKGConstrainedTransfer,sentence_local
34265624,C005958,C088155,Negative_Correlation,C088155,0.4573188139,AISKGConstrainedTransfer,sentence_local
34265624,C005958,C488250,Negative_Correlation,C488250,0.4170727757,AISKGConstrainedTransfer,sentence_local
34265624,C005958,D000084462,Positive_Correlation,C005958,0.5271761277,AISKGConstrainedTransfer,sentence_local
34265624,C005958,D007249,Positive_Correlation,C005958,0.5370380897,AISKGConstrainedTransfer,sentence_local
34265624,C022203,D000084462,Negative_Correlation,C022203,0.4135170406,AISKGConstrainedTransfer,sentence_local
34265624,C022203,D000090862,Negative_Correlation,C022203,0.3982797591,AISKGConstrainedTransfer,sentence_local
34265624,C078814,C088155,Negative_Correlation,C088155,0.4170727757,AISKGConstrainedTransfer,sentence_local
34265624,C078814,C488250,Negative_Correlation,C488250,0.4573188139,AISKGConstrainedTransfer,sentence_local
34265624,C078814,D000084462,Positive_Correlation,C078814,0.5524539506,AISKGConstrainedTransfer,sentence_local
34265624,C078814,D007249,Positive_Correlation,C078814,0.5370380897,AISKGConstrainedTransfer,sentence_local
34265624,C088155,C488250,Negative_Correlation,C488250,0.4573188139,AISKGConstrainedTransfer,sentence_local
34265624,C088155,D000084462,Positive_Correlation,C088155,0.6121368586,AISKGConstrainedTransfer,sentence_local
34265624,C088155,D007249,Positive_Correlation,C088155,0.5370380897,AISKGConstrainedTransfer,sentence_local
34265624,C488250,D000084462,Negative_Correlation,C488250,0.4581088488,AISKGConstrainedTransfer,sentence_local
34265624,C488250,D000090862,Positive_Correlation,C488250,0.3611149655,AISKGConstrainedTransfer,sentence_local
34265624,C488250,D007249,Positive_Correlation,C488250,0.5816498496,AISKGConstrainedTransfer,sentence_local
34265624,D000084462,D011070,Positive_Correlation,D000084462,0.6037344498,AISKGConstrainedTransfer,sentence_local
34265624,D007249,D011070,Positive_Correlation,D007249,0.6125737552,AISKGConstrainedTransfer,sentence_local
34279042,10664,150223,Association,,0.4082663873,AISKGConstrainedTransfer,sentence_local
34279042,10664,D001327,Association,10664,0.9305252774,AISKGConstrainedTransfer,sentence_local
34279042,150223,7528,Positive_Correlation,7528,0.6744390981,AISKGConstrainedTransfer,sentence_local
34279042,150223,D001327,Association,150223,0.928221667,AISKGConstrainedTransfer,sentence_local
34279042,4790,D001327,Association,4790,0.8174494527,AISKGConstrainedTransfer,sentence_local
34279042,7332,7528,Positive_Correlation,7528,0.6744390981,AISKGConstrainedTransfer,sentence_local
34279042,7332,D001327,Association,7332,0.928221667,AISKGConstrainedTransfer,sentence_local
34279042,7528,D001327,Association,7528,0.9475315721,AISKGConstrainedTransfer,sentence_local
34289528,154,D000242,Positive_Correlation,D000242,0.5346109294,AISKGConstrainedTransfer,sentence_local
34289528,154,D007545,Positive_Correlation,D007545,0.6689729307,AISKGConstrainedTransfer,sentence_local
34289528,1674,D000242,Positive_Correlation,D000242,0.4805926158,AISKGConstrainedTransfer,sentence_local
34289528,1674,D001145,Association,1674,0.9051487173,AISKGConstrainedTransfer,sentence_local
34289528,1674,D001281,Association,1674,0.9200656102,AISKGConstrainedTransfer,sentence_local
34289528,1674,D002311,Association,1674,0.690292597,AISKGConstrainedTransfer,sentence_local
34289528,1674,D006327,Association,1674,0.9329792423,AISKGConstrainedTransfer,sentence_local
34289528,1674,D007545,Positive_Correlation,D007545,0.7191391783,AISKGConstrainedTransfer,sentence_local
34289528,5144,D000242,Positive_Correlation,D000242,0.5990443263,AISKGConstrainedTransfer,sentence_local
34289528,5144,D007545,Positive_Correlation,D007545,0.6499883319,AISKGConstrainedTransfer,sentence_local
34289528,5566,D000242,Positive_Correlation,D000242,0.5346109294,AISKGConstrainedTransfer,sentence_local
34289528,5566,D007545,Positive_Correlation,D007545,0.6689729307,AISKGConstrainedTransfer,sentence_local
34289528,5581,D001281,Association,5581,0.7598164778,AISKGConstrainedTransfer,sentence_local
34289528,5581,D002311,Association,5581,0.7282052833,AISKGConstrainedTransfer,sentence_local
34289528,5581,D006327,Association,5581,0.7652604648,AISKGConstrainedTransfer,sentence_local
34289528,9659,D000242,Positive_Correlation,D000242,0.5004781126,AISKGConstrainedTransfer,sentence_local
34289528,9659,D001145,Association,9659,0.9369102966,AISKGConstrainedTransfer,sentence_local
34289528,9659,D001281,Association,9659,0.8968062053,AISKGConstrainedTransfer,sentence_local
34289528,9659,D006327,Association,9659,0.9077939057,AISKGConstrainedTransfer,sentence_local
34289528,9659,D007545,Positive_Correlation,D007545,0.6646481623,AISKGConstrainedTransfer,sentence_local
34289528,D000242,D007545,Positive_Correlation,D007545,0.4907324303,AISKGConstrainedTransfer,sentence_local
34289528,D000242,rs782597157,Association,rs782597157,0.4762546522,AISKGConstrainedTransfer,sentence_local
34289528,D001281,rs376048590,Association,rs376048590,0.5448922334,AISKGConstrainedTransfer,sentence_local
34289528,D001281,rs62636495,Association,rs62636495,0.3487654121,AISKGConstrainedTransfer,sentence_local
34289528,D001281,rs782597157,Association,rs782597157,0.5944975516,AISKGConstrainedTransfer,sentence_local
34289528,D002311,rs62636495,Association,rs62636495,0.3444148057,AISKGConstrainedTransfer,sentence_local
34289528,D006327,rs376048590,Association,rs376048590,0.4985970052,AISKGConstrainedTransfer,sentence_local
34289528,D006327,rs62636495,Positive_Correlation,rs62636495,0.3590724124,AISKGConstrainedTransfer,sentence_local
34289528,D006327,rs782597157,Association,rs782597157,0.5332043335,AISKGConstrainedTransfer,sentence_local
34289528,D007545,rs782597157,Positive_Correlation,D007545,0.5164538321,AISKGConstrainedTransfer,sentence_local
34329577,D000079963,D006689,Negative_Correlation,D000079963,0.7032447439,AISKGConstrainedTransfer,sentence_local
34329577,D000079963,D009369,Positive_Correlation,D000079963,0.560275854,AISKGConstrainedTransfer,sentence_local
34329577,D000079963,D012008,Negative_Correlation,D000079963,0.7117727136,AISKGConstrainedTransfer,sentence_local
34329577,D005047,D006689,Negative_Correlation,D005047,0.7032447439,AISKGConstrainedTransfer,sentence_local
34329577,D005047,D009369,Positive_Correlation,D005047,0.560275854,AISKGConstrainedTransfer,sentence_local
34329577,D005047,D012008,Negative_Correlation,D005047,0.6636918578,AISKGConstrainedTransfer,sentence_local
34329577,D006689,D007069,Negative_Correlation,D006689,0.7066728373,AISKGConstrainedTransfer,sentence_local
34329577,D006689,D016190,Negative_Correlation,D006689,0.7066728373,AISKGConstrainedTransfer,sentence_local
34329577,D007069,D009369,Positive_Correlation,D007069,0.560275854,AISKGConstrainedTransfer,sentence_local
34329577,D007069,D012008,Negative_Correlation,D007069,0.6608644765,AISKGConstrainedTransfer,sentence_local
34329577,D009369,D016190,Positive_Correlation,D009369,0.6320276195,AISKGConstrainedTransfer,sentence_local
34329577,D012008,D016190,Negative_Correlation,D012008,0.6160889099,AISKGConstrainedTransfer,sentence_local
34368951,12156,D002114,Association,12156,0.9247205873,AISKGConstrainedTransfer,sentence_local
34368951,12156,D002762,Association,D002762,0.5067321259,AISKGConstrainedTransfer,sentence_local
34368951,12156,D061205,Association,12156,0.970187634,AISKGConstrainedTransfer,sentence_local
34368951,12159,16591,Association,,0.3574659357,AISKGConstrainedTransfer,sentence_local
34368951,12393,16591,Association,,0.3648774533,AISKGConstrainedTransfer,sentence_local
34368951,12393,D002114,Association,12393,0.9556853031,AISKGConstrainedTransfer,sentence_local
34368951,12393,D002762,Association,D002762,0.6368962945,AISKGConstrainedTransfer,sentence_local
34368951,12393,D061205,Association,12393,0.9725887408,AISKGConstrainedTransfer,sentence_local
34368951,13717,D061205,Association,13717,0.9279560898,AISKGConstrainedTransfer,sentence_local
34368951,16591,D002114,Association,16591,0.6305806294,AISKGConstrainedTransfer,sentence_local
34368951,16591,D010710,Negative_Correlation,D010710,0.3452789843,AISKGConstrainedTransfer,sentence_local
34368951,16591,D054559,Association,16591,0.8821727652,AISKGConstrainedTransfer,sentence_local
34368951,16591,D061205,Association,16591,0.8019467917,AISKGConstrainedTransfer,sentence_local
34368951,17125,D002114,Association,17125,0.9286667069,AISKGConstrainedTransfer,sentence_local
34368951,17125,D002762,Association,D002762,0.4234502324,AISKGConstrainedTransfer,sentence_local
34368951,17126,D002114,Association,17126,0.951407646,AISKGConstrainedTransfer,sentence_local
34368951,17126,D002762,Association,D002762,0.5921391987,AISKGConstrainedTransfer,sentence_local
34368951,17127,D002114,Association,17127,0.951407646,AISKGConstrainedTransfer,sentence_local
34368951,17127,D002762,Association,D002762,0.5921391987,AISKGConstrainedTransfer,sentence_local
34368951,17129,D002114,Association,17129,0.9286667069,AISKGConstrainedTransfer,sentence_local
34368951,17129,D002762,Association,D002762,0.4234502324,AISKGConstrainedTransfer,sentence_local
34368951,20516,D002114,Association,20516,0.9571889235,AISKGConstrainedTransfer,sentence_local
34368951,20516,D002762,Association,D002762,0.6354244576,AISKGConstrainedTransfer,sentence_local
34368951,55994,D002114,Association,55994,0.9286667069,AISKGConstrainedTransfer,sentence_local
34368951,55994,D002762,Association,D002762,0.4234502324,AISKGConstrainedTransfer,sentence_local
34368951,D002114,D002762,Positive_Correlation,D002114,0.5498228397,AISKGConstrainedTransfer,sentence_local
34368951,D010710,D054559,Positive_Correlation,D010710,0.396385018,AISKGConstrainedTransfer,sentence_local
34368951,D010710,D061205,Positive_Correlation,D010710,0.4125982976,AISKGConstrainedTransfer,sentence_local
34376578,1019,1029,Positive_Correlation,1029,0.3979893229,AISKGConstrainedTransfer,sentence_local
34376578,1019,C500026,Negative_Correlation,C500026,0.5771925922,AISKGConstrainedTransfer,sentence_local
34376578,1019,C560077,Negative_Correlation,C560077,0.5771925922,AISKGConstrainedTransfer,sentence_local
34376578,1019,D008545,Association,1019,0.9696231909,AISKGConstrainedTransfer,sentence_local
34376578,1019,D009369,Association,1019,0.7581040547,AISKGConstrainedTransfer,sentence_local
34376578,1021,1029,Positive_Correlation,1029,0.3979893229,AISKGConstrainedTransfer,sentence_local
34376578,1021,C500026,Negative_Correlation,C500026,0.5771925922,AISKGConstrainedTransfer,sentence_local
34376578,1021,C560077,Negative_Correlation,C560077,0.5771925922,AISKGConstrainedTransfer,sentence_local
34376578,1021,D008545,Association,1021,0.9696231909,AISKGConstrainedTransfer,sentence_local
34376578,1021,D009369,Association,1021,0.7581040547,AISKGConstrainedTransfer,sentence_local
34376578,1029,5609,Association,,0.3416942623,AISKGConstrainedTransfer,sentence_local
34376578,1029,673,Positive_Correlation,673,0.5226928616,AISKGConstrainedTransfer,sentence_local
34376578,1029,C500026,Negative_Correlation,C500026,0.5316864072,AISKGConstrainedTransfer,sentence_local
34376578,1029,C560077,Negative_Correlation,C560077,0.4865699774,AISKGConstrainedTransfer,sentence_local
34376578,1029,D008545,Association,1029,0.6558797173,AISKGConstrainedTransfer,sentence_local
34376578,1029,D009369,Association,1029,0.4710858886,AISKGConstrainedTransfer,sentence_local
34376578,4893,C500026,Negative_Correlation,C500026,0.5316864072,AISKGConstrainedTransfer,sentence_local
34376578,4893,C560077,Negative_Correlation,C560077,0.5316864072,AISKGConstrainedTransfer,sentence_local
34376578,4893,D008545,Association,4893,0.6558797173,AISKGConstrainedTransfer,sentence_local
34376578,4893,D009369,Association,4893,0.4710858886,AISKGConstrainedTransfer,sentence_local
34376578,5594,C500026,Negative_Correlation,C500026,0.4931908534,AISKGConstrainedTransfer,sentence_local
34376578,5594,C560077,Negative_Correlation,C560077,0.4931908534,AISKGConstrainedTransfer,sentence_local
34376578,5594,D008545,Association,5594,0.728961255,AISKGConstrainedTransfer,sentence_local
34376578,5594,D009369,Association,5594,0.5313745508,AISKGConstrainedTransfer,sentence_local
34376578,5609,C500026,Negative_Correlation,C500026,0.5719695403,AISKGConstrainedTransfer,sentence_local
34376578,5609,C560077,Negative_Correlation,C560077,0.5858574782,AISKGConstrainedTransfer,sentence_local
34376578,5609,D008545,Association,5609,0.979022518,AISKGConstrainedTransfer,sentence_local
34376578,5609,D009369,Association,5609,0.7305106679,AISKGConstrainedTransfer,sentence_local
34376578,673,C500026,Negative_Correlation,C500026,0.4865699774,AISKGConstrainedTransfer,sentence_local
34376578,673,C560077,Negative_Correlation,C560077,0.4865699774,AISKGConstrainedTransfer,sentence_local
34376578,673,D008545,Association,673,0.5934106233,AISKGConstrainedTransfer,sentence_local
34376578,673,D009369,Association,673,0.7305106679,AISKGConstrainedTransfer,sentence_local
34376578,C500026,C560077,Negative_Correlation,C560077,0.4432591163,AISKGConstrainedTransfer,sentence_local
34376578,C500026,D008545,Negative_Correlation,C500026,0.6264414202,AISKGConstrainedTransfer,sentence_local
34376578,C500026,D009369,Negative_Correlation,C500026,0.7528457923,AISKGConstrainedTransfer,sentence_local
34376578,C500026,rs113488022,Association,rs113488022,0.3859601489,AISKGConstrainedTransfer,sentence_local
34376578,C560077,D008545,Negative_Correlation,C560077,0.6264414202,AISKGConstrainedTransfer,sentence_local
34376578,C560077,D009369,Negative_Correlation,C560077,0.7528457923,AISKGConstrainedTransfer,sentence_local
34376578,C560077,rs113488022,Association,rs113488022,0.3859601489,AISKGConstrainedTransfer,sentence_local
34376578,D008545,rs113488022,Negative_Correlation,rs113488022,0.3619147432,AISKGConstrainedTransfer,sentence_local
34376578,D009369,rs113488022,Association,rs113488022,0.3727916683,AISKGConstrainedTransfer,sentence_local
34386973,336252,D001569,Negative_Correlation,D001569,0.7024087577,AISKGConstrainedTransfer,sentence_local
34386973,336252,D003975,Negative_Correlation,D003975,0.6796889187,AISKGConstrainedTransfer,sentence_local
34386973,336252,D005442,Negative_Correlation,D005442,0.7024087577,AISKGConstrainedTransfer,sentence_local
34386973,336252,D005479,Negative_Correlation,D005479,0.7024087577,AISKGConstrainedTransfer,sentence_local
34386973,336252,D005680,Negative_Correlation,D005680,0.7024087577,AISKGConstrainedTransfer,sentence_local
34386973,336252,D008874,Negative_Correlation,D008874,0.6368572441,AISKGConstrainedTransfer,sentence_local
34386973,553402,C032232,Association,C032232,0.3191961326,AISKGConstrainedTransfer,sentence_local
34386973,553402,D001569,Bind,D001569,0.5182543269,AISKGConstrainedTransfer,sentence_local
34386973,553402,D003975,Negative_Correlation,D003975,0.4173280945,AISKGConstrainedTransfer,sentence_local
34386973,553402,D005045,Association,D005045,0.3191961326,AISKGConstrainedTransfer,sentence_local
34386973,553402,D005442,Negative_Correlation,D005442,0.4153278233,AISKGConstrainedTransfer,sentence_local
34386973,553402,D005479,Negative_Correlation,D005479,0.7403669443,AISKGConstrainedTransfer,sentence_local
34386973,553402,D005680,Negative_Correlation,D005680,0.7024087577,AISKGConstrainedTransfer,sentence_local
34386973,553402,D008874,Negative_Correlation,D008874,0.3768246273,AISKGConstrainedTransfer,sentence_local
34386973,566922,C032232,Association,C032232,0.3191961326,AISKGConstrainedTransfer,sentence_local
34386973,566922,D001569,Bind,D001569,0.5182543269,AISKGConstrainedTransfer,sentence_local
34386973,566922,D003975,Negative_Correlation,D003975,0.4173280945,AISKGConstrainedTransfer,sentence_local
34386973,566922,D005045,Association,D005045,0.3191961326,AISKGConstrainedTransfer,sentence_local
34386973,566922,D005442,Negative_Correlation,D005442,0.4153278233,AISKGConstrainedTransfer,sentence_local
34386973,566922,D005479,Negative_Correlation,D005479,0.7403669443,AISKGConstrainedTransfer,sentence_local
34386973,566922,D005680,Negative_Correlation,D005680,0.7024087577,AISKGConstrainedTransfer,sentence_local
34386973,566922,D008874,Negative_Correlation,D008874,0.3768246273,AISKGConstrainedTransfer,sentence_local
34386973,768183,C032232,Association,C032232,0.3191961326,AISKGConstrainedTransfer,sentence_local
34386973,768183,D001569,Bind,D001569,0.5182543269,AISKGConstrainedTransfer,sentence_local
34386973,768183,D003975,Negative_Correlation,D003975,0.4173280945,AISKGConstrainedTransfer,sentence_local
34386973,768183,D005045,Association,D005045,0.3191961326,AISKGConstrainedTransfer,sentence_local
34386973,768183,D005442,Negative_Correlation,D005442,0.4153278233,AISKGConstrainedTransfer,sentence_local
34386973,768183,D005479,Negative_Correlation,D005479,0.7403669443,AISKGConstrainedTransfer,sentence_local
34386973,768183,D005680,Negative_Correlation,D005680,0.7024087577,AISKGConstrainedTransfer,sentence_local
34386973,768183,D008874,Negative_Correlation,D008874,0.3768246273,AISKGConstrainedTransfer,sentence_local
34386973,D001569,D003975,Negative_Correlation,D003975,0.6850108201,AISKGConstrainedTransfer,sentence_local
34386973,D001569,D005479,Negative_Correlation,D005479,0.7067221192,AISKGConstrainedTransfer,sentence_local
34386973,D001569,D005680,Negative_Correlation,D005680,0.7067221192,AISKGConstrainedTransfer,sentence_local
34386973,D001569,D008874,Negative_Correlation,D008874,0.5619567987,AISKGConstrainedTransfer,sentence_local
34386973,D003975,D005479,Negative_Correlation,D005479,0.594471322,AISKGConstrainedTransfer,sentence_local
34386973,D003975,D005680,Negative_Correlation,D005680,0.6937354552,AISKGConstrainedTransfer,sentence_local
34386973,D003975,D008874,Comparison,,0.6022061245,AISKGConstrainedTransfer,sentence_local
34386973,D003975,p|SUB|N|265|M,Association,p|SUB|N|265|M,0.4328906285,AISKGConstrainedTransfer,sentence_local
34386973,D003975,p|SUB|S|270|I,Association,p|SUB|S|270|I,0.4328906285,AISKGConstrainedTransfer,sentence_local
34386973,D005442,D005680,Negative_Correlation,D005680,0.6364095777,AISKGConstrainedTransfer,sentence_local
34386973,D005442,p|SUB|N|265|M,Association,p|SUB|N|265|M,0.4305133496,AISKGConstrainedTransfer,sentence_local
34386973,D005442,p|SUB|S|270|I,Association,p|SUB|S|270|I,0.4305133496,AISKGConstrainedTransfer,sentence_local
34386973,D005479,D005680,Negative_Correlation,D005680,0.7067221192,AISKGConstrainedTransfer,sentence_local
34386973,D005479,D008874,Comparison,,0.5858979861,AISKGConstrainedTransfer,sentence_local
34386973,D005680,D008874,Negative_Correlation,D008874,0.5619567987,AISKGConstrainedTransfer,sentence_local
34386973,D008874,p|SUB|N|265|M,Association,p|SUB|N|265|M,0.4782114091,AISKGConstrainedTransfer,sentence_local
34386973,D008874,p|SUB|S|270|I,Association,p|SUB|S|270|I,0.445657231,AISKGConstrainedTransfer,sentence_local
34529977,854068,D000431,Association,D000431,0.5400491192,AISKGConstrainedTransfer,sentence_local
34529977,854068,D009243,Negative_Correlation,D009243,0.4141818699,AISKGConstrainedTransfer,sentence_local
34529977,854068,D015032,Association,D015032,0.5249006698,AISKGConstrainedTransfer,sentence_local
34529977,D000079,c|SUB|T|45|G,Association,c|SUB|T|45|G,0.6165285502,AISKGConstrainedTransfer,sentence_local
34529977,D009243,c|SUB|T|45|G,Association,c|SUB|T|45|G,0.4493579926,AISKGConstrainedTransfer,sentence_local
34555226,14825,D012769,Association,14825,0.8993904293,AISKGConstrainedTransfer,sentence_local
34555226,14825,D014947,Association,14825,0.8993904293,AISKGConstrainedTransfer,sentence_local
34555226,14825,D020889,Association,D020889,0.3366596858,AISKGConstrainedTransfer,sentence_local
34555226,154,D000242,Association,D000242,0.401138086,AISKGConstrainedTransfer,sentence_local
34555226,24176,81503,Association,,0.5239409079,AISKGConstrainedTransfer,sentence_local
34555226,24176,D000242,Negative_Correlation,D000242,0.6847428739,AISKGConstrainedTransfer,sentence_local
34555226,24176,D012128,Association,24176,0.9348224784,AISKGConstrainedTransfer,sentence_local
34555226,24176,D020889,Negative_Correlation,D020889,0.7069008688,AISKGConstrainedTransfer,sentence_local
34555226,25638,D012128,Association,25638,0.9405636968,AISKGConstrainedTransfer,sentence_local
34555226,3576,5141,Bind,3576,0.6402696768,AISKGConstrainedTransfer,sentence_local
34555226,3576,D000242,Association,D000242,0.4443854211,AISKGConstrainedTransfer,sentence_local
34555226,5141,D000242,Negative_Correlation,D000242,0.6957225682,AISKGConstrainedTransfer,sentence_local
34555226,5141,D012140,Association,5141,0.7801644329,AISKGConstrainedTransfer,sentence_local
34555226,5141,D020889,Negative_Correlation,D020889,0.666965776,AISKGConstrainedTransfer,sentence_local
34555226,81503,D000242,Negative_Correlation,D000242,0.6957225682,AISKGConstrainedTransfer,sentence_local
34555226,81503,D012128,Association,81503,0.931178778,AISKGConstrainedTransfer,sentence_local
34555226,81503,D020889,Negative_Correlation,D020889,0.6799077336,AISKGConstrainedTransfer,sentence_local
34555226,D000242,D012140,Positive_Correlation,D000242,0.6383329601,AISKGConstrainedTransfer,sentence_local
34555226,D000242,D020889,Negative_Correlation,D020889,0.5411827457,AISKGConstrainedTransfer,sentence_local
34555226,D012769,D020889,Positive_Correlation,D012769,0.404833858,AISKGConstrainedTransfer,sentence_local
34555226,D014947,D020889,Positive_Correlation,D014947,0.404833858,AISKGConstrainedTransfer,sentence_local
34642815,22884,D013577,Association,22884,0.8755654992,AISKGConstrainedTransfer,sentence_local
34652576,10381,C580012,Association,10381,0.8326992838,AISKGConstrainedTransfer,sentence_local
34652576,10381,D001480,Association,10381,0.8805197135,AISKGConstrainedTransfer,sentence_local
34652576,10381,D003286,Association,10381,0.8921909674,AISKGConstrainedTransfer,sentence_local
34652576,10381,D005158,Association,10381,0.9452544269,AISKGConstrainedTransfer,sentence_local
34652576,10381,D009421,Association,10381,0.8860625294,AISKGConstrainedTransfer,sentence_local
34652576,10381,D010523,Association,10381,0.8659590217,AISKGConstrainedTransfer,sentence_local
34652576,10381,D020233,Association,10381,0.8334265966,AISKGConstrainedTransfer,sentence_local
34652576,10381,D054220,Association,10381,0.9265605071,AISKGConstrainedTransfer,sentence_local
34652576,C580012,rs864321716,Positive_Correlation,rs864321716,0.7332458508,AISKGConstrainedTransfer,sentence_local
34652576,D001480,rs267607165,Association,rs267607165,0.5420026543,AISKGConstrainedTransfer,sentence_local
34652576,D001480,rs864321716,Association,rs864321716,0.5420026543,AISKGConstrainedTransfer,sentence_local
34652576,D003286,rs267607165,Association,rs267607165,0.4787866272,AISKGConstrainedTransfer,sentence_local
34652576,D003286,rs864321716,Positive_Correlation,rs864321716,0.7536385894,AISKGConstrainedTransfer,sentence_local
34652576,D005158,rs864321716,Positive_Correlation,rs864321716,0.7332458508,AISKGConstrainedTransfer,sentence_local
34652576,D010523,rs267607165,Association,rs267607165,0.5233805803,AISKGConstrainedTransfer,sentence_local
34652576,D010523,rs864321716,Positive_Correlation,rs864321716,0.6709867597,AISKGConstrainedTransfer,sentence_local
34652576,D020233,rs267607165,Positive_Correlation,rs267607165,0.4410715372,AISKGConstrainedTransfer,sentence_local
34652576,D020233,rs864321716,Positive_Correlation,rs864321716,0.4410715372,AISKGConstrainedTransfer,sentence_local
34655925,1956,C561943,Association,C561943,0.6630493477,AISKGConstrainedTransfer,sentence_local
34655925,1956,D009369,Association,1956,0.9080984473,AISKGConstrainedTransfer,sentence_local
34655925,2064,C561943,Association,C561943,0.6532691556,AISKGConstrainedTransfer,sentence_local
34655925,2064,D009369,Association,2064,0.9005108987,AISKGConstrainedTransfer,sentence_local
34655925,3320,C561943,Negative_Correlation,C561943,0.6852888564,AISKGConstrainedTransfer,sentence_local
34655925,3320,D002289,Association,3320,0.8769505242,AISKGConstrainedTransfer,sentence_local
34655925,3320,D008175,Association,3320,0.7932613078,AISKGConstrainedTransfer,sentence_local
34655925,3320,D016190,Negative_Correlation,D016190,0.7137514974,AISKGConstrainedTransfer,sentence_local
34655925,3320,D017239,Negative_Correlation,D017239,0.7321745792,AISKGConstrainedTransfer,sentence_local
34655925,3320,D055752,Association,3320,0.8769505242,AISKGConstrainedTransfer,sentence_local
34655925,3845,5979,Association,,0.484676019,AISKGConstrainedTransfer,sentence_local
34655925,3845,C561943,Association,C561943,0.707405465,AISKGConstrainedTransfer,sentence_local
34655925,3845,D009369,Association,3845,0.9183728531,AISKGConstrainedTransfer,sentence_local
34655925,5979,C561943,Association,C561943,0.660235855,AISKGConstrainedTransfer,sentence_local
34655925,5979,D009369,Association,5979,0.9045983628,AISKGConstrainedTransfer,sentence_local
34655925,C561943,D002289,Positive_Correlation,C561943,0.653174849,AISKGConstrainedTransfer,sentence_local
34655925,C561943,D008175,Negative_Correlation,C561943,0.6094173209,AISKGConstrainedTransfer,sentence_local
34655925,C561943,D009369,Positive_Correlation,C561943,0.6397198203,AISKGConstrainedTransfer,sentence_local
34655925,D008175,D016190,Negative_Correlation,D008175,0.6013166874,AISKGConstrainedTransfer,sentence_local
34655925,D008175,D017239,Negative_Correlation,D008175,0.5885942895,AISKGConstrainedTransfer,sentence_local
34655925,D009369,D016190,Negative_Correlation,D009369,0.4065103456,AISKGConstrainedTransfer,sentence_local
34655925,D009369,D017239,Positive_Correlation,D009369,0.4285402583,AISKGConstrainedTransfer,sentence_local
34655925,D016190,D017239,Cotreatment,,0.6462857015,AISKGConstrainedTransfer,sentence_local
34659572,144501,D009369,Association,144501,0.9451216882,AISKGConstrainedTransfer,sentence_local
34659572,144501,D010051,Association,144501,0.8287033304,AISKGConstrainedTransfer,sentence_local
34659572,2113,D009369,Association,2113,0.9336358018,AISKGConstrainedTransfer,sentence_local
34659572,2113,D010051,Association,2113,0.8871162044,AISKGConstrainedTransfer,sentence_local
34659572,406989,D009369,Association,406989,0.9336358018,AISKGConstrainedTransfer,sentence_local
34659572,406989,D010051,Association,406989,0.8997092098,AISKGConstrainedTransfer,sentence_local
34659572,5594,D009369,Association,5594,0.9413817304,AISKGConstrainedTransfer,sentence_local
34659572,5594,D010051,Association,5594,0.9438682177,AISKGConstrainedTransfer,sentence_local
34659572,5609,D009369,Association,5609,0.9413817304,AISKGConstrainedTransfer,sentence_local
34659572,5609,D010051,Association,5609,0.9438682177,AISKGConstrainedTransfer,sentence_local
34670407,14257,56426,Association,,0.3825913764,AISKGConstrainedTransfer,sentence_local
34670407,14257,D008232,Association,14257,0.8669582092,AISKGConstrainedTransfer,sentence_local
34670407,14257,D020786,Association,14257,0.872679958,AISKGConstrainedTransfer,sentence_local
34670407,14257,D044148,Association,14257,0.8669582092,AISKGConstrainedTransfer,sentence_local
34670407,26413,56426,Association,,0.3825913764,AISKGConstrainedTransfer,sentence_local
34670407,26413,D008232,Association,26413,0.9177547674,AISKGConstrainedTransfer,sentence_local
34670407,26413,D020786,Association,26413,0.872679958,AISKGConstrainedTransfer,sentence_local
34670407,26413,D044148,Association,26413,0.8669582092,AISKGConstrainedTransfer,sentence_local
34670407,26417,56426,Association,,0.3825913764,AISKGConstrainedTransfer,sentence_local
34670407,26417,D008232,Association,26417,0.9177547674,AISKGConstrainedTransfer,sentence_local
34670407,26417,D020786,Association,26417,0.872679958,AISKGConstrainedTransfer,sentence_local
34670407,26417,D044148,Association,26417,0.8669582092,AISKGConstrainedTransfer,sentence_local
34670407,56426,C015219,Association,C015219,0.3210074864,AISKGConstrainedTransfer,sentence_local
34670407,56426,D008232,Association,56426,0.8669582092,AISKGConstrainedTransfer,sentence_local
34670407,56426,D020786,Association,56426,0.6656156748,AISKGConstrainedTransfer,sentence_local
34670407,56426,D044148,Association,56426,0.8669582092,AISKGConstrainedTransfer,sentence_local
34670407,83605,D020786,Association,83605,0.6656156748,AISKGConstrainedTransfer,sentence_local
34670407,889,D020786,Association,889,0.5938454829,AISKGConstrainedTransfer,sentence_local
34670865,142,C000720937,Negative_Correlation,C000720937,0.7915388563,AISKGConstrainedTransfer,sentence_local
34670865,142,C080625,Negative_Correlation,C080625,0.4298911381,AISKGConstrainedTransfer,sentence_local
34670865,142,C531550,Negative_Correlation,C531550,0.8072549051,AISKGConstrainedTransfer,sentence_local
34670865,142,D004247,Positive_Correlation,D004247,0.4194848274,AISKGConstrainedTransfer,sentence_local
34670865,142,D009369,Association,142,0.7657854968,AISKGConstrainedTransfer,sentence_local
34670865,142,D010051,Association,142,0.9019462429,AISKGConstrainedTransfer,sentence_local
34670865,142,D010984,Negative_Correlation,D010984,0.4417662072,AISKGConstrainedTransfer,sentence_local
34670865,2621,C000720937,Negative_Correlation,C000720937,0.4902962997,AISKGConstrainedTransfer,sentence_local
34670865,2621,C531550,Negative_Correlation,C531550,0.3745057275,AISKGConstrainedTransfer,sentence_local
34670865,2621,D004247,Positive_Correlation,D004247,0.3517593755,AISKGConstrainedTransfer,sentence_local
34670865,2621,D009369,Association,2621,0.9059367436,AISKGConstrainedTransfer,sentence_local
34670865,2621,D010051,Association,2621,0.9019462429,AISKGConstrainedTransfer,sentence_local
34670865,2621,D010984,Association,D010984,0.3906896504,AISKGConstrainedTransfer,sentence_local
34670865,2621,D016190,Negative_Correlation,D016190,0.5478013688,AISKGConstrainedTransfer,sentence_local
34670865,2621,D018284,Association,2621,0.8418581996,AISKGConstrainedTransfer,sentence_local
34670865,558,C000720937,Negative_Correlation,C000720937,0.5085986715,AISKGConstrainedTransfer,sentence_local
34670865,558,C531550,Negative_Correlation,C531550,0.3745057275,AISKGConstrainedTransfer,sentence_local
34670865,558,D004247,Positive_Correlation,D004247,0.3517593755,AISKGConstrainedTransfer,sentence_local
34670865,558,D009369,Association,558,0.7528567618,AISKGConstrainedTransfer,sentence_local
34670865,558,D010051,Association,558,0.9019462429,AISKGConstrainedTransfer,sentence_local
34670865,558,D016190,Negative_Correlation,D016190,0.3745057275,AISKGConstrainedTransfer,sentence_local
34670865,5888,C000720937,Negative_Correlation,C000720937,0.5328542298,AISKGConstrainedTransfer,sentence_local
34670865,5888,D004247,Negative_Correlation,D004247,0.5698179722,AISKGConstrainedTransfer,sentence_local
34670865,5888,D016190,Negative_Correlation,D016190,0.5328542298,AISKGConstrainedTransfer,sentence_local
34670865,C000720937,C531550,Negative_Correlation,C531550,0.5639395067,AISKGConstrainedTransfer,sentence_local
34670865,C000720937,D004247,Negative_Correlation,D004247,0.4427274965,AISKGConstrainedTransfer,sentence_local
34670865,C000720937,D009369,Negative_Correlation,C000720937,0.4922858548,AISKGConstrainedTransfer,sentence_local
34670865,C000720937,D010051,Negative_Correlation,C000720937,0.7262218813,AISKGConstrainedTransfer,sentence_local
34670865,C000720937,D018284,Positive_Correlation,C000720937,0.457972059,AISKGConstrainedTransfer,sentence_local
34670865,C531550,D009369,Negative_Correlation,C531550,0.7685478427,AISKGConstrainedTransfer,sentence_local
34670865,C531550,D010051,Positive_Correlation,C531550,0.6448335337,AISKGConstrainedTransfer,sentence_local
34670865,C531550,D016190,Conversion,D016190,0.5897076021,AISKGConstrainedTransfer,sentence_local
34670865,D004247,D010051,Positive_Correlation,D004247,0.6468329083,AISKGConstrainedTransfer,sentence_local
34670865,D004247,D016190,Cotreatment,,0.465155854,AISKGConstrainedTransfer,sentence_local
34670865,D009369,D016190,Negative_Correlation,D009369,0.4064415976,AISKGConstrainedTransfer,sentence_local
34670865,D009369,D017239,Negative_Correlation,D009369,0.4343304588,AISKGConstrainedTransfer,sentence_local
34670865,D010051,D010984,Positive_Correlation,D010051,0.4386091004,AISKGConstrainedTransfer,sentence_local
34670865,D010051,D016190,Positive_Correlation,D010051,0.6812883732,AISKGConstrainedTransfer,sentence_local
34670865,D010051,D017239,Positive_Correlation,D010051,0.492460653,AISKGConstrainedTransfer,sentence_local
34670865,D010984,D018284,Positive_Correlation,D010984,0.457972059,AISKGConstrainedTransfer,sentence_local
34670865,D016190,D018284,Positive_Correlation,D016190,0.457972059,AISKGConstrainedTransfer,sentence_local
34759319,3845,C000706028,Negative_Correlation,C000706028,0.7921804222,AISKGConstrainedTransfer,sentence_local
34759319,3845,D008175,Association,3845,0.8170223156,AISKGConstrainedTransfer,sentence_local
34759319,C000706028,rs121913530,Negative_Correlation,,0.6642283541,AISKGConstrainedTransfer,sentence_local
34759319,D008175,rs121913530,Positive_Correlation,rs121913530,0.4856979885,AISKGConstrainedTransfer,sentence_local
34777640,24211,D001971,Negative_Correlation,D001971,0.5991545742,AISKGConstrainedTransfer,sentence_local
34777640,24211,D007674,Association,24211,0.8941818275,AISKGConstrainedTransfer,sentence_local
34777640,24318,D000077465,Negative_Correlation,D000077465,0.564454995,AISKGConstrainedTransfer,sentence_local
34777640,24318,D001971,Negative_Correlation,D001971,0.5701434466,AISKGConstrainedTransfer,sentence_local
34777640,24318,D006943,Association,24318,0.6158902383,AISKGConstrainedTransfer,sentence_local
34777640,24318,D006966,Association,24318,0.570456414,AISKGConstrainedTransfer,sentence_local
34777640,24318,D009202,Association,24318,0.686814461,AISKGConstrainedTransfer,sentence_local
34777640,24318,D010300,Association,24318,0.4871739098,AISKGConstrainedTransfer,sentence_local
34777640,29595,C064294,Negative_Correlation,C064294,0.6108868261,AISKGConstrainedTransfer,sentence_local
34777640,29595,D003920,Association,29595,0.4970104323,AISKGConstrainedTransfer,sentence_local
34777640,29595,D009202,Association,29595,0.6650491436,AISKGConstrainedTransfer,sentence_local
34777640,C064294,D000077465,Negative_Correlation,D000077465,0.4513862012,AISKGConstrainedTransfer,sentence_local
34777640,C064294,D000496,Negative_Correlation,D000496,0.4192661867,AISKGConstrainedTransfer,sentence_local
34777640,C064294,D001971,Negative_Correlation,D001971,0.531844124,AISKGConstrainedTransfer,sentence_local
34777640,C064294,D003920,Negative_Correlation,C064294,0.6750100363,AISKGConstrainedTransfer,sentence_local
34777640,C064294,D003928,Negative_Correlation,C064294,0.5909284456,AISKGConstrainedTransfer,sentence_local
34777640,C064294,D009202,Positive_Correlation,C064294,0.4512317859,AISKGConstrainedTransfer,sentence_local
34777640,D000077465,D000496,Negative_Correlation,D000496,0.4192661867,AISKGConstrainedTransfer,sentence_local
34777640,D000077465,D001971,Negative_Correlation,D001971,0.4513862012,AISKGConstrainedTransfer,sentence_local
34777640,D000077465,D003920,Negative_Correlation,D000077465,0.6388838804,AISKGConstrainedTransfer,sentence_local
34777640,D000077465,D003928,Negative_Correlation,D000077465,0.5909284456,AISKGConstrainedTransfer,sentence_local
34777640,D000077465,D004298,Negative_Correlation,D004298,0.3935100283,AISKGConstrainedTransfer,sentence_local
34777640,D000077465,D006943,Positive_Correlation,D000077465,0.4954137127,AISKGConstrainedTransfer,sentence_local
34777640,D000077465,D006966,Positive_Correlation,D000077465,0.5325537675,AISKGConstrainedTransfer,sentence_local
34777640,D000077465,D009202,Positive_Correlation,D000077465,0.6060364787,AISKGConstrainedTransfer,sentence_local
34777640,D000077465,D010300,Positive_Correlation,D000077465,0.5058012452,AISKGConstrainedTransfer,sentence_local
34777640,D000496,D001971,Negative_Correlation,D001971,0.4192661867,AISKGConstrainedTransfer,sentence_local
34777640,D000496,D003920,Negative_Correlation,D000496,0.6388838804,AISKGConstrainedTransfer,sentence_local
34777640,D001971,D003920,Negative_Correlation,D001971,0.6750100363,AISKGConstrainedTransfer,sentence_local
34777640,D001971,D003928,Negative_Correlation,D001971,0.5821317413,AISKGConstrainedTransfer,sentence_local
34777640,D001971,D006943,Positive_Correlation,D001971,0.4954137127,AISKGConstrainedTransfer,sentence_local
34777640,D001971,D006966,Positive_Correlation,D001971,0.5325537675,AISKGConstrainedTransfer,sentence_local
34777640,D001971,D007674,Negative_Correlation,D001971,0.492658856,AISKGConstrainedTransfer,sentence_local
34777640,D001971,D009202,Positive_Correlation,D001971,0.6060364787,AISKGConstrainedTransfer,sentence_local
34777640,D001971,D010300,Positive_Correlation,D001971,0.5058012452,AISKGConstrainedTransfer,sentence_local
34801870,24185,D000111,Association,D000111,0.323497216,AISKGConstrainedTransfer,sentence_local
34801870,24185,D000911,Association,D000911,0.3231087756,AISKGConstrainedTransfer,sentence_local
34801870,24185,D013972,Negative_Correlation,D013972,0.4878560411,AISKGConstrainedTransfer,sentence_local
34801870,24248,D000111,Negative_Correlation,D000111,0.4153207539,AISKGConstrainedTransfer,sentence_local
34801870,24248,D000911,Negative_Correlation,D000911,0.3685279829,AISKGConstrainedTransfer,sentence_local
34801870,24248,D013972,Negative_Correlation,D013972,0.4590254894,AISKGConstrainedTransfer,sentence_local
34801870,24887,D000911,Negative_Correlation,D000911,0.401483413,AISKGConstrainedTransfer,sentence_local
34801870,25309,D000911,Negative_Correlation,D000911,0.3942863042,AISKGConstrainedTransfer,sentence_local
34801870,25360,D000111,Negative_Correlation,D000111,0.3858408354,AISKGConstrainedTransfer,sentence_local
34801870,25360,D000911,Positive_Correlation,D000911,0.4448510657,AISKGConstrainedTransfer,sentence_local
34801870,25360,D006111,Association,25360,0.8480703416,AISKGConstrainedTransfer,sentence_local
34801870,25360,D006980,Association,25360,0.8728347046,AISKGConstrainedTransfer,sentence_local
34801870,25360,D013972,Negative_Correlation,D013972,0.464619302,AISKGConstrainedTransfer,sentence_local
34801870,25360,D056660,Association,25360,0.8595760356,AISKGConstrainedTransfer,sentence_local
34801870,25402,D000911,Negative_Correlation,D000911,0.3774602107,AISKGConstrainedTransfer,sentence_local
34801870,25636,D000111,Positive_Correlation,D000111,0.3360532534,AISKGConstrainedTransfer,sentence_local
34801870,25636,D000911,Negative_Correlation,D000911,0.3809305701,AISKGConstrainedTransfer,sentence_local
34801870,25636,D013972,Negative_Correlation,D013972,0.3532801463,AISKGConstrainedTransfer,sentence_local
34801870,266610,D000911,Association,D000911,0.3664426136,AISKGConstrainedTransfer,sentence_local
34801870,309757,D000111,Negative_Correlation,D000111,0.5105801921,AISKGConstrainedTransfer,sentence_local
34801870,309757,D000911,Negative_Correlation,D000911,0.5105801921,AISKGConstrainedTransfer,sentence_local
34801870,309757,D013972,Negative_Correlation,D013972,0.5533640695,AISKGConstrainedTransfer,sentence_local
34801870,56718,D000111,Positive_Correlation,D000111,0.3360532534,AISKGConstrainedTransfer,sentence_local
34801870,56718,D000911,Negative_Correlation,D000911,0.3809305701,AISKGConstrainedTransfer,sentence_local
34801870,56718,D013972,Negative_Correlation,D013972,0.5533640695,AISKGConstrainedTransfer,sentence_local
34801870,58918,D000911,Negative_Correlation,D000911,0.3872005627,AISKGConstrainedTransfer,sentence_local
34801870,64044,D000911,Association,D000911,0.3782358167,AISKGConstrainedTransfer,sentence_local
34801870,64476,D000111,Negative_Correlation,D000111,0.5105801921,AISKGConstrainedTransfer,sentence_local
34801870,64476,D000911,Negative_Correlation,D000911,0.5105801921,AISKGConstrainedTransfer,sentence_local
34801870,64476,D013972,Negative_Correlation,D013972,0.5533640695,AISKGConstrainedTransfer,sentence_local
34801870,7253,D006111,Association,7253,0.9163332693,AISKGConstrainedTransfer,sentence_local
34801870,78975,D000111,Negative_Correlation,D000111,0.5299755753,AISKGConstrainedTransfer,sentence_local
34801870,78975,D000911,Negative_Correlation,D000911,0.5299755753,AISKGConstrainedTransfer,sentence_local
34801870,78975,D013972,Negative_Correlation,D013972,0.5725228801,AISKGConstrainedTransfer,sentence_local
34801870,81666,D000911,Negative_Correlation,D000911,0.3532950499,AISKGConstrainedTransfer,sentence_local
34801870,83474,D000111,Negative_Correlation,D000111,0.5105801921,AISKGConstrainedTransfer,sentence_local
34801870,83474,D000911,Negative_Correlation,D000911,0.5105801921,AISKGConstrainedTransfer,sentence_local
34801870,83474,D013972,Negative_Correlation,D013972,0.4215854104,AISKGConstrainedTransfer,sentence_local
34801870,83516,D000111,Negative_Correlation,D000111,0.5105801921,AISKGConstrainedTransfer,sentence_local
34801870,83516,D000911,Negative_Correlation,D000911,0.5105801921,AISKGConstrainedTransfer,sentence_local
34801870,83516,D013972,Negative_Correlation,D013972,0.5533640695,AISKGConstrainedTransfer,sentence_local
34801870,83619,D000111,Negative_Correlation,D000111,0.5105801921,AISKGConstrainedTransfer,sentence_local
34801870,83619,D000911,Negative_Correlation,D000911,0.5105801921,AISKGConstrainedTransfer,sentence_local
34801870,83619,D013972,Negative_Correlation,D013972,0.5533640695,AISKGConstrainedTransfer,sentence_local
34801870,D000111,D013972,Cotreatment,,0.6056123255,AISKGConstrainedTransfer,sentence_local
34801870,D000911,D006111,Negative_Correlation,D000911,0.5283105388,AISKGConstrainedTransfer,sentence_local
34801870,D000911,D006980,Negative_Correlation,D000911,0.5212766015,AISKGConstrainedTransfer,sentence_local
34801870,D000911,D013972,Cotreatment,,0.6056123255,AISKGConstrainedTransfer,sentence_local
34801870,D000911,D056660,Negative_Correlation,D000911,0.5446773457,AISKGConstrainedTransfer,sentence_local
34801870,D006111,D013972,Negative_Correlation,D006111,0.4838199695,AISKGConstrainedTransfer,sentence_local
34801870,D006980,D013972,Negative_Correlation,D006980,0.4631185405,AISKGConstrainedTransfer,sentence_local
34801870,D013972,D056660,Negative_Correlation,D013972,0.5631723682,AISKGConstrainedTransfer,sentence_local
34875272,10468,C422362,Positive_Correlation,C422362,0.3795515804,AISKGConstrainedTransfer,sentence_local
34875272,10468,C422364,Association,C422364,0.3528260253,AISKGConstrainedTransfer,sentence_local
34875272,10468,D007265,Positive_Correlation,D007265,0.3198736069,AISKGConstrainedTransfer,sentence_local
34875272,2661,C044147,Association,C044147,0.3502293982,AISKGConstrainedTransfer,sentence_local
34875272,2661,C422364,Association,C422364,0.3654557936,AISKGConstrainedTransfer,sentence_local
34875272,2661,C422405,Association,C422405,0.3502293982,AISKGConstrainedTransfer,sentence_local
34875272,2661,D007265,Association,D007265,0.3763899999,AISKGConstrainedTransfer,sentence_local
34875272,268,C044147,Association,C044147,0.3304704769,AISKGConstrainedTransfer,sentence_local
34875272,268,C422364,Association,C422364,0.3296505221,AISKGConstrainedTransfer,sentence_local
34875272,268,D007265,Association,D007265,0.3378899385,AISKGConstrainedTransfer,sentence_local
34875272,9210,C044147,Association,C044147,0.3928533892,AISKGConstrainedTransfer,sentence_local
34875272,9210,C422364,Association,C422364,0.3654557936,AISKGConstrainedTransfer,sentence_local
34875272,9210,C422405,Association,C422405,0.3928533892,AISKGConstrainedTransfer,sentence_local
34875272,9210,D007265,Association,D007265,0.3763899999,AISKGConstrainedTransfer,sentence_local
34875272,9518,C044147,Positive_Correlation,C044147,0.5326479147,AISKGConstrainedTransfer,sentence_local
34875272,9518,C422362,Positive_Correlation,C422362,0.4922282976,AISKGConstrainedTransfer,sentence_local
34875272,9518,C422405,Positive_Correlation,C422405,0.5326479147,AISKGConstrainedTransfer,sentence_local
34875272,9518,D007265,Positive_Correlation,D007265,0.4301711643,AISKGConstrainedTransfer,sentence_local
34921023,1956,D000068437,Negative_Correlation,D000068437,0.6733298241,AISKGConstrainedTransfer,sentence_local
34921023,1956,D002289,Association,1956,0.875648292,AISKGConstrainedTransfer,sentence_local
34921023,1956,D009369,Association,1956,0.677220452,AISKGConstrainedTransfer,sentence_local
34921023,1956,D016190,Negative_Correlation,D016190,0.6733298241,AISKGConstrainedTransfer,sentence_local
34921023,1956,D047428,Negative_Correlation,D047428,0.5933403942,AISKGConstrainedTransfer,sentence_local
34921023,5133,D002289,Association,5133,0.7249391762,AISKGConstrainedTransfer,sentence_local
34921023,5133,D009369,Association,5133,0.6815456581,AISKGConstrainedTransfer,sentence_local
34921023,D000068437,D002289,Negative_Correlation,D000068437,0.5160518627,AISKGConstrainedTransfer,sentence_local
34921023,D000068437,D009369,Negative_Correlation,D000068437,0.7210399967,AISKGConstrainedTransfer,sentence_local
34921023,D000068437,D016190,Negative_Correlation,D016190,0.5025292099,AISKGConstrainedTransfer,sentence_local
34921023,D000068437,D047428,Negative_Correlation,D047428,0.6550207778,AISKGConstrainedTransfer,sentence_local
34921023,D000077594,D002289,Negative_Correlation,D000077594,0.5128751525,AISKGConstrainedTransfer,sentence_local
34921023,D000077594,D009369,Positive_Correlation,D000077594,0.347395725,AISKGConstrainedTransfer,sentence_local
34921023,D000077594,D047428,Negative_Correlation,D047428,0.5364591388,AISKGConstrainedTransfer,sentence_local
34921023,D002289,D016190,Negative_Correlation,D002289,0.4868240331,AISKGConstrainedTransfer,sentence_local
34921023,D002289,D047428,Negative_Correlation,D002289,0.4868240331,AISKGConstrainedTransfer,sentence_local
34921023,D002289,rs121434569,Positive_Correlation,rs121434569,0.5332127247,AISKGConstrainedTransfer,sentence_local
34921023,D009369,D016190,Negative_Correlation,D009369,0.5058249046,AISKGConstrainedTransfer,sentence_local
34921023,D016190,D047428,Negative_Correlation,D047428,0.5364591388,AISKGConstrainedTransfer,sentence_local
34930019,19123,D006331,Association,19123,0.8515196996,AISKGConstrainedTransfer,sentence_local
34930019,19123,D007249,Association,19123,0.9475498399,AISKGConstrainedTransfer,sentence_local
34930019,19123,D007511,Association,19123,0.9228580273,AISKGConstrainedTransfer,sentence_local
34930019,19123,D015427,Association,19123,0.8898486614,AISKGConstrainedTransfer,sentence_local
34930019,19124,D006331,Association,19124,0.9228483374,AISKGConstrainedTransfer,sentence_local
34930019,19124,D007511,Association,19124,0.9228580273,AISKGConstrainedTransfer,sentence_local
34930019,19124,D015427,Association,19124,0.7926100508,AISKGConstrainedTransfer,sentence_local
34930019,D006331,p|SUB|E|170|A,Positive_Correlation,p|SUB|E|170|A,0.6838516421,AISKGConstrainedTransfer,sentence_local
34930019,D015427,p|SUB|E|170|A,Positive_Correlation,p|SUB|E|170|A,0.4915794552,AISKGConstrainedTransfer,sentence_local
34930019,D015427,p|SUB|R|84|A,Positive_Correlation,p|SUB|R|84|A,0.5430830107,AISKGConstrainedTransfer,sentence_local
34949751,2828223,D000431,Association,D000431,0.5678747941,AISKGConstrainedTransfer,sentence_local
34949751,2828223,D002475,Association,D002475,0.4291843771,AISKGConstrainedTransfer,sentence_local
34949751,2828223,D002482,Association,D002482,0.4291843771,AISKGConstrainedTransfer,sentence_local
34949751,2828223,D005947,Association,D005947,0.4492694494,AISKGConstrainedTransfer,sentence_local
34949751,2828223,D019344,Association,D019344,0.4801429637,AISKGConstrainedTransfer,sentence_local
34949751,853504,D000431,Association,D000431,0.5005854589,AISKGConstrainedTransfer,sentence_local
34949751,853504,D002475,Association,D002475,0.4570478583,AISKGConstrainedTransfer,sentence_local
34949751,853504,D002482,Association,D002482,0.474635426,AISKGConstrainedTransfer,sentence_local
34949751,853504,D005947,Association,D005947,0.4570478583,AISKGConstrainedTransfer,sentence_local
34949751,853504,D019344,Association,D019344,0.5166094765,AISKGConstrainedTransfer,sentence_local
34949751,D000431,D002482,Association,D000431,0.4559661774,AISKGConstrainedTransfer,sentence_local
34949751,D000431,p|SUB|F|213|L,Association,p|SUB|F|213|L,0.5711619778,AISKGConstrainedTransfer,sentence_local
34949751,D000431,p|SUB|N|306|I,Association,p|SUB|N|306|I,0.5711619778,AISKGConstrainedTransfer,sentence_local
34949751,D002475,p|SUB|F|213|L,Association,p|SUB|F|213|L,0.5509863385,AISKGConstrainedTransfer,sentence_local
34949751,D002475,p|SUB|N|306|I,Association,p|SUB|N|306|I,0.5509863385,AISKGConstrainedTransfer,sentence_local
34949751,D002482,p|SUB|F|213|L,Association,p|SUB|F|213|L,0.5711619778,AISKGConstrainedTransfer,sentence_local
34949751,D002482,p|SUB|N|306|I,Association,p|SUB|N|306|I,0.5711619778,AISKGConstrainedTransfer,sentence_local
35071113,3569,D000086382,Association,3569,0.8054273664,AISKGConstrainedTransfer,sentence_local
35071113,C481642,D001327,Positive_Correlation,C481642,0.6301416733,AISKGConstrainedTransfer,sentence_local
35071113,C481642,D009369,Positive_Correlation,C481642,0.5828466423,AISKGConstrainedTransfer,sentence_local
35071113,C502936,D000086382,Positive_Correlation,C502936,0.3997522164,AISKGConstrainedTransfer,sentence_local
35071113,C504234,D000086382,Positive_Correlation,C504234,0.5943706451,AISKGConstrainedTransfer,sentence_local
35071113,D000068258,D002318,Positive_Correlation,D000068258,0.5603201294,AISKGConstrainedTransfer,sentence_local
35071113,D000068818,D001327,Positive_Correlation,D000068818,0.6301416733,AISKGConstrainedTransfer,sentence_local
35071113,D000068818,D009369,Positive_Correlation,D000068818,0.6429596575,AISKGConstrainedTransfer,sentence_local
35071113,D000068878,D001327,Positive_Correlation,D000068878,0.5549298164,AISKGConstrainedTransfer,sentence_local
35071113,D000068878,D009369,Positive_Correlation,D000068878,0.6429596575,AISKGConstrainedTransfer,sentence_local
35071113,D000068879,D001327,Positive_Correlation,D000068879,0.6301416733,AISKGConstrainedTransfer,sentence_local
35071113,D000068879,D009369,Positive_Correlation,D000068879,0.5828466423,AISKGConstrainedTransfer,sentence_local
35071113,D000069283,D001327,Positive_Correlation,D000069283,0.6301416733,AISKGConstrainedTransfer,sentence_local
35071113,D000069283,D009369,Positive_Correlation,D000069283,0.6429596575,AISKGConstrainedTransfer,sentence_local
35071113,D000069442,D001327,Positive_Correlation,D000069442,0.5549298164,AISKGConstrainedTransfer,sentence_local
35071113,D000069442,D009369,Positive_Correlation,D000069442,0.5828466423,AISKGConstrainedTransfer,sentence_local
35071113,D000069448,D009140,Positive_Correlation,D000069448,0.5482971192,AISKGConstrainedTransfer,sentence_local
35071113,D000074323,D001327,Positive_Correlation,D000074323,0.5549298164,AISKGConstrainedTransfer,sentence_local
35071113,D000074323,D009369,Positive_Correlation,D000074323,0.6429596575,AISKGConstrainedTransfer,sentence_local
35071113,D000077284,D002318,Positive_Correlation,D000077284,0.586192064,AISKGConstrainedTransfer,sentence_local
35071113,D002318,D004077,Positive_Correlation,D002318,0.4014126786,AISKGConstrainedTransfer,sentence_local
35071113,D002318,D007140,Positive_Correlation,D002318,0.4014126786,AISKGConstrainedTransfer,sentence_local
35090325,1813,D004298,Negative_Correlation,D004298,0.5751035876,AISKGConstrainedTransfer,sentence_local
35090325,1813,D007249,Association,1813,0.8472719873,AISKGConstrainedTransfer,sentence_local
35090325,6622,7054,Association,,0.4584244903,AISKGConstrainedTransfer,sentence_local
35090325,6622,823,Association,,0.4799367543,AISKGConstrainedTransfer,sentence_local
35090325,6622,D002118,Association,D002118,0.5682863506,AISKGConstrainedTransfer,sentence_local
35090325,6622,D004298,Association,D004298,0.6137003716,AISKGConstrainedTransfer,sentence_local
35090325,6622,D007249,Association,6622,0.8893705809,AISKGConstrainedTransfer,sentence_local
35090325,6622,D007980,Association,D007980,0.645994154,AISKGConstrainedTransfer,sentence_local
35090325,6622,D008055,Association,D008055,0.4484457028,AISKGConstrainedTransfer,sentence_local
35090325,6622,D009410,Association,6622,0.701213795,AISKGConstrainedTransfer,sentence_local
35090325,6622,D014443,Association,D014443,0.6225089901,AISKGConstrainedTransfer,sentence_local
35090325,6622,D028361,Association,6622,0.7393062035,AISKGConstrainedTransfer,sentence_local
35090325,7054,D002118,Association,D002118,0.5706254649,AISKGConstrainedTransfer,sentence_local
35090325,7054,D004298,Association,D004298,0.6170942986,AISKGConstrainedTransfer,sentence_local
35090325,7054,D007249,Association,7054,0.9027196442,AISKGConstrainedTransfer,sentence_local
35090325,7054,D007980,Association,D007980,0.6615703045,AISKGConstrainedTransfer,sentence_local
35090325,7054,D014443,Association,D014443,0.6388271433,AISKGConstrainedTransfer,sentence_local
35090325,823,D002118,Association,D002118,0.5847800976,AISKGConstrainedTransfer,sentence_local
35090325,823,D004298,Association,D004298,0.6289143157,AISKGConstrainedTransfer,sentence_local
35090325,823,D007249,Association,823,0.8096311831,AISKGConstrainedTransfer,sentence_local
35090325,823,D007980,Association,D007980,0.6624320512,AISKGConstrainedTransfer,sentence_local
35090325,823,D008055,Association,D008055,0.5434285753,AISKGConstrainedTransfer,sentence_local
35090325,823,D009410,Association,823,0.7919639366,AISKGConstrainedTransfer,sentence_local
35090325,823,D010300,Association,823,0.7673443505,AISKGConstrainedTransfer,sentence_local
35090325,823,D014443,Association,D014443,0.6377058579,AISKGConstrainedTransfer,sentence_local
35090325,823,D020078,Association,823,0.9584278797,AISKGConstrainedTransfer,sentence_local
35090325,823,D028361,Association,823,0.7217807967,AISKGConstrainedTransfer,sentence_local
35090325,D002118,D004298,Conversion,D004298,0.6770477903,AISKGConstrainedTransfer,sentence_local
35090325,D002118,D007249,Association,D002118,0.4901068726,AISKGConstrainedTransfer,sentence_local
35090325,D002118,D007980,Conversion,D007980,0.6401087162,AISKGConstrainedTransfer,sentence_local
35090325,D002118,D009410,Positive_Correlation,D002118,0.4828203899,AISKGConstrainedTransfer,sentence_local
35090325,D002118,D014443,Conversion,D014443,0.6574675406,AISKGConstrainedTransfer,sentence_local
35090325,D002118,D028361,Positive_Correlation,D002118,0.4812134694,AISKGConstrainedTransfer,sentence_local
35090325,D004298,D007249,Association,D004298,0.5432100697,AISKGConstrainedTransfer,sentence_local
35090325,D004298,D007980,Conversion,D007980,0.68240735,AISKGConstrainedTransfer,sentence_local
35090325,D004298,D014443,Conversion,D014443,0.6828390559,AISKGConstrainedTransfer,sentence_local
35090325,D007249,D007980,Association,D007249,0.5694806266,AISKGConstrainedTransfer,sentence_local
35090325,D007249,D014443,Association,D007249,0.5353382359,AISKGConstrainedTransfer,sentence_local
35090325,D007980,D014443,Conversion,D014443,0.6848402148,AISKGConstrainedTransfer,sentence_local
35090325,D008055,D009410,Positive_Correlation,D008055,0.4934490631,AISKGConstrainedTransfer,sentence_local
35090325,D008055,D028361,Positive_Correlation,D008055,0.4451734238,AISKGConstrainedTransfer,sentence_local
35090325,D010300,D012402,Positive_Correlation,D010300,0.6408129695,AISKGConstrainedTransfer,sentence_local
35090325,D010300,D015632,Positive_Correlation,D010300,0.6408129695,AISKGConstrainedTransfer,sentence_local
35090325,D010300,D015655,Positive_Correlation,D010300,0.6471069463,AISKGConstrainedTransfer,sentence_local
35090325,D010300,D016627,Positive_Correlation,D010300,0.658471432,AISKGConstrainedTransfer,sentence_local
35139355,12370,D051359,Association,12370,0.8498560913,AISKGConstrainedTransfer,sentence_local
35139355,18126,D000086382,Association,18126,0.8557568407,AISKGConstrainedTransfer,sentence_local
35139355,18126,D007249,Association,18126,0.9117740616,AISKGConstrainedTransfer,sentence_local
35139355,18126,D009569,Association,D009569,0.7346371362,AISKGConstrainedTransfer,sentence_local
35139355,18126,D051359,Association,18126,0.8131595361,AISKGConstrainedTransfer,sentence_local
35139355,D000086382,D009569,Association,D000086382,0.5358914416,AISKGConstrainedTransfer,sentence_local
35139355,D007249,D009569,Association,D007249,0.6175323617,AISKGConstrainedTransfer,sentence_local
35168627,176,D008055,Association,D008055,0.4417503765,AISKGConstrainedTransfer,sentence_local
35168627,249,D008055,Association,D008055,0.4417503765,AISKGConstrainedTransfer,sentence_local
35168627,632,D008055,Association,D008055,0.4462119901,AISKGConstrainedTransfer,sentence_local
35168627,7070,D001168,Association,7070,0.9907832906,AISKGConstrainedTransfer,sentence_local
35168627,860,D008055,Association,D008055,0.4398549191,AISKGConstrainedTransfer,sentence_local
35168627,947,D001168,Association,947,0.9907832906,AISKGConstrainedTransfer,sentence_local
35194375,43740568,D006493,Positive_Correlation,D006493,0.5125024114,AISKGConstrainedTransfer,sentence_local
35194375,59272,D006493,Negative_Correlation,D006493,0.4079962295,AISKGConstrainedTransfer,sentence_local
35194375,D006493,p|SUB|E|484|K,Association,p|SUB|E|484|K,0.8022607713,AISKGConstrainedTransfer,sentence_local
35194375,D006493,p|SUB|E|484|Q,Association,p|SUB|E|484|Q,0.8022607713,AISKGConstrainedTransfer,sentence_local
35194375,D006493,p|SUB|K|417|N,Association,p|SUB|K|417|N,0.8035798841,AISKGConstrainedTransfer,sentence_local
35194375,D006493,p|SUB|K|417|T,Association,p|SUB|K|417|T,0.8035798841,AISKGConstrainedTransfer,sentence_local
35194375,D006493,p|SUB|L|452|R,Association,p|SUB|L|452|R,0.8022607713,AISKGConstrainedTransfer,sentence_local
35194375,D006493,p|SUB|N|501|Y,Association,p|SUB|N|501|Y,0.8035798841,AISKGConstrainedTransfer,sentence_local
35196427,695,C000723100,Negative_Correlation,C000723100,0.6789789912,AISKGConstrainedTransfer,sentence_local
35196427,695,D015448,Association,695,0.625458602,AISKGConstrainedTransfer,sentence_local
35196427,695,D015451,Association,695,0.6659090534,AISKGConstrainedTransfer,sentence_local
35196427,C000723100,D015451,Positive_Correlation,C000723100,0.5035257053,AISKGConstrainedTransfer,sentence_local
35217818,11441,21926,Negative_Correlation,21926,0.7201176298,AISKGConstrainedTransfer,sentence_local
35217818,11441,C498513,Positive_Correlation,C498513,0.5690592332,AISKGConstrainedTransfer,sentence_local
35217818,11441,D000804,Negative_Correlation,D000804,0.3420961284,AISKGConstrainedTransfer,sentence_local
35217818,11441,D017544,Association,11441,0.9264218922,AISKGConstrainedTransfer,sentence_local
35217818,11816,D000804,Positive_Correlation,D000804,0.3511804244,AISKGConstrainedTransfer,sentence_local
35217818,11816,D017544,Association,11816,0.8790871042,AISKGConstrainedTransfer,sentence_local
35217818,12362,D017544,Association,12362,0.9215230724,AISKGConstrainedTransfer,sentence_local
35217818,13717,D000804,Negative_Correlation,D000804,0.6332255655,AISKGConstrainedTransfer,sentence_local
35217818,216799,21926,Negative_Correlation,21926,0.5718474719,AISKGConstrainedTransfer,sentence_local
35217818,216799,D000111,Negative_Correlation,D000111,0.5845407034,AISKGConstrainedTransfer,sentence_local
35217818,216799,D017544,Association,216799,0.9355662899,AISKGConstrainedTransfer,sentence_local
35217818,21926,69146,Negative_Correlation,69146,0.5096660619,AISKGConstrainedTransfer,sentence_local
35217818,21926,D000111,Negative_Correlation,D000111,0.7160868114,AISKGConstrainedTransfer,sentence_local
35217818,69146,D000111,Negative_Correlation,D000111,0.5431359507,AISKGConstrainedTransfer,sentence_local
35217818,69146,D017544,Association,69146,0.9215230724,AISKGConstrainedTransfer,sentence_local
35217818,D000804,D017544,Positive_Correlation,D000804,0.5671970384,AISKGConstrainedTransfer,sentence_local
35388181,14816,D000067877,Association,14816,0.9633160461,AISKGConstrainedTransfer,sentence_local
35388181,14816,D001321,Association,14816,0.9686016797,AISKGConstrainedTransfer,sentence_local
35388181,14816,D002118,Association,D002118,0.3972694065,AISKGConstrainedTransfer,sentence_local
35388181,16438,D000067877,Association,16438,0.9633160461,AISKGConstrainedTransfer,sentence_local
35388181,16438,D001321,Association,16438,0.9686016797,AISKGConstrainedTransfer,sentence_local
35388181,16438,D002118,Association,D002118,0.3972694065,AISKGConstrainedTransfer,sentence_local
35388181,22941,D000067877,Association,22941,0.9439201704,AISKGConstrainedTransfer,sentence_local
35388181,243961,D000067404,Association,243961,0.8711206341,AISKGConstrainedTransfer,sentence_local
35388181,243961,D000067877,Association,243961,0.9633160461,AISKGConstrainedTransfer,sentence_local
35388181,243961,D000068079,Association,243961,0.8162765971,AISKGConstrainedTransfer,sentence_local
35388181,243961,D001007,Association,243961,0.8708141445,AISKGConstrainedTransfer,sentence_local
35388181,243961,D001321,Association,243961,0.9686016797,AISKGConstrainedTransfer,sentence_local
35388181,243961,D001523,Association,243961,0.8830760582,AISKGConstrainedTransfer,sentence_local
35388181,243961,D002118,Association,D002118,0.5191696463,AISKGConstrainedTransfer,sentence_local
35388181,50944,D000067877,Association,50944,0.885288768,AISKGConstrainedTransfer,sentence_local
35388181,85358,D000067877,Association,85358,0.9439201704,AISKGConstrainedTransfer,sentence_local
35388181,D000067404,p|SUB|R|882|H,Positive_Correlation,p|SUB|R|882|H,0.6259768478,AISKGConstrainedTransfer,sentence_local
35388181,D000067877,D002118,Positive_Correlation,D000067877,0.5029353216,AISKGConstrainedTransfer,sentence_local
35388181,D000067877,c|SUB|G|2621|A,Positive_Correlation,c|SUB|G|2621|A,0.7100422965,AISKGConstrainedTransfer,sentence_local
35388181,D000067877,p|SUB|R|874|H,Positive_Correlation,p|SUB|R|874|H,0.5854904886,AISKGConstrainedTransfer,sentence_local
35388181,D000067877,p|SUB|R|882|H,Positive_Correlation,p|SUB|R|882|H,0.6099710535,AISKGConstrainedTransfer,sentence_local
35388181,D000068079,p|SUB|R|882|H,Positive_Correlation,p|SUB|R|882|H,0.6562424287,AISKGConstrainedTransfer,sentence_local
35388181,D001007,p|SUB|R|882|H,Positive_Correlation,p|SUB|R|882|H,0.6230429432,AISKGConstrainedTransfer,sentence_local
35388181,D001321,D002118,Positive_Correlation,D001321,0.5781233319,AISKGConstrainedTransfer,sentence_local
35388181,D001523,p|SUB|R|882|H,Positive_Correlation,p|SUB|R|882|H,0.6247043181,AISKGConstrainedTransfer,sentence_local
35417530,3065,8192,Positive_Correlation,8192,0.481220376,AISKGConstrainedTransfer,sentence_local
35417530,3065,C087123,Association,C087123,0.3589629381,AISKGConstrainedTransfer,sentence_local
35417530,3065,D000077767,Association,D000077767,0.4474235904,AISKGConstrainedTransfer,sentence_local
35417530,3065,D005909,Association,3065,0.9499220989,AISKGConstrainedTransfer,sentence_local
35417530,3065,D014233,Association,D014233,0.519615538,AISKGConstrainedTransfer,sentence_local
35417530,3066,8192,Positive_Correlation,8192,0.481220376,AISKGConstrainedTransfer,sentence_local
35417530,3066,C087123,Association,C087123,0.3589629381,AISKGConstrainedTransfer,sentence_local
35417530,3066,D000077767,Association,D000077767,0.4461678368,AISKGConstrainedTransfer,sentence_local
35417530,3066,D005909,Association,3066,0.9499220989,AISKGConstrainedTransfer,sentence_local
35417530,3066,D014233,Association,D014233,0.519615538,AISKGConstrainedTransfer,sentence_local
35417530,8192,C087123,Association,C087123,0.4507010738,AISKGConstrainedTransfer,sentence_local
35417530,8192,D000077767,Association,D000077767,0.4507010738,AISKGConstrainedTransfer,sentence_local
35417530,8192,D005909,Association,8192,0.9513026502,AISKGConstrainedTransfer,sentence_local
35417530,8192,D014233,Association,D014233,0.5861119054,AISKGConstrainedTransfer,sentence_local
35417530,C000615229,D005909,Negative_Correlation,C000615229,0.6721197238,AISKGConstrainedTransfer,sentence_local
35417530,C087123,D005909,Negative_Correlation,C087123,0.3564413688,AISKGConstrainedTransfer,sentence_local
35417530,C087123,D014233,Association,C087123,0.4250953417,AISKGConstrainedTransfer,sentence_local
35417530,C087123,p|SUB|Y|118|A,Association,p|SUB|Y|118|A,0.610924222,AISKGConstrainedTransfer,sentence_local
35417530,D000077767,D005909,Negative_Correlation,D000077767,0.3790897914,AISKGConstrainedTransfer,sentence_local
35417530,D000077767,D014233,Association,D000077767,0.4250953417,AISKGConstrainedTransfer,sentence_local
35417530,D000077767,p|SUB|Y|118|A,Association,p|SUB|Y|118|A,0.610924222,AISKGConstrainedTransfer,sentence_local
35417530,D005909,D005947,Negative_Correlation,D005909,0.6126805114,AISKGConstrainedTransfer,sentence_local
35417530,D005909,D014233,Negative_Correlation,D005909,0.3284206147,AISKGConstrainedTransfer,sentence_local
35417530,D005909,p|SUB|Y|118|A,Association,p|SUB|Y|118|A,0.5032749866,AISKGConstrainedTransfer,sentence_local
35417530,D014233,p|SUB|Y|118|A,Association,p|SUB|Y|118|A,0.7316822356,AISKGConstrainedTransfer,sentence_local
35467766,6480,C519688,Negative_Correlation,C519688,0.4546779369,AISKGConstrainedTransfer,sentence_local
35467766,6480,D000069287,Positive_Correlation,D000069287,0.4336761083,AISKGConstrainedTransfer,sentence_local
35467766,6480,D000077150,Positive_Correlation,D000077150,0.4336761083,AISKGConstrainedTransfer,sentence_local
35467766,6480,D003920,Association,6480,0.6532365673,AISKGConstrainedTransfer,sentence_local
35467766,6480,D003924,Association,6480,0.7204576882,AISKGConstrainedTransfer,sentence_local
35467766,6480,D007249,Association,6480,0.5617161097,AISKGConstrainedTransfer,sentence_local
35467766,6480,D011565,Association,6480,0.6989179357,AISKGConstrainedTransfer,sentence_local
35467766,6480,D015179,Association,6480,0.9674609061,AISKGConstrainedTransfer,sentence_local
35467766,6480,D060831,Association,6480,0.9648505118,AISKGConstrainedTransfer,sentence_local
35467766,C519688,D000068818,Cotreatment,,0.3311242458,AISKGConstrainedTransfer,sentence_local
35467766,C519688,D000069287,Cotreatment,,0.5906705598,AISKGConstrainedTransfer,sentence_local
35467766,C519688,D000077150,Cotreatment,,0.5906705598,AISKGConstrainedTransfer,sentence_local
35467766,C519688,D002955,Conversion,D002955,0.5798981358,AISKGConstrainedTransfer,sentence_local
35467766,C519688,D005472,Negative_Correlation,D005472,0.5969126185,AISKGConstrainedTransfer,sentence_local
35467766,C519688,D009369,Negative_Correlation,C519688,0.5697417265,AISKGConstrainedTransfer,sentence_local
35467766,C519688,D060831,Negative_Correlation,C519688,0.492953986,AISKGConstrainedTransfer,sentence_local
35467766,C519688,rs6783836,Association,rs6783836,0.3576287014,AISKGConstrainedTransfer,sentence_local
35467766,D000068818,D000077150,Cotreatment,,0.3311242458,AISKGConstrainedTransfer,sentence_local
35467766,D000068818,D002955,Conversion,D002955,0.3889764463,AISKGConstrainedTransfer,sentence_local
35467766,D000068818,D005472,Cotreatment,,0.3311242458,AISKGConstrainedTransfer,sentence_local
35467766,D000069287,D000077150,Conversion,D000077150,0.70022413,AISKGConstrainedTransfer,sentence_local
35467766,D000069287,D009369,Negative_Correlation,D000069287,0.5379422659,AISKGConstrainedTransfer,sentence_local
35467766,D000069287,D060831,Positive_Correlation,D000069287,0.7339863741,AISKGConstrainedTransfer,sentence_local
35467766,D000069287,rs6783836,Association,rs6783836,0.3777336119,AISKGConstrainedTransfer,sentence_local
35467766,D000077150,D002955,Conversion,D002955,0.3889764463,AISKGConstrainedTransfer,sentence_local
35467766,D000077150,D005472,Cotreatment,,0.3311242458,AISKGConstrainedTransfer,sentence_local
35467766,D000077150,D009369,Negative_Correlation,D000077150,0.5697417265,AISKGConstrainedTransfer,sentence_local
35467766,D000077150,D060831,Positive_Correlation,D000077150,0.7576263333,AISKGConstrainedTransfer,sentence_local
35467766,D002955,D005472,Cotreatment,,0.3218591734,AISKGConstrainedTransfer,sentence_local
35467766,D003920,rs6783836,Positive_Correlation,rs6783836,0.557641335,AISKGConstrainedTransfer,sentence_local
35467766,D003924,rs3887925,Positive_Correlation,rs3887925,0.773445952,AISKGConstrainedTransfer,sentence_local
35467766,D003924,rs6783836,Positive_Correlation,rs6783836,0.5311355356,AISKGConstrainedTransfer,sentence_local
35467766,D007249,rs6783836,Association,rs6783836,0.494519079,AISKGConstrainedTransfer,sentence_local
35467766,D011565,rs3887925,Positive_Correlation,rs3887925,0.6501000178,AISKGConstrainedTransfer,sentence_local
35467766,D011565,rs6783836,Positive_Correlation,rs6783836,0.4171368118,AISKGConstrainedTransfer,sentence_local
35467766,D015179,rs6783836,Positive_Correlation,rs6783836,0.6144330169,AISKGConstrainedTransfer,sentence_local
35467766,D060831,rs6783836,Positive_Correlation,rs6783836,0.7288070936,AISKGConstrainedTransfer,sentence_local
35468098,11651,18033,Positive_Correlation,18033,0.4132527114,AISKGConstrainedTransfer,sentence_local
35468098,13614,D007249,Association,13614,0.909077869,AISKGConstrainedTransfer,sentence_local
35468098,13614,D009135,Association,13614,0.8888779937,AISKGConstrainedTransfer,sentence_local
35468098,1906,D003404,Association,D003404,0.5179807626,AISKGConstrainedTransfer,sentence_local
35468098,1906,D003920,Association,1906,0.8117702348,AISKGConstrainedTransfer,sentence_local
35468098,1906,D003924,Association,1906,0.8347017662,AISKGConstrainedTransfer,sentence_local
35468098,1906,D005355,Association,1906,0.846475453,AISKGConstrainedTransfer,sentence_local
35468098,1906,D006943,Association,1906,0.8838132247,AISKGConstrainedTransfer,sentence_local
35468098,1906,D007249,Association,1906,0.8407579814,AISKGConstrainedTransfer,sentence_local
35468098,1906,D009135,Association,1906,0.8974749262,AISKGConstrainedTransfer,sentence_local
35468098,1906,D055948,Association,1906,0.9081548718,AISKGConstrainedTransfer,sentence_local
35468098,3039,D003404,Association,D003404,0.5082918984,AISKGConstrainedTransfer,sentence_local
35468098,3039,D003920,Association,3039,0.9079465565,AISKGConstrainedTransfer,sentence_local
35468098,3039,D003924,Association,3039,0.8404881058,AISKGConstrainedTransfer,sentence_local
35468098,3039,D055948,Association,3039,0.9112734917,AISKGConstrainedTransfer,sentence_local
35468098,3569,D003920,Association,3569,0.9256471218,AISKGConstrainedTransfer,sentence_local
35468098,3569,D007249,Association,3569,0.8807881922,AISKGConstrainedTransfer,sentence_local
35468098,3569,D009135,Association,3569,0.9130036641,AISKGConstrainedTransfer,sentence_local
35468098,406890,D003920,Association,406890,0.9256471218,AISKGConstrainedTransfer,sentence_local
35468098,406890,D007249,Association,406890,0.8807881922,AISKGConstrainedTransfer,sentence_local
35468098,406890,D009135,Association,406890,0.9130036641,AISKGConstrainedTransfer,sentence_local
35468098,7124,D003920,Association,7124,0.9254066131,AISKGConstrainedTransfer,sentence_local
35468098,7124,D007249,Association,7124,0.8868913019,AISKGConstrainedTransfer,sentence_local
35468098,7124,D009135,Association,7124,0.8992951469,AISKGConstrainedTransfer,sentence_local
35468098,D003404,D003920,Positive_Correlation,D003404,0.4153327414,AISKGConstrainedTransfer,sentence_local
35468098,D003404,D003924,Negative_Correlation,D003404,0.3667525468,AISKGConstrainedTransfer,sentence_local
35468098,D003404,D055948,Positive_Correlation,D003404,0.3763738542,AISKGConstrainedTransfer,sentence_local
35585372,5580,D017382,Positive_Correlation,D017382,0.4298982289,AISKGConstrainedTransfer,sentence_local
35585372,C058319,D006105,Negative_Correlation,C058319,0.5284090958,AISKGConstrainedTransfer,sentence_local
35585372,C058319,D007153,Negative_Correlation,C058319,0.6111672664,AISKGConstrainedTransfer,sentence_local
35609210,221322,C536293,Association,221322,0.9021294014,AISKGConstrainedTransfer,sentence_local
35609210,221322,D000072661,Association,221322,0.8905672236,AISKGConstrainedTransfer,sentence_local
35609210,22858,D000072661,Association,22858,0.8691555222,AISKGConstrainedTransfer,sentence_local
35609210,23552,C536293,Association,23552,0.9021294014,AISKGConstrainedTransfer,sentence_local
35609210,23552,D000072661,Association,23552,0.8905672236,AISKGConstrainedTransfer,sentence_local
35609210,29105,C536293,Association,29105,0.9021294014,AISKGConstrainedTransfer,sentence_local
35609210,317662,C536293,Association,317662,0.9114679649,AISKGConstrainedTransfer,sentence_local
35747941,3717,C000628674,Association,C000628674,0.4368128625,AISKGConstrainedTransfer,sentence_local
35747941,3717,D008175,Association,3717,0.7531593887,AISKGConstrainedTransfer,sentence_local
35747941,3717,D008223,Association,3717,0.6859021983,AISKGConstrainedTransfer,sentence_local
35747941,7297,C000628674,Negative_Correlation,C000628674,0.3229395813,AISKGConstrainedTransfer,sentence_local
35747941,7297,D001327,Negative_Correlation,7297,0.3619135557,AISKGConstrainedTransfer,sentence_local
35747941,7297,D008175,Association,7297,0.8740177223,AISKGConstrainedTransfer,sentence_local
35747941,7297,D008223,Association,7297,0.6624716965,AISKGConstrainedTransfer,sentence_local
35747941,7297,D008228,Association,7297,0.9166830357,AISKGConstrainedTransfer,sentence_local
35747941,7297,D011565,Association,7297,0.4211942468,AISKGConstrainedTransfer,sentence_local
35747941,C000628674,D011565,Negative_Correlation,C000628674,0.5886087116,AISKGConstrainedTransfer,sentence_local
35747941,D001327,rs34536443,Positive_Correlation,rs34536443,0.6457425571,AISKGConstrainedTransfer,sentence_local
35747941,D008175,rs34536443,Positive_Correlation,rs34536443,0.7775524928,AISKGConstrainedTransfer,sentence_local
35747941,D008228,rs34536443,Positive_Correlation,rs34536443,0.7877744598,AISKGConstrainedTransfer,sentence_local
35747941,D011565,rs34536443,Positive_Correlation,rs34536443,0.6053807476,AISKGConstrainedTransfer,sentence_local
35751378,154,D001262,Negative_Correlation,D001262,0.4061200228,AISKGConstrainedTransfer,sentence_local
35751378,154,D008133,Association,154,0.9594346303,AISKGConstrainedTransfer,sentence_local
35751378,3757,C063533,Negative_Correlation,C063533,0.7189077241,AISKGConstrainedTransfer,sentence_local
35751378,3757,C066304,Negative_Correlation,C066304,0.6488137394,AISKGConstrainedTransfer,sentence_local
35751378,3757,C067192,Negative_Correlation,C067192,0.7189077241,AISKGConstrainedTransfer,sentence_local
35751378,3757,D000077266,Association,D000077266,0.3371013569,AISKGConstrainedTransfer,sentence_local
35751378,3757,D001145,Association,3757,0.8672236068,AISKGConstrainedTransfer,sentence_local
35751378,3757,D001262,Negative_Correlation,D001262,0.4257831523,AISKGConstrainedTransfer,sentence_local
35751378,3757,D002746,Negative_Correlation,D002746,0.7325827176,AISKGConstrainedTransfer,sentence_local
35751378,3757,D004329,Negative_Correlation,D004329,0.7189077241,AISKGConstrainedTransfer,sentence_local
35751378,3757,D006220,Negative_Correlation,D006220,0.5770480053,AISKGConstrainedTransfer,sentence_local
35751378,3757,D008133,Association,3757,0.9594346303,AISKGConstrainedTransfer,sentence_local
35751378,3757,D010868,Negative_Correlation,D010868,0.6488137394,AISKGConstrainedTransfer,sentence_local
35751378,3757,D011802,Positive_Correlation,D011802,0.4208280164,AISKGConstrainedTransfer,sentence_local
35751378,3757,D013015,Negative_Correlation,D013015,0.6488137394,AISKGConstrainedTransfer,sentence_local
35751378,3757,D013881,Negative_Correlation,D013881,0.6488137394,AISKGConstrainedTransfer,sentence_local
35751378,3757,D016171,Association,3757,0.7704839227,AISKGConstrainedTransfer,sentence_local
35751378,3757,D016589,Negative_Correlation,D016589,0.6300384599,AISKGConstrainedTransfer,sentence_local
35751378,3757,D016593,Negative_Correlation,D016593,0.6588459752,AISKGConstrainedTransfer,sentence_local
35751378,3757,D018967,Negative_Correlation,D018967,0.6133217443,AISKGConstrainedTransfer,sentence_local
35751378,3757,D020117,Negative_Correlation,D020117,0.7189077241,AISKGConstrainedTransfer,sentence_local
35751378,C063533,C066304,Negative_Correlation,C066304,0.5786587955,AISKGConstrainedTransfer,sentence_local
35751378,C063533,C067192,Comparison,,0.3442973292,AISKGConstrainedTransfer,sentence_local
35751378,C063533,D000077266,Comparison,,0.3442973292,AISKGConstrainedTransfer,sentence_local
35751378,C063533,D001145,Positive_Correlation,C063533,0.7561811101,AISKGConstrainedTransfer,sentence_local
35751378,C063533,D002746,Negative_Correlation,D002746,0.5951086912,AISKGConstrainedTransfer,sentence_local
35751378,C063533,D004329,Comparison,,0.3442973292,AISKGConstrainedTransfer,sentence_local
35751378,C063533,D006220,Comparison,,0.521055948,AISKGConstrainedTransfer,sentence_local
35751378,C063533,D010868,Negative_Correlation,D010868,0.5786587955,AISKGConstrainedTransfer,sentence_local
35751378,C063533,D011802,Negative_Correlation,D011802,0.5786587955,AISKGConstrainedTransfer,sentence_local
35751378,C063533,D013015,Negative_Correlation,D013015,0.5786587955,AISKGConstrainedTransfer,sentence_local
35751378,C063533,D013881,Negative_Correlation,D013881,0.461962118,AISKGConstrainedTransfer,sentence_local
35751378,C063533,D016589,Negative_Correlation,D016589,0.5786587955,AISKGConstrainedTransfer,sentence_local
35751378,C063533,D016593,Negative_Correlation,D016593,0.4725321655,AISKGConstrainedTransfer,sentence_local
35751378,C063533,D018967,Negative_Correlation,D018967,0.540295658,AISKGConstrainedTransfer,sentence_local
35751378,C063533,D020117,Negative_Correlation,D020117,0.5786587955,AISKGConstrainedTransfer,sentence_local
35751378,C066304,C067192,Negative_Correlation,C067192,0.461962118,AISKGConstrainedTransfer,sentence_local
35751378,C066304,D000077266,Negative_Correlation,D000077266,0.5786587955,AISKGConstrainedTransfer,sentence_local
35751378,C066304,D002746,Negative_Correlation,D002746,0.4755041905,AISKGConstrainedTransfer,sentence_local
35751378,C066304,D004329,Negative_Correlation,D004329,0.461962118,AISKGConstrainedTransfer,sentence_local
35751378,C066304,D006220,Negative_Correlation,D006220,0.4940815693,AISKGConstrainedTransfer,sentence_local
35751378,C066304,D010868,Negative_Correlation,D010868,0.5786587955,AISKGConstrainedTransfer,sentence_local
35751378,C066304,D011802,Negative_Correlation,D011802,0.5786587955,AISKGConstrainedTransfer,sentence_local
35751378,C066304,D013015,Comparison,,0.3442973292,AISKGConstrainedTransfer,sentence_local
35751378,C066304,D013881,Comparison,,0.3442973292,AISKGConstrainedTransfer,sentence_local
35751378,C066304,D016589,Negative_Correlation,D016589,0.461962118,AISKGConstrainedTransfer,sentence_local
35751378,C066304,D016593,Comparison,,0.3549032734,AISKGConstrainedTransfer,sentence_local
35751378,C066304,D020117,Negative_Correlation,D020117,0.461962118,AISKGConstrainedTransfer,sentence_local
35751378,C067192,D000077266,Negative_Correlation,D000077266,0.5786587955,AISKGConstrainedTransfer,sentence_local
35751378,C067192,D002746,Negative_Correlation,D002746,0.5951086912,AISKGConstrainedTransfer,sentence_local
35751378,C067192,D004329,Comparison,,0.3442973292,AISKGConstrainedTransfer,sentence_local
35751378,C067192,D006220,Comparison,,0.521055948,AISKGConstrainedTransfer,sentence_local
35751378,C067192,D010868,Negative_Correlation,D010868,0.5786587955,AISKGConstrainedTransfer,sentence_local
35751378,C067192,D011802,Negative_Correlation,D011802,0.5786587955,AISKGConstrainedTransfer,sentence_local
35751378,C067192,D013015,Negative_Correlation,D013015,0.5786587955,AISKGConstrainedTransfer,sentence_local
35751378,C067192,D013881,Negative_Correlation,D013881,0.461962118,AISKGConstrainedTransfer,sentence_local
35751378,C067192,D016589,Negative_Correlation,D016589,0.5786587955,AISKGConstrainedTransfer,sentence_local
35751378,C067192,D016593,Negative_Correlation,D016593,0.4725321655,AISKGConstrainedTransfer,sentence_local
35751378,C067192,D018967,Negative_Correlation,D018967,0.540295658,AISKGConstrainedTransfer,sentence_local
35751378,C067192,D020117,Comparison,,0.3442973292,AISKGConstrainedTransfer,sentence_local
35751378,D000077266,D002746,Negative_Correlation,D002746,0.5951086912,AISKGConstrainedTransfer,sentence_local
35751378,D000077266,D004329,Negative_Correlation,D004329,0.5786587955,AISKGConstrainedTransfer,sentence_local
35751378,D000077266,D006220,Comparison,,0.521055948,AISKGConstrainedTransfer,sentence_local
35751378,D000077266,D010868,Comparison,,0.3442973292,AISKGConstrainedTransfer,sentence_local
35751378,D000077266,D011802,Conversion,D011802,0.692799419,AISKGConstrainedTransfer,sentence_local
35751378,D000077266,D013015,Negative_Correlation,D013015,0.5786587955,AISKGConstrainedTransfer,sentence_local
35751378,D000077266,D013881,Negative_Correlation,D013881,0.5786587955,AISKGConstrainedTransfer,sentence_local
35751378,D000077266,D016589,Negative_Correlation,D016589,0.5786587955,AISKGConstrainedTransfer,sentence_local
35751378,D000077266,D016593,Negative_Correlation,D016593,0.5884625986,AISKGConstrainedTransfer,sentence_local
35751378,D000077266,D018967,Negative_Correlation,D018967,0.540295658,AISKGConstrainedTransfer,sentence_local
35751378,D000077266,D020117,Negative_Correlation,D020117,0.5786587955,AISKGConstrainedTransfer,sentence_local
35751378,D001262,D008133,Positive_Correlation,D001262,0.440946606,AISKGConstrainedTransfer,sentence_local
35751378,D002746,D004329,Comparison,,0.3320786276,AISKGConstrainedTransfer,sentence_local
35751378,D002746,D006220,Negative_Correlation,D006220,0.4966379466,AISKGConstrainedTransfer,sentence_local
35751378,D002746,D010868,Negative_Correlation,D010868,0.5798325781,AISKGConstrainedTransfer,sentence_local
35751378,D002746,D011802,Negative_Correlation,D011802,0.4645794889,AISKGConstrainedTransfer,sentence_local
35751378,D002746,D013015,Negative_Correlation,D013015,0.4645794889,AISKGConstrainedTransfer,sentence_local
35751378,D002746,D013881,Negative_Correlation,D013881,0.4645794889,AISKGConstrainedTransfer,sentence_local
35751378,D002746,D016589,Comparison,,0.3320786276,AISKGConstrainedTransfer,sentence_local
35751378,D002746,D016593,Negative_Correlation,D016593,0.4751734967,AISKGConstrainedTransfer,sentence_local
35751378,D002746,D020117,Comparison,,0.3320786276,AISKGConstrainedTransfer,sentence_local
35751378,D004329,D006220,Negative_Correlation,D006220,0.4940815693,AISKGConstrainedTransfer,sentence_local
35751378,D004329,D010868,Negative_Correlation,D010868,0.5786587955,AISKGConstrainedTransfer,sentence_local
35751378,D004329,D011802,Negative_Correlation,D011802,0.5786587955,AISKGConstrainedTransfer,sentence_local
35751378,D004329,D013015,Negative_Correlation,D013015,0.461962118,AISKGConstrainedTransfer,sentence_local
35751378,D004329,D013881,Negative_Correlation,D013881,0.461962118,AISKGConstrainedTransfer,sentence_local
35751378,D004329,D016589,Negative_Correlation,D016589,0.5786587955,AISKGConstrainedTransfer,sentence_local
35751378,D004329,D016593,Negative_Correlation,D016593,0.4725321655,AISKGConstrainedTransfer,sentence_local
35751378,D004329,D018967,Negative_Correlation,D018967,0.540295658,AISKGConstrainedTransfer,sentence_local
35751378,D004329,D020117,Comparison,,0.3442973292,AISKGConstrainedTransfer,sentence_local
35751378,D006220,D010868,Negative_Correlation,D010868,0.31767273,AISKGConstrainedTransfer,sentence_local
35751378,D006220,D011802,Negative_Correlation,D011802,0.5966799321,AISKGConstrainedTransfer,sentence_local
35751378,D006220,D013015,Negative_Correlation,D013015,0.5966799321,AISKGConstrainedTransfer,sentence_local
35751378,D006220,D013881,Negative_Correlation,D013881,0.4861882875,AISKGConstrainedTransfer,sentence_local
35751378,D006220,D016589,Negative_Correlation,D016589,0.5966799321,AISKGConstrainedTransfer,sentence_local
35751378,D006220,D016593,Negative_Correlation,D016593,0.6059818527,AISKGConstrainedTransfer,sentence_local
35751378,D006220,D018967,Negative_Correlation,D018967,0.5600492545,AISKGConstrainedTransfer,sentence_local
35751378,D006220,D020117,Negative_Correlation,D020117,0.5966799321,AISKGConstrainedTransfer,sentence_local
35751378,D010868,D011802,Comparison,,0.3442973292,AISKGConstrainedTransfer,sentence_local
35751378,D010868,D013015,Negative_Correlation,D013015,0.5786587955,AISKGConstrainedTransfer,sentence_local
35751378,D010868,D013881,Negative_Correlation,D013881,0.5786587955,AISKGConstrainedTransfer,sentence_local
35751378,D010868,D016589,Negative_Correlation,D016589,0.461962118,AISKGConstrainedTransfer,sentence_local
35751378,D010868,D016593,Negative_Correlation,D016593,0.5884625986,AISKGConstrainedTransfer,sentence_local
35751378,D010868,D020117,Negative_Correlation,D020117,0.5786587955,AISKGConstrainedTransfer,sentence_local
35751378,D011802,D013881,Negative_Correlation,D013881,0.5556960471,AISKGConstrainedTransfer,sentence_local
35751378,D011802,D016589,Negative_Correlation,D016589,0.4432104321,AISKGConstrainedTransfer,sentence_local
35751378,D011802,D016593,Negative_Correlation,D016593,0.5655866871,AISKGConstrainedTransfer,sentence_local
35751378,D011802,D020117,Negative_Correlation,D020117,0.5556960471,AISKGConstrainedTransfer,sentence_local
35751378,D013015,D013881,Negative_Correlation,D013881,0.5786587955,AISKGConstrainedTransfer,sentence_local
35751378,D013015,D016589,Negative_Correlation,D016589,0.461962118,AISKGConstrainedTransfer,sentence_local
35751378,D013015,D016593,Comparison,,0.3549032734,AISKGConstrainedTransfer,sentence_local
35751378,D013015,D020117,Negative_Correlation,D020117,0.461962118,AISKGConstrainedTransfer,sentence_local
35751378,D013881,D016589,Negative_Correlation,D016589,0.461962118,AISKGConstrainedTransfer,sentence_local
35751378,D013881,D016593,Comparison,,0.3549032734,AISKGConstrainedTransfer,sentence_local
35751378,D013881,D018967,Negative_Correlation,D018967,0.540295658,AISKGConstrainedTransfer,sentence_local
35751378,D013881,D020117,Negative_Correlation,D020117,0.461962118,AISKGConstrainedTransfer,sentence_local
35751378,D016589,D016593,Negative_Correlation,D016593,0.4725321655,AISKGConstrainedTransfer,sentence_local
35751378,D016589,D020117,Comparison,,0.3442973292,AISKGConstrainedTransfer,sentence_local
35751378,D016593,D018967,Negative_Correlation,D018967,0.5930266494,AISKGConstrainedTransfer,sentence_local
35751378,D016593,D020117,Negative_Correlation,D020117,0.5010171712,AISKGConstrainedTransfer,sentence_local
35757841,1869,D001943,Association,1869,0.9599890811,AISKGConstrainedTransfer,sentence_local
35757841,2099,D001943,Association,2099,0.8758384214,AISKGConstrainedTransfer,sentence_local
35757841,2099,D009369,Association,2099,0.9316453973,AISKGConstrainedTransfer,sentence_local
35757841,2475,D001943,Association,2475,0.9219096335,AISKGConstrainedTransfer,sentence_local
35757841,2475,D009369,Association,2475,0.8912125381,AISKGConstrainedTransfer,sentence_local
35757841,5106,D001943,Association,5106,0.9078656556,AISKGConstrainedTransfer,sentence_local
35757841,5106,D005973,Association,D005973,0.3110549242,AISKGConstrainedTransfer,sentence_local
35757841,5106,D009369,Association,5106,0.8981246342,AISKGConstrainedTransfer,sentence_local
35757841,5106,D010728,Association,D010728,0.3508938389,AISKGConstrainedTransfer,sentence_local
35757841,5106,D014233,Association,D014233,0.4950506384,AISKGConstrainedTransfer,sentence_local
35757841,5106,D062907,Association,D062907,0.3508938389,AISKGConstrainedTransfer,sentence_local
35757841,D001943,D005947,Positive_Correlation,D001943,0.4493109123,AISKGConstrainedTransfer,sentence_local
35757841,D001943,D005973,Positive_Correlation,D001943,0.3905317963,AISKGConstrainedTransfer,sentence_local
35757841,D010728,D014233,Conversion,D014233,0.7154849827,AISKGConstrainedTransfer,sentence_local
35757841,D010728,D062907,Conversion,D062907,0.7073207814,AISKGConstrainedTransfer,sentence_local
35757841,D014233,D062907,Conversion,D062907,0.7276027818,AISKGConstrainedTransfer,sentence_local
35761436,2263,C000604580,Positive_Correlation,C000604580,0.40688763,AISKGConstrainedTransfer,sentence_local
35761436,2263,D000072716,Association,2263,0.6064468734,AISKGConstrainedTransfer,sentence_local
35761436,2263,D000564,Association,2263,0.9854233183,AISKGConstrainedTransfer,sentence_local
35761436,2263,D001927,Association,2263,0.513362328,AISKGConstrainedTransfer,sentence_local
35761436,C000604580,D000072716,Negative_Correlation,C000604580,0.7437956374,AISKGConstrainedTransfer,sentence_local
35761436,C000604580,D000564,Positive_Correlation,C000604580,0.5329679958,AISKGConstrainedTransfer,sentence_local
35761436,C000604580,D001927,Negative_Correlation,C000604580,0.7336257758,AISKGConstrainedTransfer,sentence_local
35772213,43740568,59272,Bind,43740568,0.5268635419,AISKGConstrainedTransfer,sentence_local
35780680,3569,D007249,Association,3569,0.7929626691,AISKGConstrainedTransfer,sentence_local
35780680,3569,D008070,Positive_Correlation,D008070,0.4461661193,AISKGConstrainedTransfer,sentence_local
35780680,4790,D008070,Positive_Correlation,D008070,0.6330679666,AISKGConstrainedTransfer,sentence_local
35780680,5594,84876,Positive_Correlation,84876,0.3926769269,AISKGConstrainedTransfer,sentence_local
35780680,5594,D008070,Positive_Correlation,D008070,0.6126768489,AISKGConstrainedTransfer,sentence_local
35780680,5595,84876,Positive_Correlation,84876,0.3926769269,AISKGConstrainedTransfer,sentence_local
35780680,5595,D008070,Positive_Correlation,D008070,0.6126768489,AISKGConstrainedTransfer,sentence_local
35780680,7099,D000090862,Association,7099,0.8911641503,AISKGConstrainedTransfer,sentence_local
35780680,7099,D002118,Association,D002118,0.4464653352,AISKGConstrainedTransfer,sentence_local
35780680,7099,D059350,Association,7099,0.9207242139,AISKGConstrainedTransfer,sentence_local
35780680,7124,D007249,Association,7124,0.8056440374,AISKGConstrainedTransfer,sentence_local
35780680,7124,D008070,Positive_Correlation,D008070,0.4145167623,AISKGConstrainedTransfer,sentence_local
35780680,84876,D000090862,Association,84876,0.8934190953,AISKGConstrainedTransfer,sentence_local
35780680,84876,D002118,Positive_Correlation,D002118,0.4403185144,AISKGConstrainedTransfer,sentence_local
35780680,84876,D007249,Association,84876,0.8939531847,AISKGConstrainedTransfer,sentence_local
35780680,84876,D008070,Positive_Correlation,D008070,0.5019218426,AISKGConstrainedTransfer,sentence_local
35780680,84876,D059350,Association,84876,0.8801029169,AISKGConstrainedTransfer,sentence_local
35780680,D002118,D007249,Positive_Correlation,D002118,0.4039241511,AISKGConstrainedTransfer,sentence_local
35817954,100911796,D000241,Association,D000241,0.7397979171,AISKGConstrainedTransfer,sentence_local
35817954,100911796,D005947,Positive_Correlation,D005947,0.4037409037,AISKGConstrainedTransfer,sentence_local
35817954,100911796,D007511,Association,100911796,0.8393820012,AISKGConstrainedTransfer,sentence_local
35817954,100911796,D010100,Negative_Correlation,D010100,0.4465216157,AISKGConstrainedTransfer,sentence_local
35817954,25369,C061282,Negative_Correlation,C061282,0.717321751,AISKGConstrainedTransfer,sentence_local
35817954,25369,C098657,Negative_Correlation,C098657,0.5956507386,AISKGConstrainedTransfer,sentence_local
35817954,25369,D000241,Association,D000241,0.7397979171,AISKGConstrainedTransfer,sentence_local
35817954,25369,D001464,Negative_Correlation,D001464,0.7083717497,AISKGConstrainedTransfer,sentence_local
35817954,25369,D002534,Association,25369,0.6847628998,AISKGConstrainedTransfer,sentence_local
35817954,25369,D002545,Association,25369,0.7261140592,AISKGConstrainedTransfer,sentence_local
35817954,25369,D005947,Negative_Correlation,D005947,0.5794348643,AISKGConstrainedTransfer,sentence_local
35817954,25369,D007511,Association,25369,0.8393820012,AISKGConstrainedTransfer,sentence_local
35817954,25369,D010100,Negative_Correlation,D010100,0.4465216157,AISKGConstrainedTransfer,sentence_local
35817954,25369,D018698,Negative_Correlation,D018698,0.729296992,AISKGConstrainedTransfer,sentence_local
35817954,29290,D000241,Association,D000241,0.7397979171,AISKGConstrainedTransfer,sentence_local
35817954,29290,D005947,Positive_Correlation,D005947,0.4037409037,AISKGConstrainedTransfer,sentence_local
35817954,29290,D007511,Association,29290,0.8393820012,AISKGConstrainedTransfer,sentence_local
35817954,29290,D010100,Negative_Correlation,D010100,0.4465216157,AISKGConstrainedTransfer,sentence_local
35817954,29316,D000241,Association,D000241,0.7397979171,AISKGConstrainedTransfer,sentence_local
35817954,29316,D005947,Positive_Correlation,D005947,0.4037409037,AISKGConstrainedTransfer,sentence_local
35817954,29316,D007511,Association,29316,0.8393820012,AISKGConstrainedTransfer,sentence_local
35817954,29316,D010100,Negative_Correlation,D010100,0.4465216157,AISKGConstrainedTransfer,sentence_local
35817954,C061282,D001464,Negative_Correlation,D001464,0.5045258254,AISKGConstrainedTransfer,sentence_local
35817954,C061282,D018698,Negative_Correlation,D018698,0.541926233,AISKGConstrainedTransfer,sentence_local
35817954,C098657,D002534,Positive_Correlation,C098657,0.4743617131,AISKGConstrainedTransfer,sentence_local
35817954,D000241,D007511,Positive_Correlation,D000241,0.7402371064,AISKGConstrainedTransfer,sentence_local
35817954,D001464,D018698,Negative_Correlation,D018698,0.5753142126,AISKGConstrainedTransfer,sentence_local
35817954,D002534,D005947,Negative_Correlation,D002534,0.4510559389,AISKGConstrainedTransfer,sentence_local
35817954,D002534,D010100,Negative_Correlation,D002534,0.5014297931,AISKGConstrainedTransfer,sentence_local
35817954,D005947,D007511,Positive_Correlation,D005947,0.552491757,AISKGConstrainedTransfer,sentence_local
35817954,D007511,D010100,Positive_Correlation,D007511,0.5890533845,AISKGConstrainedTransfer,sentence_local
35822697,4854,D046589,Association,4854,0.9021827578,AISKGConstrainedTransfer,sentence_local
35829840,149233,D009164,Association,149233,0.9603292212,AISKGConstrainedTransfer,sentence_local
35829840,149233,D009165,Association,149233,0.9251312898,AISKGConstrainedTransfer,sentence_local
35829840,3458,D009164,Association,3458,0.9288701112,AISKGConstrainedTransfer,sentence_local
35829840,3605,D009181,Association,3605,0.7871964206,AISKGConstrainedTransfer,sentence_local
35829840,51561,D009164,Association,51561,0.9168554109,AISKGConstrainedTransfer,sentence_local
35829840,51561,D009181,Association,51561,0.8031466303,AISKGConstrainedTransfer,sentence_local
35829840,D009164,p|SUB|C|115|Y,Positive_Correlation,p|SUB|C|115|Y,0.6294153797,AISKGConstrainedTransfer,sentence_local
35829840,D009164,rs368291075,Positive_Correlation,rs368291075,0.6264846077,AISKGConstrainedTransfer,sentence_local
35829840,D009165,rs368291075,Association,rs368291075,0.6170615713,AISKGConstrainedTransfer,sentence_local
35842466,43740575,D006147,Association,D006147,0.3122245549,AISKGConstrainedTransfer,sentence_local
35842466,43740575,D006160,Association,D006160,0.5100342093,AISKGConstrainedTransfer,sentence_local
35842466,43740575,D009843,Positive_Correlation,D009843,0.4002732951,AISKGConstrainedTransfer,sentence_local
35842466,43740575,D012313,Association,D012313,0.6286356037,AISKGConstrainedTransfer,sentence_local
35842466,D006147,p|SUB|W|330|A,Association,p|SUB|W|330|A,0.4442678691,AISKGConstrainedTransfer,sentence_local
35842466,D009843,p|SUB|W|330|A,Association,p|SUB|W|330|A,0.4522598161,AISKGConstrainedTransfer,sentence_local
35842466,D012313,p|SUB|W|330|A,Association,p|SUB|W|330|A,0.4948590459,AISKGConstrainedTransfer,sentence_local
35844799,407043,D000077192,Association,407043,0.8298244895,AISKGConstrainedTransfer,sentence_local
35844799,407043,D009369,Association,407043,0.9433043677,AISKGConstrainedTransfer,sentence_local
35844799,407044,D000077192,Association,407044,0.8298244895,AISKGConstrainedTransfer,sentence_local
35844799,407044,D009369,Association,407044,0.9433043677,AISKGConstrainedTransfer,sentence_local
35844799,407045,D000077192,Association,407045,0.8298244895,AISKGConstrainedTransfer,sentence_local
35844799,407045,D009369,Association,407045,0.9433043677,AISKGConstrainedTransfer,sentence_local
35844799,5594,D000077192,Association,5594,0.951548653,AISKGConstrainedTransfer,sentence_local
35844799,5594,D009369,Association,5594,0.9390879542,AISKGConstrainedTransfer,sentence_local
35844799,5595,D000077192,Association,5595,0.8298244895,AISKGConstrainedTransfer,sentence_local
35844799,5595,D009369,Association,5595,0.9390879542,AISKGConstrainedTransfer,sentence_local
35844799,595,D000077192,Association,595,0.951548653,AISKGConstrainedTransfer,sentence_local
35844799,595,D009369,Association,595,0.9386693775,AISKGConstrainedTransfer,sentence_local
35844799,8660,D000077192,Association,8660,0.951548653,AISKGConstrainedTransfer,sentence_local
35844799,8660,D009369,Association,8660,0.9359421908,AISKGConstrainedTransfer,sentence_local
35844799,D002945,D009369,Negative_Correlation,D002945,0.6176408928,AISKGConstrainedTransfer,sentence_local
35858331,1240,D007249,Association,1240,0.9323808248,AISKGConstrainedTransfer,sentence_local
35858331,1240,D015212,Association,1240,0.844756401,AISKGConstrainedTransfer,sentence_local
35858331,14747,4025,Association,,0.4222009642,AISKGConstrainedTransfer,sentence_local
35858331,14747,D001424,Association,14747,0.9112251048,AISKGConstrainedTransfer,sentence_local
35858331,14747,D003092,Association,14747,0.8487477469,AISKGConstrainedTransfer,sentence_local
35858331,14747,D007960,Association,14747,0.9381279306,AISKGConstrainedTransfer,sentence_local
35858331,14747,D013861,Negative_Correlation,D013861,0.3268264875,AISKGConstrainedTransfer,sentence_local
35858331,14747,D015212,Association,14747,0.880925223,AISKGConstrainedTransfer,sentence_local
35858331,14825,D007960,Association,14825,0.7595664612,AISKGConstrainedTransfer,sentence_local
35858331,14825,D013861,Negative_Correlation,D013861,0.3268264875,AISKGConstrainedTransfer,sentence_local
35858331,20310,D007960,Association,20310,0.7595664612,AISKGConstrainedTransfer,sentence_local
35858331,20310,D013861,Negative_Correlation,D013861,0.3268264875,AISKGConstrainedTransfer,sentence_local
35858331,4025,71660,Association,,0.4222009642,AISKGConstrainedTransfer,sentence_local
35858331,4025,76113,Association,,0.4222009642,AISKGConstrainedTransfer,sentence_local
35858331,4025,D007960,Association,4025,0.864915451,AISKGConstrainedTransfer,sentence_local
35858331,4025,D015212,Association,4025,0.8728718974,AISKGConstrainedTransfer,sentence_local
35858331,5919,D007249,Association,5919,0.9411183844,AISKGConstrainedTransfer,sentence_local
35858331,5919,D015212,Association,5919,0.844756401,AISKGConstrainedTransfer,sentence_local
35858331,71660,D001424,Association,71660,0.9112251048,AISKGConstrainedTransfer,sentence_local
35858331,71660,D003092,Association,71660,0.8313519108,AISKGConstrainedTransfer,sentence_local
35858331,71660,D007960,Association,71660,0.9381279306,AISKGConstrainedTransfer,sentence_local
35858331,71660,D013861,Negative_Correlation,D013861,0.3268264875,AISKGConstrainedTransfer,sentence_local
35858331,71660,D015212,Association,71660,0.880925223,AISKGConstrainedTransfer,sentence_local
35858331,76113,D001424,Association,76113,0.9297590241,AISKGConstrainedTransfer,sentence_local
35858331,76113,D003092,Association,76113,0.8726758841,AISKGConstrainedTransfer,sentence_local
35858331,76113,D007960,Association,76113,0.9381279306,AISKGConstrainedTransfer,sentence_local
35858331,76113,D013861,Negative_Correlation,D013861,0.3352609438,AISKGConstrainedTransfer,sentence_local
35858331,76113,D015212,Association,76113,0.880925223,AISKGConstrainedTransfer,sentence_local
35858331,D006861,D007960,Positive_Correlation,D006861,0.4644197533,AISKGConstrainedTransfer,sentence_local
35858331,D007960,D013861,Positive_Correlation,D007960,0.4450912654,AISKGConstrainedTransfer,sentence_local
35881285,24153,D002251,Negative_Correlation,D002251,0.3794333711,AISKGConstrainedTransfer,sentence_local
35881285,24153,D008103,Association,24153,0.6769618195,AISKGConstrainedTransfer,sentence_local
35881285,24153,D044945,Negative_Correlation,D044945,0.4918883262,AISKGConstrainedTransfer,sentence_local
35881285,24401,D001663,Positive_Correlation,D001663,0.4757077674,AISKGConstrainedTransfer,sentence_local
35881285,24401,D002251,Positive_Correlation,D002251,0.4406168844,AISKGConstrainedTransfer,sentence_local
35881285,24494,D007249,Association,24494,0.6902105942,AISKGConstrainedTransfer,sentence_local
35881285,24494,D044945,Negative_Correlation,D044945,0.6280078346,AISKGConstrainedTransfer,sentence_local
35881285,24498,D007249,Association,24498,0.6884681361,AISKGConstrainedTransfer,sentence_local
35881285,24498,D044945,Negative_Correlation,D044945,0.730598892,AISKGConstrainedTransfer,sentence_local
35881285,24835,D007249,Association,24835,0.7119585014,AISKGConstrainedTransfer,sentence_local
35881285,24835,D044945,Negative_Correlation,D044945,0.656543861,AISKGConstrainedTransfer,sentence_local
35881285,81670,D001663,Positive_Correlation,D001663,0.3101827776,AISKGConstrainedTransfer,sentence_local
35881285,81670,D002251,Positive_Correlation,D002251,0.4468815165,AISKGConstrainedTransfer,sentence_local
35881285,D002251,D007249,Positive_Correlation,D002251,0.6070494649,AISKGConstrainedTransfer,sentence_local
35881285,D002251,D008103,Positive_Correlation,D002251,0.6747680142,AISKGConstrainedTransfer,sentence_local
35881285,D002251,D056486,Positive_Correlation,D002251,0.7682948434,AISKGConstrainedTransfer,sentence_local
35881285,D005419,D044945,Comparison,,0.3643985855,AISKGConstrainedTransfer,sentence_local
35881285,D007249,D044945,Negative_Correlation,D007249,0.5132492449,AISKGConstrainedTransfer,sentence_local
35881285,D008103,D044945,Positive_Correlation,D008103,0.7108945502,AISKGConstrainedTransfer,sentence_local
35881285,D044945,D056486,Negative_Correlation,D044945,0.5291958182,AISKGConstrainedTransfer,sentence_local
35895835,120892,D010300,Association,120892,0.8715605363,AISKGConstrainedTransfer,sentence_local
35899201,79868,D002658,Association,79868,0.8076968957,AISKGConstrainedTransfer,sentence_local
35899201,79868,D008607,Association,79868,0.8659056567,AISKGConstrainedTransfer,sentence_local
35899201,79868,D012640,Association,79868,0.8902749893,AISKGConstrainedTransfer,sentence_local
35899201,79868,D013285,Association,79868,0.8730791444,AISKGConstrainedTransfer,sentence_local
35899201,79868,D040181,Association,79868,0.8010782309,AISKGConstrainedTransfer,sentence_local
35917186,16001,D000067877,Association,16001,0.9670145459,AISKGConstrainedTransfer,sentence_local
35917186,16001,D001321,Association,16001,0.9614425443,AISKGConstrainedTransfer,sentence_local
35917186,26413,D001321,Association,26413,0.9614425443,AISKGConstrainedTransfer,sentence_local
35917186,3480,D000067877,Association,3480,0.9670145459,AISKGConstrainedTransfer,sentence_local
35917186,57330,D000067404,Association,57330,0.8658780323,AISKGConstrainedTransfer,sentence_local
35917186,57330,D000067877,Association,57330,0.964300061,AISKGConstrainedTransfer,sentence_local
35917186,57330,D001321,Association,57330,0.9614425443,AISKGConstrainedTransfer,sentence_local
35917186,57330,D003072,Association,57330,0.8449563383,AISKGConstrainedTransfer,sentence_local
35917186,64599,D000067877,Association,64599,0.9527962146,AISKGConstrainedTransfer,sentence_local
35917186,64599,D003072,Association,64599,0.7671701769,AISKGConstrainedTransfer,sentence_local
35938004,55636,D000013,Association,55636,0.921555794,AISKGConstrainedTransfer,sentence_local
35938004,55636,D030342,Association,55636,0.8785305833,AISKGConstrainedTransfer,sentence_local
35938004,55636,D058747,Association,55636,0.922864931,AISKGConstrainedTransfer,sentence_local
35971028,3030,C536404,Association,3030,0.6731626326,AISKGConstrainedTransfer,sentence_local
35971028,3030,C566945,Association,3030,0.6666514722,AISKGConstrainedTransfer,sentence_local
35971028,3030,D006938,Association,3030,0.6308651534,AISKGConstrainedTransfer,sentence_local
35971028,3030,D061325,Association,3030,0.6671979551,AISKGConstrainedTransfer,sentence_local
35971028,3949,C536404,Association,3949,0.7947775287,AISKGConstrainedTransfer,sentence_local
35971028,3949,C566945,Association,3949,0.6996762632,AISKGConstrainedTransfer,sentence_local
35971028,3949,D006938,Association,3949,0.6789157187,AISKGConstrainedTransfer,sentence_local
35971028,3949,D061325,Association,3949,0.5929486971,AISKGConstrainedTransfer,sentence_local
35971028,672,C536404,Association,672,0.6769471883,AISKGConstrainedTransfer,sentence_local
35971028,672,C566945,Association,672,0.7123689212,AISKGConstrainedTransfer,sentence_local
35971028,672,D006938,Association,672,0.6929540269,AISKGConstrainedTransfer,sentence_local
35971028,672,D061325,Association,672,0.5541876672,AISKGConstrainedTransfer,sentence_local
35971028,7827,C536404,Association,7827,0.6265658151,AISKGConstrainedTransfer,sentence_local
35971028,7827,C566945,Association,7827,0.7634145216,AISKGConstrainedTransfer,sentence_local
35971028,7827,D006938,Association,7827,0.6330758831,AISKGConstrainedTransfer,sentence_local
35971028,7827,D061325,Association,7827,0.6064178857,AISKGConstrainedTransfer,sentence_local
35971028,C536404,c|DEL|1032|T,Positive_Correlation,c|DEL|1032|T,0.6035696001,AISKGConstrainedTransfer,sentence_local
35971028,C536404,c|DEL|3700_3704|,Positive_Correlation,c|DEL|3700_3704|,0.5566608146,AISKGConstrainedTransfer,sentence_local
35971028,C536404,rs137852769,Positive_Correlation,rs137852769,0.5338510999,AISKGConstrainedTransfer,sentence_local
35971028,C536404,rs373822756,Positive_Correlation,rs373822756,0.6617716078,AISKGConstrainedTransfer,sentence_local
35971028,C566945,c|DEL|1032|T,Positive_Correlation,c|DEL|1032|T,0.5037519458,AISKGConstrainedTransfer,sentence_local
35971028,C566945,c|DEL|3700_3704|,Positive_Correlation,c|DEL|3700_3704|,0.3748686259,AISKGConstrainedTransfer,sentence_local
35971028,C566945,rs137852769,Positive_Correlation,rs137852769,0.4818961634,AISKGConstrainedTransfer,sentence_local
35971028,C566945,rs373822756,Positive_Correlation,rs373822756,0.3561284742,AISKGConstrainedTransfer,sentence_local
35971028,D006938,c|DEL|1032|T,Positive_Correlation,c|DEL|1032|T,0.4437747802,AISKGConstrainedTransfer,sentence_local
35971028,D006938,c|DEL|3700_3704|,Positive_Correlation,c|DEL|3700_3704|,0.5720177078,AISKGConstrainedTransfer,sentence_local
35971028,D006938,rs137852769,Positive_Correlation,rs137852769,0.4536489618,AISKGConstrainedTransfer,sentence_local
35971028,D006938,rs373822756,Positive_Correlation,rs373822756,0.4761369643,AISKGConstrainedTransfer,sentence_local
35971028,D061325,c|DEL|1032|T,Positive_Correlation,c|DEL|1032|T,0.5537257863,AISKGConstrainedTransfer,sentence_local
35971028,D061325,c|DEL|3700_3704|,Positive_Correlation,c|DEL|3700_3704|,0.5996502178,AISKGConstrainedTransfer,sentence_local
35971028,D061325,rs137852769,Positive_Correlation,rs137852769,0.6651055294,AISKGConstrainedTransfer,sentence_local
35971028,D061325,rs373822756,Positive_Correlation,rs373822756,0.5311182986,AISKGConstrainedTransfer,sentence_local
35976913,12802,D002185,Negative_Correlation,D002185,0.5753388076,AISKGConstrainedTransfer,sentence_local
35976913,12802,D013759,Negative_Correlation,D013759,0.5753388076,AISKGConstrainedTransfer,sentence_local
36006710,14127,D000707,Association,14127,0.9155001312,AISKGConstrainedTransfer,sentence_local
36006710,208650,D000707,Association,208650,0.934692222,AISKGConstrainedTransfer,sentence_local
36006710,868,D000080223,Association,868,0.8318748159,AISKGConstrainedTransfer,sentence_local
36006710,868,D001327,Association,868,0.8720520597,AISKGConstrainedTransfer,sentence_local
36006710,868,D007154,Association,868,0.9597562489,AISKGConstrainedTransfer,sentence_local
36006710,D000707,p|SUB|H|257|L,Positive_Correlation,p|SUB|H|257|L,0.7175026681,AISKGConstrainedTransfer,sentence_local
36030825,851259,D006861,Negative_Correlation,D006861,0.315831844,AISKGConstrainedTransfer,sentence_local
36030825,851259,D013438,Association,D013438,0.7359580466,AISKGConstrainedTransfer,sentence_local
36030825,D000255,p|SUB|C||D,Association,p|SUB|C||D,0.5664263782,AISKGConstrainedTransfer,sentence_local
36030825,D000255,p|SUB|C||S,Association,p|SUB|C||S,0.3862627976,AISKGConstrainedTransfer,sentence_local
36030825,D006861,p|SUB|C||D,Association,p|SUB|C||D,0.5298420926,AISKGConstrainedTransfer,sentence_local
36030825,D006861,p|SUB|C||S,Association,p|SUB|C||S,0.4418069392,AISKGConstrainedTransfer,sentence_local
36043564,1813,D013705,Association,1813,0.8786471694,AISKGConstrainedTransfer,sentence_local
36043564,1813,D059350,Association,1813,0.9408715363,AISKGConstrainedTransfer,sentence_local
36043564,255239,D013705,Association,255239,0.8431984313,AISKGConstrainedTransfer,sentence_local
36043564,D059350,rs6276,Positive_Correlation,rs6276,0.6100394845,AISKGConstrainedTransfer,sentence_local
36056179,3552,C000604877,Negative_Correlation,C000604877,0.4280617005,AISKGConstrainedTransfer,sentence_local
36056179,7422,C000604877,Negative_Correlation,C000604877,0.3652224703,AISKGConstrainedTransfer,sentence_local
36056179,7422,D007249,Association,7422,0.9391601138,AISKGConstrainedTransfer,sentence_local
36056179,C000604877,D007249,Positive_Correlation,C000604877,0.4869459353,AISKGConstrainedTransfer,sentence_local
36056179,C000604877,D021441,Positive_Correlation,C000604877,0.5259244857,AISKGConstrainedTransfer,sentence_local
36056179,D000077146,D021441,Positive_Correlation,D000077146,0.5052802552,AISKGConstrainedTransfer,sentence_local
36056179,D000093542,D021441,Negative_Correlation,D000093542,0.474477031,AISKGConstrainedTransfer,sentence_local
36056179,D002955,D021441,Positive_Correlation,D002955,0.5426525124,AISKGConstrainedTransfer,sentence_local
36056179,D005472,D021441,Positive_Correlation,D005472,0.5259244857,AISKGConstrainedTransfer,sentence_local
36063114,773,D000069279,Association,773,0.9393214542,AISKGConstrainedTransfer,sentence_local
36063114,773,D001284,Association,773,0.8917956934,AISKGConstrainedTransfer,sentence_local
36063114,773,D001927,Association,773,0.8657627178,AISKGConstrainedTransfer,sentence_local
36063114,773,D002526,Association,773,0.8917956934,AISKGConstrainedTransfer,sentence_local
36063114,773,D002658,Association,773,0.9346914979,AISKGConstrainedTransfer,sentence_local
36063114,773,D003072,Association,773,0.8165113698,AISKGConstrainedTransfer,sentence_local
36063114,773,D004827,Association,773,0.8831065607,AISKGConstrainedTransfer,sentence_local
36066413,1956,D000068437,Negative_Correlation,D000068437,0.5528812965,AISKGConstrainedTransfer,sentence_local
36066413,1956,D008175,Association,1956,0.861196401,AISKGConstrainedTransfer,sentence_local
36066413,1956,D009369,Association,1956,0.9177253429,AISKGConstrainedTransfer,sentence_local
36066413,29110,D000068437,Negative_Correlation,D000068437,0.6111719985,AISKGConstrainedTransfer,sentence_local
36066413,340061,D000068437,Association,D000068437,0.3700589126,AISKGConstrainedTransfer,sentence_local
36066413,340061,D008175,Association,340061,0.8222574182,AISKGConstrainedTransfer,sentence_local
36066413,340061,D009369,Association,340061,0.7446009402,AISKGConstrainedTransfer,sentence_local
36066413,3661,D000068437,Negative_Correlation,D000068437,0.6111719985,AISKGConstrainedTransfer,sentence_local
36066413,4233,D000068437,Negative_Correlation,D000068437,0.5528812965,AISKGConstrainedTransfer,sentence_local
36066413,4233,D008175,Association,4233,0.8606996682,AISKGConstrainedTransfer,sentence_local
36066413,4233,D009369,Association,4233,0.8243685689,AISKGConstrainedTransfer,sentence_local
36066413,4907,D008175,Association,4907,0.8903112458,AISKGConstrainedTransfer,sentence_local
36066413,4907,D009369,Association,4907,0.7960086205,AISKGConstrainedTransfer,sentence_local
36066413,6772,D000068437,Negative_Correlation,D000068437,0.6111719985,AISKGConstrainedTransfer,sentence_local
36066413,8061,D008175,Association,8061,0.8695255707,AISKGConstrainedTransfer,sentence_local
36066413,D000068437,D000241,Negative_Correlation,D000241,0.415538998,AISKGConstrainedTransfer,sentence_local
36066413,D000068437,D008175,Negative_Correlation,D000068437,0.5205049908,AISKGConstrainedTransfer,sentence_local
36066413,D000068437,D009369,Positive_Correlation,D000068437,0.4586843491,AISKGConstrainedTransfer,sentence_local
36069435,1364,C035598,Positive_Correlation,C035598,0.3229811516,AISKGConstrainedTransfer,sentence_local
36069435,C035598,D004767,Positive_Correlation,C035598,0.7403298721,AISKGConstrainedTransfer,sentence_local
36073307,3569,D000080424,Association,3569,0.9565636125,AISKGConstrainedTransfer,sentence_local
36073307,D000068437,D000077192,Negative_Correlation,D000068437,0.479547471,AISKGConstrainedTransfer,sentence_local
36073307,D000074324,D000077192,Negative_Correlation,D000074324,0.479547471,AISKGConstrainedTransfer,sentence_local
36073307,D000074324,D000080424,Positive_Correlation,D000074324,0.6515953989,AISKGConstrainedTransfer,sentence_local
36073307,D000074324,D000086382,Positive_Correlation,D000074324,0.6272754652,AISKGConstrainedTransfer,sentence_local
36073307,D000074324,D002289,Positive_Correlation,D000074324,0.5583086262,AISKGConstrainedTransfer,sentence_local
36073307,D000077192,D000077594,Negative_Correlation,D000077192,0.3672537531,AISKGConstrainedTransfer,sentence_local
36073307,D000077192,D016190,Negative_Correlation,D000077192,0.3978544227,AISKGConstrainedTransfer,sentence_local
36073307,D000077594,D000080424,Positive_Correlation,D000077594,0.6515953989,AISKGConstrainedTransfer,sentence_local
36073307,D000077594,D000086382,Positive_Correlation,D000077594,0.6272754652,AISKGConstrainedTransfer,sentence_local
36073307,D000077594,D002289,Positive_Correlation,D000077594,0.5583086262,AISKGConstrainedTransfer,sentence_local
36073307,D000077594,D003967,Positive_Correlation,D000077594,0.5563232538,AISKGConstrainedTransfer,sentence_local
36073307,D000077594,D005334,Positive_Correlation,D000077594,0.5030221192,AISKGConstrainedTransfer,sentence_local
36073307,D000080424,D000082082,Positive_Correlation,D000080424,0.7547647008,AISKGConstrainedTransfer,sentence_local
36073307,D000082082,D000086382,Positive_Correlation,D000082082,0.6259804841,AISKGConstrainedTransfer,sentence_local
36073307,D000082082,D002289,Positive_Correlation,D000082082,0.556950819,AISKGConstrainedTransfer,sentence_local
36104326,546,C538258,Association,546,0.9183791024,AISKGConstrainedTransfer,sentence_local
36104326,546,D003057,Association,546,0.9248663485,AISKGConstrainedTransfer,sentence_local
36104326,C538258,c|SUB|G|21-1|A,Positive_Correlation,c|SUB|G|21-1|A,0.5724861095,AISKGConstrainedTransfer,sentence_local
36104326,D003057,c|SUB|G|21-1|A,Positive_Correlation,c|SUB|G|21-1|A,0.5337202767,AISKGConstrainedTransfer,sentence_local
36106887,3974689,C001205,Association,C001205,0.4571374985,AISKGConstrainedTransfer,sentence_local
36106887,3974689,D002738,Association,D002738,0.5728242681,AISKGConstrainedTransfer,sentence_local
36106887,3974689,D008288,Association,3974689,0.899207654,AISKGConstrainedTransfer,sentence_local
36106887,C001205,p|SUB|I|431|V,Association,p|SUB|I|431|V,0.5799451344,AISKGConstrainedTransfer,sentence_local
36106887,D002738,D008288,Association,D002738,0.3315679638,AISKGConstrainedTransfer,sentence_local
36107259,10411,D000242,Positive_Correlation,D000242,0.6266084206,AISKGConstrainedTransfer,sentence_local
36107259,5032,D000242,Association,D000242,0.7683441783,AISKGConstrainedTransfer,sentence_local
36107259,5032,D002118,Association,D002118,0.6461251145,AISKGConstrainedTransfer,sentence_local
36107259,5141,D000242,Negative_Correlation,D000242,0.4289275922,AISKGConstrainedTransfer,sentence_local
36107259,5578,D000242,Association,D000242,0.4438460394,AISKGConstrainedTransfer,sentence_local
36107259,5578,D002118,Association,D002118,0.3302800927,AISKGConstrainedTransfer,sentence_local
36107259,7422,D000242,Positive_Correlation,D000242,0.4230549097,AISKGConstrainedTransfer,sentence_local
36119652,43740578,C000719967,Negative_Correlation,C000719967,0.6932156707,AISKGConstrainedTransfer,sentence_local
36121916,11278,D000244,Association,D000244,0.4217065476,AISKGConstrainedTransfer,sentence_local
36121916,11278,D000255,Positive_Correlation,D000255,0.3863144536,AISKGConstrainedTransfer,sentence_local
36121916,11278,D005947,Positive_Correlation,D005947,0.5071817605,AISKGConstrainedTransfer,sentence_local
36121916,11278,D013964,Association,11278,0.9116486108,AISKGConstrainedTransfer,sentence_local
36121916,11278,D019344,Association,D019344,0.3934908012,AISKGConstrainedTransfer,sentence_local
36121916,23528,D000244,Association,D000244,0.4217065476,AISKGConstrainedTransfer,sentence_local
36121916,23528,D000255,Positive_Correlation,D000255,0.4310211564,AISKGConstrainedTransfer,sentence_local
36121916,23528,D005947,Positive_Correlation,D005947,0.5071817605,AISKGConstrainedTransfer,sentence_local
36121916,23528,D013964,Association,23528,0.9116486108,AISKGConstrainedTransfer,sentence_local
36121916,23528,D019344,Association,D019344,0.3934908012,AISKGConstrainedTransfer,sentence_local
36121916,5970,D000244,Association,D000244,0.4217065476,AISKGConstrainedTransfer,sentence_local
36121916,5970,D000255,Positive_Correlation,D000255,0.4310211564,AISKGConstrainedTransfer,sentence_local
36121916,5970,D005947,Positive_Correlation,D005947,0.5071817605,AISKGConstrainedTransfer,sentence_local
36121916,5970,D013964,Association,5970,0.9116486108,AISKGConstrainedTransfer,sentence_local
36121916,5970,D019344,Association,D019344,0.3934908012,AISKGConstrainedTransfer,sentence_local
36121916,D000244,D013964,Positive_Correlation,D000244,0.6046162167,AISKGConstrainedTransfer,sentence_local
36121916,D000255,D013964,Positive_Correlation,D000255,0.6046162167,AISKGConstrainedTransfer,sentence_local
36121916,D005947,D013964,Negative_Correlation,D005947,0.4919020841,AISKGConstrainedTransfer,sentence_local
36121916,D013964,D014238,Positive_Correlation,D013964,0.4111740424,AISKGConstrainedTransfer,sentence_local
36121916,D013964,D019289,Positive_Correlation,D013964,0.6415564493,AISKGConstrainedTransfer,sentence_local
36121916,D013964,D019344,Positive_Correlation,D013964,0.630424752,AISKGConstrainedTransfer,sentence_local
36126070,1071,D009765,Association,1071,0.8159931306,AISKGConstrainedTransfer,sentence_local
36126070,1071,D050177,Association,1071,0.616030179,AISKGConstrainedTransfer,sentence_local
36126070,3952,D009765,Association,3952,0.6627838227,AISKGConstrainedTransfer,sentence_local
36126070,3952,D050177,Association,3952,0.616030179,AISKGConstrainedTransfer,sentence_local
36126070,3953,D009765,Association,3953,0.8159931306,AISKGConstrainedTransfer,sentence_local
36126070,3953,D050177,Association,3953,0.616030179,AISKGConstrainedTransfer,sentence_local
36126070,79068,D009765,Association,79068,0.8159931306,AISKGConstrainedTransfer,sentence_local
36126070,79068,D050177,Association,79068,0.616030179,AISKGConstrainedTransfer,sentence_local
36126070,9370,D009765,Association,9370,0.8570893149,AISKGConstrainedTransfer,sentence_local
36126070,9370,D050177,Association,9370,0.616030179,AISKGConstrainedTransfer,sentence_local
36126070,D009765,rs1137101,Positive_Correlation,rs1137101,0.4683467287,AISKGConstrainedTransfer,sentence_local
36126070,D009765,rs1421085,Positive_Correlation,rs1421085,0.4683467287,AISKGConstrainedTransfer,sentence_local
36126070,D009765,rs1558902,Positive_Correlation,rs1558902,0.4683467287,AISKGConstrainedTransfer,sentence_local
36126070,D009765,rs17817449,Positive_Correlation,rs17817449,0.4915792667,AISKGConstrainedTransfer,sentence_local
36126070,D009765,rs2241766,Positive_Correlation,rs2241766,0.6349603067,AISKGConstrainedTransfer,sentence_local
36126070,D009765,rs9939609,Positive_Correlation,rs9939609,0.4915792667,AISKGConstrainedTransfer,sentence_local
36134995,282863,D008414,Association,282863,0.9057675049,AISKGConstrainedTransfer,sentence_local
36135322,4352,C488777,Negative_Correlation,C488777,0.7338073925,AISKGConstrainedTransfer,sentence_local
36135322,4352,D016179,Negative_Correlation,D016179,0.8203924671,AISKGConstrainedTransfer,sentence_local
36135322,6603,C537592,Association,6603,0.9114818189,AISKGConstrainedTransfer,sentence_local
36135322,6603,D000084063,Association,6603,0.9146536418,AISKGConstrainedTransfer,sentence_local
36135322,6603,D009190,Association,6603,0.9040584402,AISKGConstrainedTransfer,sentence_local
36135322,6603,D009503,Association,6603,0.9145494334,AISKGConstrainedTransfer,sentence_local
36135322,6603,D016179,Association,D016179,0.51588032,AISKGConstrainedTransfer,sentence_local
36135322,C537592,D016179,Positive_Correlation,C537592,0.3816280929,AISKGConstrainedTransfer,sentence_local
36135322,C537592,c|DEL|1081|,Positive_Correlation,c|DEL|1081|,0.473590972,AISKGConstrainedTransfer,sentence_local
36135322,C537592,p|SUB|R|73|,Positive_Correlation,p|SUB|R|73|,0.5410896904,AISKGConstrainedTransfer,sentence_local
36135322,C537592,rs1215296259,Positive_Correlation,rs1215296259,0.535022424,AISKGConstrainedTransfer,sentence_local
36135322,C537592,rs1423900007,Positive_Correlation,rs1423900007,0.6488202936,AISKGConstrainedTransfer,sentence_local
36135322,D000084063,D016179,Positive_Correlation,D000084063,0.3887918826,AISKGConstrainedTransfer,sentence_local
36135322,D009190,D016179,Positive_Correlation,D009190,0.3816280929,AISKGConstrainedTransfer,sentence_local
36135322,D009503,D016179,Positive_Correlation,D009503,0.4914156151,AISKGConstrainedTransfer,sentence_local
36139522,C108475,D007559,Cotreatment,,0.458317959,AISKGConstrainedTransfer,sentence_local
36139522,C108475,D009369,Positive_Correlation,C108475,0.3703972834,AISKGConstrainedTransfer,sentence_local
36139522,C108475,D017239,Cotreatment,,0.4526603674,AISKGConstrainedTransfer,sentence_local
36139522,C108475,D018297,Negative_Correlation,C108475,0.6102444722,AISKGConstrainedTransfer,sentence_local
36139522,D007559,D009369,Positive_Correlation,D007559,0.3703972834,AISKGConstrainedTransfer,sentence_local
36139522,D007559,D018297,Negative_Correlation,D007559,0.6102444722,AISKGConstrainedTransfer,sentence_local
36139522,D008687,D009369,Negative_Correlation,D008687,0.3910033424,AISKGConstrainedTransfer,sentence_local
36139522,D009369,D017239,Positive_Correlation,D009369,0.409517095,AISKGConstrainedTransfer,sentence_local
36139522,D009369,D017964,Positive_Correlation,D009369,0.409517095,AISKGConstrainedTransfer,sentence_local
36139522,D009369,D019386,Positive_Correlation,D009369,0.4588450182,AISKGConstrainedTransfer,sentence_local
36139522,D017239,D018297,Negative_Correlation,D017239,0.6174233266,AISKGConstrainedTransfer,sentence_local
36139815,105787,20869,Association,,0.4142819036,AISKGConstrainedTransfer,sentence_local
36139815,105787,D001663,Association,D001663,0.7295645663,AISKGConstrainedTransfer,sentence_local
36139815,109778,D001663,Association,D001663,0.7120801156,AISKGConstrainedTransfer,sentence_local
36139815,109778,D004365,Association,D004365,0.6243950691,AISKGConstrainedTransfer,sentence_local
36139815,20656,D004365,Negative_Correlation,D004365,0.4653496671,AISKGConstrainedTransfer,sentence_local
36139815,20869,D001663,Positive_Correlation,D001663,0.5443771903,AISKGConstrainedTransfer,sentence_local
36139815,223696,D004365,Negative_Correlation,D004365,0.4746252753,AISKGConstrainedTransfer,sentence_local
36139815,26379,D001663,Positive_Correlation,D001663,0.5443771903,AISKGConstrainedTransfer,sentence_local
36139815,67952,D004365,Negative_Correlation,D004365,0.4746252753,AISKGConstrainedTransfer,sentence_local
36139815,68346,D001663,Association,D001663,0.6899598916,AISKGConstrainedTransfer,sentence_local
36139815,93759,D001663,Positive_Correlation,D001663,0.5443771903,AISKGConstrainedTransfer,sentence_local
36139815,D001663,D004365,Association,D001663,0.5259128776,AISKGConstrainedTransfer,sentence_local
36140341,1432,3726,Association,,0.4309295926,AISKGConstrainedTransfer,sentence_local
36140341,1432,4790,Association,,0.4497951566,AISKGConstrainedTransfer,sentence_local
36140341,3726,4790,Association,,0.4475934166,AISKGConstrainedTransfer,sentence_local
36140341,3726,5594,Association,,0.4617131724,AISKGConstrainedTransfer,sentence_local
36140341,4790,5594,Association,,0.5008705971,AISKGConstrainedTransfer,sentence_local
36140341,7100,D002289,Association,7100,0.837685931,AISKGConstrainedTransfer,sentence_local
36140341,7100,D008175,Association,7100,0.9278027032,AISKGConstrainedTransfer,sentence_local
36140341,7100,D029424,Association,7100,0.9278027032,AISKGConstrainedTransfer,sentence_local
36140341,D002289,rs2072493,Positive_Correlation,rs2072493,0.606383104,AISKGConstrainedTransfer,sentence_local
36140341,D002289,rs5744174,Positive_Correlation,rs5744174,0.5905111134,AISKGConstrainedTransfer,sentence_local
36140341,D002289,rs725084,Positive_Correlation,rs725084,0.5905111134,AISKGConstrainedTransfer,sentence_local
36140341,D002294,rs5744174,Positive_Correlation,rs5744174,0.5530250237,AISKGConstrainedTransfer,sentence_local
36140341,D002294,rs725084,Positive_Correlation,rs725084,0.5530250237,AISKGConstrainedTransfer,sentence_local
36140341,D029424,rs2072493,Positive_Correlation,rs2072493,0.6078874445,AISKGConstrainedTransfer,sentence_local
36140341,D029424,rs5744174,Positive_Correlation,rs5744174,0.5913929745,AISKGConstrainedTransfer,sentence_local
36140341,D029424,rs725084,Positive_Correlation,rs725084,0.5913929745,AISKGConstrainedTransfer,sentence_local
36140807,100009704,D020964,Association,100009704,0.6645111256,AISKGConstrainedTransfer,sentence_local
36140807,100056517,D020964,Association,100056517,0.8028155767,AISKGConstrainedTransfer,sentence_local
36140807,D020964,g|SUB|A|79544206|T,Positive_Correlation,g|SUB|A|79544206|T,0.4699721807,AISKGConstrainedTransfer,sentence_local
36140807,D020964,p|SUB|C|70|Y,Positive_Correlation,p|SUB|C|70|Y,0.3671211282,AISKGConstrainedTransfer,sentence_local
36142345,2147,7035,Positive_Correlation,7035,0.4156337651,AISKGConstrainedTransfer,sentence_local
36142345,2147,D001778,Association,2147,0.6177706788,AISKGConstrainedTransfer,sentence_local
36142345,2147,D004228,Negative_Correlation,D004228,0.5001558376,AISKGConstrainedTransfer,sentence_local
36142345,2147,D013438,Negative_Correlation,D013438,0.5067914305,AISKGConstrainedTransfer,sentence_local
36142345,2152,D001778,Association,2152,0.8547360061,AISKGConstrainedTransfer,sentence_local
36142345,2152,D013438,Association,D013438,0.412038647,AISKGConstrainedTransfer,sentence_local
36142345,2153,D001778,Association,2153,0.6668062431,AISKGConstrainedTransfer,sentence_local
36142345,2153,D004228,Negative_Correlation,D004228,0.4981153328,AISKGConstrainedTransfer,sentence_local
36142345,2153,D013438,Negative_Correlation,D013438,0.511447107,AISKGConstrainedTransfer,sentence_local
36142345,2244,7035,Positive_Correlation,7035,0.4770341378,AISKGConstrainedTransfer,sentence_local
36142345,2244,D001778,Association,2244,0.6121010704,AISKGConstrainedTransfer,sentence_local
36142345,2244,D004228,Negative_Correlation,D004228,0.4428868319,AISKGConstrainedTransfer,sentence_local
36142345,2244,D013438,Negative_Correlation,D013438,0.511447107,AISKGConstrainedTransfer,sentence_local
36142345,43740568,D000086382,Association,43740568,0.8854605948,AISKGConstrainedTransfer,sentence_local
36142345,43740568,D001778,Association,43740568,0.8547360061,AISKGConstrainedTransfer,sentence_local
36142345,43740568,D004228,Negative_Correlation,D004228,0.4286916596,AISKGConstrainedTransfer,sentence_local
36142345,43740568,D013438,Negative_Correlation,D013438,0.5726061363,AISKGConstrainedTransfer,sentence_local
36142345,7035,D000086382,Association,7035,0.8854605948,AISKGConstrainedTransfer,sentence_local
36142345,7035,D001778,Association,7035,0.6257026423,AISKGConstrainedTransfer,sentence_local
36142345,7035,D004228,Negative_Correlation,D004228,0.4981153328,AISKGConstrainedTransfer,sentence_local
36142345,7035,D013438,Negative_Correlation,D013438,0.5143152187,AISKGConstrainedTransfer,sentence_local
36142345,7035,D013927,Association,7035,0.902706661,AISKGConstrainedTransfer,sentence_local
36142345,D001778,D013438,Positive_Correlation,D001778,0.3672046961,AISKGConstrainedTransfer,sentence_local
36142345,D013438,D013927,Negative_Correlation,D013438,0.585915918,AISKGConstrainedTransfer,sentence_local
36142500,16176,D008070,Negative_Correlation,D008070,0.4268472316,AISKGConstrainedTransfer,sentence_local
36142500,16176,D009569,Positive_Correlation,D009569,0.3144516607,AISKGConstrainedTransfer,sentence_local
36142500,16193,C561435,Negative_Correlation,C561435,0.48639814,AISKGConstrainedTransfer,sentence_local
36142500,16193,D008070,Negative_Correlation,D008070,0.5701952736,AISKGConstrainedTransfer,sentence_local
36142500,16476,C561435,Association,C561435,0.6540253985,AISKGConstrainedTransfer,sentence_local
36142500,18033,C561435,Association,C561435,0.4264432222,AISKGConstrainedTransfer,sentence_local
36142500,18033,D007249,Association,18033,0.8865586916,AISKGConstrainedTransfer,sentence_local
36142500,18033,D008070,Negative_Correlation,D008070,0.3422305762,AISKGConstrainedTransfer,sentence_local
36142500,18035,C561435,Negative_Correlation,C561435,0.5845230265,AISKGConstrainedTransfer,sentence_local
36142500,18035,D008070,Negative_Correlation,D008070,0.5668244355,AISKGConstrainedTransfer,sentence_local
36142500,18126,D008070,Positive_Correlation,D008070,0.3838314512,AISKGConstrainedTransfer,sentence_local
36142500,18126,D009569,Positive_Correlation,D009569,0.3603476552,AISKGConstrainedTransfer,sentence_local
36142500,19225,D008070,Positive_Correlation,D008070,0.3534423412,AISKGConstrainedTransfer,sentence_local
36142500,19225,D009569,Negative_Correlation,D009569,0.3436641043,AISKGConstrainedTransfer,sentence_local
36142500,21926,C561435,Negative_Correlation,C561435,0.560805871,AISKGConstrainedTransfer,sentence_local
36142500,21926,D008070,Negative_Correlation,D008070,0.560805871,AISKGConstrainedTransfer,sentence_local
36142500,26398,C561435,Association,C561435,0.5684373844,AISKGConstrainedTransfer,sentence_local
36142500,26414,26419,Association,,0.4682444757,AISKGConstrainedTransfer,sentence_local
36142500,26414,C561435,Positive_Correlation,C561435,0.4625857103,AISKGConstrainedTransfer,sentence_local
36142500,26414,D000255,Positive_Correlation,D000255,0.3959018476,AISKGConstrainedTransfer,sentence_local
36142500,26414,D002280,Association,26414,0.6588892218,AISKGConstrainedTransfer,sentence_local
36142500,26419,C561435,Association,C561435,0.3716701967,AISKGConstrainedTransfer,sentence_local
36142500,26419,D000255,Association,D000255,0.5794187962,AISKGConstrainedTransfer,sentence_local
36142500,26419,D007249,Association,26419,0.8817263727,AISKGConstrainedTransfer,sentence_local
36142500,26419,D008070,Negative_Correlation,D008070,0.6147616316,AISKGConstrainedTransfer,sentence_local
36142500,319757,C561435,Positive_Correlation,C561435,0.3675880488,AISKGConstrainedTransfer,sentence_local
36142500,319757,D002280,Association,319757,0.5535459435,AISKGConstrainedTransfer,sentence_local
36142500,C561435,D000255,Association,C561435,0.4169872096,AISKGConstrainedTransfer,sentence_local
36142500,C561435,D002280,Negative_Correlation,C561435,0.5440123066,AISKGConstrainedTransfer,sentence_local
36142500,C561435,D007249,Positive_Correlation,C561435,0.593397213,AISKGConstrainedTransfer,sentence_local
36142500,C561435,D008070,Negative_Correlation,D008070,0.3979598252,AISKGConstrainedTransfer,sentence_local
36142500,C561435,D020078,Positive_Correlation,C561435,0.4787729914,AISKGConstrainedTransfer,sentence_local
36142500,D007249,D008070,Positive_Correlation,D007249,0.4482977358,AISKGConstrainedTransfer,sentence_local
36142607,1728,D000077195,Association,1728,0.9436334056,AISKGConstrainedTransfer,sentence_local
36142607,1728,D005182,Negative_Correlation,D005182,0.4846077239,AISKGConstrainedTransfer,sentence_local
36142607,1728,D009362,Association,1728,0.8631332065,AISKGConstrainedTransfer,sentence_local
36142607,221883,D000077195,Association,221883,0.8212278424,AISKGConstrainedTransfer,sentence_local
36142607,221883,D005182,Negative_Correlation,D005182,0.4846077239,AISKGConstrainedTransfer,sentence_local
36142607,221883,D009362,Association,221883,0.8857200918,AISKGConstrainedTransfer,sentence_local
36142607,221883,D009369,Association,221883,0.8505440843,AISKGConstrainedTransfer,sentence_local
36142607,221883,D015179,Association,221883,0.9554723532,AISKGConstrainedTransfer,sentence_local
36142607,2597,D005182,Positive_Correlation,D005182,0.4209422101,AISKGConstrainedTransfer,sentence_local
36142607,4199,D019344,Positive_Correlation,D019344,0.4970035251,AISKGConstrainedTransfer,sentence_local
36142607,4835,C015145,Positive_Correlation,C015145,0.4508774473,AISKGConstrainedTransfer,sentence_local
36142607,4835,D000077195,Association,4835,0.9550588399,AISKGConstrainedTransfer,sentence_local
36142607,4835,D009243,Positive_Correlation,D009243,0.5120118775,AISKGConstrainedTransfer,sentence_local
36142607,4835,D009362,Association,4835,0.8881670846,AISKGConstrainedTransfer,sentence_local
36142607,4835,D012266,Positive_Correlation,D012266,0.4508774473,AISKGConstrainedTransfer,sentence_local
36142607,574452,D000077195,Association,574452,0.9397133366,AISKGConstrainedTransfer,sentence_local
36142607,C015145,D009243,Negative_Correlation,D009243,0.3644225083,AISKGConstrainedTransfer,sentence_local
36142607,D009243,D012266,Negative_Correlation,D012266,0.3644225083,AISKGConstrainedTransfer,sentence_local
36145636,338,D006470,Association,338,0.8247434677,AISKGConstrainedTransfer,sentence_local
36145636,348,D006470,Association,348,0.8131218402,AISKGConstrainedTransfer,sentence_local
36145636,5243,D006470,Association,5243,0.7564344229,AISKGConstrainedTransfer,sentence_local
36145636,D000069552,D000740,Positive_Correlation,D000069552,0.5029261026,AISKGConstrainedTransfer,sentence_local
36145636,D000069552,D006470,Positive_Correlation,D000069552,0.5021644549,AISKGConstrainedTransfer,sentence_local
36145636,D006470,rs13306198,Positive_Correlation,rs13306198,0.6168095234,AISKGConstrainedTransfer,sentence_local
36145636,D006470,rs3842,Positive_Correlation,rs3842,0.6397599868,AISKGConstrainedTransfer,sentence_local
36147124,D003345,D014376,Negative_Correlation,D003345,0.5906306708,AISKGConstrainedTransfer,sentence_local
36147124,D004802,D004977,Positive_Correlation,D004802,0.7438874426,AISKGConstrainedTransfer,sentence_local
36147124,D004802,D007538,Positive_Correlation,D004802,0.7438874426,AISKGConstrainedTransfer,sentence_local
36147124,D004802,D011718,Positive_Correlation,D004802,0.7438874426,AISKGConstrainedTransfer,sentence_local
36147124,D004802,D012293,Positive_Correlation,D004802,0.7438874426,AISKGConstrainedTransfer,sentence_local
36147124,D004977,D005076,Positive_Correlation,D004977,0.7462378033,AISKGConstrainedTransfer,sentence_local
36147124,D004977,D005334,Positive_Correlation,D004977,0.7462378033,AISKGConstrainedTransfer,sentence_local
36147124,D004977,D014397,Positive_Correlation,D004977,0.5294663941,AISKGConstrainedTransfer,sentence_local
36147124,D004977,D056486,Positive_Correlation,D004977,0.7695846186,AISKGConstrainedTransfer,sentence_local
36147124,D005076,D007538,Positive_Correlation,D005076,0.7438874426,AISKGConstrainedTransfer,sentence_local
36147124,D005076,D011718,Positive_Correlation,D005076,0.7438874426,AISKGConstrainedTransfer,sentence_local
36147124,D005076,D012293,Positive_Correlation,D005076,0.7438874426,AISKGConstrainedTransfer,sentence_local
36147124,D005334,D007538,Positive_Correlation,D005334,0.7438874426,AISKGConstrainedTransfer,sentence_local
36147124,D005334,D011718,Positive_Correlation,D005334,0.7438874426,AISKGConstrainedTransfer,sentence_local
36147124,D005334,D012293,Positive_Correlation,D005334,0.7438874426,AISKGConstrainedTransfer,sentence_local
36147124,D007538,D056486,Positive_Correlation,D007538,0.7695846186,AISKGConstrainedTransfer,sentence_local
36147124,D011718,D056486,Positive_Correlation,D011718,0.7695846186,AISKGConstrainedTransfer,sentence_local
36147124,D012293,D056486,Positive_Correlation,D012293,0.7695846186,AISKGConstrainedTransfer,sentence_local
36147124,D013256,D014397,Negative_Correlation,D013256,0.5700439679,AISKGConstrainedTransfer,sentence_local
36147124,D013256,D063926,Negative_Correlation,D013256,0.5907070867,AISKGConstrainedTransfer,sentence_local
36147124,D013307,D014397,Positive_Correlation,D013307,0.5294663941,AISKGConstrainedTransfer,sentence_local
36147124,D014397,D064704,Positive_Correlation,D014397,0.5881613354,AISKGConstrainedTransfer,sentence_local
36153348,1017,D001943,Association,1017,0.9227986499,AISKGConstrainedTransfer,sentence_local
36153348,1017,D009369,Association,1017,0.7899037914,AISKGConstrainedTransfer,sentence_local
36153348,1019,D001943,Association,1019,0.9247276217,AISKGConstrainedTransfer,sentence_local
36153348,1019,D009369,Association,1019,0.7803836721,AISKGConstrainedTransfer,sentence_local
36153348,1021,D001943,Association,1021,0.9247276217,AISKGConstrainedTransfer,sentence_local
36153348,1021,D009369,Association,1021,0.7899037914,AISKGConstrainedTransfer,sentence_local
36153348,1588,D001943,Association,1588,0.9225730254,AISKGConstrainedTransfer,sentence_local
36153348,2099,D001943,Association,2099,0.9255374478,AISKGConstrainedTransfer,sentence_local
36153348,2099,D009369,Association,2099,0.821877291,AISKGConstrainedTransfer,sentence_local
36153348,898,D001943,Association,898,0.4740556366,AISKGConstrainedTransfer,sentence_local
36153348,898,D009369,Association,898,0.7800877501,AISKGConstrainedTransfer,sentence_local
36154845,10599,D009135,Association,10599,0.8446310373,AISKGConstrainedTransfer,sentence_local
36154845,D000068718,D000069059,Comparison,,0.530313733,AISKGConstrainedTransfer,sentence_local
36154845,D000068718,D000077144,Comparison,,0.5387197557,AISKGConstrainedTransfer,sentence_local
36154845,D000068718,D014859,Comparison,,0.5318727163,AISKGConstrainedTransfer,sentence_local
36154845,D000069059,D000077144,Comparison,,0.5352626833,AISKGConstrainedTransfer,sentence_local
36154845,D000069059,D014859,Comparison,,0.5282080577,AISKGConstrainedTransfer,sentence_local
36154845,D000077144,D002318,Positive_Correlation,D000077144,0.621611935,AISKGConstrainedTransfer,sentence_local
36154845,D002318,D014859,Positive_Correlation,D002318,0.6675565737,AISKGConstrainedTransfer,sentence_local
36154845,D009135,rs4149056,Positive_Correlation,rs4149056,0.5400856301,AISKGConstrainedTransfer,sentence_local
36160414,7361,D014635,Cotreatment,,0.4079678837,AISKGConstrainedTransfer,sentence_local
36160414,7361,D020719,Association,D020719,0.4745838661,AISKGConstrainedTransfer,sentence_local
36160414,7364,D004827,Association,7364,0.8947921301,AISKGConstrainedTransfer,sentence_local
36160414,D004827,D014635,Positive_Correlation,D004827,0.4904931506,AISKGConstrainedTransfer,sentence_local
36160414,D014635,D020719,Conversion,D020719,0.7109354324,AISKGConstrainedTransfer,sentence_local
36160880,C079198,C553458,Cotreatment,,0.5731813419,AISKGConstrainedTransfer,sentence_local
36160880,C079198,D005221,Positive_Correlation,C079198,0.5792777896,AISKGConstrainedTransfer,sentence_local
36160880,C079198,D006973,Positive_Correlation,C079198,0.6048180464,AISKGConstrainedTransfer,sentence_local
36160880,C079198,D007970,Positive_Correlation,C079198,0.6259389167,AISKGConstrainedTransfer,sentence_local
36160880,C079198,D013274,Positive_Correlation,C079198,0.4792685699,AISKGConstrainedTransfer,sentence_local
36160880,C553458,D000077150,Cotreatment,,0.5731813419,AISKGConstrainedTransfer,sentence_local
36160880,C553458,D005221,Positive_Correlation,C553458,0.5792777896,AISKGConstrainedTransfer,sentence_local
36160880,C553458,D006973,Positive_Correlation,C553458,0.6048180464,AISKGConstrainedTransfer,sentence_local
36160880,C553458,D007970,Positive_Correlation,C553458,0.5792777896,AISKGConstrainedTransfer,sentence_local
36160880,C553458,D013274,Negative_Correlation,C553458,0.6432270366,AISKGConstrainedTransfer,sentence_local
36160880,D000077150,D005221,Positive_Correlation,D000077150,0.5792777896,AISKGConstrainedTransfer,sentence_local
36160880,D000077150,D006973,Positive_Correlation,D000077150,0.6048180464,AISKGConstrainedTransfer,sentence_local
36160880,D000077150,D007970,Positive_Correlation,D000077150,0.6259389167,AISKGConstrainedTransfer,sentence_local
36160880,D000077150,D013274,Positive_Correlation,D000077150,0.4792685699,AISKGConstrainedTransfer,sentence_local
36168628,10643,C010223,Negative_Correlation,C010223,0.4348676997,AISKGConstrainedTransfer,sentence_local
36168628,10643,D005909,Association,10643,0.9485947751,AISKGConstrainedTransfer,sentence_local
36168628,207,285962,Association,,0.475790358,AISKGConstrainedTransfer,sentence_local
36168628,207,6185,Association,,0.475790358,AISKGConstrainedTransfer,sentence_local
36168628,207,8453,Association,,0.475790358,AISKGConstrainedTransfer,sentence_local
36168628,207,D005909,Association,207,0.9557865807,AISKGConstrainedTransfer,sentence_local
36168628,285962,5290,Association,,0.475790358,AISKGConstrainedTransfer,sentence_local
36168628,285962,8453,Association,,0.51264223,AISKGConstrainedTransfer,sentence_local
36168628,285962,C010223,Negative_Correlation,C010223,0.4334437554,AISKGConstrainedTransfer,sentence_local
36168628,285962,D000069439,Negative_Correlation,D000069439,0.3938075594,AISKGConstrainedTransfer,sentence_local
36168628,285962,D005909,Association,285962,0.9069699083,AISKGConstrainedTransfer,sentence_local
36168628,5290,6185,Association,,0.475790358,AISKGConstrainedTransfer,sentence_local
36168628,5290,8453,Association,,0.475790358,AISKGConstrainedTransfer,sentence_local
36168628,5290,D005909,Association,5290,0.9557865807,AISKGConstrainedTransfer,sentence_local
36168628,6185,C010223,Negative_Correlation,C010223,0.4975996595,AISKGConstrainedTransfer,sentence_local
36168628,6185,D005909,Association,6185,0.9870995856,AISKGConstrainedTransfer,sentence_local
36168628,8453,D005909,Association,8453,0.9557865807,AISKGConstrainedTransfer,sentence_local
36168628,C010223,D005909,Positive_Correlation,C010223,0.5914846004,AISKGConstrainedTransfer,sentence_local
36168628,C010223,D009369,Positive_Correlation,C010223,0.6301283361,AISKGConstrainedTransfer,sentence_local
36168628,D000069439,D005909,Positive_Correlation,D000069439,0.5187768146,AISKGConstrainedTransfer,sentence_local
36172092,4015,D013345,Association,4015,0.8002889421,AISKGConstrainedTransfer,sentence_local
36172092,4015,D017542,Association,4015,0.9263015875,AISKGConstrainedTransfer,sentence_local
36172092,4016,D013345,Association,4016,0.9161141235,AISKGConstrainedTransfer,sentence_local
36172092,4016,D017542,Association,4016,0.9091953597,AISKGConstrainedTransfer,sentence_local
36172092,4017,D013345,Association,4017,0.9161141235,AISKGConstrainedTransfer,sentence_local
36172092,4017,D017542,Association,4017,0.9091953597,AISKGConstrainedTransfer,sentence_local
36172092,84171,D013345,Association,84171,0.9161141235,AISKGConstrainedTransfer,sentence_local
36172092,84171,D017542,Association,84171,0.9294880239,AISKGConstrainedTransfer,sentence_local
36172092,84695,D013345,Association,84695,0.9161141235,AISKGConstrainedTransfer,sentence_local
36172092,84695,D017542,Association,84695,0.9091953597,AISKGConstrainedTransfer,sentence_local
36172092,D017542,rs10519694,Association,rs10519694,0.4928915435,AISKGConstrainedTransfer,sentence_local
36172092,D017542,rs1063582,Positive_Correlation,rs1063582,0.6421504281,AISKGConstrainedTransfer,sentence_local
36172092,D017542,rs17010021,Positive_Correlation,rs17010021,0.6421504281,AISKGConstrainedTransfer,sentence_local
36172092,D017542,rs17010022,Association,rs17010022,0.583367811,AISKGConstrainedTransfer,sentence_local
36172092,D017542,rs1800449,Association,rs1800449,0.4928915435,AISKGConstrainedTransfer,sentence_local
36172092,D017542,rs2165241,Positive_Correlation,rs2165241,0.6421504281,AISKGConstrainedTransfer,sentence_local
36172092,D017542,rs3793692,Association,rs3793692,0.4928915435,AISKGConstrainedTransfer,sentence_local
36173498,43740568,59272,Bind,43740568,0.5722107721,AISKGConstrainedTransfer,sentence_local
36173498,43740568,D007239,Association,43740568,0.8543169723,AISKGConstrainedTransfer,sentence_local
36173498,59272,D007239,Association,59272,0.9522580014,AISKGConstrainedTransfer,sentence_local
36174980,280682,D003907,Positive_Correlation,D003907,0.3526443444,AISKGConstrainedTransfer,sentence_local
36174980,280682,D006003,Negative_Correlation,D006003,0.4102612989,AISKGConstrainedTransfer,sentence_local
36174980,280943,D002118,Negative_Correlation,D002118,0.429024979,AISKGConstrainedTransfer,sentence_local
36174980,281179,D003907,Positive_Correlation,D003907,0.3526443444,AISKGConstrainedTransfer,sentence_local
36174980,281251,D002118,Negative_Correlation,D002118,0.4159903552,AISKGConstrainedTransfer,sentence_local
36174980,281251,D003907,Positive_Correlation,D003907,0.3984097033,AISKGConstrainedTransfer,sentence_local
36174980,281251,D010758,Positive_Correlation,D010758,0.4257964134,AISKGConstrainedTransfer,sentence_local
36174980,281946,D000255,Positive_Correlation,D000255,0.3916587717,AISKGConstrainedTransfer,sentence_local
36174980,281946,D003907,Positive_Correlation,D003907,0.3830084676,AISKGConstrainedTransfer,sentence_local
36174980,281946,D006003,Negative_Correlation,D006003,0.3921793342,AISKGConstrainedTransfer,sentence_local
36174980,282356,D000255,Positive_Correlation,D000255,0.3746928748,AISKGConstrainedTransfer,sentence_local
36174980,282356,D003907,Association,D003907,0.3260679292,AISKGConstrainedTransfer,sentence_local
36174980,282356,D005947,Positive_Correlation,D005947,0.4848307263,AISKGConstrainedTransfer,sentence_local
36174980,282356,D006003,Negative_Correlation,D006003,0.440438662,AISKGConstrainedTransfer,sentence_local
36174980,282356,D010428,Association,D010428,0.320500244,AISKGConstrainedTransfer,sentence_local
36174980,282356,D014233,Association,D014233,0.3322438838,AISKGConstrainedTransfer,sentence_local
36174980,282361,D000255,Positive_Correlation,D000255,0.3899998552,AISKGConstrainedTransfer,sentence_local
36174980,282361,D003907,Positive_Correlation,D003907,0.3467242906,AISKGConstrainedTransfer,sentence_local
36174980,282361,D005947,Positive_Correlation,D005947,0.5216243103,AISKGConstrainedTransfer,sentence_local
36174980,282361,D006003,Negative_Correlation,D006003,0.4225042259,AISKGConstrainedTransfer,sentence_local
36174980,282361,D010428,Association,D010428,0.3604493211,AISKGConstrainedTransfer,sentence_local
36174980,282361,D014233,Positive_Correlation,D014233,0.3579141469,AISKGConstrainedTransfer,sentence_local
36174980,506544,D003907,Positive_Correlation,D003907,0.3526443444,AISKGConstrainedTransfer,sentence_local
36174980,508233,D000255,Positive_Correlation,D000255,0.356188044,AISKGConstrainedTransfer,sentence_local
36174980,508233,D003907,Positive_Correlation,D003907,0.3906239081,AISKGConstrainedTransfer,sentence_local
36174980,508233,D006003,Negative_Correlation,D006003,0.4225042259,AISKGConstrainedTransfer,sentence_local
36174980,517016,D002118,Negative_Correlation,D002118,0.41815503,AISKGConstrainedTransfer,sentence_local
36174980,D003907,D006943,Positive_Correlation,D003907,0.4838679745,AISKGConstrainedTransfer,sentence_local
36174980,D003907,D007960,Positive_Correlation,D003907,0.6833649026,AISKGConstrainedTransfer,sentence_local
36174980,D010428,D014233,Conversion,D014233,0.713137066,AISKGConstrainedTransfer,sentence_local
36174993,11009,6774,Positive_Correlation,6774,0.4577379788,AISKGConstrainedTransfer,sentence_local
36174993,11009,D000911,Positive_Correlation,D000911,0.4702399259,AISKGConstrainedTransfer,sentence_local
36174993,11009,D001249,Association,11009,0.8824315323,AISKGConstrainedTransfer,sentence_local
36174993,11009,D006967,Association,11009,0.8819399291,AISKGConstrainedTransfer,sentence_local
36174993,11009,D007249,Association,11009,0.8819399291,AISKGConstrainedTransfer,sentence_local
36174993,11009,D012130,Association,11009,0.8415318119,AISKGConstrainedTransfer,sentence_local
36174993,16171,D001249,Association,16171,0.5271878373,AISKGConstrainedTransfer,sentence_local
36174993,16171,D007249,Association,16171,0.9174042378,AISKGConstrainedTransfer,sentence_local
36174993,16171,D008070,Positive_Correlation,D008070,0.6978383163,AISKGConstrainedTransfer,sentence_local
36174993,16171,D008679,Association,16171,0.5944604784,AISKGConstrainedTransfer,sentence_local
36174993,16171,D012130,Association,16171,0.9174042378,AISKGConstrainedTransfer,sentence_local
36174993,27178,6774,Positive_Correlation,6774,0.4577379788,AISKGConstrainedTransfer,sentence_local
36174993,27178,D001249,Association,27178,0.9119371155,AISKGConstrainedTransfer,sentence_local
36174993,27178,D007249,Association,27178,0.8602163135,AISKGConstrainedTransfer,sentence_local
36174993,27178,D008679,Association,27178,0.5944604784,AISKGConstrainedTransfer,sentence_local
36174993,27178,D012130,Association,27178,0.8602163135,AISKGConstrainedTransfer,sentence_local
36174993,27178,D034741,Positive_Correlation,D034741,0.4912822778,AISKGConstrainedTransfer,sentence_local
36174993,3605,6774,Positive_Correlation,6774,0.4577379788,AISKGConstrainedTransfer,sentence_local
36174993,3605,D000911,Positive_Correlation,D000911,0.5318085293,AISKGConstrainedTransfer,sentence_local
36174993,3605,D001249,Association,3605,0.9264363266,AISKGConstrainedTransfer,sentence_local
36174993,3605,D007249,Association,3605,0.8415318119,AISKGConstrainedTransfer,sentence_local
36174993,3605,D012130,Association,3605,0.8415318119,AISKGConstrainedTransfer,sentence_local
36174993,93672,D001249,Association,93672,0.6397603088,AISKGConstrainedTransfer,sentence_local
36174993,93672,D007249,Association,93672,0.8815259745,AISKGConstrainedTransfer,sentence_local
36174993,93672,D008070,Positive_Correlation,D008070,0.6978383163,AISKGConstrainedTransfer,sentence_local
36174993,93672,D008679,Association,93672,0.5944604784,AISKGConstrainedTransfer,sentence_local
36174993,93672,D012130,Association,93672,0.8815259745,AISKGConstrainedTransfer,sentence_local
36174993,D001249,D008070,Positive_Correlation,D001249,0.8305240828,AISKGConstrainedTransfer,sentence_local
36174993,D001249,D034741,Positive_Correlation,D001249,0.6256593735,AISKGConstrainedTransfer,sentence_local
36176335,65250,C536293,Association,65250,0.9508373838,AISKGConstrainedTransfer,sentence_local
36176335,65250,D001259,Association,65250,0.7958209211,AISKGConstrainedTransfer,sentence_local
36182010,D002637,g|SUB|C|14408|T,Positive_Correlation,g|SUB|C|14408|T,0.7493031205,AISKGConstrainedTransfer,sentence_local
36182010,D002637,g|SUB|C|3916|T,Positive_Correlation,g|SUB|C|3916|T,0.6146296323,AISKGConstrainedTransfer,sentence_local
36182010,D002637,g|SUB|G|28881|A,Positive_Correlation,g|SUB|G|28881|A,0.6984737997,AISKGConstrainedTransfer,sentence_local
36182010,D002637,g|SUB|G|28882|A,Positive_Correlation,g|SUB|G|28882|A,0.6959694242,AISKGConstrainedTransfer,sentence_local
36182010,D002637,g|SUB|G|28883|C,Positive_Correlation,g|SUB|G|28883|C,0.7182770842,AISKGConstrainedTransfer,sentence_local
36182010,D010612,g|SUB|C|14408|T,Positive_Correlation,g|SUB|C|14408|T,0.8488385088,AISKGConstrainedTransfer,sentence_local
36182010,D010612,g|SUB|C|3916|T,Positive_Correlation,g|SUB|C|3916|T,0.7834104202,AISKGConstrainedTransfer,sentence_local
36182010,D010612,g|SUB|G|28881|A,Positive_Correlation,g|SUB|G|28881|A,0.7772815832,AISKGConstrainedTransfer,sentence_local
36182010,D010612,g|SUB|G|28882|A,Positive_Correlation,g|SUB|G|28882|A,0.7726966686,AISKGConstrainedTransfer,sentence_local
36182010,D010612,g|SUB|G|28883|C,Positive_Correlation,g|SUB|G|28883|C,0.7246952514,AISKGConstrainedTransfer,sentence_local
36183834,10146,D014364,Association,D014364,0.5539680444,AISKGConstrainedTransfer,sentence_local
36183834,4076,D014364,Association,D014364,0.3680021271,AISKGConstrainedTransfer,sentence_local
36183834,9100,D014364,Association,D014364,0.4169139431,AISKGConstrainedTransfer,sentence_local
36185574,114548,340061,Association,,0.4253416415,AISKGConstrainedTransfer,sentence_local
36185574,114548,7494,Association,,0.4748009785,AISKGConstrainedTransfer,sentence_local
36185574,114548,D005234,Association,114548,0.9332657628,AISKGConstrainedTransfer,sentence_local
36185574,114548,D008103,Association,114548,0.8947611566,AISKGConstrainedTransfer,sentence_local
36185574,12176,214763,Association,,0.6621711347,AISKGConstrainedTransfer,sentence_local
36185574,12176,D008103,Association,12176,0.9105154683,AISKGConstrainedTransfer,sentence_local
36185574,214763,22433,Association,,0.624303958,AISKGConstrainedTransfer,sentence_local
36185574,214763,D008103,Association,214763,0.933471333,AISKGConstrainedTransfer,sentence_local
36185574,214763,D028361,Association,214763,0.9287991682,AISKGConstrainedTransfer,sentence_local
36185574,216799,D002251,Positive_Correlation,D002251,0.5614782854,AISKGConstrainedTransfer,sentence_local
36185574,216799,D002794,Positive_Correlation,D002794,0.4285357114,AISKGConstrainedTransfer,sentence_local
36185574,216799,D008103,Association,216799,0.933471333,AISKGConstrainedTransfer,sentence_local
36185574,216799,D008715,Positive_Correlation,D008715,0.4973841777,AISKGConstrainedTransfer,sentence_local
36185574,216799,D028361,Association,216799,0.9287991682,AISKGConstrainedTransfer,sentence_local
36185574,22433,D002251,Positive_Correlation,D002251,0.470696964,AISKGConstrainedTransfer,sentence_local
36185574,22433,D002794,Positive_Correlation,D002794,0.4026965494,AISKGConstrainedTransfer,sentence_local
36185574,22433,D005355,Association,22433,0.7551818134,AISKGConstrainedTransfer,sentence_local
36185574,22433,D008103,Association,22433,0.7473552848,AISKGConstrainedTransfer,sentence_local
36185574,22433,D008715,Positive_Correlation,D008715,0.4026965494,AISKGConstrainedTransfer,sentence_local
36185574,340061,7494,Association,,0.4233450081,AISKGConstrainedTransfer,sentence_local
36185574,340061,D008103,Association,340061,0.8243416829,AISKGConstrainedTransfer,sentence_local
36185574,72512,D002251,Positive_Correlation,D002251,0.4973841777,AISKGConstrainedTransfer,sentence_local
36185574,72512,D002794,Positive_Correlation,D002794,0.4285357114,AISKGConstrainedTransfer,sentence_local
36185574,72512,D008103,Association,72512,0.8894214805,AISKGConstrainedTransfer,sentence_local
36185574,72512,D008715,Positive_Correlation,D008715,0.4285357114,AISKGConstrainedTransfer,sentence_local
36185574,72512,D028361,Association,72512,0.9287991682,AISKGConstrainedTransfer,sentence_local
36185574,7494,D005234,Association,7494,0.9434434093,AISKGConstrainedTransfer,sentence_local
36185574,7494,D005355,Association,7494,0.9054455176,AISKGConstrainedTransfer,sentence_local
36185574,7494,D008103,Association,7494,0.9179599754,AISKGConstrainedTransfer,sentence_local
36185574,D002251,D008103,Positive_Correlation,D002251,0.7385683706,AISKGConstrainedTransfer,sentence_local
36185574,D002794,D008103,Positive_Correlation,D002794,0.7317144889,AISKGConstrainedTransfer,sentence_local
36185574,D002794,D008715,Comparison,,0.4937612534,AISKGConstrainedTransfer,sentence_local
36185574,D008103,D008715,Positive_Correlation,D008103,0.7516860468,AISKGConstrainedTransfer,sentence_local
36188601,110355,D000420,Negative_Correlation,D000420,0.4767157965,AISKGConstrainedTransfer,sentence_local
36188601,110355,D001168,Association,110355,0.928817359,AISKGConstrainedTransfer,sentence_local
36188601,11555,D001168,Association,11555,0.8541052537,AISKGConstrainedTransfer,sentence_local
36188601,11555,D007249,Association,11555,0.8406739789,AISKGConstrainedTransfer,sentence_local
36188601,12043,D000420,Negative_Correlation,D000420,0.3625045625,AISKGConstrainedTransfer,sentence_local
36188601,12043,D001168,Association,12043,0.776977678,AISKGConstrainedTransfer,sentence_local
36188601,12043,D007545,Negative_Correlation,D007545,0.3822362655,AISKGConstrainedTransfer,sentence_local
36188601,12359,D000420,Negative_Correlation,D000420,0.3320353612,AISKGConstrainedTransfer,sentence_local
36188601,12359,D001168,Association,12359,0.8998166927,AISKGConstrainedTransfer,sentence_local
36188601,12359,D007545,Negative_Correlation,D007545,0.3553030245,AISKGConstrainedTransfer,sentence_local
36188601,16176,D001168,Association,16176,0.9142135476,AISKGConstrainedTransfer,sentence_local
36188601,16176,D005978,Association,D005978,0.3330347432,AISKGConstrainedTransfer,sentence_local
36188601,16176,D007545,Negative_Correlation,D007545,0.3308120387,AISKGConstrainedTransfer,sentence_local
36188601,16193,D000420,Negative_Correlation,D000420,0.3290829955,AISKGConstrainedTransfer,sentence_local
36188601,16193,D001168,Association,16193,0.7050733354,AISKGConstrainedTransfer,sentence_local
36188601,16193,D007545,Negative_Correlation,D007545,0.3489495151,AISKGConstrainedTransfer,sentence_local
36188601,17392,D000420,Negative_Correlation,D000420,0.57462898,AISKGConstrainedTransfer,sentence_local
36188601,17392,D007545,Negative_Correlation,D007545,0.5899595714,AISKGConstrainedTransfer,sentence_local
36188601,17395,D000420,Negative_Correlation,D000420,0.5850491253,AISKGConstrainedTransfer,sentence_local
36188601,17395,D007545,Negative_Correlation,D007545,0.599913648,AISKGConstrainedTransfer,sentence_local
36188601,20309,D000420,Negative_Correlation,D000420,0.3580897375,AISKGConstrainedTransfer,sentence_local
36188601,20309,D001168,Association,20309,0.6927521454,AISKGConstrainedTransfer,sentence_local
36188601,20309,D007545,Negative_Correlation,D007545,0.3776265778,AISKGConstrainedTransfer,sentence_local
36188601,216869,D000420,Negative_Correlation,D000420,0.365759949,AISKGConstrainedTransfer,sentence_local
36188601,216869,D001168,Association,216869,0.928817359,AISKGConstrainedTransfer,sentence_local
36188601,21926,D000420,Negative_Correlation,D000420,0.3451337602,AISKGConstrainedTransfer,sentence_local
36188601,21926,D001168,Association,21926,0.7600847408,AISKGConstrainedTransfer,sentence_local
36188601,21926,D007545,Negative_Correlation,D007545,0.3642683156,AISKGConstrainedTransfer,sentence_local
36188601,23794,D000420,Negative_Correlation,D000420,0.5850491253,AISKGConstrainedTransfer,sentence_local
36188601,23794,D007545,Negative_Correlation,D007545,0.599913648,AISKGConstrainedTransfer,sentence_local
36188601,83995,D000420,Negative_Correlation,D000420,0.5447590706,AISKGConstrainedTransfer,sentence_local
36188601,83995,D007545,Negative_Correlation,D007545,0.5610032419,AISKGConstrainedTransfer,sentence_local
36188601,D000420,D001168,Positive_Correlation,D000420,0.4536338631,AISKGConstrainedTransfer,sentence_local
36188601,D001168,D005978,Positive_Correlation,D001168,0.4973326599,AISKGConstrainedTransfer,sentence_local
36188601,D001168,D007545,Positive_Correlation,D001168,0.4931769564,AISKGConstrainedTransfer,sentence_local
36193787,1956,D000077716,Association,D000077716,0.3876836983,AISKGConstrainedTransfer,sentence_local
36193787,1956,D002289,Association,1956,0.9306271111,AISKGConstrainedTransfer,sentence_local
36193787,1956,D009362,Association,1956,0.8582507763,AISKGConstrainedTransfer,sentence_local
36193787,D000077156,D009362,Positive_Correlation,D000077156,0.3678271598,AISKGConstrainedTransfer,sentence_local
36193787,D000077716,D002289,Negative_Correlation,D000077716,0.4575710705,AISKGConstrainedTransfer,sentence_local
36193787,D000077716,D009362,Positive_Correlation,D000077716,0.505249336,AISKGConstrainedTransfer,sentence_local
36193787,D000077716,p|SUB|L|747|V,Association,p|SUB|L|747|V,0.5113443418,AISKGConstrainedTransfer,sentence_local
36193787,D000077716,rs121434568,Association,rs121434568,0.5113443418,AISKGConstrainedTransfer,sentence_local
36193787,D002289,p|SUB|L|747|V,Positive_Correlation,p|SUB|L|747|V,0.6381135141,AISKGConstrainedTransfer,sentence_local
36193787,D002289,rs121434568,Positive_Correlation,rs121434568,0.7363834446,AISKGConstrainedTransfer,sentence_local
36193787,D009362,p|SUB|L|747|V,Association,p|SUB|L|747|V,0.5333836408,AISKGConstrainedTransfer,sentence_local
36193787,D009362,rs121434568,Association,rs121434568,0.5333836408,AISKGConstrainedTransfer,sentence_local
36193932,217,D000083242,Association,217,0.9348591524,AISKGConstrainedTransfer,sentence_local
36193932,217,D000431,Association,D000431,0.5823228779,AISKGConstrainedTransfer,sentence_local
36193932,217,D006710,Association,D006710,0.4171292592,AISKGConstrainedTransfer,sentence_local
36193932,3992,745,Association,,0.4174049351,AISKGConstrainedTransfer,sentence_local
36193932,3992,9415,Association,,0.4174049351,AISKGConstrainedTransfer,sentence_local
36193932,3992,D000083242,Association,3992,0.9547158129,AISKGConstrainedTransfer,sentence_local
36193932,3992,D005231,Association,D005231,0.5950130133,AISKGConstrainedTransfer,sentence_local
36193932,3992,D020521,Association,3992,0.9092540184,AISKGConstrainedTransfer,sentence_local
36193932,4524,D000083242,Association,4524,0.9311409686,AISKGConstrainedTransfer,sentence_local
36193932,4524,D000431,Association,D000431,0.4711937793,AISKGConstrainedTransfer,sentence_local
36193932,4524,D006710,Association,D006710,0.4598530849,AISKGConstrainedTransfer,sentence_local
36193932,745,9415,Association,,0.4174049351,AISKGConstrainedTransfer,sentence_local
36193932,745,D000083242,Association,745,0.9547158129,AISKGConstrainedTransfer,sentence_local
36193932,745,D005231,Association,D005231,0.5950130133,AISKGConstrainedTransfer,sentence_local
36193932,745,D020521,Association,745,0.9135486176,AISKGConstrainedTransfer,sentence_local
36193932,9415,D000083242,Association,9415,0.9514861492,AISKGConstrainedTransfer,sentence_local
36193932,9415,D005231,Association,D005231,0.5950130133,AISKGConstrainedTransfer,sentence_local
36193932,9415,D020521,Association,9415,0.9092540184,AISKGConstrainedTransfer,sentence_local
36193932,D000083242,D000431,Positive_Correlation,D000083242,0.6100594389,AISKGConstrainedTransfer,sentence_local
36193932,D000083242,D005231,Positive_Correlation,D000083242,0.7078778885,AISKGConstrainedTransfer,sentence_local
36193932,D000083242,D006710,Positive_Correlation,D000083242,0.5946517549,AISKGConstrainedTransfer,sentence_local
36193932,D000083242,rs1801133,Positive_Correlation,rs1801133,0.5175824926,AISKGConstrainedTransfer,sentence_local
36193932,D000431,rs671,Association,rs671,0.8116715076,AISKGConstrainedTransfer,sentence_local
36193932,D020521,rs174535,Association,rs174535,0.4793666597,AISKGConstrainedTransfer,sentence_local
36193932,D020521,rs174545,Association,rs174545,0.4793666597,AISKGConstrainedTransfer,sentence_local
36193932,D020521,rs3834458,Association,rs3834458,0.4793666597,AISKGConstrainedTransfer,sentence_local
36195861,3559,D002547,Association,3559,0.91064864,AISKGConstrainedTransfer,sentence_local
36195861,D002547,rs12244380,Association,rs12244380,0.5012488395,AISKGConstrainedTransfer,sentence_local
36195861,D002547,rs12722561,Positive_Correlation,rs12722561,0.7856229234,AISKGConstrainedTransfer,sentence_local
36195861,D002547,rs2025345,Positive_Correlation,rs2025345,0.7170717119,AISKGConstrainedTransfer,sentence_local
36195861,D002547,rs2104286,Association,rs2104286,0.5228735138,AISKGConstrainedTransfer,sentence_local
36195861,D002547,rs4749926,Association,rs4749926,0.5228735138,AISKGConstrainedTransfer,sentence_local
36195861,D002547,rs706778,Association,rs706778,0.5228735138,AISKGConstrainedTransfer,sentence_local
36195861,D002658,rs12722561,Positive_Correlation,rs12722561,0.787574778,AISKGConstrainedTransfer,sentence_local
36195861,D002658,rs2025345,Positive_Correlation,rs2025345,0.7376583127,AISKGConstrainedTransfer,sentence_local
36195861,D011782,rs12722561,Positive_Correlation,rs12722561,0.7685333909,AISKGConstrainedTransfer,sentence_local
36195861,D011782,rs2025345,Positive_Correlation,rs2025345,0.7856229234,AISKGConstrainedTransfer,sentence_local
36199584,1051,D008180,Association,1051,0.8717828653,AISKGConstrainedTransfer,sentence_local
36199584,3459,D001327,Association,3459,0.7405413729,AISKGConstrainedTransfer,sentence_local
36199584,3459,D008180,Association,3459,0.7661434604,AISKGConstrainedTransfer,sentence_local
36199584,53832,D001327,Association,53832,0.7405413729,AISKGConstrainedTransfer,sentence_local
36199584,53832,D008180,Association,53832,0.7661434604,AISKGConstrainedTransfer,sentence_local
36199584,5970,D008180,Association,5970,0.8717828653,AISKGConstrainedTransfer,sentence_local
36199584,7128,D001327,Association,7128,0.8897516475,AISKGConstrainedTransfer,sentence_local
36199584,7128,D008180,Association,7128,0.8157658152,AISKGConstrainedTransfer,sentence_local
36199584,D008180,rs10499197,Positive_Correlation,rs10499197,0.7176788153,AISKGConstrainedTransfer,sentence_local
36203844,7781,D001523,Association,7781,0.8813386106,AISKGConstrainedTransfer,sentence_local
36203844,7781,D001714,Association,7781,0.93788699,AISKGConstrainedTransfer,sentence_local
36203844,7781,D012559,Association,7781,0.9327967788,AISKGConstrainedTransfer,sentence_local
36203844,7781,D018698,Association,D018698,0.3922726545,AISKGConstrainedTransfer,sentence_local
36203844,D001714,D018698,Negative_Correlation,D001714,0.4561799505,AISKGConstrainedTransfer,sentence_local
36203844,D001714,rs11126929,Association,rs11126929,0.824027851,AISKGConstrainedTransfer,sentence_local
36203844,D001714,rs11126936,Association,rs11126936,0.824027851,AISKGConstrainedTransfer,sentence_local
36203844,D012559,D018698,Positive_Correlation,D012559,0.6362089741,AISKGConstrainedTransfer,sentence_local
36203844,D012559,rs11126929,Association,rs11126929,0.824027851,AISKGConstrainedTransfer,sentence_local
36203844,D012559,rs11126936,Association,rs11126936,0.824027851,AISKGConstrainedTransfer,sentence_local
36203954,2475,C034221,Negative_Correlation,C034221,0.5434740529,AISKGConstrainedTransfer,sentence_local
36203954,2475,C572449,Negative_Correlation,C572449,0.4864187097,AISKGConstrainedTransfer,sentence_local
36203954,2475,D008545,Association,2475,0.9140061552,AISKGConstrainedTransfer,sentence_local
36203954,2475,D009369,Association,2475,0.7887077921,AISKGConstrainedTransfer,sentence_local
36203954,2475,D010984,Negative_Correlation,D010984,0.5581518225,AISKGConstrainedTransfer,sentence_local
36203954,2475,D011108,Negative_Correlation,D011108,0.5581518225,AISKGConstrainedTransfer,sentence_local
36203954,29126,C034221,Negative_Correlation,C034221,0.6240912818,AISKGConstrainedTransfer,sentence_local
36203954,29126,C572449,Negative_Correlation,C572449,0.6180885425,AISKGConstrainedTransfer,sentence_local
36203954,29126,D008545,Association,29126,0.939103327,AISKGConstrainedTransfer,sentence_local
36203954,29126,D009369,Association,29126,0.8819677597,AISKGConstrainedTransfer,sentence_local
36203954,29126,D010984,Negative_Correlation,D010984,0.6412453901,AISKGConstrainedTransfer,sentence_local
36203954,29126,D011108,Negative_Correlation,D011108,0.6412453901,AISKGConstrainedTransfer,sentence_local
36203954,3091,C572449,Association,C572449,0.7033551186,AISKGConstrainedTransfer,sentence_local
36203954,3091,D008545,Association,3091,0.9338630348,AISKGConstrainedTransfer,sentence_local
36203954,4609,5133,Association,,0.4609458384,AISKGConstrainedTransfer,sentence_local
36203954,4609,C572449,Association,C572449,0.6794643616,AISKGConstrainedTransfer,sentence_local
36203954,4609,D008545,Association,4609,0.9436505579,AISKGConstrainedTransfer,sentence_local
36203954,5133,C034221,Negative_Correlation,C034221,0.5876153333,AISKGConstrainedTransfer,sentence_local
36203954,5133,C572449,Association,C572449,0.7055733604,AISKGConstrainedTransfer,sentence_local
36203954,5133,D008545,Association,5133,0.9673756457,AISKGConstrainedTransfer,sentence_local
36203954,5133,D010984,Negative_Correlation,D010984,0.6122069775,AISKGConstrainedTransfer,sentence_local
36203954,5133,D011108,Negative_Correlation,D011108,0.6122069775,AISKGConstrainedTransfer,sentence_local
36203954,C034221,C572449,Negative_Correlation,C572449,0.4501342997,AISKGConstrainedTransfer,sentence_local
36203954,C034221,D008545,Positive_Correlation,C034221,0.4981133453,AISKGConstrainedTransfer,sentence_local
36203954,C034221,D010984,Conversion,D010984,0.3530026084,AISKGConstrainedTransfer,sentence_local
36203954,C034221,D011108,Conversion,D011108,0.3530026084,AISKGConstrainedTransfer,sentence_local
36203954,C572449,D008545,Positive_Correlation,C572449,0.4405960063,AISKGConstrainedTransfer,sentence_local
36203954,C572449,D008670,Negative_Correlation,D008670,0.4863614554,AISKGConstrainedTransfer,sentence_local
36203954,C572449,D010984,Comparison,,0.5663087608,AISKGConstrainedTransfer,sentence_local
36203954,C572449,D011108,Negative_Correlation,D011108,0.485953823,AISKGConstrainedTransfer,sentence_local
36203954,D008545,D010984,Positive_Correlation,D008545,0.4908881238,AISKGConstrainedTransfer,sentence_local
36203954,D008545,D011108,Positive_Correlation,D008545,0.4908881238,AISKGConstrainedTransfer,sentence_local
36203954,D008670,D010984,Comparison,,0.5663087608,AISKGConstrainedTransfer,sentence_local
36204321,57724,C535566,Association,57724,0.9443897372,AISKGConstrainedTransfer,sentence_local
36208776,6622,C042859,Association,C042859,0.3212815912,AISKGConstrainedTransfer,sentence_local
36208776,6622,D000080874,Association,6622,0.8656683929,AISKGConstrainedTransfer,sentence_local
36208776,6622,D004298,Association,D004298,0.6553764435,AISKGConstrainedTransfer,sentence_local
36208776,6622,D008055,Association,D008055,0.6512021757,AISKGConstrainedTransfer,sentence_local
36208776,6622,D010300,Association,6622,0.8683588503,AISKGConstrainedTransfer,sentence_local
36208776,6622,D019578,Association,6622,0.8510621154,AISKGConstrainedTransfer,sentence_local
36208776,6622,D020961,Association,6622,0.8656683929,AISKGConstrainedTransfer,sentence_local
36208776,C042859,D010300,Positive_Correlation,C042859,0.6698590463,AISKGConstrainedTransfer,sentence_local
36208776,D004298,D008055,Conversion,D008055,0.6709689329,AISKGConstrainedTransfer,sentence_local
36208776,D008055,D010300,Association,D008055,0.4288596124,AISKGConstrainedTransfer,sentence_local
36208776,D008055,p|SUB|A|30|P,Association,p|SUB|A|30|P,0.6426601772,AISKGConstrainedTransfer,sentence_local
36208776,D008055,rs104893875,Association,rs104893875,0.6426601772,AISKGConstrainedTransfer,sentence_local
36208776,D008055,rs104893877,Association,rs104893877,0.6305355342,AISKGConstrainedTransfer,sentence_local
36208776,D008055,rs201106962,Association,rs201106962,0.6426601772,AISKGConstrainedTransfer,sentence_local
36208776,D008055,rs431905511,Association,rs431905511,0.6426601772,AISKGConstrainedTransfer,sentence_local
36208776,D010300,c|SUB|A|30|G/P,Association,c|SUB|A|30|G/P,0.5636492398,AISKGConstrainedTransfer,sentence_local
36208776,D010300,rs104893875,Association,rs104893875,0.5636492398,AISKGConstrainedTransfer,sentence_local
36208776,D010300,rs104893877,Association,rs104893877,0.6289615736,AISKGConstrainedTransfer,sentence_local
36208776,D010300,rs201106962,Association,rs201106962,0.5636492398,AISKGConstrainedTransfer,sentence_local
36208776,D010300,rs431905511,Association,rs431905511,0.6289615736,AISKGConstrainedTransfer,sentence_local
36212142,2539,D005955,Association,2539,0.9043677743,AISKGConstrainedTransfer,sentence_local
36214671,18033,D010051,Association,18033,0.8046081564,AISKGConstrainedTransfer,sentence_local
36214671,19698,D009364,Association,19698,0.9565943658,AISKGConstrainedTransfer,sentence_local
36214671,19698,D010051,Association,19698,0.9412812818,AISKGConstrainedTransfer,sentence_local
36214671,19698,D016190,Negative_Correlation,D016190,0.5780924805,AISKGConstrainedTransfer,sentence_local
36214671,20674,D010051,Association,20674,0.8352987324,AISKGConstrainedTransfer,sentence_local
36214671,20674,D016190,Positive_Correlation,D016190,0.3773914195,AISKGConstrainedTransfer,sentence_local
36214671,21417,D010051,Association,21417,0.8560839627,AISKGConstrainedTransfer,sentence_local
36214671,21417,D016190,Positive_Correlation,D016190,0.360853046,AISKGConstrainedTransfer,sentence_local
36214671,21944,D009364,Association,21944,0.9565943658,AISKGConstrainedTransfer,sentence_local
36214671,21944,D010051,Association,21944,0.8567194371,AISKGConstrainedTransfer,sentence_local
36214671,21944,D016190,Positive_Correlation,D016190,0.486160358,AISKGConstrainedTransfer,sentence_local
36214671,22352,D010051,Association,22352,0.8560839627,AISKGConstrainedTransfer,sentence_local
36214671,22352,D016190,Positive_Correlation,D016190,0.360853046,AISKGConstrainedTransfer,sentence_local
36214671,27279,D009364,Association,27279,0.9565943658,AISKGConstrainedTransfer,sentence_local
36214671,27279,D010051,Association,27279,0.7367190146,AISKGConstrainedTransfer,sentence_local
36214671,27279,D016190,Negative_Correlation,D016190,0.6190512923,AISKGConstrainedTransfer,sentence_local
36214671,D010051,D016190,Negative_Correlation,D010051,0.6847951619,AISKGConstrainedTransfer,sentence_local
36221131,27086,3569,Positive_Correlation,3569,0.5282214379,AISKGConstrainedTransfer,sentence_local
36221131,27086,3576,Positive_Correlation,3576,0.5490611885,AISKGConstrainedTransfer,sentence_local
36221131,27086,4313,Positive_Correlation,4313,0.4803999737,AISKGConstrainedTransfer,sentence_local
36221131,27086,4314,Positive_Correlation,4314,0.4803999737,AISKGConstrainedTransfer,sentence_local
36221131,27086,D007249,Association,27086,0.8853548221,AISKGConstrainedTransfer,sentence_local
36221131,27086,D008171,Association,27086,0.926196928,AISKGConstrainedTransfer,sentence_local
36221131,27086,D029424,Association,27086,0.937289878,AISKGConstrainedTransfer,sentence_local
36221131,27086,D054990,Association,27086,0.937289878,AISKGConstrainedTransfer,sentence_local
36221131,3569,3576,Positive_Correlation,3576,0.5251138821,AISKGConstrainedTransfer,sentence_local
36221131,3569,4312,Positive_Correlation,4312,0.4405654938,AISKGConstrainedTransfer,sentence_local
36221131,3569,4313,Positive_Correlation,4313,0.4405654938,AISKGConstrainedTransfer,sentence_local
36221131,3569,4314,Positive_Correlation,4314,0.4405654938,AISKGConstrainedTransfer,sentence_local
36221131,3569,D007249,Association,3569,0.544044719,AISKGConstrainedTransfer,sentence_local
36221131,3569,D029424,Association,3569,0.5748428008,AISKGConstrainedTransfer,sentence_local
36221131,3569,D054990,Association,3569,0.5748428008,AISKGConstrainedTransfer,sentence_local
36221131,3576,4312,Positive_Correlation,4312,0.4846207851,AISKGConstrainedTransfer,sentence_local
36221131,3576,4313,Positive_Correlation,4313,0.4846207851,AISKGConstrainedTransfer,sentence_local
36221131,3576,4314,Positive_Correlation,4314,0.4846207851,AISKGConstrainedTransfer,sentence_local
36221131,3576,D007249,Association,3576,0.5196631916,AISKGConstrainedTransfer,sentence_local
36221131,3576,D029424,Association,3576,0.5508162827,AISKGConstrainedTransfer,sentence_local
36221131,3576,D054990,Association,3576,0.5508162827,AISKGConstrainedTransfer,sentence_local
36221131,4312,D007249,Association,4312,0.842722167,AISKGConstrainedTransfer,sentence_local
36221131,4312,D029424,Association,4312,0.5471245024,AISKGConstrainedTransfer,sentence_local
36221131,4312,D054990,Association,4312,0.5471245024,AISKGConstrainedTransfer,sentence_local
36221131,4313,D007249,Association,4313,0.5156303733,AISKGConstrainedTransfer,sentence_local
36221131,4313,D029424,Association,4313,0.5471245024,AISKGConstrainedTransfer,sentence_local
36221131,4313,D054990,Association,4313,0.5471245024,AISKGConstrainedTransfer,sentence_local
36221131,4314,D007249,Association,4314,0.5156303733,AISKGConstrainedTransfer,sentence_local
36221131,4314,D029424,Association,4314,0.5471245024,AISKGConstrainedTransfer,sentence_local
36221131,4314,D054990,Association,4314,0.5471245024,AISKGConstrainedTransfer,sentence_local
36221131,D054990,rs1499894,Positive_Correlation,rs1499894,0.7041393162,AISKGConstrainedTransfer,sentence_local
36221131,D054990,rs35480566,Positive_Correlation,rs35480566,0.7041393162,AISKGConstrainedTransfer,sentence_local
36224043,7422,D000068258,Positive_Correlation,D000068258,0.3898718844,AISKGConstrainedTransfer,sentence_local
36224043,7422,D004751,Association,7422,0.7529902906,AISKGConstrainedTransfer,sentence_local
36224043,7422,D007416,Association,7422,0.8104654199,AISKGConstrainedTransfer,sentence_local
36224043,7422,D064420,Association,7422,0.7529902906,AISKGConstrainedTransfer,sentence_local
36224043,925,D004751,Association,925,0.8354083048,AISKGConstrainedTransfer,sentence_local
36224043,925,D064420,Association,925,0.8354083048,AISKGConstrainedTransfer,sentence_local
36224043,C000594389,D000068258,Comparison,,0.3887953972,AISKGConstrainedTransfer,sentence_local
36224043,C000594389,D000069285,Comparison,,0.5048933592,AISKGConstrainedTransfer,sentence_local
36224043,C000594389,D003967,Positive_Correlation,C000594389,0.7486322874,AISKGConstrainedTransfer,sentence_local
36224043,C000594389,D006509,Positive_Correlation,C000594389,0.5206363774,AISKGConstrainedTransfer,sentence_local
36224043,C000594389,D006528,Negative_Correlation,C000594389,0.529313547,AISKGConstrainedTransfer,sentence_local
36224043,C000594389,D007416,Positive_Correlation,C000594389,0.7570973616,AISKGConstrainedTransfer,sentence_local
36224043,C000594389,D013256,Comparison,,0.4441395121,AISKGConstrainedTransfer,sentence_local
36224043,C000594389,D015746,Positive_Correlation,C000594389,0.6196954499,AISKGConstrainedTransfer,sentence_local
36224043,D000068258,D000069285,Comparison,,0.5048933592,AISKGConstrainedTransfer,sentence_local
36224043,D000068258,D003967,Positive_Correlation,D000068258,0.7486322874,AISKGConstrainedTransfer,sentence_local
36224043,D000068258,D004751,Positive_Correlation,D000068258,0.6653884368,AISKGConstrainedTransfer,sentence_local
36224043,D000068258,D006509,Positive_Correlation,D000068258,0.5206363774,AISKGConstrainedTransfer,sentence_local
36224043,D000068258,D006528,Positive_Correlation,D000068258,0.5957460221,AISKGConstrainedTransfer,sentence_local
36224043,D000068258,D007416,Positive_Correlation,D000068258,0.7570973616,AISKGConstrainedTransfer,sentence_local
36224043,D000068258,D013256,Comparison,,0.4505789872,AISKGConstrainedTransfer,sentence_local
36224043,D000068258,D015746,Positive_Correlation,D000068258,0.6196954499,AISKGConstrainedTransfer,sentence_local
36224043,D000068258,D064420,Positive_Correlation,D000068258,0.6653884368,AISKGConstrainedTransfer,sentence_local
36224043,D000069285,D006528,Negative_Correlation,D000069285,0.5948979913,AISKGConstrainedTransfer,sentence_local
36224043,D000069285,D007416,Negative_Correlation,D000069285,0.5775888782,AISKGConstrainedTransfer,sentence_local
36224043,D000069285,D013256,Comparison,,0.3887953972,AISKGConstrainedTransfer,sentence_local
36224043,D003967,D011239,Positive_Correlation,D003967,0.5412837124,AISKGConstrainedTransfer,sentence_local
36224043,D004751,D011239,Positive_Correlation,D004751,0.6820132729,AISKGConstrainedTransfer,sentence_local
36224043,D006528,D013256,Negative_Correlation,D006528,0.6156799155,AISKGConstrainedTransfer,sentence_local
36224043,D007416,D013256,Negative_Correlation,D007416,0.5624380076,AISKGConstrainedTransfer,sentence_local
36226181,22059,D009369,Association,22059,0.8577197967,AISKGConstrainedTransfer,sentence_local
36226181,7157,D000255,Positive_Correlation,D000255,0.622262712,AISKGConstrainedTransfer,sentence_local
36226181,7157,D003110,Association,7157,0.6274926445,AISKGConstrainedTransfer,sentence_local
36226181,7157,D005947,Association,D005947,0.4266314911,AISKGConstrainedTransfer,sentence_local
36226181,7157,D008055,Positive_Correlation,D008055,0.4287155175,AISKGConstrainedTransfer,sentence_local
36226181,7157,D009369,Association,7157,0.6861859398,AISKGConstrainedTransfer,sentence_local
36226181,7157,D010100,Positive_Correlation,D010100,0.4401772923,AISKGConstrainedTransfer,sentence_local
36226181,D000255,D008055,Positive_Correlation,D008055,0.3184738269,AISKGConstrainedTransfer,sentence_local
36226181,D003110,rs587782329,Positive_Correlation,rs587782329,0.7329281751,AISKGConstrainedTransfer,sentence_local
36226181,D005947,D008055,Association,D005947,0.6941822375,AISKGConstrainedTransfer,sentence_local
36226181,D005947,rs587782329,Association,rs587782329,0.6013870221,AISKGConstrainedTransfer,sentence_local
36226181,D008055,rs587782329,Association,rs587782329,0.5919138555,AISKGConstrainedTransfer,sentence_local
36226181,D009369,rs28934576,Positive_Correlation,rs28934576,0.6572416111,AISKGConstrainedTransfer,sentence_local
36226181,D009369,rs587782329,Positive_Correlation,rs587782329,0.7141782032,AISKGConstrainedTransfer,sentence_local
36230720,1026,D009369,Association,1026,0.7644260089,AISKGConstrainedTransfer,sentence_local
36230720,1027,D009369,Association,1027,0.7169599917,AISKGConstrainedTransfer,sentence_local
36230720,3065,D009369,Association,3065,0.8669331177,AISKGConstrainedTransfer,sentence_local
36230720,3065,D063646,Association,3065,0.9373612937,AISKGConstrainedTransfer,sentence_local
36230720,5467,D009369,Association,5467,0.7828565953,AISKGConstrainedTransfer,sentence_local
36230720,58490,6925,Association,,0.4867575682,AISKGConstrainedTransfer,sentence_local
36230720,58490,D009369,Association,58490,0.9134276526,AISKGConstrainedTransfer,sentence_local
36230720,58490,D063646,Association,58490,0.9373612937,AISKGConstrainedTransfer,sentence_local
36230720,595,D009369,Association,595,0.7828565953,AISKGConstrainedTransfer,sentence_local
36230720,652,D009369,Association,652,0.7835923333,AISKGConstrainedTransfer,sentence_local
36230720,6925,7474,Association,,0.4753938639,AISKGConstrainedTransfer,sentence_local
36230720,7422,D009369,Association,7422,0.7828565953,AISKGConstrainedTransfer,sentence_local
36230720,9076,D009369,Association,9076,0.7828565953,AISKGConstrainedTransfer,sentence_local
36231099,54106,D009369,Association,54106,0.9660438565,AISKGConstrainedTransfer,sentence_local
36231099,54106,D010051,Association,54106,0.8839884788,AISKGConstrainedTransfer,sentence_local
36231099,7099,D009369,Association,7099,0.9660438565,AISKGConstrainedTransfer,sentence_local
36231099,7099,D010051,Association,7099,0.8064756428,AISKGConstrainedTransfer,sentence_local
36231099,D010051,rs4986790,Positive_Correlation,rs4986790,0.4771358288,AISKGConstrainedTransfer,sentence_local
36231922,59272,D000086382,Association,59272,0.663379751,AISKGConstrainedTransfer,sentence_local
36232568,5741,D000236,Association,5741,0.8920423664,AISKGConstrainedTransfer,sentence_local
36232568,5741,D010282,Association,5741,0.8920423664,AISKGConstrainedTransfer,sentence_local
36232568,7068,D006044,Association,7068,0.8990681784,AISKGConstrainedTransfer,sentence_local
36232568,D000236,D002118,Positive_Correlation,D000236,0.4344601818,AISKGConstrainedTransfer,sentence_local
36232568,D002118,D010282,Positive_Correlation,D002118,0.38935475,AISKGConstrainedTransfer,sentence_local
36232568,D006044,rs121918693,Positive_Correlation,rs121918693,0.479403817,AISKGConstrainedTransfer,sentence_local
36232568,D013610,D013963,Positive_Correlation,D013610,0.6614211468,AISKGConstrainedTransfer,sentence_local
36232959,10628,D000067616,Positive_Correlation,D000067616,0.7179467356,AISKGConstrainedTransfer,sentence_local
36232959,10628,D007249,Association,10628,0.8641352134,AISKGConstrainedTransfer,sentence_local
36232959,10628,D017382,Positive_Correlation,D017382,0.7003686953,AISKGConstrainedTransfer,sentence_local
36232959,10628,D055370,Association,10628,0.8309177225,AISKGConstrainedTransfer,sentence_local
36232959,10628,D055371,Association,10628,0.9342321029,AISKGConstrainedTransfer,sentence_local
36232959,114548,D000067616,Positive_Correlation,D000067616,0.7179467356,AISKGConstrainedTransfer,sentence_local
36232959,114548,D007249,Association,114548,0.8641352134,AISKGConstrainedTransfer,sentence_local
36232959,114548,D017382,Positive_Correlation,D017382,0.7003686953,AISKGConstrainedTransfer,sentence_local
36232959,114548,D055370,Association,114548,0.8309177225,AISKGConstrainedTransfer,sentence_local
36232959,114548,D055371,Association,114548,0.9430421598,AISKGConstrainedTransfer,sentence_local
36232959,11596,D000067616,Negative_Correlation,D000067616,0.5533934593,AISKGConstrainedTransfer,sentence_local
36232959,11596,D055370,Association,11596,0.4447997258,AISKGConstrainedTransfer,sentence_local
36232959,16176,D000067616,Negative_Correlation,D000067616,0.5027988546,AISKGConstrainedTransfer,sentence_local
36232959,16176,D055370,Association,16176,0.4399834998,AISKGConstrainedTransfer,sentence_local
36232959,177,D000067616,Negative_Correlation,D000067616,0.7098110882,AISKGConstrainedTransfer,sentence_local
36232959,177,D007249,Association,177,0.8641352134,AISKGConstrainedTransfer,sentence_local
36232959,177,D017382,Positive_Correlation,D017382,0.7003686953,AISKGConstrainedTransfer,sentence_local
36232959,177,D055370,Association,177,0.8309177225,AISKGConstrainedTransfer,sentence_local
36232959,177,D055371,Association,177,0.8830147489,AISKGConstrainedTransfer,sentence_local
36232959,216799,D000067616,Negative_Correlation,D000067616,0.5845892271,AISKGConstrainedTransfer,sentence_local
36232959,216799,D055370,Association,216799,0.4242703979,AISKGConstrainedTransfer,sentence_local
36232959,216799,D055371,Association,216799,0.9434469063,AISKGConstrainedTransfer,sentence_local
36232959,2214,D007249,Association,2214,0.823003237,AISKGConstrainedTransfer,sentence_local
36232959,2214,D055370,Association,2214,0.8309177225,AISKGConstrainedTransfer,sentence_local
36232959,4360,D007249,Association,4360,0.823003237,AISKGConstrainedTransfer,sentence_local
36232959,4360,D055370,Association,4360,0.8608448047,AISKGConstrainedTransfer,sentence_local
36232959,56338,D000067616,Negative_Correlation,D000067616,0.5845892271,AISKGConstrainedTransfer,sentence_local
36232959,56338,D017382,Negative_Correlation,D017382,0.7468664534,AISKGConstrainedTransfer,sentence_local
36232959,56338,D055370,Association,56338,0.4242703979,AISKGConstrainedTransfer,sentence_local
36232959,929,D007249,Association,929,0.823003237,AISKGConstrainedTransfer,sentence_local
36232959,929,D055370,Association,929,0.8608448047,AISKGConstrainedTransfer,sentence_local
36232959,D000067616,D017382,Negative_Correlation,D017382,0.6811545815,AISKGConstrainedTransfer,sentence_local
36232959,D000067616,D055370,Negative_Correlation,D000067616,0.5398781679,AISKGConstrainedTransfer,sentence_local
36233117,111,D008055,Association,D008055,0.6391460631,AISKGConstrainedTransfer,sentence_local
36233117,111,D015228,Association,111,0.9015046668,AISKGConstrainedTransfer,sentence_local
36233117,111,D052439,Association,111,0.9681477382,AISKGConstrainedTransfer,sentence_local
36233117,53630,D008055,Association,D008055,0.6452525241,AISKGConstrainedTransfer,sentence_local
36233117,53630,D015228,Association,53630,0.9015046668,AISKGConstrainedTransfer,sentence_local
36233117,53630,D052439,Association,53630,0.9681477382,AISKGConstrainedTransfer,sentence_local
36233117,64757,D008055,Association,D008055,0.6391460631,AISKGConstrainedTransfer,sentence_local
36233117,64757,D015228,Association,64757,0.9015046668,AISKGConstrainedTransfer,sentence_local
36233117,64757,D052439,Association,64757,0.9681477382,AISKGConstrainedTransfer,sentence_local
36233117,D008055,D015228,Negative_Correlation,D008055,0.4050240109,AISKGConstrainedTransfer,sentence_local
36233117,D008055,rs2642438,Association,rs2642438,0.637630162,AISKGConstrainedTransfer,sentence_local
36233117,D008055,rs56371916,Association,rs56371916,0.6685125316,AISKGConstrainedTransfer,sentence_local
36233117,D008055,rs6564851,Association,rs6564851,0.6685125316,AISKGConstrainedTransfer,sentence_local
36233117,D015228,rs2642438,Positive_Correlation,rs2642438,0.7196300367,AISKGConstrainedTransfer,sentence_local
36233117,D015228,rs56371916,Positive_Correlation,rs56371916,0.7196300367,AISKGConstrainedTransfer,sentence_local
36233117,D015228,rs6564851,Positive_Correlation,rs6564851,0.7196300367,AISKGConstrainedTransfer,sentence_local
36233781,6506,D000275,Association,6506,0.8428680154,AISKGConstrainedTransfer,sentence_local
36233781,6506,D003865,Association,6506,0.9381014061,AISKGConstrainedTransfer,sentence_local
36233781,6506,D018698,Association,D018698,0.5044987333,AISKGConstrainedTransfer,sentence_local
36233781,6536,D003865,Association,6536,0.8160358355,AISKGConstrainedTransfer,sentence_local
36233781,6536,D005998,Association,D005998,0.4947714142,AISKGConstrainedTransfer,sentence_local
36233781,9152,D003865,Association,9152,0.9554933937,AISKGConstrainedTransfer,sentence_local
36233781,9152,D005998,Association,D005998,0.4947714142,AISKGConstrainedTransfer,sentence_local
36233781,D000275,rs4354668,Association,rs4354668,0.4413384514,AISKGConstrainedTransfer,sentence_local
36233781,D003865,D005998,Positive_Correlation,D003865,0.4689243782,AISKGConstrainedTransfer,sentence_local
36233781,D003865,D018698,Positive_Correlation,D003865,0.456736518,AISKGConstrainedTransfer,sentence_local
36233781,D003865,rs2000959,Positive_Correlation,rs2000959,0.5880216068,AISKGConstrainedTransfer,sentence_local
36233781,D003865,rs2486001,Positive_Correlation,rs2486001,0.4983748833,AISKGConstrainedTransfer,sentence_local
36233781,D003865,rs4354668,Association,rs4354668,0.6258109253,AISKGConstrainedTransfer,sentence_local
36252682,12362,C003001,Positive_Correlation,C003001,0.6801303412,AISKGConstrainedTransfer,sentence_local
36252682,13058,C003001,Association,C003001,0.3640552457,AISKGConstrainedTransfer,sentence_local
36252682,13058,D013481,Association,D013481,0.396725998,AISKGConstrainedTransfer,sentence_local
36252682,14251,D002518,Association,D002518,0.452032654,AISKGConstrainedTransfer,sentence_local
36252682,16176,C003001,Positive_Correlation,C003001,0.6679531034,AISKGConstrainedTransfer,sentence_local
36252682,20597,C003001,Positive_Correlation,C003001,0.6801303412,AISKGConstrainedTransfer,sentence_local
36252682,20597,C067883,Positive_Correlation,C067883,0.4071323341,AISKGConstrainedTransfer,sentence_local
36252682,20597,D000639,Negative_Correlation,D000639,0.573480525,AISKGConstrainedTransfer,sentence_local
36252682,20597,D002518,Positive_Correlation,D002518,0.3811587549,AISKGConstrainedTransfer,sentence_local
36252682,20597,D006937,Association,20597,0.9833201704,AISKGConstrainedTransfer,sentence_local
36252682,20597,D013481,Positive_Correlation,D013481,0.3703703837,AISKGConstrainedTransfer,sentence_local
36252682,20597,D058426,Association,20597,0.9754216497,AISKGConstrainedTransfer,sentence_local
36252682,216799,C003001,Positive_Correlation,C003001,0.342746542,AISKGConstrainedTransfer,sentence_local
36252682,216799,D002518,Association,D002518,0.6546978469,AISKGConstrainedTransfer,sentence_local
36252682,216799,D006937,Association,216799,0.9512764788,AISKGConstrainedTransfer,sentence_local
36252682,216799,D013481,Association,D013481,0.3958023138,AISKGConstrainedTransfer,sentence_local
36252682,216799,D050197,Association,216799,0.955400316,AISKGConstrainedTransfer,sentence_local
36252682,216799,D058426,Association,216799,0.9769503382,AISKGConstrainedTransfer,sentence_local
36252682,56338,C003001,Positive_Correlation,C003001,0.3509535193,AISKGConstrainedTransfer,sentence_local
36252682,56338,D002518,Association,D002518,0.5935236154,AISKGConstrainedTransfer,sentence_local
36252682,56338,D006937,Association,56338,0.9512764788,AISKGConstrainedTransfer,sentence_local
36252682,56338,D013481,Association,D013481,0.5557891205,AISKGConstrainedTransfer,sentence_local
36252682,C003001,D000639,Negative_Correlation,D000639,0.5877165948,AISKGConstrainedTransfer,sentence_local
36252682,D002518,D006937,Positive_Correlation,D002518,0.5863738284,AISKGConstrainedTransfer,sentence_local
36252682,D002518,D013481,Association,D002518,0.5416849255,AISKGConstrainedTransfer,sentence_local
36252682,D006937,D013481,Positive_Correlation,D006937,0.4942477535,AISKGConstrainedTransfer,sentence_local
36253741,27031,OMIM:208540,Association,27031,0.87084002,AISKGConstrainedTransfer,sentence_local
36254249,27032,D003513,Negative_Correlation,D003513,0.3892424385,AISKGConstrainedTransfer,sentence_local
36254249,27032,D008345,Association,D008345,0.5009154982,AISKGConstrainedTransfer,sentence_local
36254249,27032,D012844,Negative_Correlation,D012844,0.3892424385,AISKGConstrainedTransfer,sentence_local
36254249,27032,D016506,Association,27032,0.9696567555,AISKGConstrainedTransfer,sentence_local
36254249,D003513,D016506,Positive_Correlation,D003513,0.3787415211,AISKGConstrainedTransfer,sentence_local
36254249,D008345,D012844,Association,D008345,0.3933325728,AISKGConstrainedTransfer,sentence_local
36254249,D008345,D016506,Positive_Correlation,D008345,0.59709027,AISKGConstrainedTransfer,sentence_local
36254249,D008345,c|SUB|A|325-2|G,Association,c|SUB|A|325-2|G,0.7116459372,AISKGConstrainedTransfer,sentence_local
36254249,D008345,p|DEL|109_120|AQ,Association,p|DEL|109_120|AQ,0.7653506635,AISKGConstrainedTransfer,sentence_local
36254249,D012844,D016506,Negative_Correlation,D012844,0.4319942637,AISKGConstrainedTransfer,sentence_local
36254249,D012844,p|DEL|109_120|AQ,Association,p|DEL|109_120|AQ,0.6791595477,AISKGConstrainedTransfer,sentence_local
36254249,D016506,c|SUB|A|325-2|G,Positive_Correlation,c|SUB|A|325-2|G,0.5558945788,AISKGConstrainedTransfer,sentence_local
36254249,D016506,p|DEL|109_120|AQ,Positive_Correlation,p|DEL|109_120|AQ,0.6731988032,AISKGConstrainedTransfer,sentence_local
36258913,406972,D002289,Association,406972,0.8990366638,AISKGConstrainedTransfer,sentence_local
36258913,406972,D009369,Association,406972,0.8990843885,AISKGConstrainedTransfer,sentence_local
36258913,406973,D002289,Association,406973,0.8990366638,AISKGConstrainedTransfer,sentence_local
36258913,406973,D009369,Association,406973,0.8990843885,AISKGConstrainedTransfer,sentence_local
36258913,574501,D002289,Association,574501,0.9225950924,AISKGConstrainedTransfer,sentence_local
36258913,574501,D009369,Association,574501,0.8990843885,AISKGConstrainedTransfer,sentence_local
36258913,D002289,rs11614913,Positive_Correlation,rs11614913,0.7333153252,AISKGConstrainedTransfer,sentence_local
36258913,D002289,rs3746444,Positive_Correlation,rs3746444,0.7284155503,AISKGConstrainedTransfer,sentence_local
36258913,D002289,rs37464444,Positive_Correlation,rs37464444,0.583868131,AISKGConstrainedTransfer,sentence_local
36258913,D009369,rs11614913,Positive_Correlation,rs11614913,0.7952555298,AISKGConstrainedTransfer,sentence_local
36258913,D009369,rs3746444,Positive_Correlation,rs3746444,0.7952555298,AISKGConstrainedTransfer,sentence_local
36261171,340061,D005227,Association,D005227,0.6075458857,AISKGConstrainedTransfer,sentence_local
36261171,340061,D007239,Association,340061,0.8807532571,AISKGConstrainedTransfer,sentence_local
36261171,340061,D007249,Association,340061,0.9546511382,AISKGConstrainedTransfer,sentence_local
36261171,340061,D009369,Association,340061,0.9645997702,AISKGConstrainedTransfer,sentence_local
36261171,340061,D009712,Association,D009712,0.5460604056,AISKGConstrainedTransfer,sentence_local
36261171,340061,D014364,Positive_Correlation,D014364,0.382982954,AISKGConstrainedTransfer,sentence_local
36261171,3439,D005227,Association,D005227,0.6456833105,AISKGConstrainedTransfer,sentence_local
36261171,3439,D007239,Association,3439,0.894835259,AISKGConstrainedTransfer,sentence_local
36261171,3439,D007249,Association,3439,0.9584911642,AISKGConstrainedTransfer,sentence_local
36261171,3439,D009369,Association,3439,0.9673560314,AISKGConstrainedTransfer,sentence_local
36261171,3439,D009712,Negative_Correlation,D009712,0.4282066519,AISKGConstrainedTransfer,sentence_local
36261171,D007239,D009712,Association,D007239,0.4343724579,AISKGConstrainedTransfer,sentence_local
36261171,D007249,D009712,Association,D007249,0.6598742283,AISKGConstrainedTransfer,sentence_local
36261171,D009369,D009712,Association,D009369,0.6681046286,AISKGConstrainedTransfer,sentence_local
36261171,D014364,rs11554776,Association,rs11554776,0.5828967366,AISKGConstrainedTransfer,sentence_local
36262065,24161,C051786,Positive_Correlation,C051786,0.5991078113,AISKGConstrainedTransfer,sentence_local
36262065,24161,D001280,Positive_Correlation,D001280,0.5991078113,AISKGConstrainedTransfer,sentence_local
36262065,24161,D001663,Positive_Correlation,D001663,0.4902466982,AISKGConstrainedTransfer,sentence_local
36262065,24161,D002318,Positive_Correlation,24161,0.387754919,AISKGConstrainedTransfer,sentence_local
36262065,24161,D002784,Positive_Correlation,D002784,0.4435487228,AISKGConstrainedTransfer,sentence_local
36262065,24161,D003404,Positive_Correlation,D003404,0.4404516959,AISKGConstrainedTransfer,sentence_local
36262065,24161,D007674,Association,24161,0.3414778595,AISKGConstrainedTransfer,sentence_local
36262065,24161,D014508,Positive_Correlation,D014508,0.4579621468,AISKGConstrainedTransfer,sentence_local
36262065,24208,C051786,Bind,C051786,0.4043641175,AISKGConstrainedTransfer,sentence_local
36262065,24208,D001280,Bind,D001280,0.4364001486,AISKGConstrainedTransfer,sentence_local
36262065,24208,D004700,Association,24208,0.8982231778,AISKGConstrainedTransfer,sentence_local
36262065,24208,D013739,Bind,D013739,0.5865493132,AISKGConstrainedTransfer,sentence_local
36262065,24248,C051786,Positive_Correlation,C051786,0.5186187402,AISKGConstrainedTransfer,sentence_local
36262065,24248,D001280,Positive_Correlation,D001280,0.5186187402,AISKGConstrainedTransfer,sentence_local
36262065,24248,D008315,Positive_Correlation,D008315,0.4046955495,AISKGConstrainedTransfer,sentence_local
36262065,25586,C051786,Positive_Correlation,C051786,0.584270043,AISKGConstrainedTransfer,sentence_local
36262065,25586,D001280,Positive_Correlation,D001280,0.584270043,AISKGConstrainedTransfer,sentence_local
36262065,25586,D001663,Positive_Correlation,D001663,0.4775734001,AISKGConstrainedTransfer,sentence_local
36262065,25586,D002784,Positive_Correlation,D002784,0.4280296283,AISKGConstrainedTransfer,sentence_local
36262065,25586,D003404,Positive_Correlation,D003404,0.4514842912,AISKGConstrainedTransfer,sentence_local
36262065,25721,C051786,Positive_Correlation,C051786,0.6317205892,AISKGConstrainedTransfer,sentence_local
36262065,25721,D001280,Positive_Correlation,D001280,0.6317205892,AISKGConstrainedTransfer,sentence_local
36262065,25721,D001663,Positive_Correlation,D001663,0.5271512483,AISKGConstrainedTransfer,sentence_local
36262065,25721,D002318,Positive_Correlation,25721,0.4092064029,AISKGConstrainedTransfer,sentence_local
36262065,25721,D002784,Positive_Correlation,D002784,0.4863026378,AISKGConstrainedTransfer,sentence_local
36262065,25721,D003404,Positive_Correlation,D003404,0.482462489,AISKGConstrainedTransfer,sentence_local
36262065,25721,D007674,Association,25721,0.3537904985,AISKGConstrainedTransfer,sentence_local
36262065,25721,D014280,Positive_Correlation,D014280,0.4416893344,AISKGConstrainedTransfer,sentence_local
36262065,25721,D014508,Positive_Correlation,D014508,0.4758708308,AISKGConstrainedTransfer,sentence_local
36262065,58962,C051786,Positive_Correlation,C051786,0.4399094127,AISKGConstrainedTransfer,sentence_local
36262065,58962,D001280,Positive_Correlation,D001280,0.4399094127,AISKGConstrainedTransfer,sentence_local
36262065,58962,D005978,Positive_Correlation,D005978,0.4036531648,AISKGConstrainedTransfer,sentence_local
36262065,58962,D008315,Positive_Correlation,D008315,0.5167683107,AISKGConstrainedTransfer,sentence_local
36262065,81670,C051786,Positive_Correlation,C051786,0.6437524937,AISKGConstrainedTransfer,sentence_local
36262065,81670,D001280,Positive_Correlation,D001280,0.6437524937,AISKGConstrainedTransfer,sentence_local
36262065,81670,D001663,Positive_Correlation,D001663,0.5432318256,AISKGConstrainedTransfer,sentence_local
36262065,81670,D002318,Positive_Correlation,81670,0.4110928151,AISKGConstrainedTransfer,sentence_local
36262065,81670,D002784,Positive_Correlation,D002784,0.5012874356,AISKGConstrainedTransfer,sentence_local
36262065,81670,D003404,Positive_Correlation,D003404,0.4977917462,AISKGConstrainedTransfer,sentence_local
36262065,81670,D007674,Association,81670,0.3753181488,AISKGConstrainedTransfer,sentence_local
36262065,81670,D014280,Positive_Correlation,D014280,0.4575530652,AISKGConstrainedTransfer,sentence_local
36262065,81670,D014508,Positive_Correlation,D014508,0.492599464,AISKGConstrainedTransfer,sentence_local
36262065,C051786,D000091662,Positive_Correlation,C051786,0.6485391933,AISKGConstrainedTransfer,sentence_local
36262065,C051786,D002318,Positive_Correlation,C051786,0.6839568779,AISKGConstrainedTransfer,sentence_local
36262065,C051786,D004700,Positive_Correlation,C051786,0.5472971121,AISKGConstrainedTransfer,sentence_local
36262065,C051786,D007674,Positive_Correlation,C051786,0.6485391933,AISKGConstrainedTransfer,sentence_local
36262065,C051786,D013733,Positive_Correlation,C051786,0.6986846374,AISKGConstrainedTransfer,sentence_local
36262065,C051786,D056486,Positive_Correlation,C051786,0.6485391933,AISKGConstrainedTransfer,sentence_local
36262065,C051786,D064420,Positive_Correlation,C051786,0.5481987253,AISKGConstrainedTransfer,sentence_local
36262065,D000091662,D001280,Positive_Correlation,D000091662,0.6183784759,AISKGConstrainedTransfer,sentence_local
36262065,D001280,D002318,Positive_Correlation,D001280,0.6839568779,AISKGConstrainedTransfer,sentence_local
36262065,D001280,D004700,Positive_Correlation,D001280,0.3715370123,AISKGConstrainedTransfer,sentence_local
36262065,D001280,D007674,Positive_Correlation,D001280,0.6485391933,AISKGConstrainedTransfer,sentence_local
36262065,D001280,D013733,Positive_Correlation,D001280,0.6986846374,AISKGConstrainedTransfer,sentence_local
36262065,D001280,D056486,Positive_Correlation,D001280,0.6485391933,AISKGConstrainedTransfer,sentence_local
36262065,D001280,D064420,Positive_Correlation,D001280,0.5481987253,AISKGConstrainedTransfer,sentence_local
36262065,D001663,D002318,Positive_Correlation,D001663,0.6807169604,AISKGConstrainedTransfer,sentence_local
36262065,D001663,D007674,Positive_Correlation,D001663,0.6595568961,AISKGConstrainedTransfer,sentence_local
36262065,D001663,D056486,Positive_Correlation,D001663,0.6709107761,AISKGConstrainedTransfer,sentence_local
36262065,D002318,D002784,Positive_Correlation,D002318,0.5631914372,AISKGConstrainedTransfer,sentence_local
36262065,D002318,D003404,Positive_Correlation,D002318,0.6051176241,AISKGConstrainedTransfer,sentence_local
36262065,D002318,D014280,Positive_Correlation,D002318,0.5718227172,AISKGConstrainedTransfer,sentence_local
36262065,D002318,D014508,Positive_Correlation,D002318,0.6068051121,AISKGConstrainedTransfer,sentence_local
36262065,D002784,D007674,Positive_Correlation,D002784,0.6683762611,AISKGConstrainedTransfer,sentence_local
36262065,D002784,D056486,Positive_Correlation,D002784,0.6516185751,AISKGConstrainedTransfer,sentence_local
36262065,D003404,D007674,Positive_Correlation,D003404,0.722554574,AISKGConstrainedTransfer,sentence_local
36262065,D003404,D056486,Positive_Correlation,D003404,0.7135844923,AISKGConstrainedTransfer,sentence_local
36262065,D005978,D013733,Positive_Correlation,D005978,0.5728689227,AISKGConstrainedTransfer,sentence_local
36262065,D007674,D014280,Positive_Correlation,D007674,0.6240845731,AISKGConstrainedTransfer,sentence_local
36262065,D007674,D014508,Positive_Correlation,D007674,0.656994195,AISKGConstrainedTransfer,sentence_local
36262065,D008315,D013733,Positive_Correlation,D008315,0.7304970132,AISKGConstrainedTransfer,sentence_local
36262065,D014280,D056486,Positive_Correlation,D014280,0.6492813253,AISKGConstrainedTransfer,sentence_local
36262065,D014508,D056486,Positive_Correlation,D014508,0.6615220981,AISKGConstrainedTransfer,sentence_local
36263152,445,D020159,Association,445,0.9665461262,AISKGConstrainedTransfer,sentence_local
36263152,D000641,D002956,Comparison,,0.628606282,AISKGConstrainedTransfer,sentence_local
36263152,D000641,D020159,Positive_Correlation,D000641,0.7330459116,AISKGConstrainedTransfer,sentence_local
36266725,213,D000419,Association,213,0.6698099968,AISKGConstrainedTransfer,sentence_local
36266725,259,D000419,Association,259,0.6838952799,AISKGConstrainedTransfer,sentence_local
36266725,7018,D000419,Association,7018,0.6688561358,AISKGConstrainedTransfer,sentence_local
36266725,8029,D000419,Association,8029,0.6838952799,AISKGConstrainedTransfer,sentence_local
36266725,8029,D011507,Association,8029,0.9431725651,AISKGConstrainedTransfer,sentence_local
36266725,8029,D014805,Association,D014805,0.4795931778,AISKGConstrainedTransfer,sentence_local
36266725,81693,D014805,Association,D014805,0.5454285398,AISKGConstrainedTransfer,sentence_local
36266725,D000419,D014805,Positive_Correlation,D000419,0.5583009549,AISKGConstrainedTransfer,sentence_local
36266725,D011507,D014805,Association,D011507,0.3722659155,AISKGConstrainedTransfer,sentence_local
36267056,3949,D002318,Association,3949,0.8965272053,AISKGConstrainedTransfer,sentence_local
36267056,3949,D006938,Association,3949,0.8374970008,AISKGConstrainedTransfer,sentence_local
36267056,3949,D008055,Association,D008055,0.4526833768,AISKGConstrainedTransfer,sentence_local
36267056,D002318,rs730882082,Positive_Correlation,rs730882082,0.5957514211,AISKGConstrainedTransfer,sentence_local
36267056,D006938,rs730882082,Positive_Correlation,rs730882082,0.7331667401,AISKGConstrainedTransfer,sentence_local
36267056,D008055,D017202,Positive_Correlation,D008055,0.6190732534,AISKGConstrainedTransfer,sentence_local
36267056,D008055,D050197,Positive_Correlation,D008055,0.6186263126,AISKGConstrainedTransfer,sentence_local
36267056,D008055,D058729,Positive_Correlation,D008055,0.5597695111,AISKGConstrainedTransfer,sentence_local
36267056,D008055,rs730882082,Positive_Correlation,D008055,0.3561538863,AISKGConstrainedTransfer,sentence_local
36267056,D017202,rs730882082,Positive_Correlation,rs730882082,0.6823743308,AISKGConstrainedTransfer,sentence_local
36267056,D050197,rs730882082,Positive_Correlation,rs730882082,0.7310094443,AISKGConstrainedTransfer,sentence_local
36267056,D058729,rs730882082,Positive_Correlation,rs730882082,0.7161091075,AISKGConstrainedTransfer,sentence_local
36273440,1493,D001171,Association,1493,0.7405391011,AISKGConstrainedTransfer,sentence_local
36273440,1493,D001327,Association,1493,0.9396933765,AISKGConstrainedTransfer,sentence_local
36273440,1493,D007153,Association,1493,0.9035584478,AISKGConstrainedTransfer,sentence_local
36273440,1493,D017074,Association,1493,0.706348886,AISKGConstrainedTransfer,sentence_local
36273440,D001327,c|INDEL|445_568-544|TTTGCGATTG,Positive_Correlation,c|INDEL|445_568-544|TTTGCGATTG,0.7445664224,AISKGConstrainedTransfer,sentence_local
36274208,79443,D002386,Association,79443,0.9424833058,AISKGConstrainedTransfer,sentence_local
36274208,D002386,c|SUB|C|[265|T,Positive_Correlation,c|SUB|C|[265|T,0.5751609354,AISKGConstrainedTransfer,sentence_local
36274208,D002386,rs141476300,Positive_Correlation,rs141476300,0.6842282527,AISKGConstrainedTransfer,sentence_local
36274208,D002386,rs4682801,Positive_Correlation,rs4682801,0.4999857381,AISKGConstrainedTransfer,sentence_local
36274837,10919,2010,Positive_Correlation,2010,0.4199049078,AISKGConstrainedTransfer,sentence_local
36274837,10919,8841,Positive_Correlation,8841,0.4236249789,AISKGConstrainedTransfer,sentence_local
36274837,2010,2146,Positive_Correlation,2146,0.4236249789,AISKGConstrainedTransfer,sentence_local
36274837,2010,8841,Bind,2010,0.5713479429,AISKGConstrainedTransfer,sentence_local
36274837,2010,D000083143,Association,2010,0.934827659,AISKGConstrainedTransfer,sentence_local
36274837,2010,D020389,Association,2010,0.88478413,AISKGConstrainedTransfer,sentence_local
36274837,2146,8841,Positive_Correlation,8841,0.4236249789,AISKGConstrainedTransfer,sentence_local
36274837,8841,D020389,Association,8841,0.9032646477,AISKGConstrainedTransfer,sentence_local
36276968,348,D000544,Association,348,0.7842597781,AISKGConstrainedTransfer,sentence_local
36276968,348,D003072,Association,348,0.8638896383,AISKGConstrainedTransfer,sentence_local
36276968,348,D003324,Association,348,0.8724715786,AISKGConstrainedTransfer,sentence_local
36276968,348,D008268,Association,348,0.8938109856,AISKGConstrainedTransfer,sentence_local
36276968,D000544,rs429358,Association,rs429358,0.7740367357,AISKGConstrainedTransfer,sentence_local
36276968,D003072,rs429358,Association,rs429358,0.5764746625,AISKGConstrainedTransfer,sentence_local
36276968,D003324,rs429358,Association,rs429358,0.7202944996,AISKGConstrainedTransfer,sentence_local
36276968,D008268,rs429358,Association,rs429358,0.7184117961,AISKGConstrainedTransfer,sentence_local
36283703,10890,63971,Bind,10890,0.5025868119,AISKGConstrainedTransfer,sentence_local
36289279,1548,D000077192,Association,1548,0.8324409774,AISKGConstrainedTransfer,sentence_local
36289279,1548,D000230,Association,1548,0.8852608177,AISKGConstrainedTransfer,sentence_local
36289279,1548,D002294,Association,1548,0.9150377776,AISKGConstrainedTransfer,sentence_local
36289279,1806,D000077192,Association,1806,0.6826834771,AISKGConstrainedTransfer,sentence_local
36289279,1806,D000230,Association,1806,0.6602444901,AISKGConstrainedTransfer,sentence_local
36289279,1806,D002294,Association,1806,0.7405282972,AISKGConstrainedTransfer,sentence_local
36289279,217,D000077192,Association,217,0.6689699577,AISKGConstrainedTransfer,sentence_local
36289279,217,D000230,Association,217,0.6602444901,AISKGConstrainedTransfer,sentence_local
36289279,217,D002294,Association,217,0.7405282972,AISKGConstrainedTransfer,sentence_local
36289279,D000077192,rs190771411,Positive_Correlation,rs190771411,0.7293432048,AISKGConstrainedTransfer,sentence_local
36289279,D000077192,rs200562975,Positive_Correlation,rs200562975,0.7293432048,AISKGConstrainedTransfer,sentence_local
36289279,D000077192,rs568781254,Positive_Correlation,rs568781254,0.7293432048,AISKGConstrainedTransfer,sentence_local
36289279,D000230,rs190771411,Positive_Correlation,rs190771411,0.7385760945,AISKGConstrainedTransfer,sentence_local
36289279,D000230,rs200562975,Positive_Correlation,rs200562975,0.7385760945,AISKGConstrainedTransfer,sentence_local
36289279,D000230,rs568781254,Positive_Correlation,rs568781254,0.7385760945,AISKGConstrainedTransfer,sentence_local
36289279,D002294,rs190771411,Positive_Correlation,rs190771411,0.7542721952,AISKGConstrainedTransfer,sentence_local
36289279,D002294,rs200562975,Positive_Correlation,rs200562975,0.7318064806,AISKGConstrainedTransfer,sentence_local
36289279,D002294,rs568781254,Positive_Correlation,rs568781254,0.7542721952,AISKGConstrainedTransfer,sentence_local
36290844,1956,D002289,Association,1956,0.9530893688,AISKGConstrainedTransfer,sentence_local
36290844,D000077156,D000077716,Comparison,,0.4042175147,AISKGConstrainedTransfer,sentence_local
36290844,D000077156,rs121434568,Association,rs121434568,0.3996342418,AISKGConstrainedTransfer,sentence_local
36290844,D000077716,rs121434568,Association,rs121434568,0.3996342418,AISKGConstrainedTransfer,sentence_local
36290844,D002289,c|DEL|Exon19|,Positive_Correlation,c|DEL|Exon19|,0.472648435,AISKGConstrainedTransfer,sentence_local
36290844,D002289,c|INS|Exon20|,Association,c|INS|Exon20|,0.4306562558,AISKGConstrainedTransfer,sentence_local
36290844,D002289,rs121434568,Positive_Correlation,rs121434568,0.4121880156,AISKGConstrainedTransfer,sentence_local
36290844,D010984,c|INS|Exon20|,Association,c|INS|Exon20|,0.4072028159,AISKGConstrainedTransfer,sentence_local
36290844,D010984,rs121434568,Association,rs121434568,0.4072028159,AISKGConstrainedTransfer,sentence_local
36291383,2688,C536820,Association,2688,0.8389846309,AISKGConstrainedTransfer,sentence_local
36291383,3479,C536820,Association,3479,0.8363876286,AISKGConstrainedTransfer,sentence_local
36291383,3479,D019382,Negative_Correlation,D019382,0.4120474942,AISKGConstrainedTransfer,sentence_local
36291383,7227,C536820,Association,7227,0.7510087701,AISKGConstrainedTransfer,sentence_local
36291383,7227,D000013,Association,7227,0.9044169719,AISKGConstrainedTransfer,sentence_local
36291383,7227,D030342,Association,7227,0.9111455155,AISKGConstrainedTransfer,sentence_local
36291383,C536820,D019382,Positive_Correlation,C536820,0.544426807,AISKGConstrainedTransfer,sentence_local
36291383,D004393,D019382,Positive_Correlation,D004393,0.4338418644,AISKGConstrainedTransfer,sentence_local
36295559,29126,D064726,Association,29126,0.8953873761,AISKGConstrainedTransfer,sentence_local
36295559,D001943,rs822336,Association,rs822336,0.4644961343,AISKGConstrainedTransfer,sentence_local
36295559,D003643,rs822336,Positive_Correlation,rs822336,0.4708223904,AISKGConstrainedTransfer,sentence_local
36295559,D003643,rs822337,Positive_Correlation,rs822337,0.4700983179,AISKGConstrainedTransfer,sentence_local
36295559,D009369,rs822337,Positive_Correlation,rs822337,0.445148211,AISKGConstrainedTransfer,sentence_local
36295559,D012008,rs822336,Positive_Correlation,rs822336,0.4708223904,AISKGConstrainedTransfer,sentence_local
36295559,D012008,rs822337,Positive_Correlation,rs822337,0.4700983179,AISKGConstrainedTransfer,sentence_local
36295559,D064726,rs822336,Association,rs822336,0.4695211377,AISKGConstrainedTransfer,sentence_local
36295559,D064726,rs822337,Association,rs822337,0.4751051097,AISKGConstrainedTransfer,sentence_local
36296984,367218,D000077276,Negative_Correlation,D000077276,0.4952158085,AISKGConstrainedTransfer,sentence_local
36296984,367218,D003907,Negative_Correlation,D003907,0.387980033,AISKGConstrainedTransfer,sentence_local
36296984,367218,D019833,Negative_Correlation,D019833,0.4952158085,AISKGConstrainedTransfer,sentence_local
36296984,64566,D000077276,Negative_Correlation,D000077276,0.4163559778,AISKGConstrainedTransfer,sentence_local
36296984,64566,D019833,Negative_Correlation,D019833,0.429801703,AISKGConstrainedTransfer,sentence_local
36296984,83619,D000077276,Negative_Correlation,D000077276,0.429801703,AISKGConstrainedTransfer,sentence_local
36296984,83619,D005938,Association,D005938,0.5726231651,AISKGConstrainedTransfer,sentence_local
36296984,83619,D019833,Negative_Correlation,D019833,0.429801703,AISKGConstrainedTransfer,sentence_local
36296984,84353,D000077276,Negative_Correlation,D000077276,0.4493792924,AISKGConstrainedTransfer,sentence_local
36296984,84353,D005938,Association,D005938,0.4710955138,AISKGConstrainedTransfer,sentence_local
36296984,84353,D019833,Negative_Correlation,D019833,0.4493792924,AISKGConstrainedTransfer,sentence_local
36296984,D000077276,D000077330,Cotreatment,,0.6883941032,AISKGConstrainedTransfer,sentence_local
36296984,D000077276,D001847,Positive_Correlation,D000077276,0.5335625363,AISKGConstrainedTransfer,sentence_local
36296984,D000077276,D002338,Negative_Correlation,D002338,0.4496781284,AISKGConstrainedTransfer,sentence_local
36296984,D000077276,D005938,Negative_Correlation,D005938,0.5036592758,AISKGConstrainedTransfer,sentence_local
36296984,D000077276,D007529,Negative_Correlation,D007529,0.4150626206,AISKGConstrainedTransfer,sentence_local
36296984,D000077276,D008775,Cotreatment,,0.4824017071,AISKGConstrainedTransfer,sentence_local
36296984,D000077276,D010024,Negative_Correlation,D000077276,0.6325272094,AISKGConstrainedTransfer,sentence_local
36296984,D000077276,D019386,Cotreatment,,0.6743501587,AISKGConstrainedTransfer,sentence_local
36296984,D000077276,D058866,Positive_Correlation,D000077276,0.5567788129,AISKGConstrainedTransfer,sentence_local
36296984,D000077330,D008775,Cotreatment,,0.6337266455,AISKGConstrainedTransfer,sentence_local
36296984,D000077330,D010024,Positive_Correlation,D000077330,0.6667706956,AISKGConstrainedTransfer,sentence_local
36296984,D000077330,D019386,Cotreatment,,0.6472555628,AISKGConstrainedTransfer,sentence_local
36296984,D000077330,D019833,Cotreatment,,0.6883941032,AISKGConstrainedTransfer,sentence_local
36296984,D001847,D005938,Positive_Correlation,D001847,0.7407499544,AISKGConstrainedTransfer,sentence_local
36296984,D001847,D019833,Positive_Correlation,D001847,0.4542181096,AISKGConstrainedTransfer,sentence_local
36296984,D002338,D007529,Negative_Correlation,D007529,0.4496781284,AISKGConstrainedTransfer,sentence_local
36296984,D002338,D010024,Positive_Correlation,D002338,0.5893501398,AISKGConstrainedTransfer,sentence_local
36296984,D002338,D019833,Negative_Correlation,D019833,0.4150626206,AISKGConstrainedTransfer,sentence_local
36296984,D002338,D058866,Positive_Correlation,D002338,0.5567788129,AISKGConstrainedTransfer,sentence_local
36296984,D005938,D010024,Negative_Correlation,D005938,0.596246983,AISKGConstrainedTransfer,sentence_local
36296984,D005938,D019833,Negative_Correlation,D019833,0.5036592758,AISKGConstrainedTransfer,sentence_local
36296984,D005938,D058866,Positive_Correlation,D005938,0.5132848253,AISKGConstrainedTransfer,sentence_local
36296984,D007529,D010024,Positive_Correlation,D007529,0.5893501398,AISKGConstrainedTransfer,sentence_local
36296984,D007529,D019833,Negative_Correlation,D019833,0.4150626206,AISKGConstrainedTransfer,sentence_local
36296984,D007529,D058866,Positive_Correlation,D007529,0.5838109231,AISKGConstrainedTransfer,sentence_local
36296984,D008775,D010024,Positive_Correlation,D008775,0.6712463905,AISKGConstrainedTransfer,sentence_local
36296984,D008775,D019386,Cotreatment,,0.4958340518,AISKGConstrainedTransfer,sentence_local
36296984,D008775,D019833,Cotreatment,,0.4824017071,AISKGConstrainedTransfer,sentence_local
36296984,D010024,D019833,Positive_Correlation,D010024,0.5743696394,AISKGConstrainedTransfer,sentence_local
36296984,D019386,D019833,Cotreatment,,0.68595446,AISKGConstrainedTransfer,sentence_local
36296984,D019833,D058866,Positive_Correlation,D019833,0.5567788129,AISKGConstrainedTransfer,sentence_local
36297369,3939,C016517,Positive_Correlation,C016517,0.4324496662,AISKGConstrainedTransfer,sentence_local
36297369,3939,D008113,Association,3939,0.8814293027,AISKGConstrainedTransfer,sentence_local
36297369,3939,D009243,Positive_Correlation,D009243,0.3841603618,AISKGConstrainedTransfer,sentence_local
36297369,3939,D009369,Association,3939,0.7995256078,AISKGConstrainedTransfer,sentence_local
36297369,3939,D019289,Negative_Correlation,D019289,0.3786516265,AISKGConstrainedTransfer,sentence_local
36297369,3939,D019344,Negative_Correlation,D019344,0.3475026301,AISKGConstrainedTransfer,sentence_local
36297369,407040,C016517,Positive_Correlation,C016517,0.5699539589,AISKGConstrainedTransfer,sentence_local
36297369,407040,D008113,Association,407040,0.8436017928,AISKGConstrainedTransfer,sentence_local
36297369,407040,D009369,Association,407040,0.8281969933,AISKGConstrainedTransfer,sentence_local
36297369,4193,C016517,Positive_Correlation,C016517,0.456237031,AISKGConstrainedTransfer,sentence_local
36297369,4193,D008113,Association,4193,0.5834107014,AISKGConstrainedTransfer,sentence_local
36297369,4193,D009369,Association,4193,0.8505627007,AISKGConstrainedTransfer,sentence_local
36297369,7157,C016517,Positive_Correlation,C016517,0.4198664681,AISKGConstrainedTransfer,sentence_local
36297369,7157,D008113,Association,7157,0.8541662906,AISKGConstrainedTransfer,sentence_local
36297369,7157,D009369,Association,7157,0.8628113272,AISKGConstrainedTransfer,sentence_local
36297369,C016517,D008113,Positive_Correlation,C016517,0.537506772,AISKGConstrainedTransfer,sentence_local
36297369,C016517,D009369,Positive_Correlation,C016517,0.5964644904,AISKGConstrainedTransfer,sentence_local
36297369,D009243,D019344,Conversion,D019344,0.660276445,AISKGConstrainedTransfer,sentence_local
36297369,D019289,D019344,Conversion,D019344,0.6736528234,AISKGConstrainedTransfer,sentence_local
36303223,6821,C536184,Association,6821,0.9283912442,AISKGConstrainedTransfer,sentence_local
36303223,6821,C538141,Association,6821,0.8996619302,AISKGConstrainedTransfer,sentence_local
36303223,6821,D020739,Association,6821,0.9090963901,AISKGConstrainedTransfer,sentence_local
36303223,D013447,p|SUB|Y|400|,Association,p|SUB|Y|400|,0.5483143357,AISKGConstrainedTransfer,sentence_local
36303223,D013447,rs780917238,Association,rs780917238,0.5717471783,AISKGConstrainedTransfer,sentence_local
36303443,1277,D006333,Association,1277,0.7763130679,AISKGConstrainedTransfer,sentence_local
36303443,1277,D054143,Association,1277,0.7860804124,AISKGConstrainedTransfer,sentence_local
36303443,207,C529054,Positive_Correlation,C529054,0.349125322,AISKGConstrainedTransfer,sentence_local
36303443,207,D013148,Positive_Correlation,D013148,0.3646170513,AISKGConstrainedTransfer,sentence_local
36303443,2335,C529054,Negative_Correlation,C529054,0.573282356,AISKGConstrainedTransfer,sentence_local
36303443,2335,D006333,Association,2335,0.7763130679,AISKGConstrainedTransfer,sentence_local
36303443,2335,D054143,Association,2335,0.8594322721,AISKGConstrainedTransfer,sentence_local
36303443,2931,C529054,Positive_Correlation,C529054,0.349125322,AISKGConstrainedTransfer,sentence_local
36303443,2931,D013148,Positive_Correlation,D013148,0.3646170513,AISKGConstrainedTransfer,sentence_local
36303443,2932,C529054,Positive_Correlation,C529054,0.349125322,AISKGConstrainedTransfer,sentence_local
36303443,2932,D013148,Positive_Correlation,D013148,0.3646170513,AISKGConstrainedTransfer,sentence_local
36303443,3553,C529054,Negative_Correlation,C529054,0.5475682314,AISKGConstrainedTransfer,sentence_local
36303443,3553,D006333,Association,3553,0.7763130679,AISKGConstrainedTransfer,sentence_local
36303443,3553,D013148,Positive_Correlation,D013148,0.3519992395,AISKGConstrainedTransfer,sentence_local
36303443,3553,D054143,Association,3553,0.8501632308,AISKGConstrainedTransfer,sentence_local
36303443,3569,C529054,Negative_Correlation,C529054,0.5501053917,AISKGConstrainedTransfer,sentence_local
36303443,3569,D006333,Association,3569,0.7763130679,AISKGConstrainedTransfer,sentence_local
36303443,3569,D054143,Association,3569,0.8477151198,AISKGConstrainedTransfer,sentence_local
36303443,3958,C529054,Positive_Correlation,C529054,0.349125322,AISKGConstrainedTransfer,sentence_local
36303443,3958,D013148,Positive_Correlation,D013148,0.3646170513,AISKGConstrainedTransfer,sentence_local
36303443,3958,D054143,Association,3958,0.8594322721,AISKGConstrainedTransfer,sentence_local
36303443,4314,C529054,Negative_Correlation,C529054,0.5620822881,AISKGConstrainedTransfer,sentence_local
36303443,4314,D054143,Association,4314,0.8544858539,AISKGConstrainedTransfer,sentence_local
36303443,4318,C529054,Positive_Correlation,C529054,0.349125322,AISKGConstrainedTransfer,sentence_local
36303443,4318,D013148,Positive_Correlation,D013148,0.3646170513,AISKGConstrainedTransfer,sentence_local
36303443,4318,D054143,Association,4318,0.8594322721,AISKGConstrainedTransfer,sentence_local
36303443,5594,C529054,Association,C529054,0.3265092418,AISKGConstrainedTransfer,sentence_local
36303443,5594,D013148,Association,D013148,0.3378871396,AISKGConstrainedTransfer,sentence_local
36303443,5595,C529054,Association,C529054,0.3265092418,AISKGConstrainedTransfer,sentence_local
36303443,5595,D013148,Association,D013148,0.3378871396,AISKGConstrainedTransfer,sentence_local
36303443,6524,D054143,Association,6524,0.7466993826,AISKGConstrainedTransfer,sentence_local
36303443,C529054,D054143,Negative_Correlation,C529054,0.5429477872,AISKGConstrainedTransfer,sentence_local
36303443,C549068,D006333,Positive_Correlation,C549068,0.6115570277,AISKGConstrainedTransfer,sentence_local
36303443,C549068,D054143,Negative_Correlation,C549068,0.6209674837,AISKGConstrainedTransfer,sentence_local
36303443,D006333,D013148,Positive_Correlation,D006333,0.5049486594,AISKGConstrainedTransfer,sentence_local
36303443,D013148,D054143,Negative_Correlation,D013148,0.605238079,AISKGConstrainedTransfer,sentence_local
36304533,6772,D001327,Association,6772,0.808886609,AISKGConstrainedTransfer,sentence_local
36304533,6772,D002178,Association,6772,0.8277137511,AISKGConstrainedTransfer,sentence_local
36304533,6772,D002180,Association,6772,0.9068366152,AISKGConstrainedTransfer,sentence_local
36304533,6772,D003922,Association,6772,0.9092317463,AISKGConstrainedTransfer,sentence_local
36304533,6772,D006529,Association,6772,0.9244259642,AISKGConstrainedTransfer,sentence_local
36304533,6772,D012141,Association,6772,0.9014986006,AISKGConstrainedTransfer,sentence_local
36304533,6772,D013163,Association,6772,0.9244259642,AISKGConstrainedTransfer,sentence_local
36304533,D001786,D007239,Positive_Correlation,D001786,0.6271792476,AISKGConstrainedTransfer,sentence_local
36304533,D001786,D014376,Positive_Correlation,D001786,0.5659908348,AISKGConstrainedTransfer,sentence_local
36304533,D007239,D007538,Positive_Correlation,D007239,0.6773130055,AISKGConstrainedTransfer,sentence_local
36304533,D007239,D012293,Positive_Correlation,D007239,0.6773130055,AISKGConstrainedTransfer,sentence_local
36304533,D007538,D014376,Positive_Correlation,D007538,0.6795710091,AISKGConstrainedTransfer,sentence_local
36304533,D012293,D014376,Positive_Correlation,D012293,0.5208541978,AISKGConstrainedTransfer,sentence_local
36305088,2902,D012559,Association,2902,0.8675727454,AISKGConstrainedTransfer,sentence_local
36305088,4842,D012559,Association,4842,0.8749218137,AISKGConstrainedTransfer,sentence_local
36305088,51655,D001523,Association,51655,0.902722156,AISKGConstrainedTransfer,sentence_local
36305088,51655,D012559,Association,51655,0.947121457,AISKGConstrainedTransfer,sentence_local
36305088,9722,D012559,Association,9722,0.8749218137,AISKGConstrainedTransfer,sentence_local
36305088,D012559,c|SUB|A|722|T,Association,c|SUB|A|722|T,0.3807628179,AISKGConstrainedTransfer,sentence_local
36305088,D012559,c|SUB|G|*31|A,Positive_Correlation,c|SUB|G|*31|A,0.497275531,AISKGConstrainedTransfer,sentence_local
36305088,D012559,c|SUB|G|31|A,Positive_Correlation,c|SUB|G|31|A,0.5019291877,AISKGConstrainedTransfer,sentence_local
36306144,12978,D003920,Association,12978,0.8531643228,AISKGConstrainedTransfer,sentence_local
36306144,12978,D013311,Association,D013311,0.4399509676,AISKGConstrainedTransfer,sentence_local
36306144,15251,22177,Association,,0.4762337894,AISKGConstrainedTransfer,sentence_local
36306144,15251,54209,Association,,0.4762337894,AISKGConstrainedTransfer,sentence_local
36306144,15251,6850,Positive_Correlation,6850,0.4086577983,AISKGConstrainedTransfer,sentence_local
36306144,15251,7305,Association,,0.4762337894,AISKGConstrainedTransfer,sentence_local
36306144,15251,83433,Positive_Correlation,83433,0.4086577983,AISKGConstrainedTransfer,sentence_local
36306144,18595,D013311,Negative_Correlation,D013311,0.3834036994,AISKGConstrainedTransfer,sentence_local
36306144,22177,3091,Association,,0.4762337894,AISKGConstrainedTransfer,sentence_local
36306144,22177,D000860,Association,22177,0.8840109866,AISKGConstrainedTransfer,sentence_local
36306144,22177,D003920,Association,22177,0.8485341436,AISKGConstrainedTransfer,sentence_local
36306144,22177,D006943,Association,22177,0.9140846674,AISKGConstrainedTransfer,sentence_local
36306144,22177,D013311,Association,D013311,0.4539973605,AISKGConstrainedTransfer,sentence_local
36306144,3091,54209,Association,,0.4762337894,AISKGConstrainedTransfer,sentence_local
36306144,3091,6850,Positive_Correlation,6850,0.4086577983,AISKGConstrainedTransfer,sentence_local
36306144,3091,7305,Association,,0.4762337894,AISKGConstrainedTransfer,sentence_local
36306144,3091,83433,Positive_Correlation,83433,0.4086577983,AISKGConstrainedTransfer,sentence_local
36306144,3091,D000860,Association,3091,0.8813751488,AISKGConstrainedTransfer,sentence_local
36306144,51129,D000860,Association,51129,0.8821436867,AISKGConstrainedTransfer,sentence_local
36306144,54209,6850,Association,,0.4597299217,AISKGConstrainedTransfer,sentence_local
36306144,6850,D000860,Association,6850,0.8840109866,AISKGConstrainedTransfer,sentence_local
36306144,6850,D003920,Association,6850,0.8941538888,AISKGConstrainedTransfer,sentence_local
36306144,6850,D006943,Association,6850,0.9140846674,AISKGConstrainedTransfer,sentence_local
36306144,7305,D000860,Association,7305,0.8840109866,AISKGConstrainedTransfer,sentence_local
36306144,7305,D006943,Association,7305,0.9140846674,AISKGConstrainedTransfer,sentence_local
36306144,7422,D000860,Association,7422,0.8756449315,AISKGConstrainedTransfer,sentence_local
36306144,83433,D000860,Association,83433,0.8840109866,AISKGConstrainedTransfer,sentence_local
36306144,83433,D003920,Association,83433,0.8941538888,AISKGConstrainedTransfer,sentence_local
36306144,83433,D006943,Association,83433,0.9140846674,AISKGConstrainedTransfer,sentence_local
36306144,83433,D013311,Association,D013311,0.4539973605,AISKGConstrainedTransfer,sentence_local
36306144,D003920,D013311,Positive_Correlation,D003920,0.4439542885,AISKGConstrainedTransfer,sentence_local
36306287,3043,C034759,Positive_Correlation,C034759,0.3787555556,AISKGConstrainedTransfer,sentence_local
36306287,3043,D006418,Negative_Correlation,D006418,0.4912340233,AISKGConstrainedTransfer,sentence_local
36306287,3974689,C034759,Negative_Correlation,C034759,0.387388409,AISKGConstrainedTransfer,sentence_local
36306287,3974689,D002738,Association,D002738,0.5751937259,AISKGConstrainedTransfer,sentence_local
36306287,3974689,D006418,Association,D006418,0.6049674867,AISKGConstrainedTransfer,sentence_local
36306287,C034759,C039060,Negative_Correlation,C039060,0.3858544199,AISKGConstrainedTransfer,sentence_local
36306287,C034759,p|SUB|F|145|I,Association,p|SUB|F|145|I,0.7136808512,AISKGConstrainedTransfer,sentence_local
36306287,C034759,p|SUB|G|353|V,Association,p|SUB|G|353|V,0.7136808512,AISKGConstrainedTransfer,sentence_local
36306287,C034759,p|SUB|M|343|L,Association,p|SUB|M|343|L,0.7136808512,AISKGConstrainedTransfer,sentence_local
36306287,D002738,p|SUB|F|145|I,Association,p|SUB|F|145|I,0.7136808512,AISKGConstrainedTransfer,sentence_local
36306287,D002738,p|SUB|G|353|V,Association,p|SUB|G|353|V,0.7136808512,AISKGConstrainedTransfer,sentence_local
36306287,D002738,p|SUB|M|343|L,Association,p|SUB|M|343|L,0.7136808512,AISKGConstrainedTransfer,sentence_local
36306287,D006418,p|SUB|F|145|I,Association,p|SUB|F|145|I,0.7447522808,AISKGConstrainedTransfer,sentence_local
36306287,D006418,p|SUB|G|353|V,Association,p|SUB|G|353|V,0.7447522808,AISKGConstrainedTransfer,sentence_local
36306287,D006418,p|SUB|M|343|L,Association,p|SUB|M|343|L,0.7447522808,AISKGConstrainedTransfer,sentence_local
36307211,4035,C537617,Association,4035,0.9275037784,AISKGConstrainedTransfer,sentence_local
36307211,4035,D009202,Association,4035,0.9237328546,AISKGConstrainedTransfer,sentence_local
36307211,4035,D054079,Association,4035,0.930109556,AISKGConstrainedTransfer,sentence_local
36307852,3974689,D013413,Association,D013413,0.6520312748,AISKGConstrainedTransfer,sentence_local
36308663,115650,D000361,Association,115650,0.8652819631,AISKGConstrainedTransfer,sentence_local
36308663,115650,D002051,Association,115650,0.9165158378,AISKGConstrainedTransfer,sentence_local
36308663,115650,D007153,Association,115650,0.7441601072,AISKGConstrainedTransfer,sentence_local
36308663,115650,D008223,Association,115650,0.7569473645,AISKGConstrainedTransfer,sentence_local
36308663,115650,D008231,Association,115650,0.8668321889,AISKGConstrainedTransfer,sentence_local
36308663,115650,D016393,Association,115650,0.8309190121,AISKGConstrainedTransfer,sentence_local
36308663,115650,D017074,Association,115650,0.9337756444,AISKGConstrainedTransfer,sentence_local
36308663,D002051,c|SUB|A|52|T,Association,c|SUB|A|52|T,0.5285129716,AISKGConstrainedTransfer,sentence_local
36308663,D002051,rs151243201,Association,rs151243201,0.5489098672,AISKGConstrainedTransfer,sentence_local
36308663,D002051,rs547352394,Association,rs547352394,0.5285129716,AISKGConstrainedTransfer,sentence_local
36308663,D002051,rs61756766,Association,rs61756766,0.5489098672,AISKGConstrainedTransfer,sentence_local
36308663,D002051,rs77874543,Association,rs77874543,0.5285129716,AISKGConstrainedTransfer,sentence_local
36308663,D007153,rs77874543,Positive_Correlation,rs77874543,0.5809130963,AISKGConstrainedTransfer,sentence_local
36308663,D008223,rs77874543,Positive_Correlation,rs77874543,0.6236866243,AISKGConstrainedTransfer,sentence_local
36308663,D017074,rs77874543,Positive_Correlation,rs77874543,0.5493398582,AISKGConstrainedTransfer,sentence_local
36309503,2064,D001943,Association,2064,0.8617813155,AISKGConstrainedTransfer,sentence_local
36309503,2064,D009369,Association,2064,0.9212462098,AISKGConstrainedTransfer,sentence_local
36309503,406892,D001943,Association,406892,0.8219915616,AISKGConstrainedTransfer,sentence_local
36309503,406892,D009369,Association,406892,0.6842750791,AISKGConstrainedTransfer,sentence_local
36309503,4585,D001943,Association,4585,0.8219915616,AISKGConstrainedTransfer,sentence_local
36309503,4585,D009369,Association,4585,0.8186650192,AISKGConstrainedTransfer,sentence_local
36309503,574412,D001943,Association,574412,0.8219915616,AISKGConstrainedTransfer,sentence_local
36309503,574412,D009369,Association,574412,0.682294784,AISKGConstrainedTransfer,sentence_local
36309503,619351,D001943,Association,619351,0.8885344421,AISKGConstrainedTransfer,sentence_local
36309503,619351,D009369,Association,619351,0.9301488498,AISKGConstrainedTransfer,sentence_local
36309503,63976,D001943,Association,63976,0.8219915616,AISKGConstrainedTransfer,sentence_local
36309503,63976,D009369,Association,63976,0.6867909664,AISKGConstrainedTransfer,sentence_local
36309503,9231,D001943,Association,9231,0.8219915616,AISKGConstrainedTransfer,sentence_local
36309503,9231,D009369,Association,9231,0.6938607196,AISKGConstrainedTransfer,sentence_local
36309503,D000068878,D001943,Positive_Correlation,D000068878,0.3172907393,AISKGConstrainedTransfer,sentence_local
36309503,D000068878,D009369,Negative_Correlation,D000068878,0.4808964497,AISKGConstrainedTransfer,sentence_local
36309505,1736,C536068,Association,1736,0.9319343673,AISKGConstrainedTransfer,sentence_local
36309505,C058120,D003839,Cotreatment,,0.593817033,AISKGConstrainedTransfer,sentence_local
36309505,C536068,rs878853071,Positive_Correlation,rs878853071,0.6681715997,AISKGConstrainedTransfer,sentence_local
36313260,1543,D000026,Association,1543,0.91972115,AISKGConstrainedTransfer,sentence_local
36313260,1565,D000026,Association,1565,0.519551697,AISKGConstrainedTransfer,sentence_local
36313260,4846,D000026,Association,4846,0.4427295622,AISKGConstrainedTransfer,sentence_local
36313260,D000026,rs1048943,Positive_Correlation,rs1048943,0.5772841916,AISKGConstrainedTransfer,sentence_local
36313470,5053,D010661,Association,5053,0.8539533663,AISKGConstrainedTransfer,sentence_local
36313470,5092,D010661,Association,5092,0.8883603512,AISKGConstrainedTransfer,sentence_local
36313470,5805,D000068079,Association,5805,0.7522055272,AISKGConstrainedTransfer,sentence_local
36313470,5805,D003643,Association,5805,0.6809832002,AISKGConstrainedTransfer,sentence_local
36313470,5805,D008607,Association,5805,0.7522055272,AISKGConstrainedTransfer,sentence_local
36313470,5805,D010661,Association,5805,0.7379832616,AISKGConstrainedTransfer,sentence_local
36313470,5860,D000068079,Association,5860,0.767341426,AISKGConstrainedTransfer,sentence_local
36313470,5860,D003643,Association,5860,0.7049368973,AISKGConstrainedTransfer,sentence_local
36313470,5860,D008607,Association,5860,0.767341426,AISKGConstrainedTransfer,sentence_local
36313470,5860,D010661,Association,5860,0.877824339,AISKGConstrainedTransfer,sentence_local
36313640,5426,D002945,Positive_Correlation,D002945,0.5286390579,AISKGConstrainedTransfer,sentence_local
36313640,5426,D009369,Association,5426,0.8326571612,AISKGConstrainedTransfer,sentence_local
36313640,5426,D016889,Association,5426,0.7879703456,AISKGConstrainedTransfer,sentence_local
36313640,D002945,D016889,Positive_Correlation,D002945,0.6981581225,AISKGConstrainedTransfer,sentence_local
36313640,D016889,rs1057519943,Association,rs1057519943,0.5836131773,AISKGConstrainedTransfer,sentence_local
36313640,D016889,rs1057519945,Association,rs1057519945,0.5836131773,AISKGConstrainedTransfer,sentence_local
36313640,D016889,rs63750193,Association,rs63750193,0.5836131773,AISKGConstrainedTransfer,sentence_local
36313640,D016889,rs778572159,Association,rs778572159,0.5836131773,AISKGConstrainedTransfer,sentence_local
36315099,853111,D007210,Association,D007210,0.566610287,AISKGConstrainedTransfer,sentence_local
36315099,853801,D007210,Association,D007210,0.637258485,AISKGConstrainedTransfer,sentence_local
36315099,853997,D007210,Association,D007210,0.3654274162,AISKGConstrainedTransfer,sentence_local
36315099,856918,D007210,Association,D007210,0.566610287,AISKGConstrainedTransfer,sentence_local
36316845,C535979,D013739,Negative_Correlation,C535979,0.3897848423,AISKGConstrainedTransfer,sentence_local
36316845,D006111,D013739,Negative_Correlation,D006111,0.3946231362,AISKGConstrainedTransfer,sentence_local
36316870,10544,D054556,Association,10544,0.7915844815,AISKGConstrainedTransfer,sentence_local
36316870,2147,D054556,Association,2147,0.6195419483,AISKGConstrainedTransfer,sentence_local
36316870,2153,D054556,Association,2153,0.6195419483,AISKGConstrainedTransfer,sentence_local
36316870,3026,D054556,Association,3026,0.6772524549,AISKGConstrainedTransfer,sentence_local
36316870,4524,D054556,Association,4524,0.8086654001,AISKGConstrainedTransfer,sentence_local
36316870,5054,D054556,Association,5054,0.8039048229,AISKGConstrainedTransfer,sentence_local
36316870,D054556,rs1210201190,Positive_Correlation,rs1210201190,0.637594255,AISKGConstrainedTransfer,sentence_local
36316870,D054556,rs1799963,Positive_Correlation,rs1799963,0.6896245485,AISKGConstrainedTransfer,sentence_local
36316870,D054556,rs1801131,Positive_Correlation,rs1801131,0.6896245485,AISKGConstrainedTransfer,sentence_local
36316870,D054556,rs1801133,Positive_Correlation,rs1801133,0.6896245485,AISKGConstrainedTransfer,sentence_local
36316870,D054556,rs6025,Positive_Correlation,rs6025,0.5450561353,AISKGConstrainedTransfer,sentence_local
36316870,D054556,rs7080536,Positive_Correlation,rs7080536,0.6529254704,AISKGConstrainedTransfer,sentence_local
36316870,D054556,rs867186,Positive_Correlation,rs867186,0.6656585891,AISKGConstrainedTransfer,sentence_local
36317157,1956,C000596361,Negative_Correlation,C000596361,0.6570011268,AISKGConstrainedTransfer,sentence_local
36317157,1956,C000718108,Negative_Correlation,C000718108,0.6122777327,AISKGConstrainedTransfer,sentence_local
36317157,1956,D000077156,Association,D000077156,0.516045562,AISKGConstrainedTransfer,sentence_local
36317157,1956,D002289,Association,1956,0.5673824558,AISKGConstrainedTransfer,sentence_local
36317157,C000596361,D002289,Negative_Correlation,C000596361,0.6221637992,AISKGConstrainedTransfer,sentence_local
36317157,C000705711,C000718108,Negative_Correlation,C000718108,0.4934239907,AISKGConstrainedTransfer,sentence_local
36317157,C000705711,D002289,Negative_Correlation,C000705711,0.6133741971,AISKGConstrainedTransfer,sentence_local
36317157,C000705711,rs121434569,Association,rs121434569,0.4665247932,AISKGConstrainedTransfer,sentence_local
36317157,C000718108,D002289,Negative_Correlation,C000718108,0.6133741971,AISKGConstrainedTransfer,sentence_local
36317157,C000718108,rs121434569,Association,rs121434569,0.4665247932,AISKGConstrainedTransfer,sentence_local
36317157,D002289,rs121434569,Positive_Correlation,rs121434569,0.6041337496,AISKGConstrainedTransfer,sentence_local
36329033,12370,D007249,Association,12370,0.7334829688,AISKGConstrainedTransfer,sentence_local
36329033,16451,p|Allele|Y|383,Association,p|Allele|Y|383,0.3596798781,AISKGConstrainedTransfer,sentence_local
36329033,16451,p|Allele|Y|384,Association,p|Allele|Y|384,0.3596798781,AISKGConstrainedTransfer,sentence_local
36329033,19766,D007239,Association,19766,0.8790533933,AISKGConstrainedTransfer,sentence_local
36329033,19766,D007249,Association,19766,0.9430095393,AISKGConstrainedTransfer,sentence_local
36329033,19766,D012694,Association,D012694,0.6405712698,AISKGConstrainedTransfer,sentence_local
36329033,19766,D013912,Association,D013912,0.5524381713,AISKGConstrainedTransfer,sentence_local
36329033,19766,D014443,Association,D014443,0.4959796863,AISKGConstrainedTransfer,sentence_local
36329033,19766,p|Allele|Y|383,Positive_Correlation,p|Allele|Y|383,0.3620674179,AISKGConstrainedTransfer,sentence_local
36329033,19766,p|Allele|Y|384,Positive_Correlation,p|Allele|Y|384,0.3620674179,AISKGConstrainedTransfer,sentence_local
36329033,20779,p|Allele|Y|383,Association,p|Allele|Y|383,0.3553855009,AISKGConstrainedTransfer,sentence_local
36329033,20779,p|Allele|Y|384,Association,p|Allele|Y|384,0.3553855009,AISKGConstrainedTransfer,sentence_local
36329033,21926,p|Allele|Y|383,Association,p|Allele|Y|383,0.3596798781,AISKGConstrainedTransfer,sentence_local
36329033,21926,p|Allele|Y|384,Association,p|Allele|Y|384,0.3596798781,AISKGConstrainedTransfer,sentence_local
36329033,21937,D007249,Association,21937,0.7237320561,AISKGConstrainedTransfer,sentence_local
36329033,56532,D007249,Association,56532,0.7334829688,AISKGConstrainedTransfer,sentence_local
36329033,D007239,D012694,Positive_Correlation,D007239,0.4581107189,AISKGConstrainedTransfer,sentence_local
36329033,D007239,D013912,Positive_Correlation,D007239,0.4581107189,AISKGConstrainedTransfer,sentence_local
36329033,D007239,D014443,Positive_Correlation,D007239,0.5300927199,AISKGConstrainedTransfer,sentence_local
36329033,D007249,D012694,Association,D007249,0.5016143499,AISKGConstrainedTransfer,sentence_local
36329033,D007249,D013912,Association,D007249,0.5016143499,AISKGConstrainedTransfer,sentence_local
36329033,D007249,D014443,Association,D007249,0.4428280396,AISKGConstrainedTransfer,sentence_local
36329033,D007249,p|SUB|Y|383|F,Positive_Correlation,p|SUB|Y|383|F,0.5683220317,AISKGConstrainedTransfer,sentence_local
36329033,D012694,D013912,Association,D012694,0.4286657482,AISKGConstrainedTransfer,sentence_local
36329033,D012694,D014443,Association,D012694,0.4734097439,AISKGConstrainedTransfer,sentence_local
36329033,D013912,D014443,Association,D013912,0.4734097439,AISKGConstrainedTransfer,sentence_local
36329033,D014443,p|SUB|Y|383|F,Association,p|SUB|Y|383|F,0.7539445633,AISKGConstrainedTransfer,sentence_local
36329997,11031,D009080,Association,11031,0.9353348223,AISKGConstrainedTransfer,sentence_local
36329997,11031,D016756,Association,D016756,0.3131580843,AISKGConstrainedTransfer,sentence_local
36329997,1432,D016756,Association,D016756,0.5689618821,AISKGConstrainedTransfer,sentence_local
36329997,D003323,D016756,Positive_Correlation,D003323,0.5726969126,AISKGConstrainedTransfer,sentence_local
36329997,D007249,D016756,Positive_Correlation,D007249,0.4691761275,AISKGConstrainedTransfer,sentence_local
36329997,D009080,D016756,Positive_Correlation,D009080,0.5878571293,AISKGConstrainedTransfer,sentence_local
36329997,D009080,rs9965664,Positive_Correlation,rs9965664,0.6180579424,AISKGConstrainedTransfer,sentence_local
36329997,D016756,rs9965664,Association,rs9965664,0.6309142492,AISKGConstrainedTransfer,sentence_local
36335669,13653,D005355,Association,13653,0.894799786,AISKGConstrainedTransfer,sentence_local
36335669,16878,20848,Positive_Correlation,20848,0.337584658,AISKGConstrainedTransfer,sentence_local
36335669,16878,26413,Positive_Correlation,26413,0.3515040522,AISKGConstrainedTransfer,sentence_local
36335669,16878,D005355,Association,16878,0.925103212,AISKGConstrainedTransfer,sentence_local
36335669,16878,D007674,Association,16878,0.925103212,AISKGConstrainedTransfer,sentence_local
36335669,16878,D051436,Association,16878,0.7137066455,AISKGConstrainedTransfer,sentence_local
36335669,16880,D005355,Association,16880,0.891255722,AISKGConstrainedTransfer,sentence_local
36335669,16880,D007674,Association,16880,0.891255722,AISKGConstrainedTransfer,sentence_local
36335669,20423,D005355,Association,20423,0.894799786,AISKGConstrainedTransfer,sentence_local
36335669,20848,26413,Positive_Correlation,26413,0.4352498321,AISKGConstrainedTransfer,sentence_local
36335669,20848,D005355,Association,20848,0.8871714009,AISKGConstrainedTransfer,sentence_local
36335669,26413,D005355,Association,26413,0.8177722448,AISKGConstrainedTransfer,sentence_local
36335669,3569,D005355,Association,3569,0.9028898452,AISKGConstrainedTransfer,sentence_local
36335669,3569,D007674,Association,3569,0.9572255552,AISKGConstrainedTransfer,sentence_local
36335669,3569,D051436,Association,3569,0.7932828893,AISKGConstrainedTransfer,sentence_local
36335669,3976,D005355,Association,3976,0.9291501179,AISKGConstrainedTransfer,sentence_local
36335669,3976,D007674,Association,3976,0.9291501179,AISKGConstrainedTransfer,sentence_local
36335669,3976,D007676,Association,3976,0.8711907573,AISKGConstrainedTransfer,sentence_local
36335669,3976,D051436,Association,3976,0.8369396423,AISKGConstrainedTransfer,sentence_local
36338728,1728,D009369,Association,1728,0.8987607399,AISKGConstrainedTransfer,sentence_local
36338728,D009369,rs1800566,Association,rs1800566,0.5812101239,AISKGConstrainedTransfer,sentence_local
36348907,2153,D006984,Association,2153,0.891612924,AISKGConstrainedTransfer,sentence_local
36348907,2153,D008581,Association,2153,0.8251599,AISKGConstrainedTransfer,sentence_local
36348907,3690,D006984,Association,3690,0.8885300301,AISKGConstrainedTransfer,sentence_local
36348907,3690,D008581,Association,3690,0.8245765429,AISKGConstrainedTransfer,sentence_local
36348907,4524,D006984,Association,4524,0.8959536193,AISKGConstrainedTransfer,sentence_local
36348907,4524,D008581,Association,4524,0.8448302322,AISKGConstrainedTransfer,sentence_local
36348907,5054,D006984,Association,5054,0.9031944326,AISKGConstrainedTransfer,sentence_local
36348907,5054,D008581,Association,5054,0.8601696532,AISKGConstrainedTransfer,sentence_local
36348907,D006984,rs1801131,Positive_Correlation,rs1801131,0.7379365251,AISKGConstrainedTransfer,sentence_local
36348907,D006984,rs1801133,Positive_Correlation,rs1801133,0.7379365251,AISKGConstrainedTransfer,sentence_local
36348907,D006984,rs6025,Positive_Correlation,rs6025,0.7379365251,AISKGConstrainedTransfer,sentence_local
36348907,D006984,rs765625943,Positive_Correlation,rs765625943,0.7087428333,AISKGConstrainedTransfer,sentence_local
36348907,D008581,rs1801131,Positive_Correlation,rs1801131,0.6994930081,AISKGConstrainedTransfer,sentence_local
36348907,D008581,rs1801133,Positive_Correlation,rs1801133,0.6994930081,AISKGConstrainedTransfer,sentence_local
36348907,D008581,rs6025,Positive_Correlation,rs6025,0.6994930081,AISKGConstrainedTransfer,sentence_local
36348907,D008581,rs765625943,Positive_Correlation,rs765625943,0.6787670982,AISKGConstrainedTransfer,sentence_local
36351451,43740578,C000718217,Negative_Correlation,C000718217,0.4422935889,AISKGConstrainedTransfer,sentence_local
36351451,43740578,D000086382,Association,43740578,0.878284575,AISKGConstrainedTransfer,sentence_local
36351451,C000718217,D000086382,Positive_Correlation,C000718217,0.4996125299,AISKGConstrainedTransfer,sentence_local
36353687,7226,D002118,Association,D002118,0.6046377994,AISKGConstrainedTransfer,sentence_local
36353687,7226,D002413,Association,D002413,0.6046377994,AISKGConstrainedTransfer,sentence_local
36353687,7226,D019636,Association,7226,0.7931005356,AISKGConstrainedTransfer,sentence_local
36353687,D000246,p|SUB|R|845|A,Association,p|SUB|R|845|A,0.408127431,AISKGConstrainedTransfer,sentence_local
36353687,D000246,p|SUB|R|845|D,Association,p|SUB|R|845|D,0.408127431,AISKGConstrainedTransfer,sentence_local
36354768,3757,D053840,Association,3757,0.903456272,AISKGConstrainedTransfer,sentence_local
36354768,6331,D053840,Association,6331,0.903456272,AISKGConstrainedTransfer,sentence_local
36354768,7273,D053840,Association,7273,0.903456272,AISKGConstrainedTransfer,sentence_local
36358848,3845,6794,Association,,0.5974937394,AISKGConstrainedTransfer,sentence_local
36358848,3845,7157,Association,,0.5219224489,AISKGConstrainedTransfer,sentence_local
36358848,3845,9817,Association,,0.5551926698,AISKGConstrainedTransfer,sentence_local
36358848,3845,C000706028,Association,C000706028,0.3725894205,AISKGConstrainedTransfer,sentence_local
36358848,3845,D000230,Association,3845,0.8602325151,AISKGConstrainedTransfer,sentence_local
36358848,3845,D002289,Association,3845,0.8237815958,AISKGConstrainedTransfer,sentence_local
36358848,C000706028,D002289,Positive_Correlation,C000706028,0.4452662626,AISKGConstrainedTransfer,sentence_local
36358848,C000718190,D002289,Positive_Correlation,C000718190,0.4452662626,AISKGConstrainedTransfer,sentence_local
36361524,1385,C113580,Negative_Correlation,C113580,0.5815492137,AISKGConstrainedTransfer,sentence_local
36361524,1385,D000077191,Negative_Correlation,D000077191,0.4750880035,AISKGConstrainedTransfer,sentence_local
36361524,1385,D003374,Association,D003374,0.4238726633,AISKGConstrainedTransfer,sentence_local
36361524,1385,D019636,Association,1385,0.9403605764,AISKGConstrainedTransfer,sentence_local
36361524,1385,D020258,Association,1385,0.914194153,AISKGConstrainedTransfer,sentence_local
36361524,207,C113580,Negative_Correlation,C113580,0.48125303,AISKGConstrainedTransfer,sentence_local
36361524,207,D000077191,Negative_Correlation,D000077191,0.5023960794,AISKGConstrainedTransfer,sentence_local
36361524,207,D003374,Negative_Correlation,D003374,0.5815492137,AISKGConstrainedTransfer,sentence_local
36361524,4137,627,Association,,0.4562270529,AISKGConstrainedTransfer,sentence_local
36361524,4137,D000544,Association,4137,0.9030284366,AISKGConstrainedTransfer,sentence_local
36361524,4137,D003374,Negative_Correlation,D003374,0.5248841056,AISKGConstrainedTransfer,sentence_local
36361524,4137,D017382,Negative_Correlation,D017382,0.5185522185,AISKGConstrainedTransfer,sentence_local
36361524,4137,D024801,Association,4137,0.9339019762,AISKGConstrainedTransfer,sentence_local
36361524,4915,C113580,Negative_Correlation,C113580,0.48125303,AISKGConstrainedTransfer,sentence_local
36361524,4915,D000077191,Negative_Correlation,D000077191,0.5023960794,AISKGConstrainedTransfer,sentence_local
36361524,4915,D000544,Association,4915,0.8509418461,AISKGConstrainedTransfer,sentence_local
36361524,4915,D003374,Negative_Correlation,D003374,0.4538656376,AISKGConstrainedTransfer,sentence_local
36361524,4915,D019636,Association,4915,0.9403605764,AISKGConstrainedTransfer,sentence_local
36361524,4915,D020258,Association,4915,0.9151337482,AISKGConstrainedTransfer,sentence_local
36361524,4915,D024801,Association,4915,0.9636216647,AISKGConstrainedTransfer,sentence_local
36361524,5291,C113580,Negative_Correlation,C113580,0.6228523047,AISKGConstrainedTransfer,sentence_local
36361524,5291,D000077191,Negative_Correlation,D000077191,0.6422287762,AISKGConstrainedTransfer,sentence_local
36361524,5291,D003374,Negative_Correlation,D003374,0.5815492137,AISKGConstrainedTransfer,sentence_local
36361524,5594,C113580,Negative_Correlation,C113580,0.4600302187,AISKGConstrainedTransfer,sentence_local
36361524,5594,D000077191,Negative_Correlation,D000077191,0.622806269,AISKGConstrainedTransfer,sentence_local
36361524,5594,D003374,Negative_Correlation,D003374,0.6073801044,AISKGConstrainedTransfer,sentence_local
36361524,596,C113580,Negative_Correlation,C113580,0.596262304,AISKGConstrainedTransfer,sentence_local
36361524,596,D000077191,Negative_Correlation,D000077191,0.6119797196,AISKGConstrainedTransfer,sentence_local
36361524,596,D003374,Negative_Correlation,D003374,0.596262304,AISKGConstrainedTransfer,sentence_local
36361524,627,C113580,Negative_Correlation,C113580,0.6094893772,AISKGConstrainedTransfer,sentence_local
36361524,627,D000077191,Negative_Correlation,D000077191,0.5133245645,AISKGConstrainedTransfer,sentence_local
36361524,627,D003374,Association,D003374,0.4238726633,AISKGConstrainedTransfer,sentence_local
36361524,627,D019636,Association,627,0.9486398413,AISKGConstrainedTransfer,sentence_local
36361524,627,D020258,Association,627,0.9511601497,AISKGConstrainedTransfer,sentence_local
36361524,834,D003374,Positive_Correlation,D003374,0.4355229354,AISKGConstrainedTransfer,sentence_local
36361524,836,D003374,Negative_Correlation,D003374,0.4058867846,AISKGConstrainedTransfer,sentence_local
36361524,839,D003374,Positive_Correlation,D003374,0.4355229354,AISKGConstrainedTransfer,sentence_local
36361524,D000077191,D003374,Negative_Correlation,D003374,0.3979313628,AISKGConstrainedTransfer,sentence_local
36361524,D000544,D003374,Positive_Correlation,D000544,0.3941797499,AISKGConstrainedTransfer,sentence_local
36361524,D003374,D017382,Negative_Correlation,D017382,0.4592777768,AISKGConstrainedTransfer,sentence_local
36361524,D003374,D024801,Negative_Correlation,D003374,0.3889262757,AISKGConstrainedTransfer,sentence_local
36361582,118221147,D000242,Positive_Correlation,D000242,0.5403054962,AISKGConstrainedTransfer,sentence_local
36361582,D000242,p|Allele|N|191,Association,p|Allele|N|191,0.6072646612,AISKGConstrainedTransfer,sentence_local
36361582,D000242,p|SUB|N|288|Q,Association,p|SUB|N|288|Q,0.7274042197,AISKGConstrainedTransfer,sentence_local
36361894,219333,581,Bind,219333,0.5747811459,AISKGConstrainedTransfer,sentence_local
36362417,3458,C025451,Negative_Correlation,C025451,0.4237805917,AISKGConstrainedTransfer,sentence_local
36362417,3458,D000086382,Association,3458,0.8638955284,AISKGConstrainedTransfer,sentence_local
36362417,3458,D006862,Negative_Correlation,D006862,0.5513621566,AISKGConstrainedTransfer,sentence_local
36362417,3458,D013967,Association,3458,0.8328808219,AISKGConstrainedTransfer,sentence_local
36362417,59272,C025451,Negative_Correlation,C025451,0.4237623405,AISKGConstrainedTransfer,sentence_local
36362417,59272,D000086382,Association,59272,0.9201183174,AISKGConstrainedTransfer,sentence_local
36362417,59272,D006111,Association,59272,0.7509817268,AISKGConstrainedTransfer,sentence_local
36362417,59272,D006862,Negative_Correlation,D006862,0.6382201391,AISKGConstrainedTransfer,sentence_local
36362417,59272,D013967,Association,59272,0.838666235,AISKGConstrainedTransfer,sentence_local
36362417,59272,D050031,Association,59272,0.7711322341,AISKGConstrainedTransfer,sentence_local
36362417,7113,C025451,Negative_Correlation,C025451,0.4237623405,AISKGConstrainedTransfer,sentence_local
36362417,7113,D006111,Association,7113,0.77904398,AISKGConstrainedTransfer,sentence_local
36362417,7113,D013967,Association,7113,0.8288163318,AISKGConstrainedTransfer,sentence_local
36362417,7113,D050031,Association,7113,0.7711322341,AISKGConstrainedTransfer,sentence_local
36362417,7124,D000086382,Association,7124,0.8729374646,AISKGConstrainedTransfer,sentence_local
36362417,7124,D013967,Association,7124,0.8441869201,AISKGConstrainedTransfer,sentence_local
36362417,8829,C025451,Negative_Correlation,C025451,0.4393168883,AISKGConstrainedTransfer,sentence_local
36362417,8829,D000086382,Association,8829,0.9299794097,AISKGConstrainedTransfer,sentence_local
36362417,8829,D006111,Association,8829,0.77904398,AISKGConstrainedTransfer,sentence_local
36362417,8829,D006862,Negative_Correlation,D006862,0.6382201391,AISKGConstrainedTransfer,sentence_local
36362417,8829,D013967,Association,8829,0.838666235,AISKGConstrainedTransfer,sentence_local
36362417,8829,D050031,Association,8829,0.7247045657,AISKGConstrainedTransfer,sentence_local
36362417,D000086382,D006862,Positive_Correlation,D000086382,0.52109586,AISKGConstrainedTransfer,sentence_local
36362461,335,D008727,Negative_Correlation,D008727,0.462862099,AISKGConstrainedTransfer,sentence_local
36362461,335,D050197,Association,335,0.9084695289,AISKGConstrainedTransfer,sentence_local
36362461,79679,D003920,Association,79679,0.9546645107,AISKGConstrainedTransfer,sentence_local
36362461,79679,D003922,Association,79679,0.9101000187,AISKGConstrainedTransfer,sentence_local
36362461,79679,D011565,Association,79679,0.9443604472,AISKGConstrainedTransfer,sentence_local
36362461,79679,D050171,Association,79679,0.8900890826,AISKGConstrainedTransfer,sentence_local
36362461,79679,D050197,Association,79679,0.9165890783,AISKGConstrainedTransfer,sentence_local
36362461,D003920,D008727,Positive_Correlation,D003920,0.6611076506,AISKGConstrainedTransfer,sentence_local
36362461,D003920,rs12025144,Positive_Correlation,rs12025144,0.5474202274,AISKGConstrainedTransfer,sentence_local
36362461,D003920,rs2066398,Positive_Correlation,rs2066398,0.5426566902,AISKGConstrainedTransfer,sentence_local
36362461,D008055,D050197,Positive_Correlation,D008055,0.7881611562,AISKGConstrainedTransfer,sentence_local
36362461,D008727,D011565,Negative_Correlation,D008727,0.4954192148,AISKGConstrainedTransfer,sentence_local
36362461,D008727,D050197,Positive_Correlation,D008727,0.5430783736,AISKGConstrainedTransfer,sentence_local
36362461,D008727,rs2066398,Association,rs2066398,0.5055597874,AISKGConstrainedTransfer,sentence_local
36362461,D011565,rs12025144,Association,rs12025144,0.4805312747,AISKGConstrainedTransfer,sentence_local
36362461,D011565,rs2066398,Positive_Correlation,rs2066398,0.5488954101,AISKGConstrainedTransfer,sentence_local
36362461,D050171,rs12025144,Positive_Correlation,rs12025144,0.5330433191,AISKGConstrainedTransfer,sentence_local
36362461,D050171,rs2066398,Positive_Correlation,rs2066398,0.5330433191,AISKGConstrainedTransfer,sentence_local
36362461,D050197,rs2066398,Positive_Correlation,rs2066398,0.6857886095,AISKGConstrainedTransfer,sentence_local
36362642,7018,D001523,Association,7018,0.9537521117,AISKGConstrainedTransfer,sentence_local
36362642,7018,D003072,Association,7018,0.8728223517,AISKGConstrainedTransfer,sentence_local
36362642,7018,D012559,Association,7018,0.8909484097,AISKGConstrainedTransfer,sentence_local
36362642,D001523,D007501,Association,D001523,0.6053036089,AISKGConstrainedTransfer,sentence_local
36362642,D001523,rs3811655,Association,rs3811655,0.7594173754,AISKGConstrainedTransfer,sentence_local
36362642,D003072,D007501,Association,D003072,0.4466275973,AISKGConstrainedTransfer,sentence_local
36362642,D003072,rs3811655,Association,rs3811655,0.4738263533,AISKGConstrainedTransfer,sentence_local
36362642,D007501,D012559,Association,D007501,0.5704669983,AISKGConstrainedTransfer,sentence_local
36362642,D007501,rs3811655,Association,rs3811655,0.7721698126,AISKGConstrainedTransfer,sentence_local
36362642,D012559,rs3811655,Association,rs3811655,0.6985878263,AISKGConstrainedTransfer,sentence_local
36364874,120227,D003920,Association,120227,0.620484621,AISKGConstrainedTransfer,sentence_local
36364874,120227,D006943,Association,120227,0.9105860157,AISKGConstrainedTransfer,sentence_local
36364874,120227,D006973,Association,120227,0.7232325632,AISKGConstrainedTransfer,sentence_local
36364874,120227,D009765,Association,120227,0.7399678066,AISKGConstrainedTransfer,sentence_local
36364874,120227,D024821,Association,120227,0.7185955432,AISKGConstrainedTransfer,sentence_local
36364874,120227,D050177,Association,120227,0.7399678066,AISKGConstrainedTransfer,sentence_local
36364874,7421,D003920,Association,7421,0.620484621,AISKGConstrainedTransfer,sentence_local
36364874,7421,D006973,Association,7421,0.8198849061,AISKGConstrainedTransfer,sentence_local
36364874,7421,D009765,Association,7421,0.7399678066,AISKGConstrainedTransfer,sentence_local
36364874,7421,D024821,Association,7421,0.5128773432,AISKGConstrainedTransfer,sentence_local
36364874,7421,D050177,Association,7421,0.7399678066,AISKGConstrainedTransfer,sentence_local
36364874,D003920,rs10741657,Positive_Correlation,rs10741657,0.6591296329,AISKGConstrainedTransfer,sentence_local
36364874,D003920,rs12794714,Positive_Correlation,rs12794714,0.6591296329,AISKGConstrainedTransfer,sentence_local
36364874,D003920,rs7975232,Positive_Correlation,rs7975232,0.7003948855,AISKGConstrainedTransfer,sentence_local
36364874,D006943,rs10741657,Positive_Correlation,rs10741657,0.678165967,AISKGConstrainedTransfer,sentence_local
36364874,D006943,rs12794714,Positive_Correlation,rs12794714,0.678165967,AISKGConstrainedTransfer,sentence_local
36364874,D006943,rs2060793,Positive_Correlation,rs2060793,0.4964930738,AISKGConstrainedTransfer,sentence_local
36364874,D006973,rs10741657,Positive_Correlation,rs10741657,0.6162589447,AISKGConstrainedTransfer,sentence_local
36364874,D006973,rs12794714,Positive_Correlation,rs12794714,0.6162589447,AISKGConstrainedTransfer,sentence_local
36364874,D006973,rs7975232,Positive_Correlation,rs7975232,0.7328483957,AISKGConstrainedTransfer,sentence_local
36364874,D009765,rs10741657,Positive_Correlation,rs10741657,0.5880509677,AISKGConstrainedTransfer,sentence_local
36364874,D009765,rs12794714,Positive_Correlation,rs12794714,0.629869338,AISKGConstrainedTransfer,sentence_local
36364874,D009765,rs7975232,Positive_Correlation,rs7975232,0.5880509677,AISKGConstrainedTransfer,sentence_local
36364874,D024821,rs10741657,Positive_Correlation,rs10741657,0.6063045289,AISKGConstrainedTransfer,sentence_local
36364874,D024821,rs12794714,Positive_Correlation,rs12794714,0.5880509677,AISKGConstrainedTransfer,sentence_local
36364874,D024821,rs7975232,Positive_Correlation,rs7975232,0.6379160983,AISKGConstrainedTransfer,sentence_local
36364874,D050177,rs10741657,Positive_Correlation,rs10741657,0.5880509677,AISKGConstrainedTransfer,sentence_local
36364874,D050177,rs12794714,Positive_Correlation,rs12794714,0.5880509677,AISKGConstrainedTransfer,sentence_local
36364874,D050177,rs7975232,Positive_Correlation,rs7975232,0.5880509677,AISKGConstrainedTransfer,sentence_local
36364930,7421,D002289,Association,7421,0.7627835711,AISKGConstrainedTransfer,sentence_local
36364930,7421,D009369,Association,7421,0.8212441962,AISKGConstrainedTransfer,sentence_local
36364930,D002289,D014807,Negative_Correlation,D002289,0.397382552,AISKGConstrainedTransfer,sentence_local
36364930,D002289,rs10877012,Positive_Correlation,rs10877012,0.6579992511,AISKGConstrainedTransfer,sentence_local
36364930,D002289,rs1544410,Association,rs1544410,0.4711745921,AISKGConstrainedTransfer,sentence_local
36364930,D002289,rs3782130,Positive_Correlation,rs3782130,0.6579992511,AISKGConstrainedTransfer,sentence_local
36364930,D002289,rs4646536,Positive_Correlation,rs4646536,0.6760553508,AISKGConstrainedTransfer,sentence_local
36364930,D002289,rs703842,Positive_Correlation,rs703842,0.6579992511,AISKGConstrainedTransfer,sentence_local
36364930,D002289,rs731236,Positive_Correlation,rs731236,0.6760553508,AISKGConstrainedTransfer,sentence_local
36364930,D002289,rs7975232,Positive_Correlation,rs7975232,0.6760553508,AISKGConstrainedTransfer,sentence_local
36364930,D009369,rs1544410,Association,rs1544410,0.5148162092,AISKGConstrainedTransfer,sentence_local
36366419,1494475,D014777,Association,1494475,0.8624483736,AISKGConstrainedTransfer,sentence_local
36366419,1494475,D060085,Association,1494475,0.8624483736,AISKGConstrainedTransfer,sentence_local
36366419,D000069455,p|SUB|S|275|F,Association,p|SUB|S|275|F,0.7177719668,AISKGConstrainedTransfer,sentence_local
36384536,23132,D008175,Association,23132,0.8841451453,AISKGConstrainedTransfer,sentence_local
36384536,2965,D002294,Association,2965,0.7838974028,AISKGConstrainedTransfer,sentence_local
36384536,2965,D008175,Association,2965,0.7927018646,AISKGConstrainedTransfer,sentence_local
36384536,D002294,rs3802967,Positive_Correlation,rs3802967,0.8863569774,AISKGConstrainedTransfer,sentence_local
36384536,D008175,rs11720298,Association,rs11720298,0.5148424796,AISKGConstrainedTransfer,sentence_local
36384536,D008175,rs3802967,Positive_Correlation,rs3802967,0.8863569774,AISKGConstrainedTransfer,sentence_local
36384536,D008175,rs4150667,Positive_Correlation,rs4150667,0.6924081975,AISKGConstrainedTransfer,sentence_local
36384536,D008175,rs4687592,Positive_Correlation,rs4687592,0.8968524789,AISKGConstrainedTransfer,sentence_local
36384536,D008175,rs9864693,Positive_Correlation,rs9864693,0.6051263378,AISKGConstrainedTransfer,sentence_local
36385756,57680,D000067877,Association,57680,0.8416119149,AISKGConstrainedTransfer,sentence_local
36385756,67772,D000067877,Association,67772,0.7992023387,AISKGConstrainedTransfer,sentence_local
36385756,67772,D001007,Association,67772,0.9054030335,AISKGConstrainedTransfer,sentence_local
36385756,67772,D001321,Association,67772,0.9212253436,AISKGConstrainedTransfer,sentence_local
36385756,67772,D001523,Association,67772,0.6863593369,AISKGConstrainedTransfer,sentence_local
36385756,D000067877,p|SUB|N|2373|K,Positive_Correlation,p|SUB|N|2373|K,0.5944472189,AISKGConstrainedTransfer,sentence_local
36385756,D000067877,rs1331026006,Positive_Correlation,rs1331026006,0.6856678579,AISKGConstrainedTransfer,sentence_local
36385756,D001007,rs1331026006,Positive_Correlation,rs1331026006,0.6988937885,AISKGConstrainedTransfer,sentence_local
36385756,D001321,rs1331026006,Positive_Correlation,rs1331026006,0.6664139037,AISKGConstrainedTransfer,sentence_local
36385756,D001523,p|SUB|N|2373|K,Positive_Correlation,p|SUB|N|2373|K,0.8013040928,AISKGConstrainedTransfer,sentence_local
36386806,1991,C536227,Association,1991,0.9478024225,AISKGConstrainedTransfer,sentence_local
36386806,1991,D009503,Association,1991,0.9690231439,AISKGConstrainedTransfer,sentence_local
36386806,1991,D009842,Association,D009842,0.3584722929,AISKGConstrainedTransfer,sentence_local
36386806,C536227,c|SUB|T|180|G,Positive_Correlation,c|SUB|T|180|G,0.5153275078,AISKGConstrainedTransfer,sentence_local
36386806,C536227,p|SUB|I|60|M,Positive_Correlation,p|SUB|I|60|M,0.4933708931,AISKGConstrainedTransfer,sentence_local
36386806,C536227,rs137854447,Positive_Correlation,rs137854447,0.5881674022,AISKGConstrainedTransfer,sentence_local
36386806,D009503,D009842,Positive_Correlation,D009503,0.40785748,AISKGConstrainedTransfer,sentence_local
36387492,5327,D000086382,Association,5327,0.8558923542,AISKGConstrainedTransfer,sentence_local
36387492,6401,D000086382,Association,6401,0.9454563299,AISKGConstrainedTransfer,sentence_local
36387492,6403,D000086382,Association,6403,0.9454563299,AISKGConstrainedTransfer,sentence_local
36387492,7035,D000086382,Association,7035,0.8493601344,AISKGConstrainedTransfer,sentence_local
36387492,D000086382,rs2020921,Association,rs2020921,0.5795671303,AISKGConstrainedTransfer,sentence_local
36387492,D000086382,rs5361,Association,rs5361,0.6490484593,AISKGConstrainedTransfer,sentence_local
36387492,D000086382,rs6133,Association,rs6133,0.6490484593,AISKGConstrainedTransfer,sentence_local
36387492,D000086382,rs8176592,Association,rs8176592,0.5795671303,AISKGConstrainedTransfer,sentence_local
36388127,C000605992,D002312,Positive_Correlation,C000605992,0.6620933979,AISKGConstrainedTransfer,sentence_local
36388127,C000605992,p|SUB|R|403|Q,Association,p|SUB|R|403|Q,0.4219989632,AISKGConstrainedTransfer,sentence_local
36388127,C472645,C547293,Negative_Correlation,C547293,0.5254782086,AISKGConstrainedTransfer,sentence_local
36388127,C472645,D002312,Positive_Correlation,C472645,0.6620933979,AISKGConstrainedTransfer,sentence_local
36388127,C472645,p|SUB|R|403|Q,Association,p|SUB|R|403|Q,0.4219989632,AISKGConstrainedTransfer,sentence_local
36388127,C547293,D002312,Positive_Correlation,C547293,0.6620933979,AISKGConstrainedTransfer,sentence_local
36388127,C547293,p|SUB|R|403|Q,Association,p|SUB|R|403|Q,0.4219989632,AISKGConstrainedTransfer,sentence_local
36388127,D002118,D002312,Positive_Correlation,D002118,0.6327601607,AISKGConstrainedTransfer,sentence_local
36388127,D002312,p|SUB|R|403|Q,Positive_Correlation,p|SUB|R|403|Q,0.7672423462,AISKGConstrainedTransfer,sentence_local
36388945,3553,C023717,Association,C023717,0.5553473775,AISKGConstrainedTransfer,sentence_local
36388945,3553,D000086382,Association,3553,0.8881282666,AISKGConstrainedTransfer,sentence_local
36388945,3553,D004365,Association,D004365,0.5904732447,AISKGConstrainedTransfer,sentence_local
36388945,3553,D005419,Association,D005419,0.5904732447,AISKGConstrainedTransfer,sentence_local
36388945,3553,D007249,Association,3553,0.8986950373,AISKGConstrainedTransfer,sentence_local
36388945,3553,D011794,Association,D011794,0.5904732447,AISKGConstrainedTransfer,sentence_local
36388945,3553,D047311,Association,D047311,0.5904732447,AISKGConstrainedTransfer,sentence_local
36388945,3569,C023717,Association,C023717,0.5494963101,AISKGConstrainedTransfer,sentence_local
36388945,3569,D000086382,Association,3569,0.8871553996,AISKGConstrainedTransfer,sentence_local
36388945,3569,D004365,Association,D004365,0.5854442532,AISKGConstrainedTransfer,sentence_local
36388945,3569,D005419,Association,D005419,0.5854442532,AISKGConstrainedTransfer,sentence_local
36388945,3569,D007249,Association,3569,0.8977224782,AISKGConstrainedTransfer,sentence_local
36388945,3569,D011794,Association,D011794,0.5854442532,AISKGConstrainedTransfer,sentence_local
36388945,3569,D047311,Association,D047311,0.5854442532,AISKGConstrainedTransfer,sentence_local
36388945,3576,C023717,Association,C023717,0.5990258661,AISKGConstrainedTransfer,sentence_local
36388945,3576,D000086382,Association,3576,0.8903372989,AISKGConstrainedTransfer,sentence_local
36388945,3576,D004365,Association,D004365,0.5990258661,AISKGConstrainedTransfer,sentence_local
36388945,3576,D005419,Association,D005419,0.5990258661,AISKGConstrainedTransfer,sentence_local
36388945,3576,D007249,Association,3576,0.9013723794,AISKGConstrainedTransfer,sentence_local
36388945,3576,D011794,Association,D011794,0.5990258661,AISKGConstrainedTransfer,sentence_local
36388945,3576,D047311,Association,D047311,0.5990258661,AISKGConstrainedTransfer,sentence_local
36388945,3605,D000086382,Association,3605,0.9382494118,AISKGConstrainedTransfer,sentence_local
36388945,3605,D018352,Association,3605,0.9382494118,AISKGConstrainedTransfer,sentence_local
36388945,43740568,C023717,Association,C023717,0.6065125433,AISKGConstrainedTransfer,sentence_local
36388945,43740568,D000086382,Association,43740568,0.9385147486,AISKGConstrainedTransfer,sentence_local
36388945,43740568,D004365,Association,D004365,0.6424269821,AISKGConstrainedTransfer,sentence_local
36388945,43740568,D005419,Association,D005419,0.6424269821,AISKGConstrainedTransfer,sentence_local
36388945,43740568,D007249,Association,43740568,0.9146376882,AISKGConstrainedTransfer,sentence_local
36388945,43740568,D011794,Association,D011794,0.6065125433,AISKGConstrainedTransfer,sentence_local
36388945,43740568,D047311,Association,D047311,0.6065125433,AISKGConstrainedTransfer,sentence_local
36388945,43740578,C023717,Association,C023717,0.5649960332,AISKGConstrainedTransfer,sentence_local
36388945,43740578,D000086382,Association,43740578,0.9096403398,AISKGConstrainedTransfer,sentence_local
36388945,43740578,D004365,Association,D004365,0.5990258661,AISKGConstrainedTransfer,sentence_local
36388945,43740578,D005419,Association,D005419,0.5649960332,AISKGConstrainedTransfer,sentence_local
36388945,43740578,D007249,Association,43740578,0.9013723794,AISKGConstrainedTransfer,sentence_local
36388945,43740578,D011794,Association,D011794,0.5649960332,AISKGConstrainedTransfer,sentence_local
36388945,43740578,D047311,Association,D047311,0.5649960332,AISKGConstrainedTransfer,sentence_local
36388945,59272,C023717,Association,C023717,0.5649960332,AISKGConstrainedTransfer,sentence_local
36388945,59272,D000086382,Association,59272,0.9247539584,AISKGConstrainedTransfer,sentence_local
36388945,59272,D004365,Association,D004365,0.5990258661,AISKGConstrainedTransfer,sentence_local
36388945,59272,D005419,Association,D005419,0.5649960332,AISKGConstrainedTransfer,sentence_local
36388945,59272,D007249,Association,59272,0.9013723794,AISKGConstrainedTransfer,sentence_local
36388945,59272,D011794,Association,D011794,0.5649960332,AISKGConstrainedTransfer,sentence_local
36388945,59272,D047311,Association,D047311,0.5649960332,AISKGConstrainedTransfer,sentence_local
36388945,7097,D000086382,Association,7097,0.9520028875,AISKGConstrainedTransfer,sentence_local
36388945,7097,D018352,Association,7097,0.9520028875,AISKGConstrainedTransfer,sentence_local
36388945,7124,C023717,Association,C023717,0.5639681548,AISKGConstrainedTransfer,sentence_local
36388945,7124,D000086382,Association,7124,0.8914387269,AISKGConstrainedTransfer,sentence_local
36388945,7124,D004365,Association,D004365,0.598762027,AISKGConstrainedTransfer,sentence_local
36388945,7124,D005419,Association,D005419,0.598762027,AISKGConstrainedTransfer,sentence_local
36388945,7124,D007249,Association,7124,0.902228732,AISKGConstrainedTransfer,sentence_local
36388945,7124,D011794,Association,D011794,0.598762027,AISKGConstrainedTransfer,sentence_local
36388945,7124,D047311,Association,D047311,0.598762027,AISKGConstrainedTransfer,sentence_local
36388945,C005273,C006552,Negative_Correlation,C006552,0.5065130016,AISKGConstrainedTransfer,sentence_local
36388945,C005273,C006680,Negative_Correlation,C006680,0.5065130016,AISKGConstrainedTransfer,sentence_local
36388945,C005273,C023717,Negative_Correlation,C023717,0.5596934213,AISKGConstrainedTransfer,sentence_local
36388945,C005273,C031327,Negative_Correlation,C031327,0.5065130016,AISKGConstrainedTransfer,sentence_local
36388945,C005273,C518327,Negative_Correlation,C518327,0.5065130016,AISKGConstrainedTransfer,sentence_local
36388945,C005273,D000086382,Negative_Correlation,C005273,0.721641031,AISKGConstrainedTransfer,sentence_local
36388945,C005273,D004365,Negative_Correlation,D004365,0.5596934213,AISKGConstrainedTransfer,sentence_local
36388945,C005273,D011794,Negative_Correlation,D011794,0.5596934213,AISKGConstrainedTransfer,sentence_local
36388945,C005273,D047311,Negative_Correlation,D047311,0.5596934213,AISKGConstrainedTransfer,sentence_local
36388945,C006552,C006680,Negative_Correlation,C006680,0.5065130016,AISKGConstrainedTransfer,sentence_local
36388945,C006552,C023717,Negative_Correlation,C023717,0.5065130016,AISKGConstrainedTransfer,sentence_local
36388945,C006552,C031327,Negative_Correlation,C031327,0.5596934213,AISKGConstrainedTransfer,sentence_local
36388945,C006552,C518327,Negative_Correlation,C518327,0.5596934213,AISKGConstrainedTransfer,sentence_local
36388945,C006552,D000086382,Negative_Correlation,C006552,0.721641031,AISKGConstrainedTransfer,sentence_local
36388945,C006552,D004365,Negative_Correlation,D004365,0.5596934213,AISKGConstrainedTransfer,sentence_local
36388945,C006552,D011794,Negative_Correlation,D011794,0.5596934213,AISKGConstrainedTransfer,sentence_local
36388945,C006552,D047311,Negative_Correlation,D047311,0.5065130016,AISKGConstrainedTransfer,sentence_local
36388945,C006680,C023717,Negative_Correlation,C023717,0.5065130016,AISKGConstrainedTransfer,sentence_local
36388945,C006680,C031327,Negative_Correlation,C031327,0.5065130016,AISKGConstrainedTransfer,sentence_local
36388945,C006680,C518327,Negative_Correlation,C518327,0.5596934213,AISKGConstrainedTransfer,sentence_local
36388945,C006680,D000086382,Negative_Correlation,C006680,0.721641031,AISKGConstrainedTransfer,sentence_local
36388945,C006680,D004365,Negative_Correlation,D004365,0.5596934213,AISKGConstrainedTransfer,sentence_local
36388945,C006680,D011794,Negative_Correlation,D011794,0.5596934213,AISKGConstrainedTransfer,sentence_local
36388945,C006680,D047311,Negative_Correlation,D047311,0.5596934213,AISKGConstrainedTransfer,sentence_local
36388945,C023717,C031327,Negative_Correlation,C031327,0.5596934213,AISKGConstrainedTransfer,sentence_local
36388945,C023717,C518327,Negative_Correlation,C518327,0.5596934213,AISKGConstrainedTransfer,sentence_local
36388945,C023717,D000086382,Association,C023717,0.3742931385,AISKGConstrainedTransfer,sentence_local
36388945,C023717,D004365,Negative_Correlation,D004365,0.5596934213,AISKGConstrainedTransfer,sentence_local
36388945,C023717,D007249,Association,C023717,0.4286246709,AISKGConstrainedTransfer,sentence_local
36388945,C023717,D011794,Negative_Correlation,D011794,0.5065130016,AISKGConstrainedTransfer,sentence_local
36388945,C023717,D047311,Negative_Correlation,D047311,0.5065130016,AISKGConstrainedTransfer,sentence_local
36388945,C031327,C518327,Negative_Correlation,C518327,0.5065130016,AISKGConstrainedTransfer,sentence_local
36388945,C031327,D000086382,Negative_Correlation,C031327,0.7455789511,AISKGConstrainedTransfer,sentence_local
36388945,C031327,D004365,Negative_Correlation,D004365,0.493701882,AISKGConstrainedTransfer,sentence_local
36388945,C031327,D011794,Negative_Correlation,D011794,0.5596934213,AISKGConstrainedTransfer,sentence_local
36388945,C031327,D047311,Negative_Correlation,D047311,0.5596934213,AISKGConstrainedTransfer,sentence_local
36388945,C518327,D000086382,Negative_Correlation,C518327,0.7455789511,AISKGConstrainedTransfer,sentence_local
36388945,C518327,D004365,Negative_Correlation,D004365,0.493701882,AISKGConstrainedTransfer,sentence_local
36388945,C518327,D011794,Negative_Correlation,D011794,0.5596934213,AISKGConstrainedTransfer,sentence_local
36388945,C518327,D047311,Negative_Correlation,D047311,0.5596934213,AISKGConstrainedTransfer,sentence_local
36388945,D000086382,D004365,Association,D000086382,0.4539758026,AISKGConstrainedTransfer,sentence_local
36388945,D000086382,D005419,Association,D000086382,0.44251511,AISKGConstrainedTransfer,sentence_local
36388945,D000086382,D011794,Association,D000086382,0.4539758026,AISKGConstrainedTransfer,sentence_local
36388945,D000086382,D047311,Association,D000086382,0.4539758026,AISKGConstrainedTransfer,sentence_local
36388945,D004365,D007249,Association,D004365,0.4738586382,AISKGConstrainedTransfer,sentence_local
36388945,D004365,D011794,Negative_Correlation,D011794,0.5596934213,AISKGConstrainedTransfer,sentence_local
36388945,D004365,D047311,Negative_Correlation,D047311,0.5596934213,AISKGConstrainedTransfer,sentence_local
36388945,D005419,D007249,Association,D005419,0.4286246709,AISKGConstrainedTransfer,sentence_local
36388945,D007249,D011794,Association,D007249,0.5173980965,AISKGConstrainedTransfer,sentence_local
36388945,D007249,D047311,Association,D007249,0.5173980965,AISKGConstrainedTransfer,sentence_local
36388945,D011794,D047311,Negative_Correlation,D047311,0.5065130016,AISKGConstrainedTransfer,sentence_local
36389080,3458,D003704,Association,3458,0.9217786853,AISKGConstrainedTransfer,sentence_local
36389080,3552,D003704,Association,3552,0.9217786853,AISKGConstrainedTransfer,sentence_local
36389080,3569,D003704,Association,3569,0.9217786853,AISKGConstrainedTransfer,sentence_local
36389080,7124,D003704,Association,7124,0.9217786853,AISKGConstrainedTransfer,sentence_local
36397318,185,D011225,Association,185,0.9556204005,AISKGConstrainedTransfer,sentence_local
36397318,186,D011225,Association,186,0.7395067536,AISKGConstrainedTransfer,sentence_local
36397318,D011225,c|SUB|A|-1166|C,Positive_Correlation,c|SUB|A|-1166|C,0.5593275561,AISKGConstrainedTransfer,sentence_local
36397318,D011225,c|SUB|A|-1675|G,Positive_Correlation,c|SUB|A|-1675|G,0.6432286934,AISKGConstrainedTransfer,sentence_local
36397853,1301,OMIM:228520,Association,1301,0.9211940205,AISKGConstrainedTransfer,sentence_local
36399957,14528,C001803,Negative_Correlation,C001803,0.5540340776,AISKGConstrainedTransfer,sentence_local
36399957,14528,C003402,Positive_Correlation,C003402,0.3895021847,AISKGConstrainedTransfer,sentence_local
36399957,14528,C007957,Negative_Correlation,C007957,0.4231282398,AISKGConstrainedTransfer,sentence_local
36399957,14528,C016727,Negative_Correlation,C016727,0.5540340776,AISKGConstrainedTransfer,sentence_local
36399957,14528,C090663,Negative_Correlation,C090663,0.3407962431,AISKGConstrainedTransfer,sentence_local
36399957,14528,D000111,Positive_Correlation,D000111,0.3895021847,AISKGConstrainedTransfer,sentence_local
36399957,14528,D002561,Association,14528,0.9113971544,AISKGConstrainedTransfer,sentence_local
36399957,14528,D003072,Association,14528,0.9018364662,AISKGConstrainedTransfer,sentence_local
36399957,14528,D003545,Negative_Correlation,D003545,0.5797881814,AISKGConstrainedTransfer,sentence_local
36399957,14528,D009569,Negative_Correlation,D009569,0.5493347914,AISKGConstrainedTransfer,sentence_local
36399957,14528,D020138,Association,14528,0.7572883533,AISKGConstrainedTransfer,sentence_local
36399957,18126,C001803,Negative_Correlation,C001803,0.4868373,AISKGConstrainedTransfer,sentence_local
36399957,18126,C003402,Positive_Correlation,C003402,0.3944055744,AISKGConstrainedTransfer,sentence_local
36399957,18126,C007957,Negative_Correlation,C007957,0.4366856666,AISKGConstrainedTransfer,sentence_local
36399957,18126,C016727,Negative_Correlation,C016727,0.4868373,AISKGConstrainedTransfer,sentence_local
36399957,18126,C090663,Positive_Correlation,C090663,0.4232749837,AISKGConstrainedTransfer,sentence_local
36399957,18126,D000111,Positive_Correlation,D000111,0.3944055744,AISKGConstrainedTransfer,sentence_local
36399957,18126,D003072,Association,18126,0.8315985139,AISKGConstrainedTransfer,sentence_local
36399957,2643,C007957,Positive_Correlation,C007957,0.7238965297,AISKGConstrainedTransfer,sentence_local
36399957,2643,D003072,Association,2643,0.81245073,AISKGConstrainedTransfer,sentence_local
36399957,2643,D020138,Association,2643,0.9365356362,AISKGConstrainedTransfer,sentence_local
36399957,C007957,D003072,Positive_Correlation,C007957,0.7335197069,AISKGConstrainedTransfer,sentence_local
36399957,D003072,D003545,Positive_Correlation,D003072,0.4386109337,AISKGConstrainedTransfer,sentence_local
36399957,D003545,D020138,Positive_Correlation,D003545,0.4109983951,AISKGConstrainedTransfer,sentence_local
36401380,3767,D003924,Association,3767,0.9340474543,AISKGConstrainedTransfer,sentence_local
36401380,6833,D003924,Association,6833,0.9431119915,AISKGConstrainedTransfer,sentence_local
36401380,D003924,rs1799859,Positive_Correlation,rs1799859,0.6377187783,AISKGConstrainedTransfer,sentence_local
36401380,D003924,rs2285676,Positive_Correlation,rs2285676,0.6377187783,AISKGConstrainedTransfer,sentence_local
36401380,D003924,rs5219,Positive_Correlation,rs5219,0.6377187783,AISKGConstrainedTransfer,sentence_local
36401380,D003924,rs757110,Positive_Correlation,rs757110,0.6266926642,AISKGConstrainedTransfer,sentence_local
36404555,4567,C536246,Association,4567,0.8129613744,AISKGConstrainedTransfer,sentence_local
36404555,4567,D005923,Association,4567,0.7910534073,AISKGConstrainedTransfer,sentence_local
36404555,4567,D007674,Association,4567,0.8187697009,AISKGConstrainedTransfer,sentence_local
36404555,4567,D009135,Association,4567,0.7652656736,AISKGConstrainedTransfer,sentence_local
36404555,4567,D009202,Association,4567,0.7843779251,AISKGConstrainedTransfer,sentence_local
36404555,4567,D011507,Association,4567,0.8187697009,AISKGConstrainedTransfer,sentence_local
36404555,4567,D017237,Association,4567,0.8426577651,AISKGConstrainedTransfer,sentence_local
36404555,4567,D017241,Association,4567,0.781224757,AISKGConstrainedTransfer,sentence_local
36404555,4567,D028361,Association,4567,0.9082584442,AISKGConstrainedTransfer,sentence_local
36404555,C536246,m|SUB|A|3243|G,Positive_Correlation,m|SUB|A|3243|G,0.6688208854,AISKGConstrainedTransfer,sentence_local
36404555,D005923,m|SUB|A|3243|G,Positive_Correlation,m|SUB|A|3243|G,0.4742376841,AISKGConstrainedTransfer,sentence_local
36404555,D007674,m|DEL|3274_3275|AC,Positive_Correlation,m|DEL|3274_3275|AC,0.575520429,AISKGConstrainedTransfer,sentence_local
36404555,D009135,m|SUB|A|3243|G,Positive_Correlation,m|SUB|A|3243|G,0.6287736917,AISKGConstrainedTransfer,sentence_local
36404555,D009202,m|SUB|A|3243|G,Positive_Correlation,m|SUB|A|3243|G,0.5636893559,AISKGConstrainedTransfer,sentence_local
36404555,D011507,m|DEL|3274_3275|AC,Positive_Correlation,m|DEL|3274_3275|AC,0.575520429,AISKGConstrainedTransfer,sentence_local
36404555,D017237,m|DEL|3274_3275|AC,Positive_Correlation,m|DEL|3274_3275|AC,0.6171453608,AISKGConstrainedTransfer,sentence_local
36404555,D017241,m|SUB|A|3243|G,Positive_Correlation,m|SUB|A|3243|G,0.5806594954,AISKGConstrainedTransfer,sentence_local
36404555,D028361,m|DEL|3274_3275|AC,Association,m|DEL|3274_3275|AC,0.4572087934,AISKGConstrainedTransfer,sentence_local
36406976,1432,5599,Association,,0.3412019221,AISKGConstrainedTransfer,sentence_local
36406976,1432,5604,Association,,0.370585363,AISKGConstrainedTransfer,sentence_local
36406976,1432,5605,Association,,0.370585363,AISKGConstrainedTransfer,sentence_local
36406976,1432,6774,Association,,0.3976345376,AISKGConstrainedTransfer,sentence_local
36406976,18033,C532038,Negative_Correlation,C532038,0.3283173306,AISKGConstrainedTransfer,sentence_local
36406976,207,3572,Association,,0.4500216261,AISKGConstrainedTransfer,sentence_local
36406976,21926,C532038,Negative_Correlation,C532038,0.3762754389,AISKGConstrainedTransfer,sentence_local
36406976,21926,D000080424,Association,21926,0.8792773189,AISKGConstrainedTransfer,sentence_local
36406976,21926,D003643,Association,21926,0.838296137,AISKGConstrainedTransfer,sentence_local
36406976,3383,3569,Association,,0.4495976459,AISKGConstrainedTransfer,sentence_local
36406976,3383,5599,Association,,0.3867989276,AISKGConstrainedTransfer,sentence_local
36406976,3383,5604,Association,,0.4089512525,AISKGConstrainedTransfer,sentence_local
36406976,3383,5605,Association,,0.4089512525,AISKGConstrainedTransfer,sentence_local
36406976,3383,6774,Association,,0.4780035472,AISKGConstrainedTransfer,sentence_local
36406976,3383,C532038,Negative_Correlation,C532038,0.4471138845,AISKGConstrainedTransfer,sentence_local
36406976,3569,3572,Association,,0.4404249254,AISKGConstrainedTransfer,sentence_local
36406976,3569,5604,Association,,0.4089512525,AISKGConstrainedTransfer,sentence_local
36406976,3569,5605,Association,,0.4089512525,AISKGConstrainedTransfer,sentence_local
36406976,3569,D000080424,Association,3569,0.8300084695,AISKGConstrainedTransfer,sentence_local
36406976,3569,D000086382,Association,3569,0.8412146459,AISKGConstrainedTransfer,sentence_local
36406976,3569,D017382,Negative_Correlation,D017382,0.4372672491,AISKGConstrainedTransfer,sentence_local
36406976,3570,3572,Association,,0.4404249254,AISKGConstrainedTransfer,sentence_local
36406976,3570,3717,Association,,0.5196223333,AISKGConstrainedTransfer,sentence_local
36406976,3570,6774,Association,,0.5196223333,AISKGConstrainedTransfer,sentence_local
36406976,3570,C532038,Negative_Correlation,C532038,0.4471138845,AISKGConstrainedTransfer,sentence_local
36406976,3572,3717,Association,,0.5141966861,AISKGConstrainedTransfer,sentence_local
36406976,3572,6774,Association,,0.5141966861,AISKGConstrainedTransfer,sentence_local
36406976,4790,D017382,Positive_Correlation,D017382,0.6657841941,AISKGConstrainedTransfer,sentence_local
36406976,5594,C532038,Negative_Correlation,C532038,0.5763687028,AISKGConstrainedTransfer,sentence_local
36406976,5595,C532038,Negative_Correlation,C532038,0.5763687028,AISKGConstrainedTransfer,sentence_local
36406976,5599,6347,Association,,0.4153931884,AISKGConstrainedTransfer,sentence_local
36406976,5599,6774,Association,,0.4757600582,AISKGConstrainedTransfer,sentence_local
36406976,5604,6347,Association,,0.4220260038,AISKGConstrainedTransfer,sentence_local
36406976,5604,6774,Association,,0.4780035472,AISKGConstrainedTransfer,sentence_local
36406976,5605,6347,Association,,0.4220260038,AISKGConstrainedTransfer,sentence_local
36406976,5605,6774,Association,,0.4780035472,AISKGConstrainedTransfer,sentence_local
36406976,5609,6774,Association,,0.5196223333,AISKGConstrainedTransfer,sentence_local
36406976,6347,C532038,Negative_Correlation,C532038,0.4643966723,AISKGConstrainedTransfer,sentence_local
36406976,6774,C532038,Negative_Correlation,C532038,0.3815543454,AISKGConstrainedTransfer,sentence_local
36406976,C532038,D000080424,Negative_Correlation,C532038,0.5264116815,AISKGConstrainedTransfer,sentence_local
36406976,C532038,D003643,Negative_Correlation,C532038,0.5292996213,AISKGConstrainedTransfer,sentence_local
36408215,24835,D009135,Association,24835,0.9142654221,AISKGConstrainedTransfer,sentence_local
36408215,24835,D010146,Association,24835,0.7723420277,AISKGConstrainedTransfer,sentence_local
36408215,24835,D020927,Negative_Correlation,D020927,0.3925495226,AISKGConstrainedTransfer,sentence_local
36408215,291926,C412811,Positive_Correlation,C412811,0.3636167944,AISKGConstrainedTransfer,sentence_local
36408215,291926,D010146,Association,291926,0.7854435922,AISKGConstrainedTransfer,sentence_local
36408215,291926,D020927,Negative_Correlation,D020927,0.4512111126,AISKGConstrainedTransfer,sentence_local
36408215,309165,C412811,Positive_Correlation,C412811,0.3636167944,AISKGConstrainedTransfer,sentence_local
36408215,309165,D009135,Association,309165,0.9348820322,AISKGConstrainedTransfer,sentence_local
36408215,309165,D010146,Association,309165,0.7854435922,AISKGConstrainedTransfer,sentence_local
36408215,309165,D020927,Negative_Correlation,D020927,0.4512111126,AISKGConstrainedTransfer,sentence_local
36408215,4208,D009135,Association,4208,0.9170472899,AISKGConstrainedTransfer,sentence_local
36408215,499497,C412811,Positive_Correlation,C412811,0.3114611262,AISKGConstrainedTransfer,sentence_local
36408215,499497,D007249,Association,499497,0.8371564039,AISKGConstrainedTransfer,sentence_local
36408215,499497,D009209,Association,499497,0.747810905,AISKGConstrainedTransfer,sentence_local
36408215,499497,D010146,Association,499497,0.7919664916,AISKGConstrainedTransfer,sentence_local
36408215,499497,D020927,Negative_Correlation,D020927,0.6524305994,AISKGConstrainedTransfer,sentence_local
36408215,81523,C412811,Positive_Correlation,C412811,0.3197574674,AISKGConstrainedTransfer,sentence_local
36408215,81523,D010146,Association,81523,0.8999596861,AISKGConstrainedTransfer,sentence_local
36408215,81523,D020927,Negative_Correlation,D020927,0.3416635112,AISKGConstrainedTransfer,sentence_local
36408215,C412811,D010146,Positive_Correlation,C412811,0.4902839802,AISKGConstrainedTransfer,sentence_local
36408215,D007249,D020927,Negative_Correlation,D007249,0.6016759216,AISKGConstrainedTransfer,sentence_local
36408215,D009135,D020927,Positive_Correlation,D009135,0.542696626,AISKGConstrainedTransfer,sentence_local
36408215,D009209,D020927,Negative_Correlation,D009209,0.6548605294,AISKGConstrainedTransfer,sentence_local
36408789,5274,C536841,Association,5274,0.935614369,AISKGConstrainedTransfer,sentence_local
36408789,5274,D019636,Association,5274,0.9372034152,AISKGConstrainedTransfer,sentence_local
36408789,5327,C504424,Negative_Correlation,C504424,0.4559194775,AISKGConstrainedTransfer,sentence_local
36408789,C504424,p|SUB|H|138|C,Association,p|SUB|H|138|C,0.3629770032,AISKGConstrainedTransfer,sentence_local
36410397,11027185,C549273,Negative_Correlation,C549273,0.762936973,AISKGConstrainedTransfer,sentence_local
36410397,11027185,D000069474,Negative_Correlation,D000069474,0.762936973,AISKGConstrainedTransfer,sentence_local
36410397,11027185,D005355,Association,11027185,0.6534675036,AISKGConstrainedTransfer,sentence_local
36410397,11027185,D011092,Negative_Correlation,D011092,0.5232796112,AISKGConstrainedTransfer,sentence_local
36410397,11027185,D012254,Negative_Correlation,D012254,0.4440099395,AISKGConstrainedTransfer,sentence_local
36410397,11027185,D016898,Negative_Correlation,D016898,0.5232796112,AISKGConstrainedTransfer,sentence_local
36410397,11027185,D019698,Association,11027185,0.8780373815,AISKGConstrainedTransfer,sentence_local
36410397,C549273,D000069474,Cotreatment,,0.5655046547,AISKGConstrainedTransfer,sentence_local
36410397,C549273,D011092,Cotreatment,,0.5611580776,AISKGConstrainedTransfer,sentence_local
36410397,C549273,D012254,Cotreatment,,0.519533622,AISKGConstrainedTransfer,sentence_local
36410397,C549273,D016898,Cotreatment,,0.5611580776,AISKGConstrainedTransfer,sentence_local
36410397,C549273,D019698,Negative_Correlation,C549273,0.6773339416,AISKGConstrainedTransfer,sentence_local
36410397,D000069474,D011092,Cotreatment,,0.5655046547,AISKGConstrainedTransfer,sentence_local
36410397,D000069474,D012254,Cotreatment,,0.5655046547,AISKGConstrainedTransfer,sentence_local
36410397,D000069474,D016898,Cotreatment,,0.5655046547,AISKGConstrainedTransfer,sentence_local
36410397,D000069474,D019698,Negative_Correlation,D000069474,0.6773339416,AISKGConstrainedTransfer,sentence_local
36410397,D005355,D011092,Positive_Correlation,D005355,0.569178501,AISKGConstrainedTransfer,sentence_local
36410397,D005355,D012254,Positive_Correlation,D005355,0.569178501,AISKGConstrainedTransfer,sentence_local
36410397,D005355,D016898,Positive_Correlation,D005355,0.569178501,AISKGConstrainedTransfer,sentence_local
36410397,D011092,D016898,Cotreatment,,0.5127401929,AISKGConstrainedTransfer,sentence_local
36410397,D011092,D019698,Negative_Correlation,D011092,0.7166108701,AISKGConstrainedTransfer,sentence_local
36410397,D012254,D019698,Negative_Correlation,D012254,0.7182284405,AISKGConstrainedTransfer,sentence_local
36410397,D016898,D019698,Negative_Correlation,D016898,0.7166108701,AISKGConstrainedTransfer,sentence_local
36411082,351,D000544,Association,351,0.9026366799,AISKGConstrainedTransfer,sentence_local
36416673,1576,D000068338,Negative_Correlation,D000068338,0.5943262726,AISKGConstrainedTransfer,sentence_local
36416673,1576,D019438,Positive_Correlation,D019438,0.5950278752,AISKGConstrainedTransfer,sentence_local
36416673,1576,D020123,Negative_Correlation,D020123,0.6387875455,AISKGConstrainedTransfer,sentence_local
36418322,2908,D003907,Positive_Correlation,D003907,0.4544408147,AISKGConstrainedTransfer,sentence_local
36418322,2908,D004317,Positive_Correlation,D004317,0.5127204869,AISKGConstrainedTransfer,sentence_local
36418322,D001943,D018943,Negative_Correlation,D001943,0.5068465731,AISKGConstrainedTransfer,sentence_local
36418322,D003907,rs28714259,Negative_Correlation,,0.5629336568,AISKGConstrainedTransfer,sentence_local
36418322,D004317,D006332,Positive_Correlation,D004317,0.5974187935,AISKGConstrainedTransfer,sentence_local
36418322,D004317,rs28714259,Association,rs28714259,0.5402635942,AISKGConstrainedTransfer,sentence_local
36418322,D006331,rs28714259,Positive_Correlation,rs28714259,0.716159271,AISKGConstrainedTransfer,sentence_local
36418322,D006333,D018943,Positive_Correlation,D006333,0.855489005,AISKGConstrainedTransfer,sentence_local
36418322,D006333,rs28714259,Positive_Correlation,rs28714259,0.7615430836,AISKGConstrainedTransfer,sentence_local
36418322,D018943,D066126,Positive_Correlation,D018943,0.61891083,AISKGConstrainedTransfer,sentence_local
36418322,D018943,rs28714259,Association,rs28714259,0.4319503194,AISKGConstrainedTransfer,sentence_local
36419651,8291,C537480,Association,8291,0.9657829557,AISKGConstrainedTransfer,sentence_local
36419651,8291,C537995,Association,8291,0.8604652887,AISKGConstrainedTransfer,sentence_local
36419668,29126,D007249,Association,29126,0.8805512821,AISKGConstrainedTransfer,sentence_local
36419668,3458,D007249,Association,3458,0.8740284172,AISKGConstrainedTransfer,sentence_local
36419668,3820,D007918,Association,3820,0.8283235549,AISKGConstrainedTransfer,sentence_local
36419668,5133,D007249,Association,5133,0.8898027897,AISKGConstrainedTransfer,sentence_local
36419668,5133,D015440,Association,5133,0.9465614965,AISKGConstrainedTransfer,sentence_local
36419668,7097,D007918,Association,7097,0.8181661008,AISKGConstrainedTransfer,sentence_local
36419668,7097,D015440,Association,7097,0.9518747782,AISKGConstrainedTransfer,sentence_local
36419668,7099,D007918,Association,7099,0.8428048096,AISKGConstrainedTransfer,sentence_local
36419668,7099,D015440,Association,7099,0.9518747782,AISKGConstrainedTransfer,sentence_local
36419668,7124,D007249,Association,7124,0.902501605,AISKGConstrainedTransfer,sentence_local
36419668,917,D007918,Association,917,0.8108513141,AISKGConstrainedTransfer,sentence_local
36419668,920,D007918,Association,920,0.829686049,AISKGConstrainedTransfer,sentence_local
36419668,925,D007918,Association,925,0.8283235549,AISKGConstrainedTransfer,sentence_local
36419668,929,D007918,Association,929,0.8283235549,AISKGConstrainedTransfer,sentence_local
36419668,930,D007918,Association,930,0.8283235549,AISKGConstrainedTransfer,sentence_local
36420263,12156,D006086,Association,12156,0.6582462718,AISKGConstrainedTransfer,sentence_local
36420263,12159,D006086,Association,12159,0.6582462718,AISKGConstrainedTransfer,sentence_local
36420263,18007,D006086,Association,18007,0.5621014169,AISKGConstrainedTransfer,sentence_local
36420263,285704,D005759,Association,285704,0.9588971643,AISKGConstrainedTransfer,sentence_local
36420263,285704,D006086,Association,285704,0.9458137197,AISKGConstrainedTransfer,sentence_local
36420263,285704,D015212,Association,285704,0.9427097135,AISKGConstrainedTransfer,sentence_local
36420263,285704,D016264,Negative_Correlation,D016264,0.5167614835,AISKGConstrainedTransfer,sentence_local
36420263,285704,D052016,Association,285704,0.919904005,AISKGConstrainedTransfer,sentence_local
36420263,68799,D005759,Association,68799,0.9588971643,AISKGConstrainedTransfer,sentence_local
36420263,68799,D006086,Association,68799,0.9458137197,AISKGConstrainedTransfer,sentence_local
36420263,68799,D015212,Association,68799,0.9427097135,AISKGConstrainedTransfer,sentence_local
36420263,68799,D016264,Negative_Correlation,D016264,0.5167614835,AISKGConstrainedTransfer,sentence_local
36420263,68799,D052016,Association,68799,0.919904005,AISKGConstrainedTransfer,sentence_local
36420263,D003092,D016264,Negative_Correlation,D003092,0.500625385,AISKGConstrainedTransfer,sentence_local
36420263,D015212,D016264,Negative_Correlation,D015212,0.5616277657,AISKGConstrainedTransfer,sentence_local
36421383,6513,D004194,Association,6513,0.7871404104,AISKGConstrainedTransfer,sentence_local
36421383,6513,D005947,Association,D005947,0.4540189034,AISKGConstrainedTransfer,sentence_local
36421438,10911,114553,Positive_Correlation,114553,0.4572402471,AISKGConstrainedTransfer,sentence_local
36421438,10911,116554,Positive_Correlation,116554,0.4154408245,AISKGConstrainedTransfer,sentence_local
36421438,10911,50658,Positive_Correlation,50658,0.543794233,AISKGConstrainedTransfer,sentence_local
36421438,10911,85431,Positive_Correlation,85431,0.4600197119,AISKGConstrainedTransfer,sentence_local
36421438,10911,C001803,Negative_Correlation,C001803,0.6826050301,AISKGConstrainedTransfer,sentence_local
36421438,10911,C025451,Negative_Correlation,C025451,0.3373464606,AISKGConstrainedTransfer,sentence_local
36421438,10911,C056165,Positive_Correlation,C056165,0.3562288361,AISKGConstrainedTransfer,sentence_local
36421438,10911,C093642,Negative_Correlation,C093642,0.6826050301,AISKGConstrainedTransfer,sentence_local
36421438,10911,C093973,Negative_Correlation,C093973,0.6826050301,AISKGConstrainedTransfer,sentence_local
36421438,10911,D003545,Negative_Correlation,D003545,0.3377420067,AISKGConstrainedTransfer,sentence_local
36421438,10911,D006862,Negative_Correlation,D006862,0.4580391115,AISKGConstrainedTransfer,sentence_local
36421438,10911,D012435,Negative_Correlation,D012435,0.3377420067,AISKGConstrainedTransfer,sentence_local
36421438,10911,D017382,Association,D017382,0.3980920048,AISKGConstrainedTransfer,sentence_local
36421438,114553,50658,Positive_Correlation,50658,0.5046746905,AISKGConstrainedTransfer,sentence_local
36421438,114553,81649,Positive_Correlation,81649,0.5211838507,AISKGConstrainedTransfer,sentence_local
36421438,114553,85431,Positive_Correlation,85431,0.5080535974,AISKGConstrainedTransfer,sentence_local
36421438,114553,D017382,Positive_Correlation,D017382,0.5712858808,AISKGConstrainedTransfer,sentence_local
36421438,116554,81649,Positive_Correlation,81649,0.4272461657,AISKGConstrainedTransfer,sentence_local
36421438,116554,D017382,Positive_Correlation,D017382,0.471398398,AISKGConstrainedTransfer,sentence_local
36421438,116590,85431,Positive_Correlation,85431,0.4486573526,AISKGConstrainedTransfer,sentence_local
36421438,116590,D006862,Association,D006862,0.3980920048,AISKGConstrainedTransfer,sentence_local
36421438,116590,D017382,Negative_Correlation,D017382,0.4138114425,AISKGConstrainedTransfer,sentence_local
36421438,1432,C056165,Positive_Correlation,C056165,0.3178827895,AISKGConstrainedTransfer,sentence_local
36421438,1432,D006862,Association,D006862,0.3980920048,AISKGConstrainedTransfer,sentence_local
36421438,1432,D017382,Negative_Correlation,D017382,0.4138114425,AISKGConstrainedTransfer,sentence_local
36421438,2775,D006862,Negative_Correlation,D006862,0.5394225005,AISKGConstrainedTransfer,sentence_local
36421438,2775,D017382,Negative_Correlation,D017382,0.4138114425,AISKGConstrainedTransfer,sentence_local
36421438,50658,81649,Positive_Correlation,81649,0.4889971052,AISKGConstrainedTransfer,sentence_local
36421438,50658,85431,Positive_Correlation,85431,0.4600197119,AISKGConstrainedTransfer,sentence_local
36421438,50658,D017382,Positive_Correlation,D017382,0.5712858808,AISKGConstrainedTransfer,sentence_local
36421438,50664,D006862,Association,D006862,0.3980920048,AISKGConstrainedTransfer,sentence_local
36421438,50664,D017382,Negative_Correlation,D017382,0.4138114425,AISKGConstrainedTransfer,sentence_local
36421438,50689,85431,Positive_Correlation,85431,0.4486573526,AISKGConstrainedTransfer,sentence_local
36421438,50689,D006862,Association,D006862,0.3980920048,AISKGConstrainedTransfer,sentence_local
36421438,50689,D017382,Negative_Correlation,D017382,0.4138114425,AISKGConstrainedTransfer,sentence_local
36421438,5594,C056165,Positive_Correlation,C056165,0.3178827895,AISKGConstrainedTransfer,sentence_local
36421438,5594,D006862,Association,D006862,0.3980920048,AISKGConstrainedTransfer,sentence_local
36421438,5594,D017382,Negative_Correlation,D017382,0.4138114425,AISKGConstrainedTransfer,sentence_local
36421438,5595,C056165,Positive_Correlation,C056165,0.3178827895,AISKGConstrainedTransfer,sentence_local
36421438,5595,D006862,Association,D006862,0.3980920048,AISKGConstrainedTransfer,sentence_local
36421438,5595,D017382,Negative_Correlation,D017382,0.4138114425,AISKGConstrainedTransfer,sentence_local
36421438,81649,85431,Positive_Correlation,85431,0.47924321,AISKGConstrainedTransfer,sentence_local
36421438,81649,D006862,Association,D006862,0.3980920048,AISKGConstrainedTransfer,sentence_local
36421438,81649,D017382,Negative_Correlation,D017382,0.4138114425,AISKGConstrainedTransfer,sentence_local
36421438,85431,D017382,Positive_Correlation,D017382,0.5865015434,AISKGConstrainedTransfer,sentence_local
36421438,875,D006862,Association,D006862,0.423892525,AISKGConstrainedTransfer,sentence_local
36421438,C001803,C056165,Negative_Correlation,C056165,0.4763105779,AISKGConstrainedTransfer,sentence_local
36421438,C001803,C093642,Negative_Correlation,C093642,0.4763105779,AISKGConstrainedTransfer,sentence_local
36421438,C001803,C093973,Negative_Correlation,C093973,0.5496285113,AISKGConstrainedTransfer,sentence_local
36421438,C056165,D017382,Negative_Correlation,D017382,0.3143049668,AISKGConstrainedTransfer,sentence_local
36421438,D006862,D017382,Negative_Correlation,D017382,0.4756291341,AISKGConstrainedTransfer,sentence_local
36421788,1081,D000568,Association,1081,0.9088210119,AISKGConstrainedTransfer,sentence_local
36421788,1081,D007247,Association,1081,0.9079964294,AISKGConstrainedTransfer,sentence_local
36421788,1081,D016649,Association,1081,0.9236891257,AISKGConstrainedTransfer,sentence_local
36421788,2488,D000568,Association,2488,0.9088210119,AISKGConstrainedTransfer,sentence_local
36421788,2488,D007247,Association,2488,0.9079964294,AISKGConstrainedTransfer,sentence_local
36421788,2488,D016649,Association,2488,0.9236891257,AISKGConstrainedTransfer,sentence_local
36421788,51081,C537286,Association,51081,0.8993162366,AISKGConstrainedTransfer,sentence_local
36421788,51081,D006319,Association,51081,0.8603516507,AISKGConstrainedTransfer,sentence_local
36421788,51081,D016649,Association,51081,0.9156358542,AISKGConstrainedTransfer,sentence_local
36421807,3757,D001145,Association,3757,0.9335355486,AISKGConstrainedTransfer,sentence_local
36421807,3757,D003643,Association,3757,0.9142529193,AISKGConstrainedTransfer,sentence_local
36421807,3757,D006331,Association,3757,0.9030437098,AISKGConstrainedTransfer,sentence_local
36421807,3757,D012559,Association,3757,0.8891767228,AISKGConstrainedTransfer,sentence_local
36421807,775,D001145,Association,775,0.9335355486,AISKGConstrainedTransfer,sentence_local
36421807,775,D003643,Association,775,0.9142529193,AISKGConstrainedTransfer,sentence_local
36421807,775,D006331,Association,775,0.9045453812,AISKGConstrainedTransfer,sentence_local
36421807,775,D012559,Association,775,0.8891767228,AISKGConstrainedTransfer,sentence_local
36421807,D006331,rs2239061,Positive_Correlation,rs2239061,0.7383368114,AISKGConstrainedTransfer,sentence_local
36421807,D006331,rs2283274,Positive_Correlation,rs2283274,0.7383368114,AISKGConstrainedTransfer,sentence_local
36421807,D012559,rs1036145,Positive_Correlation,rs1036145,0.6911708424,AISKGConstrainedTransfer,sentence_local
36421807,D012559,rs11763131,Positive_Correlation,rs11763131,0.6911708424,AISKGConstrainedTransfer,sentence_local
36421807,D012559,rs2239061,Positive_Correlation,rs2239061,0.7901076225,AISKGConstrainedTransfer,sentence_local
36421807,D012559,rs2283274,Positive_Correlation,rs2283274,0.7901076225,AISKGConstrainedTransfer,sentence_local
36421807,D012559,rs3800779,Positive_Correlation,rs3800779,0.6911708424,AISKGConstrainedTransfer,sentence_local
36421807,D012559,rs3807373,Positive_Correlation,rs3807373,0.6911708424,AISKGConstrainedTransfer,sentence_local
36421807,D012559,rs748693,Positive_Correlation,rs748693,0.6911708424,AISKGConstrainedTransfer,sentence_local
36421822,1535,D003324,Association,1535,0.8110408341,AISKGConstrainedTransfer,sentence_local
36421822,1535,D003643,Association,1535,0.9081364334,AISKGConstrainedTransfer,sentence_local
36421822,183,D003324,Association,183,0.7929888078,AISKGConstrainedTransfer,sentence_local
36421822,183,D003643,Association,183,0.8995087389,AISKGConstrainedTransfer,sentence_local
36421822,19,D003324,Association,19,0.7929888078,AISKGConstrainedTransfer,sentence_local
36421822,19,D003643,Association,19,0.7825778412,AISKGConstrainedTransfer,sentence_local
36421822,D003643,rs2230806,Positive_Correlation,rs2230806,0.8433599307,AISKGConstrainedTransfer,sentence_local
36421822,D003643,rs699,Positive_Correlation,rs699,0.8433599307,AISKGConstrainedTransfer,sentence_local
36421847,11136,D003555,Association,11136,0.9279174857,AISKGConstrainedTransfer,sentence_local
36421847,6519,D003554,Association,6519,0.8157335856,AISKGConstrainedTransfer,sentence_local
36421847,6519,D003555,Association,6519,0.9224629803,AISKGConstrainedTransfer,sentence_local
36421847,6519,D007669,Association,6519,0.8157335856,AISKGConstrainedTransfer,sentence_local
36421847,D003553,D003555,Positive_Correlation,D003553,0.4574268545,AISKGConstrainedTransfer,sentence_local
36421847,D003553,D007669,Positive_Correlation,D003553,0.6640889644,AISKGConstrainedTransfer,sentence_local
36421847,D003553,D007674,Negative_Correlation,D003553,0.4679126842,AISKGConstrainedTransfer,sentence_local
36421847,D003553,D056844,Positive_Correlation,D003553,0.5771268193,AISKGConstrainedTransfer,sentence_local
36421847,D003554,c|SUB|G|818|A,Positive_Correlation,c|SUB|G|818|A,0.6016939429,AISKGConstrainedTransfer,sentence_local
36421847,D003554,rs772810111,Positive_Correlation,rs772810111,0.6040233593,AISKGConstrainedTransfer,sentence_local
36421847,D007669,c|SUB|G|818|A,Positive_Correlation,c|SUB|G|818|A,0.6016939429,AISKGConstrainedTransfer,sentence_local
36421847,D007669,rs772810111,Positive_Correlation,rs772810111,0.6040233593,AISKGConstrainedTransfer,sentence_local
36425336,2566,C562694,Association,2566,0.9482260514,AISKGConstrainedTransfer,sentence_local
36425336,2566,D000069279,Association,2566,0.8440464733,AISKGConstrainedTransfer,sentence_local
36425336,2566,D004827,Association,2566,0.8665529303,AISKGConstrainedTransfer,sentence_local
36425336,C562694,c|SUB|C|540|T,Association,c|SUB|C|540|T,0.4984427772,AISKGConstrainedTransfer,sentence_local
36425336,C562694,c|SUB|T|813|C,Association,c|SUB|T|813|C,0.4984427772,AISKGConstrainedTransfer,sentence_local
36425336,C562694,p|SUB|K|289|M,Association,p|SUB|K|289|M,0.4984427772,AISKGConstrainedTransfer,sentence_local
36425336,C562694,rs211037,Positive_Correlation,rs211037,0.6886764317,AISKGConstrainedTransfer,sentence_local
36425336,D000069279,c|SUB|C|540|T,Association,c|SUB|C|540|T,0.4950187798,AISKGConstrainedTransfer,sentence_local
36425336,D000069279,c|SUB|T|813|C,Association,c|SUB|T|813|C,0.4950187798,AISKGConstrainedTransfer,sentence_local
36425336,D000069279,p|SUB|K|289|M,Association,p|SUB|K|289|M,0.4950187798,AISKGConstrainedTransfer,sentence_local
36425336,D000069279,rs211037,Positive_Correlation,rs211037,0.6725415906,AISKGConstrainedTransfer,sentence_local
36425553,1956,D002289,Association,1956,0.7607531356,AISKGConstrainedTransfer,sentence_local
36425553,D000077716,D002289,Positive_Correlation,D000077716,0.607632686,AISKGConstrainedTransfer,sentence_local
36425568,1956,D002289,Association,1956,0.7734779295,AISKGConstrainedTransfer,sentence_local
36425568,1956,D010710,Positive_Correlation,D010710,0.4403958581,AISKGConstrainedTransfer,sentence_local
36425568,D002289,p|INDEL|770|GY,Positive_Correlation,p|INDEL|770|GY,0.640329044,AISKGConstrainedTransfer,sentence_local
36425568,D002289,p|INS|763_764|FQEA,Positive_Correlation,p|INS|763_764|FQEA,0.7321007888,AISKGConstrainedTransfer,sentence_local
36425568,D002289,p|INS|769_770|ASY,Positive_Correlation,p|INS|769_770|ASY,0.7700435838,AISKGConstrainedTransfer,sentence_local
36425568,D002289,p|INS|770_771|SVD,Positive_Correlation,p|INS|770_771|SVD,0.7700435838,AISKGConstrainedTransfer,sentence_local
36428825,3417,D002357,Association,3417,0.9005866144,AISKGConstrainedTransfer,sentence_local
36428825,3417,D002812,Association,3417,0.8527387112,AISKGConstrainedTransfer,sentence_local
36428825,3417,D002813,Association,3417,0.8527387112,AISKGConstrainedTransfer,sentence_local
36428825,3417,D004687,Association,3417,0.9201409154,AISKGConstrainedTransfer,sentence_local
36428825,3417,D006391,Association,3417,0.8617528381,AISKGConstrainedTransfer,sentence_local
36428825,3417,D009369,Association,3417,0.8019040033,AISKGConstrainedTransfer,sentence_local
36428825,3417,D010051,Association,3417,0.8951488535,AISKGConstrainedTransfer,sentence_local
36428825,3417,D012878,Association,3417,0.8617528381,AISKGConstrainedTransfer,sentence_local
36428825,3418,D004687,Association,3418,0.7534878064,AISKGConstrainedTransfer,sentence_local
36428825,3418,D009369,Association,3418,0.8987104156,AISKGConstrainedTransfer,sentence_local
36428825,D002357,rs121913499,Positive_Correlation,rs121913499,0.4678624145,AISKGConstrainedTransfer,sentence_local
36428825,D002357,rs121913500,Association,rs121913500,0.4042285714,AISKGConstrainedTransfer,sentence_local
36428825,D002812,rs121913499,Positive_Correlation,rs121913499,0.4626084936,AISKGConstrainedTransfer,sentence_local
36428825,D002812,rs121913500,Association,rs121913500,0.4479880296,AISKGConstrainedTransfer,sentence_local
36428825,D002813,rs121913499,Positive_Correlation,rs121913499,0.4626084936,AISKGConstrainedTransfer,sentence_local
36428825,D002813,rs121913500,Association,rs121913500,0.4024718114,AISKGConstrainedTransfer,sentence_local
36428825,D004687,rs121913499,Positive_Correlation,rs121913499,0.4906757624,AISKGConstrainedTransfer,sentence_local
36428825,D004687,rs121913500,Positive_Correlation,rs121913500,0.5557078349,AISKGConstrainedTransfer,sentence_local
36428825,D006391,rs121913499,Positive_Correlation,rs121913499,0.4784865594,AISKGConstrainedTransfer,sentence_local
36428825,D006391,rs121913500,Association,rs121913500,0.4725899766,AISKGConstrainedTransfer,sentence_local
36428825,D009369,rs121913499,Positive_Correlation,rs121913499,0.4550630617,AISKGConstrainedTransfer,sentence_local
36428825,D009369,rs121913500,Association,rs121913500,0.4042285714,AISKGConstrainedTransfer,sentence_local
36428825,D010051,rs121913499,Positive_Correlation,rs121913499,0.5213739237,AISKGConstrainedTransfer,sentence_local
36428825,D010051,rs121913500,Association,rs121913500,0.4608847145,AISKGConstrainedTransfer,sentence_local
36428825,D012878,rs121913499,Positive_Correlation,rs121913499,0.4784865594,AISKGConstrainedTransfer,sentence_local
36428825,D012878,rs121913500,Association,rs121913500,0.4725899766,AISKGConstrainedTransfer,sentence_local
36429029,101885491,D003103,Association,101885491,0.9351254563,AISKGConstrainedTransfer,sentence_local
36429029,101885491,D008268,Association,101885491,0.9038912096,AISKGConstrainedTransfer,sentence_local
36429029,101885491,D012162,Association,101885491,0.933279432,AISKGConstrainedTransfer,sentence_local
36429029,8777,C535968,Association,8777,0.9483020115,AISKGConstrainedTransfer,sentence_local
36429029,8777,D008268,Association,8777,0.9038912096,AISKGConstrainedTransfer,sentence_local
36429029,C535968,c|DEL|4301|A,Association,c|DEL|4301|A,0.5604117991,AISKGConstrainedTransfer,sentence_local
36429029,C535968,c|SUB|C|5255|G,Association,c|SUB|C|5255|G,0.5355641255,AISKGConstrainedTransfer,sentence_local
36429029,C535968,p|FS|D|1434||3,Association,p|FS|D|1434||3,0.5899538436,AISKGConstrainedTransfer,sentence_local
36429029,C535968,p|SUB|S|1752|X,Association,p|SUB|S|1752|X,0.5333465326,AISKGConstrainedTransfer,sentence_local
36432690,12359,C006780,Positive_Correlation,C006780,0.4361278341,AISKGConstrainedTransfer,sentence_local
36432690,12359,D008315,Positive_Correlation,D008315,0.4885573086,AISKGConstrainedTransfer,sentence_local
36432690,12895,C006780,Negative_Correlation,C006780,0.6759353185,AISKGConstrainedTransfer,sentence_local
36432690,12895,D000077185,Negative_Correlation,D000077185,0.6759353185,AISKGConstrainedTransfer,sentence_local
36432690,12896,C006780,Negative_Correlation,C006780,0.6759353185,AISKGConstrainedTransfer,sentence_local
36432690,12896,D000077185,Negative_Correlation,D000077185,0.6759353185,AISKGConstrainedTransfer,sentence_local
36432690,14775,D005978,Positive_Correlation,D005978,0.3777036954,AISKGConstrainedTransfer,sentence_local
36432690,14775,D008315,Positive_Correlation,D008315,0.4267931653,AISKGConstrainedTransfer,sentence_local
36432690,16816,C006780,Negative_Correlation,C006780,0.6759353185,AISKGConstrainedTransfer,sentence_local
36432690,16816,D000077185,Negative_Correlation,D000077185,0.6759353185,AISKGConstrainedTransfer,sentence_local
36432690,20655,D008315,Positive_Correlation,D008315,0.5293318102,AISKGConstrainedTransfer,sentence_local
36432690,238505,C006780,Negative_Correlation,C006780,0.6391438342,AISKGConstrainedTransfer,sentence_local
36432690,238505,D000077185,Negative_Correlation,D000077185,0.6391438342,AISKGConstrainedTransfer,sentence_local
36432690,57279,C006780,Negative_Correlation,C006780,0.6391438342,AISKGConstrainedTransfer,sentence_local
36432690,57279,D000077185,Negative_Correlation,D000077185,0.6391438342,AISKGConstrainedTransfer,sentence_local
36432690,74114,C006780,Negative_Correlation,C006780,0.6391438342,AISKGConstrainedTransfer,sentence_local
36432690,74114,D000077185,Negative_Correlation,D000077185,0.6391438342,AISKGConstrainedTransfer,sentence_local
36432690,C006780,D000077185,Negative_Correlation,D000077185,0.7814905092,AISKGConstrainedTransfer,sentence_local
36432690,C006780,D008659,Positive_Correlation,C006780,0.5904941858,AISKGConstrainedTransfer,sentence_local
36432690,D001216,D008659,Positive_Correlation,D001216,0.5621387631,AISKGConstrainedTransfer,sentence_local
36432690,D007930,D008659,Positive_Correlation,D007930,0.5550814837,AISKGConstrainedTransfer,sentence_local
36432690,D008659,D009646,Positive_Correlation,D008659,0.5622986574,AISKGConstrainedTransfer,sentence_local
36432690,D008659,D013654,Positive_Correlation,D008659,0.5622986574,AISKGConstrainedTransfer,sentence_local
36432690,D008659,D013912,Positive_Correlation,D008659,0.5663268956,AISKGConstrainedTransfer,sentence_local
36432690,D008659,D018698,Positive_Correlation,D008659,0.5487846416,AISKGConstrainedTransfer,sentence_local
36437455,285440,D000083242,Association,285440,0.9010350051,AISKGConstrainedTransfer,sentence_local
36437455,285440,D054556,Association,285440,0.883955749,AISKGConstrainedTransfer,sentence_local
36437455,D000083242,rs1053094,Positive_Correlation,rs1053094,0.6515385064,AISKGConstrainedTransfer,sentence_local
36437455,D000083242,rs1398007,Positive_Correlation,rs1398007,0.8185988561,AISKGConstrainedTransfer,sentence_local
36437455,D000083242,rs56413992,Positive_Correlation,rs56413992,0.6515385064,AISKGConstrainedTransfer,sentence_local
36438844,24494,24770,Negative_Correlation,24770,0.6168380394,AISKGConstrainedTransfer,sentence_local
36438844,24494,24835,Negative_Correlation,24835,0.5684639057,AISKGConstrainedTransfer,sentence_local
36438844,24494,5734,Negative_Correlation,5734,0.6150735391,AISKGConstrainedTransfer,sentence_local
36438844,24494,C487890,Negative_Correlation,C487890,0.8469608211,AISKGConstrainedTransfer,sentence_local
36438844,24494,D005947,Negative_Correlation,D005947,0.8388441609,AISKGConstrainedTransfer,sentence_local
36438844,24494,D007249,Association,24494,0.4883385628,AISKGConstrainedTransfer,sentence_local
36438844,24770,24835,Negative_Correlation,24835,0.6128435569,AISKGConstrainedTransfer,sentence_local
36438844,24770,5734,Negative_Correlation,5734,0.5972940316,AISKGConstrainedTransfer,sentence_local
36438844,24770,C487890,Negative_Correlation,C487890,0.8479182598,AISKGConstrainedTransfer,sentence_local
36438844,24770,D005947,Negative_Correlation,D005947,0.8536583799,AISKGConstrainedTransfer,sentence_local
36438844,24770,D007249,Negative_Correlation,24770,0.5394848597,AISKGConstrainedTransfer,sentence_local
36438844,24835,5734,Negative_Correlation,5734,0.5802400168,AISKGConstrainedTransfer,sentence_local
36438844,24835,C487890,Negative_Correlation,C487890,0.8335489598,AISKGConstrainedTransfer,sentence_local
36438844,24835,D005947,Negative_Correlation,D005947,0.8326175051,AISKGConstrainedTransfer,sentence_local
36438844,24835,D007249,Negative_Correlation,24835,0.517286071,AISKGConstrainedTransfer,sentence_local
36438844,287362,C487890,Association,C487890,0.5905465381,AISKGConstrainedTransfer,sentence_local
36438844,287362,D007249,Association,287362,0.8095927198,AISKGConstrainedTransfer,sentence_local
36438844,287362,D056627,Association,287362,0.8323624114,AISKGConstrainedTransfer,sentence_local
36438844,309165,C487890,Negative_Correlation,C487890,0.6764764373,AISKGConstrainedTransfer,sentence_local
36438844,309165,D007249,Association,309165,0.7821069856,AISKGConstrainedTransfer,sentence_local
36438844,309165,D056627,Association,309165,0.8323624114,AISKGConstrainedTransfer,sentence_local
36438844,5734,C487890,Negative_Correlation,C487890,0.7977020538,AISKGConstrainedTransfer,sentence_local
36438844,5734,D005947,Negative_Correlation,D005947,0.8250969915,AISKGConstrainedTransfer,sentence_local
36438844,5734,D007249,Association,5734,0.9395145881,AISKGConstrainedTransfer,sentence_local
36438844,5734,D051437,Association,5734,0.8721078599,AISKGConstrainedTransfer,sentence_local
36438844,5734,D056627,Association,5734,0.9284988358,AISKGConstrainedTransfer,sentence_local
36438844,84023,C487890,Negative_Correlation,C487890,0.3197725783,AISKGConstrainedTransfer,sentence_local
36438844,84023,D005947,Positive_Correlation,D005947,0.5330491245,AISKGConstrainedTransfer,sentence_local
36438844,84023,D007249,Association,84023,0.8776073625,AISKGConstrainedTransfer,sentence_local
36438844,84023,D010532,Association,84023,0.8829549168,AISKGConstrainedTransfer,sentence_local
36438844,84023,D056627,Association,84023,0.8390124999,AISKGConstrainedTransfer,sentence_local
36438844,9536,D015232,Positive_Correlation,D015232,0.3955967749,AISKGConstrainedTransfer,sentence_local
36438844,9536,D056627,Association,9536,0.8790343068,AISKGConstrainedTransfer,sentence_local
36438844,C487890,D005947,Negative_Correlation,D005947,0.421804333,AISKGConstrainedTransfer,sentence_local
36438844,C487890,D007249,Negative_Correlation,C487890,0.6895211813,AISKGConstrainedTransfer,sentence_local
36438844,C487890,D010532,Positive_Correlation,C487890,0.4128595759,AISKGConstrainedTransfer,sentence_local
36438844,C487890,D056627,Positive_Correlation,C487890,0.396932833,AISKGConstrainedTransfer,sentence_local
36438844,D005947,D007249,Negative_Correlation,D005947,0.7892046138,AISKGConstrainedTransfer,sentence_local
36438844,D015232,D056627,Positive_Correlation,D015232,0.6270803104,AISKGConstrainedTransfer,sentence_local
36440265,84152,D000242,Association,D000242,0.6580219329,AISKGConstrainedTransfer,sentence_local
36440265,84152,D004298,Association,D004298,0.6684177462,AISKGConstrainedTransfer,sentence_local
36440265,84152,D012701,Association,D012701,0.6562384294,AISKGConstrainedTransfer,sentence_local
36440265,84152,D018698,Association,D018698,0.6622667035,AISKGConstrainedTransfer,sentence_local
36440265,D000242,D004298,Association,D000242,0.493320687,AISKGConstrainedTransfer,sentence_local
36440265,D000242,D012701,Association,D000242,0.5774322994,AISKGConstrainedTransfer,sentence_local
36440265,D000242,D018698,Association,D000242,0.5710725538,AISKGConstrainedTransfer,sentence_local
36440265,D004298,D012701,Association,D004298,0.5232992482,AISKGConstrainedTransfer,sentence_local
36440265,D004298,D018698,Association,D004298,0.5185363908,AISKGConstrainedTransfer,sentence_local
36440265,D012701,D018698,Association,D012701,0.5811636152,AISKGConstrainedTransfer,sentence_local
36441697,10985,440275,Positive_Correlation,440275,0.4380007194,AISKGConstrainedTransfer,sentence_local
36444585,1956,D015179,Association,1956,0.9337198588,AISKGConstrainedTransfer,sentence_local
36444585,3845,D009369,Association,3845,0.8634503954,AISKGConstrainedTransfer,sentence_local
36444585,3845,D015179,Association,3845,0.8666818216,AISKGConstrainedTransfer,sentence_local
36444585,4893,D015179,Association,4893,0.8666818216,AISKGConstrainedTransfer,sentence_local
36444585,5594,D015179,Association,5594,0.8666818216,AISKGConstrainedTransfer,sentence_local
36444585,673,D015179,Association,673,0.8666818216,AISKGConstrainedTransfer,sentence_local
36466970,1373,D020165,Association,1373,0.8994432245,AISKGConstrainedTransfer,sentence_local
36466970,D001929,D005973,Positive_Correlation,D001929,0.4156875966,AISKGConstrainedTransfer,sentence_local
36466970,D001929,D012462,Positive_Correlation,D001929,0.4042407076,AISKGConstrainedTransfer,sentence_local
36466970,D005334,D005973,Positive_Correlation,D005334,0.417462296,AISKGConstrainedTransfer,sentence_local
36466970,D005334,D012462,Positive_Correlation,D005334,0.4147822856,AISKGConstrainedTransfer,sentence_local
36466970,D005973,D022124,Positive_Correlation,D005973,0.5000996102,AISKGConstrainedTransfer,sentence_local
36466970,D012462,D022124,Positive_Correlation,D012462,0.380292157,AISKGConstrainedTransfer,sentence_local
36466970,D020165,c|INDEL|4193_4206|G,Positive_Correlation,c|INDEL|4193_4206|G,0.6258171994,AISKGConstrainedTransfer,sentence_local
36466970,D020165,c|SUB|C|793|A,Positive_Correlation,c|SUB|C|793|A,0.6737481456,AISKGConstrainedTransfer,sentence_local
36466970,D020165,p|FS|L|1398|R|25,Positive_Correlation,p|FS|L|1398|R|25,0.6534136127,AISKGConstrainedTransfer,sentence_local
36466970,D020165,p|SUB|P|265|T,Positive_Correlation,p|SUB|P|265|T,0.6517358563,AISKGConstrainedTransfer,sentence_local
36467477,112476,D009422,Association,112476,0.9066921546,AISKGConstrainedTransfer,sentence_local
36468031,270,D014947,Association,270,0.9074650539,AISKGConstrainedTransfer,sentence_local
36468031,4638,D014947,Association,4638,0.9074650539,AISKGConstrainedTransfer,sentence_local
36468031,D014947,c|SUB|C|37885|A,Positive_Correlation,c|SUB|C|37885|A,0.5905561603,AISKGConstrainedTransfer,sentence_local
36473671,43740578,D000086382,Association,43740578,0.8113905662,AISKGConstrainedTransfer,sentence_local
36479285,55630,C538178,Association,55630,0.9448769402,AISKGConstrainedTransfer,sentence_local
36483035,3717,C540383,Negative_Correlation,C540383,0.588672962,AISKGConstrainedTransfer,sentence_local
36483035,3717,D009196,Association,3717,0.9000854112,AISKGConstrainedTransfer,sentence_local
36483035,3717,D011087,Association,3717,0.8669974828,AISKGConstrainedTransfer,sentence_local
36483035,3717,D013920,Association,3717,0.9532588344,AISKGConstrainedTransfer,sentence_local
36483035,3717,D016898,Negative_Correlation,D016898,0.588672962,AISKGConstrainedTransfer,sentence_local
36483035,C540383,D016898,Comparison,,0.3168229028,AISKGConstrainedTransfer,sentence_local
36483035,C540383,p|SUB|L|611|S,Negative_Correlation,,0.546695626,AISKGConstrainedTransfer,sentence_local
36483035,C540383,rs77375493,Negative_Correlation,,0.546695626,AISKGConstrainedTransfer,sentence_local
36483035,D009196,D016898,Positive_Correlation,D009196,0.5371203394,AISKGConstrainedTransfer,sentence_local
36483035,D011087,p|SUB|L|611|S,Positive_Correlation,p|SUB|L|611|S,0.6193055244,AISKGConstrainedTransfer,sentence_local
36483035,D011087,rs77375493,Positive_Correlation,rs77375493,0.7013508278,AISKGConstrainedTransfer,sentence_local
36483035,D013920,p|SUB|L|611|S,Positive_Correlation,p|SUB|L|611|S,0.5620766434,AISKGConstrainedTransfer,sentence_local
36483035,D013920,rs77375493,Positive_Correlation,rs77375493,0.5848029983,AISKGConstrainedTransfer,sentence_local
36483035,D016898,p|SUB|L|611|S,Negative_Correlation,,0.546695626,AISKGConstrainedTransfer,sentence_local
36483035,D016898,rs77375493,Negative_Correlation,,0.546695626,AISKGConstrainedTransfer,sentence_local
36494601,29126,D009369,Association,29126,0.6871950811,AISKGConstrainedTransfer,sentence_local
36494601,3845,D008175,Association,3845,0.9189325804,AISKGConstrainedTransfer,sentence_local
36494601,3845,D009369,Association,3845,0.9656117171,AISKGConstrainedTransfer,sentence_local
36494601,3845,D010190,Association,3845,0.9189325804,AISKGConstrainedTransfer,sentence_local
36494601,3845,D015179,Association,3845,0.9189325804,AISKGConstrainedTransfer,sentence_local
36494601,3845,D019337,Association,3845,0.7844087317,AISKGConstrainedTransfer,sentence_local
36494601,D009369,rs112445441,Positive_Correlation,rs112445441,0.6803630328,AISKGConstrainedTransfer,sentence_local
36494601,D009369,rs121913529,Positive_Correlation,rs121913529,0.6803630328,AISKGConstrainedTransfer,sentence_local
36494601,D009369,rs121913530,Positive_Correlation,rs121913530,0.6803630328,AISKGConstrainedTransfer,sentence_local
36498839,11787,D007249,Association,11787,0.9144400747,AISKGConstrainedTransfer,sentence_local
36498839,11787,D008569,Association,11787,0.859035741,AISKGConstrainedTransfer,sentence_local
36498839,11787,D019636,Association,11787,0.9516974726,AISKGConstrainedTransfer,sentence_local
36498839,11820,D007249,Association,11820,0.9005023236,AISKGConstrainedTransfer,sentence_local
36498839,11820,D008569,Association,11820,0.8485951124,AISKGConstrainedTransfer,sentence_local
36498839,17762,D007249,Association,17762,0.9167662156,AISKGConstrainedTransfer,sentence_local
36498839,17762,D008569,Association,17762,0.8581301478,AISKGConstrainedTransfer,sentence_local
36498839,18033,D007249,Association,18033,0.9194010632,AISKGConstrainedTransfer,sentence_local
36498839,18033,D008569,Association,18033,0.8823299652,AISKGConstrainedTransfer,sentence_local
36498839,227700,D007249,Association,227700,0.9167662156,AISKGConstrainedTransfer,sentence_local
36498839,227700,D008569,Association,227700,0.8581301478,AISKGConstrainedTransfer,sentence_local
36498839,351,D000544,Association,351,0.7925757041,AISKGConstrainedTransfer,sentence_local
36498839,351,D009447,Association,351,0.8977078635,AISKGConstrainedTransfer,sentence_local
36498839,351,D009498,Negative_Correlation,D009498,0.3807283196,AISKGConstrainedTransfer,sentence_local
36498839,351,D015655,Negative_Correlation,D015655,0.3585405065,AISKGConstrainedTransfer,sentence_local
36498839,351,D019636,Association,351,0.7791650182,AISKGConstrainedTransfer,sentence_local
36498839,4137,D009447,Association,4137,0.8871930758,AISKGConstrainedTransfer,sentence_local
36498839,4137,D009498,Negative_Correlation,D009498,0.3634382054,AISKGConstrainedTransfer,sentence_local
36498839,4137,D015655,Negative_Correlation,D015655,0.3440239954,AISKGConstrainedTransfer,sentence_local
36498839,51741,D000544,Association,51741,0.9139389631,AISKGConstrainedTransfer,sentence_local
36498839,51741,D008569,Association,51741,0.895517813,AISKGConstrainedTransfer,sentence_local
36498839,51741,D010300,Association,51741,0.912817689,AISKGConstrainedTransfer,sentence_local
36498839,51741,D019636,Association,51741,0.8703918449,AISKGConstrainedTransfer,sentence_local
36498839,56904,D000544,Association,56904,0.7715361771,AISKGConstrainedTransfer,sentence_local
36498839,56904,D009447,Association,56904,0.8871930758,AISKGConstrainedTransfer,sentence_local
36498839,56904,D009498,Negative_Correlation,D009498,0.3634382054,AISKGConstrainedTransfer,sentence_local
36498839,56904,D015655,Negative_Correlation,D015655,0.3875577891,AISKGConstrainedTransfer,sentence_local
36498839,56904,D019636,Association,56904,0.7989732217,AISKGConstrainedTransfer,sentence_local
36498839,67091,D000544,Association,67091,0.9092058745,AISKGConstrainedTransfer,sentence_local
36498839,67091,D007249,Association,67091,0.9167662156,AISKGConstrainedTransfer,sentence_local
36498839,67091,D008569,Association,67091,0.859035741,AISKGConstrainedTransfer,sentence_local
36498839,67091,D010300,Association,67091,0.9108139027,AISKGConstrainedTransfer,sentence_local
36498839,67091,D019636,Association,67091,0.9516974726,AISKGConstrainedTransfer,sentence_local
36498839,79090,D000544,Association,79090,0.9092058745,AISKGConstrainedTransfer,sentence_local
36498839,79090,D009447,Association,79090,0.9048599059,AISKGConstrainedTransfer,sentence_local
36498839,79090,D009498,Negative_Correlation,D009498,0.3984089165,AISKGConstrainedTransfer,sentence_local
36498839,79090,D010300,Association,79090,0.8509767543,AISKGConstrainedTransfer,sentence_local
36498839,79090,D015655,Negative_Correlation,D015655,0.3875577891,AISKGConstrainedTransfer,sentence_local
36498839,79090,D019636,Association,79090,0.9516974726,AISKGConstrainedTransfer,sentence_local
36498839,9220,D000544,Association,9220,0.7715361771,AISKGConstrainedTransfer,sentence_local
36498839,9220,D009447,Association,9220,0.8871930758,AISKGConstrainedTransfer,sentence_local
36498839,9220,D009498,Negative_Correlation,D009498,0.3984089165,AISKGConstrainedTransfer,sentence_local
36498839,9220,D015655,Negative_Correlation,D015655,0.3875577891,AISKGConstrainedTransfer,sentence_local
36498839,9220,D019636,Association,9220,0.7989732217,AISKGConstrainedTransfer,sentence_local
36498839,D000544,D015655,Positive_Correlation,D000544,0.5824292822,AISKGConstrainedTransfer,sentence_local
36498839,D009447,D009498,Positive_Correlation,D009447,0.7073546167,AISKGConstrainedTransfer,sentence_local
36498839,D009447,D015655,Positive_Correlation,D009447,0.6238854913,AISKGConstrainedTransfer,sentence_local
36498839,D010300,D015655,Association,D010300,0.4447091829,AISKGConstrainedTransfer,sentence_local
36499290,338,D003920,Association,338,0.8778267761,AISKGConstrainedTransfer,sentence_local
36499290,338,D008055,Association,D008055,0.4075969571,AISKGConstrainedTransfer,sentence_local
36499290,338,D024821,Association,338,0.8971765978,AISKGConstrainedTransfer,sentence_local
36499290,D002784,D003920,Positive_Correlation,D002784,0.5838852751,AISKGConstrainedTransfer,sentence_local
36499290,D003920,D008055,Positive_Correlation,D003920,0.7119231927,AISKGConstrainedTransfer,sentence_local
36499290,D008055,D024821,Positive_Correlation,D008055,0.6744365599,AISKGConstrainedTransfer,sentence_local
36499290,D024821,rs1318006,Positive_Correlation,rs1318006,0.6439961818,AISKGConstrainedTransfer,sentence_local
36499290,D024821,rs13306194,Positive_Correlation,rs13306194,0.5274930595,AISKGConstrainedTransfer,sentence_local
36499290,D024821,rs1367117,Positive_Correlation,rs1367117,0.6439961818,AISKGConstrainedTransfer,sentence_local
36499290,D024821,rs144467873,Positive_Correlation,rs144467873,0.5565604035,AISKGConstrainedTransfer,sentence_local
36499290,D024821,rs35131127,Positive_Correlation,rs35131127,0.5274930595,AISKGConstrainedTransfer,sentence_local
36499290,D024821,rs4665709,Positive_Correlation,rs4665709,0.5565604035,AISKGConstrainedTransfer,sentence_local
36499290,D024821,rs56213756,Positive_Correlation,rs56213756,0.5274930595,AISKGConstrainedTransfer,sentence_local
36499290,D024821,rs679899,Positive_Correlation,rs679899,0.5274930595,AISKGConstrainedTransfer,sentence_local
36499314,7078,D001151,Association,D001151,0.4023762951,AISKGConstrainedTransfer,sentence_local
36499314,7078,D009362,Association,7078,0.8183177954,AISKGConstrainedTransfer,sentence_local
36499314,7078,D009369,Association,7078,0.7644852834,AISKGConstrainedTransfer,sentence_local
36499314,7078,D012878,Association,7078,0.8261432802,AISKGConstrainedTransfer,sentence_local
36499314,D001151,D009369,Positive_Correlation,D001151,0.6721535455,AISKGConstrainedTransfer,sentence_local
36499314,D001151,D012878,Positive_Correlation,D001151,0.5610732036,AISKGConstrainedTransfer,sentence_local
36499314,D012878,rs2234921,Positive_Correlation,rs2234921,0.5525376448,AISKGConstrainedTransfer,sentence_local
36499314,D012878,rs9619311,Positive_Correlation,rs9619311,0.5929883765,AISKGConstrainedTransfer,sentence_local
36499743,406947,D001943,Association,406947,0.8641789002,AISKGConstrainedTransfer,sentence_local
36499743,406947,D002945,Positive_Correlation,D002945,0.586904792,AISKGConstrainedTransfer,sentence_local
36499743,672,D001943,Association,672,0.9016564871,AISKGConstrainedTransfer,sentence_local
36499743,675,D001943,Association,675,0.9016564871,AISKGConstrainedTransfer,sentence_local
36499743,D001943,D002945,Positive_Correlation,D001943,0.728649298,AISKGConstrainedTransfer,sentence_local
36499743,D001943,rs190708267,Positive_Correlation,rs190708267,0.5394819024,AISKGConstrainedTransfer,sentence_local
36500726,142,D009336,Association,142,0.651409609,AISKGConstrainedTransfer,sentence_local
36500726,142,D011419,Positive_Correlation,D011419,0.3895301008,AISKGConstrainedTransfer,sentence_local
36500726,308,D009336,Association,308,0.6513111552,AISKGConstrainedTransfer,sentence_local
36500726,308,D011419,Positive_Correlation,D011419,0.4357685612,AISKGConstrainedTransfer,sentence_local
36500726,54205,D009336,Association,54205,0.6662872302,AISKGConstrainedTransfer,sentence_local
36500726,54205,D011419,Positive_Correlation,D011419,0.4332514104,AISKGConstrainedTransfer,sentence_local
36500726,581,C031375,Negative_Correlation,C031375,0.4445327616,AISKGConstrainedTransfer,sentence_local
36500726,581,C096713,Negative_Correlation,C096713,0.4175521335,AISKGConstrainedTransfer,sentence_local
36500726,581,C507699,Negative_Correlation,C507699,0.4445327616,AISKGConstrainedTransfer,sentence_local
36500726,836,C031375,Negative_Correlation,C031375,0.3837502174,AISKGConstrainedTransfer,sentence_local
36500726,836,C096713,Negative_Correlation,C096713,0.3837502174,AISKGConstrainedTransfer,sentence_local
36500726,836,C507699,Negative_Correlation,C507699,0.4125687818,AISKGConstrainedTransfer,sentence_local
36500726,836,D009336,Association,836,0.6637526504,AISKGConstrainedTransfer,sentence_local
36500726,836,D011419,Positive_Correlation,D011419,0.4373082411,AISKGConstrainedTransfer,sentence_local
36500726,C039128,D007938,Negative_Correlation,C039128,0.7313559528,AISKGConstrainedTransfer,sentence_local
36500726,C039128,D010742,Negative_Correlation,D010742,0.4942482016,AISKGConstrainedTransfer,sentence_local
36500726,C039128,D014230,Negative_Correlation,D014230,0.6086270232,AISKGConstrainedTransfer,sentence_local
36500726,D007938,D010742,Negative_Correlation,D007938,0.7168316338,AISKGConstrainedTransfer,sentence_local
36500726,D007938,D014230,Negative_Correlation,D007938,0.5851123083,AISKGConstrainedTransfer,sentence_local
36500726,D009336,D011419,Positive_Correlation,D009336,0.6206441617,AISKGConstrainedTransfer,sentence_local
36500726,D010742,D014230,Negative_Correlation,D014230,0.5359146447,AISKGConstrainedTransfer,sentence_local
36500726,D010742,D054198,Positive_Correlation,D010742,0.5530655222,AISKGConstrainedTransfer,sentence_local
36500726,D014230,D054198,Positive_Correlation,D014230,0.4937558165,AISKGConstrainedTransfer,sentence_local
36503542,116554,24253,Positive_Correlation,24253,0.3721447596,AISKGConstrainedTransfer,sentence_local
36503542,116554,25166,Positive_Correlation,25166,0.3388181778,AISKGConstrainedTransfer,sentence_local
36503542,116554,287362,Positive_Correlation,287362,0.4963635893,AISKGConstrainedTransfer,sentence_local
36503542,116554,315084,Positive_Correlation,315084,0.3388181778,AISKGConstrainedTransfer,sentence_local
36503542,116554,502902,Positive_Correlation,502902,0.3388181778,AISKGConstrainedTransfer,sentence_local
36503542,116554,D000255,Negative_Correlation,D000255,0.5487817225,AISKGConstrainedTransfer,sentence_local
36503542,116554,D006930,Association,116554,0.9270799638,AISKGConstrainedTransfer,sentence_local
36503542,116554,D007249,Association,116554,0.9182464344,AISKGConstrainedTransfer,sentence_local
36503542,116554,D008070,Negative_Correlation,D008070,0.5487817225,AISKGConstrainedTransfer,sentence_local
36503542,116554,D013119,Association,116554,0.922124863,AISKGConstrainedTransfer,sentence_local
36503542,116590,24253,Positive_Correlation,24253,0.425858084,AISKGConstrainedTransfer,sentence_local
36503542,116590,25166,Positive_Correlation,25166,0.3969855147,AISKGConstrainedTransfer,sentence_local
36503542,116590,287362,Positive_Correlation,287362,0.3969855147,AISKGConstrainedTransfer,sentence_local
36503542,116590,315084,Positive_Correlation,315084,0.3969855147,AISKGConstrainedTransfer,sentence_local
36503542,116590,502902,Positive_Correlation,502902,0.3969855147,AISKGConstrainedTransfer,sentence_local
36503542,116590,D000255,Negative_Correlation,D000255,0.4972606808,AISKGConstrainedTransfer,sentence_local
36503542,116590,D006930,Association,116590,0.8679141188,AISKGConstrainedTransfer,sentence_local
36503542,116590,D007249,Association,116590,0.8874259278,AISKGConstrainedTransfer,sentence_local
36503542,116590,D008070,Negative_Correlation,D008070,0.4972606808,AISKGConstrainedTransfer,sentence_local
36503542,116590,D013119,Association,116590,0.8914230539,AISKGConstrainedTransfer,sentence_local
36503542,24253,25155,Positive_Correlation,25155,0.4519823123,AISKGConstrainedTransfer,sentence_local
36503542,24253,25166,Positive_Correlation,25166,0.4617552518,AISKGConstrainedTransfer,sentence_local
36503542,24253,315084,Positive_Correlation,315084,0.4617552518,AISKGConstrainedTransfer,sentence_local
36503542,24253,D000090862,Association,24253,0.91204053,AISKGConstrainedTransfer,sentence_local
36503542,24253,D000255,Negative_Correlation,D000255,0.4645899568,AISKGConstrainedTransfer,sentence_local
36503542,24253,D008070,Negative_Correlation,D008070,0.4645899568,AISKGConstrainedTransfer,sentence_local
36503542,24253,D009437,Association,24253,0.8972207768,AISKGConstrainedTransfer,sentence_local
36503542,24253,D013119,Association,24253,0.6680171493,AISKGConstrainedTransfer,sentence_local
36503542,25155,25166,Positive_Correlation,25166,0.4368143841,AISKGConstrainedTransfer,sentence_local
36503542,25155,287362,Positive_Correlation,287362,0.4368143841,AISKGConstrainedTransfer,sentence_local
36503542,25155,315084,Positive_Correlation,315084,0.4368143841,AISKGConstrainedTransfer,sentence_local
36503542,25155,502902,Positive_Correlation,502902,0.4368143841,AISKGConstrainedTransfer,sentence_local
36503542,25155,D000255,Negative_Correlation,D000255,0.4645899568,AISKGConstrainedTransfer,sentence_local
36503542,25155,D006930,Association,25155,0.9039945448,AISKGConstrainedTransfer,sentence_local
36503542,25155,D007249,Association,25155,0.9163506028,AISKGConstrainedTransfer,sentence_local
36503542,25155,D008070,Negative_Correlation,D008070,0.4645899568,AISKGConstrainedTransfer,sentence_local
36503542,25155,D013119,Association,25155,0.9184639018,AISKGConstrainedTransfer,sentence_local
36503542,25166,502902,Positive_Correlation,502902,0.4617552518,AISKGConstrainedTransfer,sentence_local
36503542,25166,D000255,Positive_Correlation,D000255,0.4444785753,AISKGConstrainedTransfer,sentence_local
36503542,25166,D006930,Association,25166,0.9233432917,AISKGConstrainedTransfer,sentence_local
36503542,25166,D007249,Association,25166,0.9175662503,AISKGConstrainedTransfer,sentence_local
36503542,25166,D008070,Positive_Correlation,D008070,0.4444785753,AISKGConstrainedTransfer,sentence_local
36503542,25166,D013119,Association,25166,0.9160346764,AISKGConstrainedTransfer,sentence_local
36503542,287362,D000090862,Association,287362,0.9007779094,AISKGConstrainedTransfer,sentence_local
36503542,287362,D000255,Positive_Correlation,D000255,0.4444785753,AISKGConstrainedTransfer,sentence_local
36503542,287362,D006930,Association,287362,0.9233432917,AISKGConstrainedTransfer,sentence_local
36503542,287362,D007249,Association,287362,0.9163506028,AISKGConstrainedTransfer,sentence_local
36503542,287362,D008070,Positive_Correlation,D008070,0.4444785753,AISKGConstrainedTransfer,sentence_local
36503542,287362,D009437,Association,287362,0.8513098847,AISKGConstrainedTransfer,sentence_local
36503542,287362,D013119,Association,287362,0.9160346764,AISKGConstrainedTransfer,sentence_local
36503542,315084,502902,Positive_Correlation,502902,0.4617552518,AISKGConstrainedTransfer,sentence_local
36503542,315084,D000255,Positive_Correlation,D000255,0.4444785753,AISKGConstrainedTransfer,sentence_local
36503542,315084,D006930,Association,315084,0.9214704548,AISKGConstrainedTransfer,sentence_local
36503542,315084,D007249,Association,315084,0.9175662503,AISKGConstrainedTransfer,sentence_local
36503542,315084,D008070,Positive_Correlation,D008070,0.4444785753,AISKGConstrainedTransfer,sentence_local
36503542,315084,D013119,Association,315084,0.9160346764,AISKGConstrainedTransfer,sentence_local
36503542,502902,D000090862,Association,502902,0.9007779094,AISKGConstrainedTransfer,sentence_local
36503542,502902,D000255,Positive_Correlation,D000255,0.5512335307,AISKGConstrainedTransfer,sentence_local
36503542,502902,D006930,Association,502902,0.9233432917,AISKGConstrainedTransfer,sentence_local
36503542,502902,D007249,Association,502902,0.9163506028,AISKGConstrainedTransfer,sentence_local
36503542,502902,D008070,Positive_Correlation,D008070,0.5512335307,AISKGConstrainedTransfer,sentence_local
36503542,502902,D009422,Association,502902,0.9148452575,AISKGConstrainedTransfer,sentence_local
36503542,502902,D009437,Association,502902,0.8972207768,AISKGConstrainedTransfer,sentence_local
36503542,502902,D013119,Association,502902,0.6680171493,AISKGConstrainedTransfer,sentence_local
36503542,D000255,D008070,Positive_Correlation,D008070,0.4193731146,AISKGConstrainedTransfer,sentence_local
36503542,D000255,D013119,Positive_Correlation,D000255,0.6405741439,AISKGConstrainedTransfer,sentence_local
36503542,D008070,D013119,Positive_Correlation,D008070,0.6405741439,AISKGConstrainedTransfer,sentence_local
36511679,7015,D000068258,Negative_Correlation,D000068258,0.5800293876,AISKGConstrainedTransfer,sentence_local
36511679,7015,D000068338,Negative_Correlation,D000068338,0.5919678193,AISKGConstrainedTransfer,sentence_local
36511679,7015,D000077210,Negative_Correlation,D000077210,0.5800293876,AISKGConstrainedTransfer,sentence_local
36511679,7015,D008577,Association,7015,0.3957489134,AISKGConstrainedTransfer,sentence_local
36511679,7015,D015282,Negative_Correlation,D015282,0.5800293876,AISKGConstrainedTransfer,sentence_local
36511679,D000068258,D008577,Negative_Correlation,D000068258,0.6183927359,AISKGConstrainedTransfer,sentence_local
36511679,D000068338,D008577,Negative_Correlation,D000068338,0.6300026385,AISKGConstrainedTransfer,sentence_local
36511679,D000077210,D008577,Negative_Correlation,D000077210,0.62922683,AISKGConstrainedTransfer,sentence_local
36511679,D008577,D015282,Negative_Correlation,D008577,0.5938060682,AISKGConstrainedTransfer,sentence_local
36512268,4524,D006712,Association,4524,0.9244100403,AISKGConstrainedTransfer,sentence_local
36512268,875,D006712,Association,875,0.9398924288,AISKGConstrainedTransfer,sentence_local
36512268,D006710,D006712,Positive_Correlation,D006710,0.5821960671,AISKGConstrainedTransfer,sentence_local
36512268,D006710,D008661,Positive_Correlation,D006710,0.5927445752,AISKGConstrainedTransfer,sentence_local
36520821,15511,26416,Association,,0.3924790401,AISKGConstrainedTransfer,sentence_local
36520821,15511,C093642,Negative_Correlation,C093642,0.5734095233,AISKGConstrainedTransfer,sentence_local
36520821,15511,C093973,Negative_Correlation,C093973,0.5734095233,AISKGConstrainedTransfer,sentence_local
36520821,15511,C432165,Negative_Correlation,C432165,0.5734095233,AISKGConstrainedTransfer,sentence_local
36520821,15511,C550733,Negative_Correlation,C550733,0.579988026,AISKGConstrainedTransfer,sentence_local
36520821,15511,C585893,Negative_Correlation,C585893,0.8101544908,AISKGConstrainedTransfer,sentence_local
36520821,15511,D000527,Negative_Correlation,D000527,0.5730904243,AISKGConstrainedTransfer,sentence_local
36520821,16193,C093642,Negative_Correlation,C093642,0.6699177574,AISKGConstrainedTransfer,sentence_local
36520821,16193,C093973,Negative_Correlation,C093973,0.7680387768,AISKGConstrainedTransfer,sentence_local
36520821,16193,C432165,Negative_Correlation,C432165,0.8032511358,AISKGConstrainedTransfer,sentence_local
36520821,16193,C550733,Negative_Correlation,C550733,0.7166775171,AISKGConstrainedTransfer,sentence_local
36520821,16193,C585893,Negative_Correlation,C585893,0.7127521615,AISKGConstrainedTransfer,sentence_local
36520821,16193,D000527,Association,D000527,0.3734465412,AISKGConstrainedTransfer,sentence_local
36520821,16193,D007249,Association,16193,0.9632910914,AISKGConstrainedTransfer,sentence_local
36520821,26413,C093973,Negative_Correlation,C093973,0.8136712812,AISKGConstrainedTransfer,sentence_local
36520821,26413,C432165,Negative_Correlation,C432165,0.8136712812,AISKGConstrainedTransfer,sentence_local
36520821,26413,D000527,Association,D000527,0.4168218866,AISKGConstrainedTransfer,sentence_local
36520821,26416,C093642,Negative_Correlation,C093642,0.6881510041,AISKGConstrainedTransfer,sentence_local
36520821,26416,C585893,Association,C585893,0.4698786981,AISKGConstrainedTransfer,sentence_local
36520821,26416,D000527,Negative_Correlation,D000527,0.7560967155,AISKGConstrainedTransfer,sentence_local
36520821,26417,C093973,Negative_Correlation,C093973,0.8136712812,AISKGConstrainedTransfer,sentence_local
36520821,26417,C432165,Negative_Correlation,C432165,0.8136712812,AISKGConstrainedTransfer,sentence_local
36520821,26417,D000527,Association,D000527,0.4168218866,AISKGConstrainedTransfer,sentence_local
36520821,26419,C093973,Negative_Correlation,C093973,0.800087598,AISKGConstrainedTransfer,sentence_local
36520821,26419,C432165,Negative_Correlation,C432165,0.7564018856,AISKGConstrainedTransfer,sentence_local
36520821,26419,D000527,Negative_Correlation,D000527,0.8170888203,AISKGConstrainedTransfer,sentence_local
36520821,C093642,D000527,Negative_Correlation,D000527,0.5838160991,AISKGConstrainedTransfer,sentence_local
36520821,C550733,D000527,Negative_Correlation,D000527,0.555261434,AISKGConstrainedTransfer,sentence_local
36523794,4255,D000077146,Association,D000077146,0.3467400081,AISKGConstrainedTransfer,sentence_local
36523794,4255,D000077204,Association,D000077204,0.3467400081,AISKGConstrainedTransfer,sentence_local
36523794,4255,D003520,Negative_Correlation,D003520,0.5145126544,AISKGConstrainedTransfer,sentence_local
36523794,4255,D004317,Negative_Correlation,D004317,0.5145126544,AISKGConstrainedTransfer,sentence_local
36523794,4255,D005047,Negative_Correlation,D005047,0.5145126544,AISKGConstrainedTransfer,sentence_local
36523794,4255,D005557,Negative_Correlation,D005557,0.3207083534,AISKGConstrainedTransfer,sentence_local
36523794,4255,D007069,Negative_Correlation,D007069,0.5145126544,AISKGConstrainedTransfer,sentence_local
36523794,4255,D010232,Negative_Correlation,D010232,0.3207083534,AISKGConstrainedTransfer,sentence_local
36523794,4255,D012512,Association,4255,0.9329217431,AISKGConstrainedTransfer,sentence_local
36523794,4255,D014750,Negative_Correlation,D014750,0.5145126544,AISKGConstrainedTransfer,sentence_local
36523794,D000077146,D012512,Positive_Correlation,D000077146,0.5211442541,AISKGConstrainedTransfer,sentence_local
36523794,D000077204,D012512,Positive_Correlation,D000077204,0.5211442541,AISKGConstrainedTransfer,sentence_local
36523814,3458,D005947,Positive_Correlation,D005947,0.4811556399,AISKGConstrainedTransfer,sentence_local
36523814,3458,D007249,Association,3458,0.8152654658,AISKGConstrainedTransfer,sentence_local
36523814,3458,D010300,Association,3458,0.8911369499,AISKGConstrainedTransfer,sentence_local
36523814,3458,D020078,Association,3458,0.8329152959,AISKGConstrainedTransfer,sentence_local
36523814,3553,D005947,Positive_Correlation,D005947,0.4589522785,AISKGConstrainedTransfer,sentence_local
36523814,3553,D007249,Association,3553,0.8027395055,AISKGConstrainedTransfer,sentence_local
36523814,4790,D009573,Positive_Correlation,D009573,0.5394535016,AISKGConstrainedTransfer,sentence_local
36523814,4790,D010300,Association,4790,0.8212799552,AISKGConstrainedTransfer,sentence_local
36523814,4790,D015632,Positive_Correlation,D015632,0.5626378355,AISKGConstrainedTransfer,sentence_local
36523814,4790,D016627,Positive_Correlation,D016627,0.5615408884,AISKGConstrainedTransfer,sentence_local
36523814,4843,D005947,Positive_Correlation,D005947,0.4119468798,AISKGConstrainedTransfer,sentence_local
36523814,4843,D007249,Association,4843,0.8246551093,AISKGConstrainedTransfer,sentence_local
36523814,4843,D009573,Positive_Correlation,D009573,0.5549388415,AISKGConstrainedTransfer,sentence_local
36523814,4843,D010300,Association,4843,0.7978653839,AISKGConstrainedTransfer,sentence_local
36523814,4843,D015632,Positive_Correlation,D015632,0.474149899,AISKGConstrainedTransfer,sentence_local
36523814,4843,D016627,Positive_Correlation,D016627,0.5204705007,AISKGConstrainedTransfer,sentence_local
36523814,834,D005947,Positive_Correlation,D005947,0.4183683805,AISKGConstrainedTransfer,sentence_local
36523814,834,D007249,Association,834,0.8359542045,AISKGConstrainedTransfer,sentence_local
36523814,D005947,D007249,Positive_Correlation,D005947,0.6474600569,AISKGConstrainedTransfer,sentence_local
36523814,D005947,D010300,Positive_Correlation,D005947,0.4712719822,AISKGConstrainedTransfer,sentence_local
36523814,D005947,D020078,Positive_Correlation,D005947,0.5931414331,AISKGConstrainedTransfer,sentence_local
36523814,D009573,D010300,Positive_Correlation,D009573,0.7020566693,AISKGConstrainedTransfer,sentence_local
36523814,D009573,D016627,Positive_Correlation,D016627,0.3750487536,AISKGConstrainedTransfer,sentence_local
36523814,D010300,D015632,Positive_Correlation,D010300,0.6667543473,AISKGConstrainedTransfer,sentence_local
36523814,D010300,D016627,Positive_Correlation,D010300,0.7069975806,AISKGConstrainedTransfer,sentence_local
36527059,1588,D008175,Association,1588,0.7588172394,AISKGConstrainedTransfer,sentence_local
36527059,1588,D009369,Association,1588,0.9321084591,AISKGConstrainedTransfer,sentence_local
36527059,D000077192,rs28757157,Positive_Correlation,rs28757157,0.6648926454,AISKGConstrainedTransfer,sentence_local
36527059,D000077192,rs3751592,Positive_Correlation,rs3751592,0.6648926454,AISKGConstrainedTransfer,sentence_local
36527059,D002294,rs28757157,Positive_Correlation,rs28757157,0.6912736343,AISKGConstrainedTransfer,sentence_local
36527059,D002294,rs3751592,Positive_Correlation,rs3751592,0.624526046,AISKGConstrainedTransfer,sentence_local
36527059,D008175,rs28757157,Association,rs28757157,0.513248838,AISKGConstrainedTransfer,sentence_local
36527059,D008175,rs3751592,Positive_Correlation,rs3751592,0.4510626736,AISKGConstrainedTransfer,sentence_local
36527059,D008175,rs59429575,Positive_Correlation,rs59429575,0.4510626736,AISKGConstrainedTransfer,sentence_local
36527059,D009369,rs28757157,Positive_Correlation,rs28757157,0.7015160579,AISKGConstrainedTransfer,sentence_local
36528612,43740568,D000086382,Association,43740568,0.9266020787,AISKGConstrainedTransfer,sentence_local
36528612,43740570,D000086382,Association,43740570,0.8878290678,AISKGConstrainedTransfer,sentence_local
36528612,43740571,D000086382,Association,43740571,0.9254294181,AISKGConstrainedTransfer,sentence_local
36528612,43740575,D000086382,Association,43740575,0.9085844596,AISKGConstrainedTransfer,sentence_local
36530994,3091,D000860,Association,3091,0.7561029142,AISKGConstrainedTransfer,sentence_local
36530994,3091,D006528,Association,3091,0.8512494106,AISKGConstrainedTransfer,sentence_local
36530994,445,D000860,Association,445,0.7561029142,AISKGConstrainedTransfer,sentence_local
36530994,445,D006528,Association,445,0.9618034968,AISKGConstrainedTransfer,sentence_local
36530994,51741,C512527,Negative_Correlation,C512527,0.5352746092,AISKGConstrainedTransfer,sentence_local
36530994,51741,D000860,Association,51741,0.8860074307,AISKGConstrainedTransfer,sentence_local
36530994,51741,D006528,Association,51741,0.7938072857,AISKGConstrainedTransfer,sentence_local
36530994,51741,D009369,Association,51741,0.7695169322,AISKGConstrainedTransfer,sentence_local
36530994,C410216,C512527,Cotreatment,,0.341952982,AISKGConstrainedTransfer,sentence_local
36530994,C410216,D006528,Negative_Correlation,C410216,0.5153167942,AISKGConstrainedTransfer,sentence_local
36530994,C512527,D000860,Positive_Correlation,C512527,0.4975884018,AISKGConstrainedTransfer,sentence_local
36530994,C512527,D006528,Positive_Correlation,C512527,0.5529642509,AISKGConstrainedTransfer,sentence_local
36530994,C512527,rs13338697,Association,rs13338697,0.5970254347,AISKGConstrainedTransfer,sentence_local
36530994,C512527,rs6025211,Association,rs6025211,0.5000593571,AISKGConstrainedTransfer,sentence_local
36530994,D000860,rs13338697,Positive_Correlation,rs13338697,0.7478164231,AISKGConstrainedTransfer,sentence_local
36530994,D006528,rs13338697,Positive_Correlation,rs13338697,0.8031493592,AISKGConstrainedTransfer,sentence_local
36530994,D006528,rs6025211,Positive_Correlation,rs6025211,0.6538165254,AISKGConstrainedTransfer,sentence_local
36530994,D009369,rs13338697,Positive_Correlation,rs13338697,0.5152628006,AISKGConstrainedTransfer,sentence_local
36530994,D009369,rs6025211,Positive_Correlation,rs6025211,0.5708886679,AISKGConstrainedTransfer,sentence_local
36531003,10111,D018297,Association,10111,0.9033980266,AISKGConstrainedTransfer,sentence_local
36531003,11200,D018297,Association,11200,0.5513134577,AISKGConstrainedTransfer,sentence_local
36531003,207,D018297,Association,207,0.8366065616,AISKGConstrainedTransfer,sentence_local
36531003,367,D018297,Association,367,0.8973782471,AISKGConstrainedTransfer,sentence_local
36531003,472,D010051,Association,472,0.8496157238,AISKGConstrainedTransfer,sentence_local
36531003,472,D018297,Association,472,0.6235071265,AISKGConstrainedTransfer,sentence_local
36531003,472,D049914,Association,472,0.8645781443,AISKGConstrainedTransfer,sentence_local
36531003,4763,D018297,Association,4763,0.8385277086,AISKGConstrainedTransfer,sentence_local
36531003,4851,D018297,Association,4851,0.9014847638,AISKGConstrainedTransfer,sentence_local
36531003,5290,D018297,Association,5290,0.8366065616,AISKGConstrainedTransfer,sentence_local
36531003,5889,D010051,Association,5889,0.8405009491,AISKGConstrainedTransfer,sentence_local
36531003,5889,D049914,Association,5889,0.8573628387,AISKGConstrainedTransfer,sentence_local
36531003,5890,D010051,Association,5890,0.8405009491,AISKGConstrainedTransfer,sentence_local
36531003,5890,D049914,Association,5890,0.8573628387,AISKGConstrainedTransfer,sentence_local
36531003,5892,D010051,Association,5892,0.8405009491,AISKGConstrainedTransfer,sentence_local
36531003,5892,D049914,Association,5892,0.8573628387,AISKGConstrainedTransfer,sentence_local
36531003,5925,D018297,Association,5925,0.8346026442,AISKGConstrainedTransfer,sentence_local
36531003,6098,D018297,Association,6098,0.8913165042,AISKGConstrainedTransfer,sentence_local
36531003,672,D010051,Association,672,0.87684801,AISKGConstrainedTransfer,sentence_local
36531003,672,D018297,Association,672,0.8470215363,AISKGConstrainedTransfer,sentence_local
36531003,675,D010051,Association,675,0.87684801,AISKGConstrainedTransfer,sentence_local
36531003,675,D018297,Association,675,0.8989721723,AISKGConstrainedTransfer,sentence_local
36531003,7157,D018297,Association,7157,0.7598444743,AISKGConstrainedTransfer,sentence_local
36531003,79728,D010051,Association,79728,0.8405009491,AISKGConstrainedTransfer,sentence_local
36531003,79728,D049914,Association,79728,0.8573628387,AISKGConstrainedTransfer,sentence_local
36531003,83990,D010051,Association,83990,0.8405009491,AISKGConstrainedTransfer,sentence_local
36531003,83990,D018297,Association,83990,0.5564566137,AISKGConstrainedTransfer,sentence_local
36531003,83990,D049914,Association,83990,0.8280683945,AISKGConstrainedTransfer,sentence_local
36531218,101060264,D007249,Association,101060264,0.7804505776,AISKGConstrainedTransfer,sentence_local
36531218,28,D007249,Association,28,0.7804505776,AISKGConstrainedTransfer,sentence_local
36531218,3455,D007249,Association,3455,0.8037089356,AISKGConstrainedTransfer,sentence_local
36531218,348,D007249,Association,348,0.742116595,AISKGConstrainedTransfer,sentence_local
36531218,7124,D007249,Association,7124,0.7615957202,AISKGConstrainedTransfer,sentence_local
36531218,D007249,rs1799964,Association,rs1799964,0.3873634279,AISKGConstrainedTransfer,sentence_local
36531218,D007249,rs1886814,Association,rs1886814,0.4790353421,AISKGConstrainedTransfer,sentence_local
36531218,D007249,rs429358,Association,rs429358,0.4825744079,AISKGConstrainedTransfer,sentence_local
36531218,D007249,rs9975538,Association,rs9975538,0.3873634279,AISKGConstrainedTransfer,sentence_local
36531775,2348,C567791,Association,2348,0.8152312208,AISKGConstrainedTransfer,sentence_local
36531775,C567791,D005492,Positive_Correlation,C567791,0.4095024335,AISKGConstrainedTransfer,sentence_local
36531775,C567791,rs200728335,Positive_Correlation,rs200728335,0.5711866918,AISKGConstrainedTransfer,sentence_local
36531775,D001259,D002955,Positive_Correlation,D001259,0.404587418,AISKGConstrainedTransfer,sentence_local
36531775,D002955,D012640,Positive_Correlation,D002955,0.3863339421,AISKGConstrainedTransfer,sentence_local
36531961,10568,D003401,Association,D003401,0.5415808869,AISKGConstrainedTransfer,sentence_local
36531961,10568,D005947,Association,D005947,0.4284734289,AISKGConstrainedTransfer,sentence_local
36531961,10568,D005973,Association,D005973,0.54162729,AISKGConstrainedTransfer,sentence_local
36531961,10568,D010758,Association,D010758,0.4203782639,AISKGConstrainedTransfer,sentence_local
36531961,10568,D011188,Association,D011188,0.5281612652,AISKGConstrainedTransfer,sentence_local
36531961,10568,D012964,Association,D012964,0.5280659007,AISKGConstrainedTransfer,sentence_local
36531961,10568,D018698,Association,D018698,0.5551870369,AISKGConstrainedTransfer,sentence_local
36531961,10991,D003401,Association,D003401,0.5415808869,AISKGConstrainedTransfer,sentence_local
36531961,10991,D005947,Association,D005947,0.4284734289,AISKGConstrainedTransfer,sentence_local
36531961,10991,D005973,Association,D005973,0.54162729,AISKGConstrainedTransfer,sentence_local
36531961,10991,D010758,Association,D010758,0.4203782639,AISKGConstrainedTransfer,sentence_local
36531961,10991,D011188,Association,D011188,0.4201793944,AISKGConstrainedTransfer,sentence_local
36531961,10991,D012964,Association,D012964,0.5280659007,AISKGConstrainedTransfer,sentence_local
36531961,10991,D018698,Association,D018698,0.5551870369,AISKGConstrainedTransfer,sentence_local
36531961,1181,D003401,Association,D003401,0.5415808869,AISKGConstrainedTransfer,sentence_local
36531961,1181,D005947,Association,D005947,0.4284734289,AISKGConstrainedTransfer,sentence_local
36531961,1181,D005973,Association,D005973,0.54162729,AISKGConstrainedTransfer,sentence_local
36531961,1181,D010758,Association,D010758,0.4203782639,AISKGConstrainedTransfer,sentence_local
36531961,1181,D011188,Association,D011188,0.5281612652,AISKGConstrainedTransfer,sentence_local
36531961,1181,D012964,Association,D012964,0.5280659007,AISKGConstrainedTransfer,sentence_local
36531961,1181,D018698,Association,D018698,0.5551870369,AISKGConstrainedTransfer,sentence_local
36531961,1187,D003401,Association,D003401,0.5415808869,AISKGConstrainedTransfer,sentence_local
36531961,1187,D005947,Association,D005947,0.4284734289,AISKGConstrainedTransfer,sentence_local
36531961,1187,D005973,Association,D005973,0.54162729,AISKGConstrainedTransfer,sentence_local
36531961,1187,D010758,Association,D010758,0.4203782639,AISKGConstrainedTransfer,sentence_local
36531961,1187,D011188,Association,D011188,0.5281612652,AISKGConstrainedTransfer,sentence_local
36531961,1187,D012964,Association,D012964,0.5280659007,AISKGConstrainedTransfer,sentence_local
36531961,1187,D018698,Association,D018698,0.5551870369,AISKGConstrainedTransfer,sentence_local
36531961,23678,D003401,Association,D003401,0.5415808869,AISKGConstrainedTransfer,sentence_local
36531961,23678,D005947,Association,D005947,0.5496824665,AISKGConstrainedTransfer,sentence_local
36531961,23678,D005973,Association,D005973,0.54162729,AISKGConstrainedTransfer,sentence_local
36531961,23678,D010758,Association,D010758,0.3210242635,AISKGConstrainedTransfer,sentence_local
36531961,23678,D011188,Association,D011188,0.5281612652,AISKGConstrainedTransfer,sentence_local
36531961,23678,D012964,Association,D012964,0.6457077627,AISKGConstrainedTransfer,sentence_local
36531961,23678,D018698,Association,D018698,0.5551870369,AISKGConstrainedTransfer,sentence_local
36531961,2890,D003401,Association,D003401,0.5415808869,AISKGConstrainedTransfer,sentence_local
36531961,2890,D005947,Association,D005947,0.4284734289,AISKGConstrainedTransfer,sentence_local
36531961,2890,D005973,Association,D005973,0.54162729,AISKGConstrainedTransfer,sentence_local
36531961,2890,D010758,Association,D010758,0.4203782639,AISKGConstrainedTransfer,sentence_local
36531961,2890,D011188,Association,D011188,0.4201793944,AISKGConstrainedTransfer,sentence_local
36531961,2890,D012964,Association,D012964,0.5280659007,AISKGConstrainedTransfer,sentence_local
36531961,2890,D018698,Association,D018698,0.5551870369,AISKGConstrainedTransfer,sentence_local
36531961,2898,D003401,Association,D003401,0.5415808869,AISKGConstrainedTransfer,sentence_local
36531961,2898,D005947,Association,D005947,0.4284734289,AISKGConstrainedTransfer,sentence_local
36531961,2898,D005973,Association,D005973,0.54162729,AISKGConstrainedTransfer,sentence_local
36531961,2898,D010758,Association,D010758,0.4203782639,AISKGConstrainedTransfer,sentence_local
36531961,2898,D011188,Association,D011188,0.4201793944,AISKGConstrainedTransfer,sentence_local
36531961,2898,D012964,Association,D012964,0.5280659007,AISKGConstrainedTransfer,sentence_local
36531961,2898,D018698,Association,D018698,0.5551870369,AISKGConstrainedTransfer,sentence_local
36531961,340024,D003401,Association,D003401,0.5415808869,AISKGConstrainedTransfer,sentence_local
36531961,340024,D005947,Association,D005947,0.4284734289,AISKGConstrainedTransfer,sentence_local
36531961,340024,D005973,Association,D005973,0.54162729,AISKGConstrainedTransfer,sentence_local
36531961,340024,D010758,Association,D010758,0.4203782639,AISKGConstrainedTransfer,sentence_local
36531961,340024,D011188,Association,D011188,0.4201793944,AISKGConstrainedTransfer,sentence_local
36531961,340024,D012964,Association,D012964,0.5280659007,AISKGConstrainedTransfer,sentence_local
36531961,340024,D018698,Association,D018698,0.5551870369,AISKGConstrainedTransfer,sentence_local
36531961,3738,D002118,Association,D002118,0.4444725732,AISKGConstrainedTransfer,sentence_local
36531961,3738,D003401,Association,D003401,0.5330829065,AISKGConstrainedTransfer,sentence_local
36531961,3738,D005947,Association,D005947,0.5366897822,AISKGConstrainedTransfer,sentence_local
36531961,3738,D005973,Association,D005973,0.5337146499,AISKGConstrainedTransfer,sentence_local
36531961,3738,D010758,Association,D010758,0.5265166459,AISKGConstrainedTransfer,sentence_local
36531961,3738,D011188,Association,D011188,0.5196283868,AISKGConstrainedTransfer,sentence_local
36531961,3738,D012964,Association,D012964,0.6337925718,AISKGConstrainedTransfer,sentence_local
36531961,3738,D018698,Association,D018698,0.5477326828,AISKGConstrainedTransfer,sentence_local
36531961,3741,D002118,Association,D002118,0.4662339542,AISKGConstrainedTransfer,sentence_local
36531961,3741,D003401,Association,D003401,0.551795843,AISKGConstrainedTransfer,sentence_local
36531961,3741,D005947,Association,D005947,0.5591286821,AISKGConstrainedTransfer,sentence_local
36531961,3741,D005973,Association,D005973,0.5522085256,AISKGConstrainedTransfer,sentence_local
36531961,3741,D010758,Association,D010758,0.5452234091,AISKGConstrainedTransfer,sentence_local
36531961,3741,D011188,Association,D011188,0.5389354069,AISKGConstrainedTransfer,sentence_local
36531961,3741,D012964,Association,D012964,0.6523836794,AISKGConstrainedTransfer,sentence_local
36531961,3741,D018698,Association,D018698,0.5646521264,AISKGConstrainedTransfer,sentence_local
36531961,3759,D003401,Association,D003401,0.562845013,AISKGConstrainedTransfer,sentence_local
36531961,3759,D005947,Association,D005947,0.5700637793,AISKGConstrainedTransfer,sentence_local
36531961,3759,D005973,Association,D005973,0.5627685602,AISKGConstrainedTransfer,sentence_local
36531961,3759,D010758,Association,D010758,0.4453074072,AISKGConstrainedTransfer,sentence_local
36531961,3759,D011188,Association,D011188,0.5491193695,AISKGConstrainedTransfer,sentence_local
36531961,3759,D012964,Association,D012964,0.6630425229,AISKGConstrainedTransfer,sentence_local
36531961,3759,D018698,Association,D018698,0.5768084539,AISKGConstrainedTransfer,sentence_local
36531961,3768,D003401,Association,D003401,0.540946938,AISKGConstrainedTransfer,sentence_local
36531961,3768,D005947,Association,D005947,0.5513504536,AISKGConstrainedTransfer,sentence_local
36531961,3768,D005973,Association,D005973,0.5408334228,AISKGConstrainedTransfer,sentence_local
36531961,3768,D010758,Association,D010758,0.4231001548,AISKGConstrainedTransfer,sentence_local
36531961,3768,D011188,Association,D011188,0.5279946035,AISKGConstrainedTransfer,sentence_local
36531961,3768,D012964,Association,D012964,0.532043121,AISKGConstrainedTransfer,sentence_local
36531961,3768,D018698,Association,D018698,0.5535624496,AISKGConstrainedTransfer,sentence_local
36531961,3778,D003401,Association,D003401,0.5415808869,AISKGConstrainedTransfer,sentence_local
36531961,3778,D005947,Association,D005947,0.5496824665,AISKGConstrainedTransfer,sentence_local
36531961,3778,D005973,Association,D005973,0.54162729,AISKGConstrainedTransfer,sentence_local
36531961,3778,D010758,Association,D010758,0.4203782639,AISKGConstrainedTransfer,sentence_local
36531961,3778,D011188,Association,D011188,0.5281612652,AISKGConstrainedTransfer,sentence_local
36531961,3778,D012964,Association,D012964,0.6457077627,AISKGConstrainedTransfer,sentence_local
36531961,3778,D018698,Association,D018698,0.5551870369,AISKGConstrainedTransfer,sentence_local
36531961,3784,D003401,Association,D003401,0.562845013,AISKGConstrainedTransfer,sentence_local
36531961,3784,D005947,Association,D005947,0.5700637793,AISKGConstrainedTransfer,sentence_local
36531961,3784,D005973,Association,D005973,0.5627685602,AISKGConstrainedTransfer,sentence_local
36531961,3784,D010758,Association,D010758,0.5562303702,AISKGConstrainedTransfer,sentence_local
36531961,3784,D011188,Association,D011188,0.5491193695,AISKGConstrainedTransfer,sentence_local
36531961,3784,D012964,Association,D012964,0.6630425229,AISKGConstrainedTransfer,sentence_local
36531961,3784,D018698,Association,D018698,0.5768084539,AISKGConstrainedTransfer,sentence_local
36531961,478,D003401,Association,D003401,0.5522988411,AISKGConstrainedTransfer,sentence_local
36531961,478,D005947,Association,D005947,0.4584948653,AISKGConstrainedTransfer,sentence_local
36531961,478,D005973,Association,D005973,0.4446275941,AISKGConstrainedTransfer,sentence_local
36531961,478,D010758,Association,D010758,0.442683982,AISKGConstrainedTransfer,sentence_local
36531961,478,D011188,Association,D011188,0.4333962234,AISKGConstrainedTransfer,sentence_local
36531961,478,D012964,Association,D012964,0.5608427982,AISKGConstrainedTransfer,sentence_local
36531961,478,D018698,Association,D018698,0.4452843257,AISKGConstrainedTransfer,sentence_local
36531961,55503,D002118,Association,D002118,0.4552981736,AISKGConstrainedTransfer,sentence_local
36531961,55503,D003401,Association,D003401,0.5415808869,AISKGConstrainedTransfer,sentence_local
36531961,55503,D005947,Association,D005947,0.5496824665,AISKGConstrainedTransfer,sentence_local
36531961,55503,D005973,Association,D005973,0.54162729,AISKGConstrainedTransfer,sentence_local
36531961,55503,D010758,Association,D010758,0.5349256016,AISKGConstrainedTransfer,sentence_local
36531961,55503,D011188,Association,D011188,0.5281612652,AISKGConstrainedTransfer,sentence_local
36531961,55503,D012964,Association,D012964,0.6457077627,AISKGConstrainedTransfer,sentence_local
36531961,55503,D018698,Association,D018698,0.5551870369,AISKGConstrainedTransfer,sentence_local
36531961,56302,D002118,Association,D002118,0.4552981736,AISKGConstrainedTransfer,sentence_local
36531961,56302,D003401,Association,D003401,0.5415808869,AISKGConstrainedTransfer,sentence_local
36531961,56302,D005947,Association,D005947,0.5496824665,AISKGConstrainedTransfer,sentence_local
36531961,56302,D005973,Association,D005973,0.54162729,AISKGConstrainedTransfer,sentence_local
36531961,56302,D010758,Association,D010758,0.5349256016,AISKGConstrainedTransfer,sentence_local
36531961,56302,D011188,Association,D011188,0.5281612652,AISKGConstrainedTransfer,sentence_local
36531961,56302,D012964,Association,D012964,0.6457077627,AISKGConstrainedTransfer,sentence_local
36531961,56302,D018698,Association,D018698,0.5551870369,AISKGConstrainedTransfer,sentence_local
36531961,6331,D003401,Association,D003401,0.551795843,AISKGConstrainedTransfer,sentence_local
36531961,6331,D005947,Association,D005947,0.4380056797,AISKGConstrainedTransfer,sentence_local
36531961,6331,D005973,Association,D005973,0.5522085256,AISKGConstrainedTransfer,sentence_local
36531961,6331,D010758,Association,D010758,0.4305030241,AISKGConstrainedTransfer,sentence_local
36531961,6331,D011188,Association,D011188,0.5389354069,AISKGConstrainedTransfer,sentence_local
36531961,6331,D012964,Association,D012964,0.5356872799,AISKGConstrainedTransfer,sentence_local
36531961,6331,D018698,Association,D018698,0.5646521264,AISKGConstrainedTransfer,sentence_local
36531961,6337,D003401,Association,D003401,0.5423203215,AISKGConstrainedTransfer,sentence_local
36531961,6337,D005947,Association,D005947,0.4281942952,AISKGConstrainedTransfer,sentence_local
36531961,6337,D005973,Association,D005973,0.542634713,AISKGConstrainedTransfer,sentence_local
36531961,6337,D010758,Association,D010758,0.418708689,AISKGConstrainedTransfer,sentence_local
36531961,6337,D011188,Association,D011188,0.5294375584,AISKGConstrainedTransfer,sentence_local
36531961,6337,D012964,Association,D012964,0.5282241531,AISKGConstrainedTransfer,sentence_local
36531961,6337,D018698,Association,D018698,0.554675964,AISKGConstrainedTransfer,sentence_local
36531961,6506,D003401,Association,D003401,0.5415808869,AISKGConstrainedTransfer,sentence_local
36531961,6506,D005947,Association,D005947,0.4284734289,AISKGConstrainedTransfer,sentence_local
36531961,6506,D005973,Association,D005973,0.54162729,AISKGConstrainedTransfer,sentence_local
36531961,6506,D010758,Association,D010758,0.4203782639,AISKGConstrainedTransfer,sentence_local
36531961,6506,D011188,Association,D011188,0.4201793944,AISKGConstrainedTransfer,sentence_local
36531961,6506,D012964,Association,D012964,0.5280659007,AISKGConstrainedTransfer,sentence_local
36531961,6506,D018698,Association,D018698,0.5551870369,AISKGConstrainedTransfer,sentence_local
36531961,6507,D003401,Association,D003401,0.5415808869,AISKGConstrainedTransfer,sentence_local
36531961,6507,D005947,Association,D005947,0.4284734289,AISKGConstrainedTransfer,sentence_local
36531961,6507,D005973,Association,D005973,0.54162729,AISKGConstrainedTransfer,sentence_local
36531961,6507,D010758,Association,D010758,0.4203782639,AISKGConstrainedTransfer,sentence_local
36531961,6507,D011188,Association,D011188,0.4201793944,AISKGConstrainedTransfer,sentence_local
36531961,6507,D012964,Association,D012964,0.5280659007,AISKGConstrainedTransfer,sentence_local
36531961,6507,D018698,Association,D018698,0.5551870369,AISKGConstrainedTransfer,sentence_local
36531961,6510,D003401,Association,D003401,0.5415808869,AISKGConstrainedTransfer,sentence_local
36531961,6510,D005947,Association,D005947,0.4284734289,AISKGConstrainedTransfer,sentence_local
36531961,6510,D005973,Association,D005973,0.54162729,AISKGConstrainedTransfer,sentence_local
36531961,6510,D010758,Association,D010758,0.4203782639,AISKGConstrainedTransfer,sentence_local
36531961,6510,D011188,Association,D011188,0.4201793944,AISKGConstrainedTransfer,sentence_local
36531961,6510,D012964,Association,D012964,0.5280659007,AISKGConstrainedTransfer,sentence_local
36531961,6510,D018698,Association,D018698,0.5551870369,AISKGConstrainedTransfer,sentence_local
36531961,6511,D003401,Association,D003401,0.5415808869,AISKGConstrainedTransfer,sentence_local
36531961,6511,D005947,Association,D005947,0.4284734289,AISKGConstrainedTransfer,sentence_local
36531961,6511,D005973,Association,D005973,0.54162729,AISKGConstrainedTransfer,sentence_local
36531961,6511,D010758,Association,D010758,0.4203782639,AISKGConstrainedTransfer,sentence_local
36531961,6511,D011188,Association,D011188,0.4201793944,AISKGConstrainedTransfer,sentence_local
36531961,6511,D012964,Association,D012964,0.5280659007,AISKGConstrainedTransfer,sentence_local
36531961,6511,D018698,Association,D018698,0.5551870369,AISKGConstrainedTransfer,sentence_local
36531961,6512,D003401,Association,D003401,0.5415808869,AISKGConstrainedTransfer,sentence_local
36531961,6512,D005947,Association,D005947,0.4284734289,AISKGConstrainedTransfer,sentence_local
36531961,6512,D005973,Association,D005973,0.54162729,AISKGConstrainedTransfer,sentence_local
36531961,6512,D010758,Association,D010758,0.4203782639,AISKGConstrainedTransfer,sentence_local
36531961,6512,D011188,Association,D011188,0.4201793944,AISKGConstrainedTransfer,sentence_local
36531961,6512,D012964,Association,D012964,0.5280659007,AISKGConstrainedTransfer,sentence_local
36531961,6512,D018698,Association,D018698,0.5551870369,AISKGConstrainedTransfer,sentence_local
36531961,6523,D003401,Association,D003401,0.5415808869,AISKGConstrainedTransfer,sentence_local
36531961,6523,D005947,Association,D005947,0.4284734289,AISKGConstrainedTransfer,sentence_local
36531961,6523,D005973,Association,D005973,0.54162729,AISKGConstrainedTransfer,sentence_local
36531961,6523,D010758,Association,D010758,0.4203782639,AISKGConstrainedTransfer,sentence_local
36531961,6523,D011188,Association,D011188,0.4201793944,AISKGConstrainedTransfer,sentence_local
36531961,6523,D012964,Association,D012964,0.5280659007,AISKGConstrainedTransfer,sentence_local
36531961,6523,D018698,Association,D018698,0.5551870369,AISKGConstrainedTransfer,sentence_local
36531961,6535,D003401,Association,D003401,0.5415808869,AISKGConstrainedTransfer,sentence_local
36531961,6535,D005947,Association,D005947,0.4284734289,AISKGConstrainedTransfer,sentence_local
36531961,6535,D005973,Association,D005973,0.54162729,AISKGConstrainedTransfer,sentence_local
36531961,6535,D010758,Association,D010758,0.4311197681,AISKGConstrainedTransfer,sentence_local
36531961,6535,D011188,Association,D011188,0.4201793944,AISKGConstrainedTransfer,sentence_local
36531961,6535,D012964,Association,D012964,0.5280659007,AISKGConstrainedTransfer,sentence_local
36531961,6535,D018698,Association,D018698,0.5551870369,AISKGConstrainedTransfer,sentence_local
36531961,6550,D003401,Association,D003401,0.52147509,AISKGConstrainedTransfer,sentence_local
36531961,6550,D005947,Association,D005947,0.4091101729,AISKGConstrainedTransfer,sentence_local
36531961,6550,D005973,Association,D005973,0.5213370868,AISKGConstrainedTransfer,sentence_local
36531961,6550,D010758,Association,D010758,0.3998608669,AISKGConstrainedTransfer,sentence_local
36531961,6550,D011188,Association,D011188,0.508183696,AISKGConstrainedTransfer,sentence_local
36531961,6550,D012964,Association,D012964,0.5094314144,AISKGConstrainedTransfer,sentence_local
36531961,6550,D018698,Association,D018698,0.5349654211,AISKGConstrainedTransfer,sentence_local
36531961,6569,D003401,Association,D003401,0.5415808869,AISKGConstrainedTransfer,sentence_local
36531961,6569,D005947,Association,D005947,0.4284734289,AISKGConstrainedTransfer,sentence_local
36531961,6569,D005973,Association,D005973,0.54162729,AISKGConstrainedTransfer,sentence_local
36531961,6569,D010758,Association,D010758,0.4203782639,AISKGConstrainedTransfer,sentence_local
36531961,6569,D011188,Association,D011188,0.5281612652,AISKGConstrainedTransfer,sentence_local
36531961,6569,D012964,Association,D012964,0.5280659007,AISKGConstrainedTransfer,sentence_local
36531961,6569,D018698,Association,D018698,0.5551870369,AISKGConstrainedTransfer,sentence_local
36531961,9058,D003401,Association,D003401,0.5415808869,AISKGConstrainedTransfer,sentence_local
36531961,9058,D005947,Association,D005947,0.4284734289,AISKGConstrainedTransfer,sentence_local
36531961,9058,D005973,Association,D005973,0.54162729,AISKGConstrainedTransfer,sentence_local
36531961,9058,D010758,Association,D010758,0.4311197681,AISKGConstrainedTransfer,sentence_local
36531961,9058,D011188,Association,D011188,0.4201793944,AISKGConstrainedTransfer,sentence_local
36531961,9058,D012964,Association,D012964,0.5446223794,AISKGConstrainedTransfer,sentence_local
36531961,9058,D018698,Association,D018698,0.4323597543,AISKGConstrainedTransfer,sentence_local
36531961,91544,D002118,Association,D002118,0.4552981736,AISKGConstrainedTransfer,sentence_local
36531961,91544,D003401,Association,D003401,0.5415808869,AISKGConstrainedTransfer,sentence_local
36531961,91544,D005947,Association,D005947,0.5496824665,AISKGConstrainedTransfer,sentence_local
36531961,91544,D005973,Association,D005973,0.54162729,AISKGConstrainedTransfer,sentence_local
36531961,91544,D010758,Association,D010758,0.5349256016,AISKGConstrainedTransfer,sentence_local
36531961,91544,D011188,Association,D011188,0.5281612652,AISKGConstrainedTransfer,sentence_local
36531961,91544,D012964,Association,D012964,0.6457077627,AISKGConstrainedTransfer,sentence_local
36531961,91544,D018698,Association,D018698,0.5551870369,AISKGConstrainedTransfer,sentence_local
36533174,9379,D010300,Association,9379,0.9262396779,AISKGConstrainedTransfer,sentence_local
36533174,9379,D019636,Association,9379,0.9224087229,AISKGConstrainedTransfer,sentence_local
36533174,D010300,p|SUB|G|849|D,Association,p|SUB|G|849|D,0.5984674269,AISKGConstrainedTransfer,sentence_local
36542547,8291,C537995,Association,8291,0.8891252391,AISKGConstrainedTransfer,sentence_local
36542547,C537995,c|SUB|C|1397+649|T,Positive_Correlation,c|SUB|C|1397+649|T,0.5810887886,AISKGConstrainedTransfer,sentence_local
36548088,16333,D005947,Positive_Correlation,D005947,0.5912113663,AISKGConstrainedTransfer,sentence_local
36548088,16333,D015430,Association,16333,0.7724727985,AISKGConstrainedTransfer,sentence_local
36548088,16337,D005947,Positive_Correlation,D005947,0.5162789726,AISKGConstrainedTransfer,sentence_local
36548088,16337,D015430,Association,16337,0.7919854144,AISKGConstrainedTransfer,sentence_local
36548088,D005947,p|SUB|L|973|F,Association,p|SUB|L|973|F,0.5789372592,AISKGConstrainedTransfer,sentence_local
36548088,D015430,p|SUB|L|973|F,Positive_Correlation,p|SUB|L|973|F,0.6368195236,AISKGConstrainedTransfer,sentence_local
36548551,24248,D007249,Association,24248,0.6943242838,AISKGConstrainedTransfer,sentence_local
36548551,24494,D007249,Association,24494,0.7546142093,AISKGConstrainedTransfer,sentence_local
36548551,24786,D007249,Association,24786,0.6943902621,AISKGConstrainedTransfer,sentence_local
36548551,24835,D007249,Association,24835,0.6732117922,AISKGConstrainedTransfer,sentence_local
36548551,C091888,D007249,Negative_Correlation,C091888,0.3792850142,AISKGConstrainedTransfer,sentence_local
36548551,C091888,D008569,Positive_Correlation,C091888,0.5076235629,AISKGConstrainedTransfer,sentence_local
36548551,C091888,D019954,Positive_Correlation,C091888,0.5773109643,AISKGConstrainedTransfer,sentence_local
36548551,C091888,D020258,Negative_Correlation,C091888,0.5564636753,AISKGConstrainedTransfer,sentence_local
36548551,D003300,D007249,Negative_Correlation,D003300,0.4045210045,AISKGConstrainedTransfer,sentence_local
36548551,D003300,D008569,Positive_Correlation,D003300,0.5076235629,AISKGConstrainedTransfer,sentence_local
36548551,D003300,D019954,Positive_Correlation,D003300,0.5506360038,AISKGConstrainedTransfer,sentence_local
36548551,D003300,D020258,Negative_Correlation,D003300,0.5152806375,AISKGConstrainedTransfer,sentence_local
36548551,D007249,D008063,Positive_Correlation,D007249,0.4854629608,AISKGConstrainedTransfer,sentence_local
36548551,D007249,D009573,Positive_Correlation,D007249,0.5335341736,AISKGConstrainedTransfer,sentence_local
36548551,D007249,D017382,Positive_Correlation,D007249,0.566882366,AISKGConstrainedTransfer,sentence_local
36548551,D007249,D017392,Positive_Correlation,D007249,0.5340142367,AISKGConstrainedTransfer,sentence_local
36548551,D008063,D008569,Positive_Correlation,D008063,0.5132187551,AISKGConstrainedTransfer,sentence_local
36548551,D008063,D019954,Positive_Correlation,D008063,0.5272680566,AISKGConstrainedTransfer,sentence_local
36548551,D008063,D020258,Negative_Correlation,D008063,0.5152806375,AISKGConstrainedTransfer,sentence_local
36551633,4914,D009369,Association,4914,0.896299356,AISKGConstrainedTransfer,sentence_local
36551633,4914,D016606,Association,4914,0.9004785764,AISKGConstrainedTransfer,sentence_local
36551633,4916,D009369,Association,4916,0.896299356,AISKGConstrainedTransfer,sentence_local
36551633,4916,D016606,Association,4916,0.9004785764,AISKGConstrainedTransfer,sentence_local
36551633,5728,D009369,Association,5728,0.8840131424,AISKGConstrainedTransfer,sentence_local
36551633,5728,D016606,Association,5728,0.8823381553,AISKGConstrainedTransfer,sentence_local
36551633,673,D009369,Association,673,0.9015560343,AISKGConstrainedTransfer,sentence_local
36551633,673,D016606,Association,673,0.9049051019,AISKGConstrainedTransfer,sentence_local
36551633,7157,D009369,Association,7157,0.8903984661,AISKGConstrainedTransfer,sentence_local
36551633,7157,D016606,Association,7157,0.8950849947,AISKGConstrainedTransfer,sentence_local
36551633,D009369,rs113488022,Association,rs113488022,0.7263324157,AISKGConstrainedTransfer,sentence_local
36551633,D016606,rs113488022,Association,rs113488022,0.6867492088,AISKGConstrainedTransfer,sentence_local
36552614,18024,D003092,Association,18024,0.8073918808,AISKGConstrainedTransfer,sentence_local
36552614,18024,D007249,Association,18024,0.7973256009,AISKGConstrainedTransfer,sentence_local
36552614,50868,D003092,Association,50868,0.7483225425,AISKGConstrainedTransfer,sentence_local
36552614,50868,D007249,Association,50868,0.8140845843,AISKGConstrainedTransfer,sentence_local
36552614,C004999,D003092,Positive_Correlation,C004999,0.4294616721,AISKGConstrainedTransfer,sentence_local
36552614,C004999,D007249,Positive_Correlation,C004999,0.4467482857,AISKGConstrainedTransfer,sentence_local
36552614,C012843,D003092,Positive_Correlation,C012843,0.4021871256,AISKGConstrainedTransfer,sentence_local
36552614,C012843,D007249,Positive_Correlation,C012843,0.4345119046,AISKGConstrainedTransfer,sentence_local
36552614,C016766,D003092,Positive_Correlation,C016766,0.4365082097,AISKGConstrainedTransfer,sentence_local
36552614,C016766,D007249,Positive_Correlation,C016766,0.4222461672,AISKGConstrainedTransfer,sentence_local
36552614,C032005,D003092,Positive_Correlation,C032005,0.3911098821,AISKGConstrainedTransfer,sentence_local
36552614,C032005,D007249,Positive_Correlation,C032005,0.3820113877,AISKGConstrainedTransfer,sentence_local
36552614,C040920,D003092,Positive_Correlation,C040920,0.4086736394,AISKGConstrainedTransfer,sentence_local
36552614,C040920,D007249,Negative_Correlation,C040920,0.3744996008,AISKGConstrainedTransfer,sentence_local
36552614,D002726,D003092,Positive_Correlation,D002726,0.4365082097,AISKGConstrainedTransfer,sentence_local
36552614,D002726,D007249,Positive_Correlation,D002726,0.3820113877,AISKGConstrainedTransfer,sentence_local
36552614,D003092,D016264,Positive_Correlation,D003092,0.6325173724,AISKGConstrainedTransfer,sentence_local
36552614,D007249,D016264,Positive_Correlation,D007249,0.4213940026,AISKGConstrainedTransfer,sentence_local
36553811,5860714,D004075,Negative_Correlation,D004075,0.4221942071,AISKGConstrainedTransfer,sentence_local
36553811,D004220,c|SUB|G|28|C,Association,c|SUB|G|28|C,0.5552250505,AISKGConstrainedTransfer,sentence_local
36553811,D004220,p|SUB|A|37|P,Association,p|SUB|A|37|P,0.5379089004,AISKGConstrainedTransfer,sentence_local
36553811,D004220,p|SUB|M|176|V,Association,p|SUB|M|176|V,0.5379089004,AISKGConstrainedTransfer,sentence_local
36553811,D004220,p|SUB|M|294|R,Association,p|SUB|M|294|R,0.5552250505,AISKGConstrainedTransfer,sentence_local
36553811,D004220,p|SUB|P|206|C,Association,p|SUB|P|206|C,0.5552250505,AISKGConstrainedTransfer,sentence_local
36553811,D004220,p|SUB|Q|34|P,Association,p|SUB|Q|34|P,0.5379089004,AISKGConstrainedTransfer,sentence_local
36553811,D004220,rs756784071,Association,rs756784071,0.5379089004,AISKGConstrainedTransfer,sentence_local
36555402,2879,D006973,Association,2879,0.8844483518,AISKGConstrainedTransfer,sentence_local
36555402,2879,D011225,Association,2879,0.8198673422,AISKGConstrainedTransfer,sentence_local
36555402,2879,D012643,Association,D012643,0.4115905945,AISKGConstrainedTransfer,sentence_local
36555402,2879,D015179,Association,2879,0.8811853033,AISKGConstrainedTransfer,sentence_local
36555402,2879,D020521,Association,2879,0.8716200051,AISKGConstrainedTransfer,sentence_local
36555402,D006973,rs713041,Positive_Correlation,rs713041,0.735964024,AISKGConstrainedTransfer,sentence_local
36555402,D009369,D012643,Positive_Correlation,D009369,0.5145085635,AISKGConstrainedTransfer,sentence_local
36555402,D011225,rs713041,Positive_Correlation,rs713041,0.6541317996,AISKGConstrainedTransfer,sentence_local
36555402,D012643,rs713041,Association,rs713041,0.5006201507,AISKGConstrainedTransfer,sentence_local
36555402,D015179,rs173041,Positive_Correlation,rs173041,0.5985084577,AISKGConstrainedTransfer,sentence_local
36555402,D015179,rs713041,Positive_Correlation,rs713041,0.6756490942,AISKGConstrainedTransfer,sentence_local
36555402,D020521,rs713041,Positive_Correlation,rs713041,0.7885151369,AISKGConstrainedTransfer,sentence_local
36558016,C000615229,D012825,Cotreatment,,0.6011217465,AISKGConstrainedTransfer,sentence_local
36558016,C004312,C013690,Conversion,C013690,0.7362218373,AISKGConstrainedTransfer,sentence_local
36558016,C004312,C029899,Conversion,C029899,0.7419390346,AISKGConstrainedTransfer,sentence_local
36558016,C004312,C049037,Conversion,C049037,0.7460306796,AISKGConstrainedTransfer,sentence_local
36558016,C004312,D002254,Conversion,D002254,0.7380280573,AISKGConstrainedTransfer,sentence_local
36558016,C004312,D004811,Conversion,D004811,0.7537739541,AISKGConstrainedTransfer,sentence_local
36558016,C004312,D004852,Conversion,D004852,0.7537739541,AISKGConstrainedTransfer,sentence_local
36558016,C004312,D008277,Conversion,D008277,0.7460306796,AISKGConstrainedTransfer,sentence_local
36558016,C013690,C029899,Conversion,C029899,0.7355692203,AISKGConstrainedTransfer,sentence_local
36558016,C013690,C049037,Conversion,C049037,0.7430930959,AISKGConstrainedTransfer,sentence_local
36558016,C013690,D002254,Conversion,D002254,0.7334956742,AISKGConstrainedTransfer,sentence_local
36558016,C013690,D004811,Conversion,D004811,0.7537168595,AISKGConstrainedTransfer,sentence_local
36558016,C013690,D004852,Conversion,D004852,0.746208401,AISKGConstrainedTransfer,sentence_local
36558016,C013690,D008277,Conversion,D008277,0.7426964795,AISKGConstrainedTransfer,sentence_local
36558016,C029899,C049037,Conversion,C049037,0.7532085747,AISKGConstrainedTransfer,sentence_local
36558016,C029899,D002254,Conversion,D002254,0.7386166525,AISKGConstrainedTransfer,sentence_local
36558016,C029899,D004811,Conversion,D004811,0.7435853837,AISKGConstrainedTransfer,sentence_local
36558016,C029899,D004852,Conversion,D004852,0.7463385173,AISKGConstrainedTransfer,sentence_local
36558016,C029899,D012825,Cotreatment,,0.6699958489,AISKGConstrainedTransfer,sentence_local
36558016,C049037,D002245,Association,C049037,0.3477217187,AISKGConstrainedTransfer,sentence_local
36558016,C049037,D002254,Conversion,D002254,0.745246045,AISKGConstrainedTransfer,sentence_local
36558016,C049037,D004811,Conversion,D004811,0.7436919741,AISKGConstrainedTransfer,sentence_local
36558016,C049037,D004852,Conversion,D004852,0.7460306796,AISKGConstrainedTransfer,sentence_local
36558016,C049037,D008277,Conversion,D008277,0.7537739541,AISKGConstrainedTransfer,sentence_local
36558016,C509969,D000535,Conversion,D000535,0.3974948118,AISKGConstrainedTransfer,sentence_local
36558016,D002245,D004852,Conversion,D004852,0.7427864725,AISKGConstrainedTransfer,sentence_local
36558016,D002254,D004811,Conversion,D004811,0.7410508339,AISKGConstrainedTransfer,sentence_local
36558016,D002254,D004852,Conversion,D004852,0.740158524,AISKGConstrainedTransfer,sentence_local
36558016,D002254,D008277,Conversion,D008277,0.7410508339,AISKGConstrainedTransfer,sentence_local
36558016,D004811,D004852,Conversion,D004852,0.7460306796,AISKGConstrainedTransfer,sentence_local
36558016,D004811,D008277,Conversion,D008277,0.7436919741,AISKGConstrainedTransfer,sentence_local
36558016,D004852,D008277,Conversion,D008277,0.7436919741,AISKGConstrainedTransfer,sentence_local
36558033,1956,D002289,Association,1956,0.776856948,AISKGConstrainedTransfer,sentence_local
36558033,1956,D011810,Negative_Correlation,D011810,0.4424489383,AISKGConstrainedTransfer,sentence_local
36559664,12606,D007249,Association,12606,0.7148758569,AISKGConstrainedTransfer,sentence_local
36559664,12608,D007249,Association,12608,0.6557734231,AISKGConstrainedTransfer,sentence_local
36559664,18126,D007249,Association,18126,0.7349280748,AISKGConstrainedTransfer,sentence_local
36559664,19016,D007249,Association,19016,0.6537577559,AISKGConstrainedTransfer,sentence_local
36559664,19225,D007249,Association,19225,0.6221239449,AISKGConstrainedTransfer,sentence_local
36559664,C007768,D007249,Positive_Correlation,C007768,0.5890604288,AISKGConstrainedTransfer,sentence_local
36559664,C007768,D008055,Association,C007768,0.4515401782,AISKGConstrainedTransfer,sentence_local
36559664,C011049,D008055,Association,C011049,0.4176015153,AISKGConstrainedTransfer,sentence_local
36559664,C039602,D007249,Positive_Correlation,C039602,0.5890604288,AISKGConstrainedTransfer,sentence_local
36559664,C039602,D008055,Association,C039602,0.4712037982,AISKGConstrainedTransfer,sentence_local
36559664,D000077385,D007249,Positive_Correlation,D000077385,0.5890604288,AISKGConstrainedTransfer,sentence_local
36559664,D000077385,D008055,Association,D000077385,0.4515401782,AISKGConstrainedTransfer,sentence_local
36559664,D005419,D007249,Negative_Correlation,D005419,0.5093521298,AISKGConstrainedTransfer,sentence_local
36559664,D007249,D008055,Positive_Correlation,D007249,0.5851504942,AISKGConstrainedTransfer,sentence_local
36568277,2290,C567924,Association,2290,0.9675145651,AISKGConstrainedTransfer,sentence_local
36568277,2290,D008607,Association,2290,0.902143091,AISKGConstrainedTransfer,sentence_local
36568277,2290,D015518,Association,2290,0.9075443607,AISKGConstrainedTransfer,sentence_local
36568277,2290,D065886,Association,2290,0.889186169,AISKGConstrainedTransfer,sentence_local
36568277,4204,D015518,Association,4204,0.9075443607,AISKGConstrainedTransfer,sentence_local
36568277,5587,D015518,Association,5587,0.9063880234,AISKGConstrainedTransfer,sentence_local
36568277,6792,D015518,Association,6792,0.9045814123,AISKGConstrainedTransfer,sentence_local
36568277,D008607,c|SUB|G|385|T,Positive_Correlation,c|SUB|G|385|T,0.6457040094,AISKGConstrainedTransfer,sentence_local
36568277,D008607,p|SUB|E|129|X,Positive_Correlation,p|SUB|E|129|X,0.4814028272,AISKGConstrainedTransfer,sentence_local
36568277,D065886,c|SUB|G|385|T,Positive_Correlation,c|SUB|G|385|T,0.663483684,AISKGConstrainedTransfer,sentence_local
36568277,D065886,p|SUB|E|129|X,Positive_Correlation,p|SUB|E|129|X,0.5005655779,AISKGConstrainedTransfer,sentence_local
36568392,7054,C538007,Association,7054,0.9432506541,AISKGConstrainedTransfer,sentence_local
36568392,7054,D001927,Association,7054,0.881060008,AISKGConstrainedTransfer,sentence_local
36568392,7054,D002395,Association,D002395,0.7586589477,AISKGConstrainedTransfer,sentence_local
36568392,7054,D004298,Positive_Correlation,D004298,0.4233702109,AISKGConstrainedTransfer,sentence_local
36568392,7054,D004421,Association,7054,0.8849725178,AISKGConstrainedTransfer,sentence_local
36568392,7054,D014202,Association,7054,0.8661275192,AISKGConstrainedTransfer,sentence_local
36568392,C538007,D002395,Positive_Correlation,C538007,0.4717888215,AISKGConstrainedTransfer,sentence_local
36568392,C538007,D004298,Positive_Correlation,C538007,0.5033396331,AISKGConstrainedTransfer,sentence_local
36568392,C538007,D007980,Positive_Correlation,C538007,0.5640902416,AISKGConstrainedTransfer,sentence_local
36568392,D001927,D004298,Positive_Correlation,D001927,0.5859053439,AISKGConstrainedTransfer,sentence_local
36568392,D002395,D004298,Association,D002395,0.6468374785,AISKGConstrainedTransfer,sentence_local
36568392,D004298,D004421,Positive_Correlation,D004298,0.3971047037,AISKGConstrainedTransfer,sentence_local
36568392,D004298,D014202,Positive_Correlation,D004298,0.495880317,AISKGConstrainedTransfer,sentence_local
36568436,26276,C535382,Association,26276,0.9536316983,AISKGConstrainedTransfer,sentence_local
36568436,26276,D030342,Association,26276,0.8168880751,AISKGConstrainedTransfer,sentence_local
36568436,63894,C535382,Association,63894,0.8763536701,AISKGConstrainedTransfer,sentence_local
36568436,63894,D030342,Association,63894,0.8675138294,AISKGConstrainedTransfer,sentence_local
36571426,140806,D065631,Association,140806,0.8617283515,AISKGConstrainedTransfer,sentence_local
36571426,17833,D065631,Association,17833,0.871914929,AISKGConstrainedTransfer,sentence_local
36571426,20666,D065631,Association,20666,0.9190485394,AISKGConstrainedTransfer,sentence_local
36571426,4586,D018793,Positive_Correlation,D018793,0.4852771562,AISKGConstrainedTransfer,sentence_local
36571426,53603,D065631,Association,53603,0.8803860193,AISKGConstrainedTransfer,sentence_local
36571426,541307,D065631,Association,541307,0.8869093481,AISKGConstrainedTransfer,sentence_local
36571426,6664,D007249,Association,6664,0.9132772437,AISKGConstrainedTransfer,sentence_local
36571426,6664,D018793,Negative_Correlation,D018793,0.3719054628,AISKGConstrainedTransfer,sentence_local
36571426,6664,D065631,Association,6664,0.9204459833,AISKGConstrainedTransfer,sentence_local
36571426,6778,D018793,Negative_Correlation,D018793,0.4041962669,AISKGConstrainedTransfer,sentence_local
36571426,77125,D065631,Association,77125,0.8617283515,AISKGConstrainedTransfer,sentence_local
36571426,D006632,D065631,Positive_Correlation,D006632,0.8353662982,AISKGConstrainedTransfer,sentence_local
36571426,D010047,D065631,Positive_Correlation,D010047,0.8689026194,AISKGConstrainedTransfer,sentence_local
36572978,2155,D004844,Association,2155,0.7425474747,AISKGConstrainedTransfer,sentence_local
36572978,2155,D005168,Association,2155,0.7174183229,AISKGConstrainedTransfer,sentence_local
36572978,2155,D008595,Association,2155,0.7425474747,AISKGConstrainedTransfer,sentence_local
36578343,C011006,C030737,Conversion,C030737,0.5479488648,AISKGConstrainedTransfer,sentence_local
36578343,C011006,D000040,Conversion,D000040,0.5479488648,AISKGConstrainedTransfer,sentence_local
36578343,C011006,D020156,Conversion,D020156,0.683350893,AISKGConstrainedTransfer,sentence_local
36578343,C030737,D000040,Conversion,D000040,0.5479488648,AISKGConstrainedTransfer,sentence_local
36578343,C030737,D020156,Conversion,D020156,0.5479488648,AISKGConstrainedTransfer,sentence_local
36578343,C540010,D002118,Negative_Correlation,D002118,0.3559394843,AISKGConstrainedTransfer,sentence_local
36578343,C540010,D005459,Negative_Correlation,D005459,0.3750470591,AISKGConstrainedTransfer,sentence_local
36578343,C540010,D008274,Negative_Correlation,D008274,0.3614324283,AISKGConstrainedTransfer,sentence_local
36578343,C540010,D010758,Negative_Correlation,D010758,0.3614324283,AISKGConstrainedTransfer,sentence_local
36578343,C540010,D011188,Negative_Correlation,D011188,0.3267967693,AISKGConstrainedTransfer,sentence_local
36578343,C540010,D015032,Association,C540010,0.3360911649,AISKGConstrainedTransfer,sentence_local
36578343,D000040,D020156,Conversion,D020156,0.683350893,AISKGConstrainedTransfer,sentence_local
36578343,D002104,D002118,Negative_Correlation,D002118,0.3559394843,AISKGConstrainedTransfer,sentence_local
36578343,D002104,D008274,Negative_Correlation,D008274,0.3614324283,AISKGConstrainedTransfer,sentence_local
36578343,D002104,D010758,Negative_Correlation,D010758,0.3614324283,AISKGConstrainedTransfer,sentence_local
36578343,D002104,D011188,Negative_Correlation,D011188,0.3267967693,AISKGConstrainedTransfer,sentence_local
36578343,D002104,D015032,Negative_Correlation,D015032,0.3467023455,AISKGConstrainedTransfer,sentence_local
36578343,D002104,D020156,Conversion,D020156,0.6502855243,AISKGConstrainedTransfer,sentence_local
36578343,D002118,D005459,Negative_Correlation,D005459,0.3994246803,AISKGConstrainedTransfer,sentence_local
36578343,D002118,D009584,Negative_Correlation,D009584,0.3342022929,AISKGConstrainedTransfer,sentence_local
36578343,D002118,D010758,Negative_Correlation,D010758,0.3932888762,AISKGConstrainedTransfer,sentence_local
36578343,D002118,D015032,Negative_Correlation,D015032,0.3781649212,AISKGConstrainedTransfer,sentence_local
36578343,D005459,D008274,Negative_Correlation,D008274,0.3763324409,AISKGConstrainedTransfer,sentence_local
36578343,D005459,D009584,Negative_Correlation,D009584,0.3174570106,AISKGConstrainedTransfer,sentence_local
36578343,D005459,D010758,Negative_Correlation,D010758,0.3763324409,AISKGConstrainedTransfer,sentence_local
36578343,D005459,D011188,Negative_Correlation,D011188,0.3399906721,AISKGConstrainedTransfer,sentence_local
36578343,D005459,D015032,Negative_Correlation,D015032,0.3607171349,AISKGConstrainedTransfer,sentence_local
36578343,D005459,D020156,Conversion,D020156,0.6841428862,AISKGConstrainedTransfer,sentence_local
36578343,D007501,D009584,Association,D007501,0.3370260357,AISKGConstrainedTransfer,sentence_local
36578343,D007501,D010758,Association,D007501,0.3501325841,AISKGConstrainedTransfer,sentence_local
36578343,D007501,D011188,Association,D007501,0.3494753678,AISKGConstrainedTransfer,sentence_local
36578343,D008274,D010758,Negative_Correlation,D010758,0.3563314449,AISKGConstrainedTransfer,sentence_local
36578343,D008274,D011188,Negative_Correlation,D011188,0.3200517274,AISKGConstrainedTransfer,sentence_local
36578343,D008274,D015032,Negative_Correlation,D015032,0.3405900889,AISKGConstrainedTransfer,sentence_local
36578343,D009584,D010758,Negative_Correlation,D010758,0.3494451358,AISKGConstrainedTransfer,sentence_local
36578343,D009584,D015032,Negative_Correlation,D015032,0.3288801755,AISKGConstrainedTransfer,sentence_local
36578343,D010758,D011188,Negative_Correlation,D011188,0.3259005037,AISKGConstrainedTransfer,sentence_local
36578343,D010758,D015032,Negative_Correlation,D015032,0.3467023455,AISKGConstrainedTransfer,sentence_local
36583021,5805,C003402,Association,C003402,0.537135393,AISKGConstrainedTransfer,sentence_local
36583021,5805,C535325,Association,5805,0.9312567883,AISKGConstrainedTransfer,sentence_local
36583021,5805,D010661,Association,5805,0.9223001998,AISKGConstrainedTransfer,sentence_local
36583021,C003402,D010661,Positive_Correlation,C003402,0.523156521,AISKGConstrainedTransfer,sentence_local
36583021,C535325,c|INS|46_147|TG,Positive_Correlation,c|INS|46_147|TG,0.3945471061,AISKGConstrainedTransfer,sentence_local
36583021,C535325,c|SUB|A|164-36|G,Positive_Correlation,c|SUB|A|164-36|G,0.4791217654,AISKGConstrainedTransfer,sentence_local
36585034,1602,D003920,Association,1602,0.8341587472,AISKGConstrainedTransfer,sentence_local
36585034,1602,D010182,Association,1602,0.8387702852,AISKGConstrainedTransfer,sentence_local
36585034,164656,D002096,Negative_Correlation,D002096,0.3531203669,AISKGConstrainedTransfer,sentence_local
36585034,164656,D003920,Association,164656,0.8341587472,AISKGConstrainedTransfer,sentence_local
36585034,2646,D003920,Association,2646,0.8556533379,AISKGConstrainedTransfer,sentence_local
36585034,2646,D010182,Association,2646,0.8387702852,AISKGConstrainedTransfer,sentence_local
36585034,3083,D002096,Negative_Correlation,D002096,0.3531203669,AISKGConstrainedTransfer,sentence_local
36585034,3083,D003920,Association,3083,0.8341587472,AISKGConstrainedTransfer,sentence_local
36585034,4160,D002096,Association,D002096,0.4235960423,AISKGConstrainedTransfer,sentence_local
36585034,4160,D003920,Association,4160,0.8727775229,AISKGConstrainedTransfer,sentence_local
36585034,5990,D003920,Association,5990,0.8146940317,AISKGConstrainedTransfer,sentence_local
36585034,5990,D010182,Association,5990,0.8261613802,AISKGConstrainedTransfer,sentence_local
36585034,6239,D003920,Association,6239,0.8146940317,AISKGConstrainedTransfer,sentence_local
36585034,6239,D010182,Association,6239,0.8261613802,AISKGConstrainedTransfer,sentence_local
36585034,6523,D002096,Negative_Correlation,D002096,0.3427810124,AISKGConstrainedTransfer,sentence_local
36585034,6523,D003920,Association,6523,0.8556533379,AISKGConstrainedTransfer,sentence_local
36585034,6523,D010182,Association,6523,0.8387702852,AISKGConstrainedTransfer,sentence_local
36585034,843,D002096,Negative_Correlation,D002096,0.3531203669,AISKGConstrainedTransfer,sentence_local
36585034,843,D003920,Association,843,0.8341587472,AISKGConstrainedTransfer,sentence_local
36585034,84327,D003920,Association,84327,0.8341587472,AISKGConstrainedTransfer,sentence_local
36585034,84327,D010182,Association,84327,0.8387702852,AISKGConstrainedTransfer,sentence_local
36585034,D002096,D003920,Positive_Correlation,D002096,0.4049162844,AISKGConstrainedTransfer,sentence_local
36585034,D002096,D010182,Positive_Correlation,D002096,0.5307157413,AISKGConstrainedTransfer,sentence_local
36585034,D002096,rs1175125123,Association,rs1175125123,0.5461305809,AISKGConstrainedTransfer,sentence_local
36585034,D010182,c|SUB|A|932|T,Positive_Correlation,c|SUB|A|932|T,0.7058432288,AISKGConstrainedTransfer,sentence_local
36585034,D010182,rs1175125123,Positive_Correlation,rs1175125123,0.6296946939,AISKGConstrainedTransfer,sentence_local
36593749,207,C085911,Positive_Correlation,C085911,0.5753361299,AISKGConstrainedTransfer,sentence_local
36593749,207,D007249,Association,207,0.9582657869,AISKGConstrainedTransfer,sentence_local
36593749,207,D011225,Association,207,0.8851734537,AISKGConstrainedTransfer,sentence_local
36593749,3553,D007249,Association,3553,0.7390881665,AISKGConstrainedTransfer,sentence_local
36593749,3553,D011225,Association,3553,0.5351502569,AISKGConstrainedTransfer,sentence_local
36593749,3565,D007249,Association,3565,0.7554442735,AISKGConstrainedTransfer,sentence_local
36593749,3565,D011225,Association,3565,0.5671275536,AISKGConstrainedTransfer,sentence_local
36593749,3586,D007249,Association,3586,0.7188887633,AISKGConstrainedTransfer,sentence_local
36593749,3586,D011225,Association,3586,0.5616598952,AISKGConstrainedTransfer,sentence_local
36593749,3596,D007249,Association,3596,0.7812733682,AISKGConstrainedTransfer,sentence_local
36593749,3596,D011225,Association,3596,0.5049632501,AISKGConstrainedTransfer,sentence_local
36593749,4313,C085911,Positive_Correlation,C085911,0.3404609918,AISKGConstrainedTransfer,sentence_local
36593749,4313,D007249,Association,4313,0.9182286558,AISKGConstrainedTransfer,sentence_local
36593749,4313,D011225,Association,4313,0.8704099074,AISKGConstrainedTransfer,sentence_local
36593749,4318,C085911,Positive_Correlation,C085911,0.3825541304,AISKGConstrainedTransfer,sentence_local
36593749,4318,D007249,Association,4318,0.9206532127,AISKGConstrainedTransfer,sentence_local
36593749,4318,D011225,Association,4318,0.8517077557,AISKGConstrainedTransfer,sentence_local
36593749,5111,D007249,Association,5111,0.9114123189,AISKGConstrainedTransfer,sentence_local
36593749,5111,D011225,Association,5111,0.54823927,AISKGConstrainedTransfer,sentence_local
36593749,5291,C085911,Negative_Correlation,C085911,0.6485964896,AISKGConstrainedTransfer,sentence_local
36593749,5291,D007249,Association,5291,0.9584487423,AISKGConstrainedTransfer,sentence_local
36593749,5291,D011225,Association,5291,0.8919706924,AISKGConstrainedTransfer,sentence_local
36593749,5291,D011374,Negative_Correlation,D011374,0.3181762178,AISKGConstrainedTransfer,sentence_local
36593749,595,D007249,Association,595,0.9131880403,AISKGConstrainedTransfer,sentence_local
36593749,595,D011225,Association,595,0.4869445122,AISKGConstrainedTransfer,sentence_local
36593749,7124,D007249,Association,7124,0.7728825514,AISKGConstrainedTransfer,sentence_local
36593749,7124,D011225,Association,7124,0.5133436979,AISKGConstrainedTransfer,sentence_local
36593749,C085911,D011225,Positive_Correlation,C085911,0.7233288132,AISKGConstrainedTransfer,sentence_local
36593749,D007249,D011374,Positive_Correlation,D007249,0.6128541576,AISKGConstrainedTransfer,sentence_local
36593749,D011225,D011374,Positive_Correlation,D011225,0.6497915315,AISKGConstrainedTransfer,sentence_local
36599841,3717,C528327,Negative_Correlation,C528327,0.9022390375,AISKGConstrainedTransfer,sentence_local
36599841,3717,C540383,Negative_Correlation,C540383,0.9107564483,AISKGConstrainedTransfer,sentence_local
36599841,3717,C546012,Negative_Correlation,C546012,0.3900695243,AISKGConstrainedTransfer,sentence_local
36599841,3717,C571029,Negative_Correlation,C571029,0.9022390375,AISKGConstrainedTransfer,sentence_local
36599841,3717,D055728,Association,3717,0.893396214,AISKGConstrainedTransfer,sentence_local
36599841,C528327,C540383,Negative_Correlation,C540383,0.4019773876,AISKGConstrainedTransfer,sentence_local
36599841,C528327,C546012,Negative_Correlation,C546012,0.4019773876,AISKGConstrainedTransfer,sentence_local
36599841,C528327,C571029,Negative_Correlation,C571029,0.4019773876,AISKGConstrainedTransfer,sentence_local
36599841,C528327,D000740,Positive_Correlation,C528327,0.5310216907,AISKGConstrainedTransfer,sentence_local
36599841,C528327,D055728,Negative_Correlation,C528327,0.7936732287,AISKGConstrainedTransfer,sentence_local
36599841,C540383,C546012,Negative_Correlation,C546012,0.4019773876,AISKGConstrainedTransfer,sentence_local
36599841,C540383,C571029,Negative_Correlation,C571029,0.4019773876,AISKGConstrainedTransfer,sentence_local
36599841,C540383,D055728,Negative_Correlation,C540383,0.7936732287,AISKGConstrainedTransfer,sentence_local
36599841,C546012,C571029,Negative_Correlation,C571029,0.7469732681,AISKGConstrainedTransfer,sentence_local
36599841,C546012,D000740,Positive_Correlation,C546012,0.6038416877,AISKGConstrainedTransfer,sentence_local
36599841,C546012,D055728,Negative_Correlation,C546012,0.7599150983,AISKGConstrainedTransfer,sentence_local
36599841,C571029,D055728,Negative_Correlation,C571029,0.7936732287,AISKGConstrainedTransfer,sentence_local
36611868,123,D005234,Association,123,0.7981519281,AISKGConstrainedTransfer,sentence_local
36611868,440503,D005234,Association,440503,0.9129904606,AISKGConstrainedTransfer,sentence_local
36611868,440503,D005235,Association,440503,0.8330022694,AISKGConstrainedTransfer,sentence_local
36611868,440503,D005355,Association,440503,0.8335987941,AISKGConstrainedTransfer,sentence_local
36611868,440503,D007249,Association,440503,0.8755230495,AISKGConstrainedTransfer,sentence_local
36611868,440503,D065626,Association,440503,0.8435512834,AISKGConstrainedTransfer,sentence_local
36611868,5346,D005234,Association,5346,0.9129904606,AISKGConstrainedTransfer,sentence_local
36611868,57104,D005234,Association,57104,0.90561783,AISKGConstrainedTransfer,sentence_local
36611868,80339,D005234,Association,80339,0.7566015137,AISKGConstrainedTransfer,sentence_local
36611868,80339,D005235,Association,80339,0.8752850853,AISKGConstrainedTransfer,sentence_local
36611868,80339,D005355,Association,80339,0.8335732594,AISKGConstrainedTransfer,sentence_local
36611868,80339,D006528,Association,80339,0.885797396,AISKGConstrainedTransfer,sentence_local
36611868,80339,D007249,Association,80339,0.8757369785,AISKGConstrainedTransfer,sentence_local
36611868,80339,D008103,Association,80339,0.8845706006,AISKGConstrainedTransfer,sentence_local
36611868,80339,D065626,Association,80339,0.8852166816,AISKGConstrainedTransfer,sentence_local
36611868,D005234,rs738409,Positive_Correlation,rs738409,0.5599296176,AISKGConstrainedTransfer,sentence_local
36611868,D005235,rs738409,Positive_Correlation,rs738409,0.5599296176,AISKGConstrainedTransfer,sentence_local
36611868,D005355,rs738409,Positive_Correlation,rs738409,0.4417694572,AISKGConstrainedTransfer,sentence_local
36611868,D006528,rs738409,Positive_Correlation,rs738409,0.5586849478,AISKGConstrainedTransfer,sentence_local
36611868,D007249,rs738409,Association,rs738409,0.5607119877,AISKGConstrainedTransfer,sentence_local
36611868,D008103,rs738409,Positive_Correlation,rs738409,0.5750235678,AISKGConstrainedTransfer,sentence_local
36611868,D065626,rs738409,Positive_Correlation,rs738409,0.5632218098,AISKGConstrainedTransfer,sentence_local
36613877,53354,C011988,Association,C011988,0.5163775793,AISKGConstrainedTransfer,sentence_local
36613877,53354,D006211,Association,53354,0.8892207853,AISKGConstrainedTransfer,sentence_local
36613877,53354,D010205,Association,D010205,0.5249577525,AISKGConstrainedTransfer,sentence_local
36613877,53354,D028361,Association,53354,0.7113613164,AISKGConstrainedTransfer,sentence_local
36613877,79646,C011988,Association,C011988,0.5163775793,AISKGConstrainedTransfer,sentence_local
36613877,79646,D006211,Association,79646,0.8892207853,AISKGConstrainedTransfer,sentence_local
36613877,79646,D010205,Association,D010205,0.5249577525,AISKGConstrainedTransfer,sentence_local
36613877,79646,D028361,Association,79646,0.7113613164,AISKGConstrainedTransfer,sentence_local
36613877,80025,C011988,Association,C011988,0.5163775793,AISKGConstrainedTransfer,sentence_local
36613877,80025,D006211,Association,80025,0.9219796732,AISKGConstrainedTransfer,sentence_local
36613877,80025,D010205,Association,D010205,0.5249577525,AISKGConstrainedTransfer,sentence_local
36613877,80025,D019636,Association,80025,0.9176924891,AISKGConstrainedTransfer,sentence_local
36613877,80025,D028361,Association,80025,0.7113613164,AISKGConstrainedTransfer,sentence_local
36613877,852144,D028361,Association,852144,0.7630788431,AISKGConstrainedTransfer,sentence_local
36613877,C011988,D010205,Conversion,D010205,0.6603316422,AISKGConstrainedTransfer,sentence_local
36613877,D003065,D010205,Conversion,D010205,0.6624413149,AISKGConstrainedTransfer,sentence_local
36613877,D003065,D028361,Positive_Correlation,D003065,0.3857945693,AISKGConstrainedTransfer,sentence_local
36613877,D007501,D028361,Positive_Correlation,D007501,0.5009672172,AISKGConstrainedTransfer,sentence_local
36614109,3845,C000629551,Association,C000629551,0.4821392452,AISKGConstrainedTransfer,sentence_local
36614109,3845,C487932,Association,C487932,0.4821392452,AISKGConstrainedTransfer,sentence_local
36614109,3845,D000077716,Association,D000077716,0.4821392452,AISKGConstrainedTransfer,sentence_local
36614109,3845,D002289,Association,3845,0.8276845217,AISKGConstrainedTransfer,sentence_local
36614109,3845,D009369,Association,3845,0.8231065107,AISKGConstrainedTransfer,sentence_local
36614109,C000629551,rs121913530,Association,rs121913530,0.7473768736,AISKGConstrainedTransfer,sentence_local
36614109,C487932,rs121913530,Association,rs121913530,0.7473768736,AISKGConstrainedTransfer,sentence_local
36614109,D000077716,rs121913530,Association,rs121913530,0.7473768736,AISKGConstrainedTransfer,sentence_local
36614109,D002289,rs121913530,Positive_Correlation,rs121913530,0.6922048195,AISKGConstrainedTransfer,sentence_local
36614109,D009369,rs121913530,Positive_Correlation,rs121913530,0.6418664566,AISKGConstrainedTransfer,sentence_local
36619221,2146,D007676,Association,2146,0.8256587046,AISKGConstrainedTransfer,sentence_local
36619229,2099,D001943,Association,2099,0.6381622625,AISKGConstrainedTransfer,sentence_local
36619229,2099,D009362,Association,2099,0.7009749679,AISKGConstrainedTransfer,sentence_local
36619229,2099,D009369,Association,2099,0.8744824972,AISKGConstrainedTransfer,sentence_local
36619229,2099,D012008,Association,2099,0.8983784551,AISKGConstrainedTransfer,sentence_local
36619229,2752,D001943,Association,2752,0.8888553385,AISKGConstrainedTransfer,sentence_local
36619229,2752,D005973,Positive_Correlation,D005973,0.4809443899,AISKGConstrainedTransfer,sentence_local
36619229,2752,D007249,Association,2752,0.9664466849,AISKGConstrainedTransfer,sentence_local
36619229,2752,D009369,Association,2752,0.7584237728,AISKGConstrainedTransfer,sentence_local
36619229,2752,D012008,Association,2752,0.890770052,AISKGConstrainedTransfer,sentence_local
36619229,2752,D013629,Positive_Correlation,D013629,0.4668669298,AISKGConstrainedTransfer,sentence_local
36619229,C004858,D001943,Negative_Correlation,C004858,0.6424876721,AISKGConstrainedTransfer,sentence_local
36619229,C054871,D001943,Negative_Correlation,C054871,0.6424876721,AISKGConstrainedTransfer,sentence_local
36619229,D000077267,D001943,Negative_Correlation,D000077267,0.6424876721,AISKGConstrainedTransfer,sentence_local
36619229,D001943,D003523,Negative_Correlation,D001943,0.4814626967,AISKGConstrainedTransfer,sentence_local
36619229,D001943,D009853,Negative_Correlation,D001943,0.4712839982,AISKGConstrainedTransfer,sentence_local
36619229,D001943,D013629,Negative_Correlation,D001943,0.4487578498,AISKGConstrainedTransfer,sentence_local
36619229,D001943,D016210,Negative_Correlation,D001943,0.3827422641,AISKGConstrainedTransfer,sentence_local
36619229,D001943,D016291,Negative_Correlation,D001943,0.4914231905,AISKGConstrainedTransfer,sentence_local
36619229,D005973,D009369,Positive_Correlation,D005973,0.5798929253,AISKGConstrainedTransfer,sentence_local
36619229,D009362,D013629,Positive_Correlation,D009362,0.6472128977,AISKGConstrainedTransfer,sentence_local
36619229,D009369,D013629,Positive_Correlation,D009369,0.7493924983,AISKGConstrainedTransfer,sentence_local
36619229,D012008,D013629,Positive_Correlation,D012008,0.4230476855,AISKGConstrainedTransfer,sentence_local
36622214,2828033,D016712,Association,D016712,0.3440441433,AISKGConstrainedTransfer,sentence_local
36622214,5857592,D016712,Association,D016712,0.4574480724,AISKGConstrainedTransfer,sentence_local
36622214,D008712,D016712,Negative_Correlation,D016712,0.4633957574,AISKGConstrainedTransfer,sentence_local
36622214,D016712,p|SUB|V|588|F,Association,p|SUB|V|588|F,0.7832024658,AISKGConstrainedTransfer,sentence_local
36622214,D016712,p|SUB|V|631|F,Association,p|SUB|V|631|F,0.8710856963,AISKGConstrainedTransfer,sentence_local
36627670,100287569,D000077192,Association,100287569,0.861598736,AISKGConstrainedTransfer,sentence_local
36627670,100287569,D002294,Association,100287569,0.6853593141,AISKGConstrainedTransfer,sentence_local
36627670,100287569,D002945,Association,D002945,0.3707814036,AISKGConstrainedTransfer,sentence_local
36627670,100287569,D008175,Association,100287569,0.6853593141,AISKGConstrainedTransfer,sentence_local
36627670,100287569,D055752,Association,100287569,0.6853593141,AISKGConstrainedTransfer,sentence_local
36627670,100302123,D000077192,Association,100302123,0.9119593088,AISKGConstrainedTransfer,sentence_local
36627670,100302123,D002945,Association,D002945,0.5075105414,AISKGConstrainedTransfer,sentence_local
36627670,147011,D000077192,Association,147011,0.9119593088,AISKGConstrainedTransfer,sentence_local
36627670,147011,D002945,Association,D002945,0.5075105414,AISKGConstrainedTransfer,sentence_local
36627670,147011,D009369,Association,147011,0.7916219352,AISKGConstrainedTransfer,sentence_local
36627670,207,D000077192,Association,207,0.8855999757,AISKGConstrainedTransfer,sentence_local
36627670,207,D002945,Negative_Correlation,D002945,0.3112765349,AISKGConstrainedTransfer,sentence_local
36627670,4609,D000077192,Association,4609,0.8855999757,AISKGConstrainedTransfer,sentence_local
36627670,4609,D002945,Negative_Correlation,D002945,0.3112765349,AISKGConstrainedTransfer,sentence_local
36627670,596,D000077192,Association,596,0.9115102568,AISKGConstrainedTransfer,sentence_local
36627670,596,D002945,Association,D002945,0.4984489719,AISKGConstrainedTransfer,sentence_local
36627670,596,D009369,Association,596,0.8247341607,AISKGConstrainedTransfer,sentence_local
36627670,678,D000077192,Association,678,0.9119593088,AISKGConstrainedTransfer,sentence_local
36627670,678,D002945,Positive_Correlation,D002945,0.4646554374,AISKGConstrainedTransfer,sentence_local
36627670,678,D009369,Association,678,0.8194719021,AISKGConstrainedTransfer,sentence_local
36627670,D000077192,D002945,Positive_Correlation,D000077192,0.482394229,AISKGConstrainedTransfer,sentence_local
36627670,D002945,D009369,Positive_Correlation,D002945,0.4645486622,AISKGConstrainedTransfer,sentence_local
36627670,D002945,D055752,Negative_Correlation,D002945,0.506807383,AISKGConstrainedTransfer,sentence_local
36635651,116512,C581752,Association,C581752,0.3413255028,AISKGConstrainedTransfer,sentence_local
36635651,116512,D005355,Association,116512,0.9336938319,AISKGConstrainedTransfer,sentence_local
36635651,3099,C025946,Negative_Correlation,C025946,0.3218551312,AISKGConstrainedTransfer,sentence_local
36635651,3099,C040929,Negative_Correlation,C040929,0.3371102562,AISKGConstrainedTransfer,sentence_local
36635651,3099,C581752,Association,C581752,0.4327793403,AISKGConstrainedTransfer,sentence_local
36635651,3099,D001761,Negative_Correlation,D001761,0.3797089664,AISKGConstrainedTransfer,sentence_local
36635651,3099,D019344,Negative_Correlation,D019344,0.6415842531,AISKGConstrainedTransfer,sentence_local
36635651,3916,C025946,Association,C025946,0.3846850536,AISKGConstrainedTransfer,sentence_local
36635651,3916,C040929,Association,C040929,0.3948799141,AISKGConstrainedTransfer,sentence_local
36635651,5071,C581752,Association,C581752,0.5169668197,AISKGConstrainedTransfer,sentence_local
36635651,5071,D001761,Association,D001761,0.5169668197,AISKGConstrainedTransfer,sentence_local
36635651,5209,C025946,Negative_Correlation,C025946,0.3251217106,AISKGConstrainedTransfer,sentence_local
36635651,5209,C040929,Association,C040929,0.3948799141,AISKGConstrainedTransfer,sentence_local
36635651,5209,C581752,Association,C581752,0.5169668197,AISKGConstrainedTransfer,sentence_local
36635651,5209,D001761,Association,D001761,0.4204340587,AISKGConstrainedTransfer,sentence_local
36635651,5209,D019344,Negative_Correlation,D019344,0.5851974473,AISKGConstrainedTransfer,sentence_local
36635651,58,C581752,Association,C581752,0.49303825,AISKGConstrainedTransfer,sentence_local
36635651,7040,C581752,Association,C581752,0.3413255028,AISKGConstrainedTransfer,sentence_local
36635651,7040,D005947,Association,D005947,0.4955219399,AISKGConstrainedTransfer,sentence_local
36635651,7040,D019344,Negative_Correlation,D019344,0.6041880056,AISKGConstrainedTransfer,sentence_local
36635651,84557,C025946,Association,C025946,0.3846850536,AISKGConstrainedTransfer,sentence_local
36635651,84557,C040929,Association,C040929,0.3948799141,AISKGConstrainedTransfer,sentence_local
36635651,84557,C581752,Association,C581752,0.5169668197,AISKGConstrainedTransfer,sentence_local
36635651,84557,D001761,Association,D001761,0.4204340587,AISKGConstrainedTransfer,sentence_local
36635651,C581752,D001761,Association,C581752,0.4403514709,AISKGConstrainedTransfer,sentence_local
36635651,C581752,D005355,Positive_Correlation,C581752,0.7195714071,AISKGConstrainedTransfer,sentence_local
36635651,C581752,D005947,Association,C581752,0.5180003475,AISKGConstrainedTransfer,sentence_local
36635651,C581752,D024042,Association,D024042,0.5020521076,AISKGConstrainedTransfer,sentence_local
36644390,12333,D000860,Association,12333,0.7711968322,AISKGConstrainedTransfer,sentence_local
36644390,12333,D002908,Association,12333,0.8784693705,AISKGConstrainedTransfer,sentence_local
36644390,12333,D017382,Positive_Correlation,D017382,0.3524723487,AISKGConstrainedTransfer,sentence_local
36644390,12333,D028361,Association,12333,0.7654142162,AISKGConstrainedTransfer,sentence_local
36644390,18127,D000860,Association,18127,0.506814778,AISKGConstrainedTransfer,sentence_local
36644390,18127,D014652,Association,18127,0.6348564913,AISKGConstrainedTransfer,sentence_local
36644390,18127,D028361,Association,18127,0.7654142162,AISKGConstrainedTransfer,sentence_local
36644390,4846,D000860,Association,4846,0.6952953108,AISKGConstrainedTransfer,sentence_local
36644390,4846,D014652,Association,4846,0.713261229,AISKGConstrainedTransfer,sentence_local
36644390,4846,D028361,Association,4846,0.7654142162,AISKGConstrainedTransfer,sentence_local
36644390,51792,D000860,Association,51792,0.506814778,AISKGConstrainedTransfer,sentence_local
36644390,51792,D014652,Association,51792,0.6348564913,AISKGConstrainedTransfer,sentence_local
36644390,51792,D028361,Association,51792,0.7654142162,AISKGConstrainedTransfer,sentence_local
36644390,5524,D000860,Association,5524,0.506814778,AISKGConstrainedTransfer,sentence_local
36644390,5524,D014652,Association,5524,0.6952953108,AISKGConstrainedTransfer,sentence_local
36644390,5524,D028361,Association,5524,0.7654142162,AISKGConstrainedTransfer,sentence_local
36644390,823,D000860,Association,823,0.7711968322,AISKGConstrainedTransfer,sentence_local
36644390,823,D002908,Association,823,0.8784693705,AISKGConstrainedTransfer,sentence_local
36644390,823,D009569,Association,D009569,0.656341323,AISKGConstrainedTransfer,sentence_local
36644390,823,D017382,Positive_Correlation,D017382,0.3524723487,AISKGConstrainedTransfer,sentence_local
36644390,823,D028361,Association,823,0.7654142162,AISKGConstrainedTransfer,sentence_local
36644390,C001803,D028361,Positive_Correlation,C001803,0.3804982411,AISKGConstrainedTransfer,sentence_local
36644390,C035054,D000860,Positive_Correlation,C035054,0.5927901835,AISKGConstrainedTransfer,sentence_local
36644390,C035054,D002908,Positive_Correlation,C035054,0.5927901835,AISKGConstrainedTransfer,sentence_local
36644390,C035054,D014652,Positive_Correlation,C035054,0.4428345574,AISKGConstrainedTransfer,sentence_local
36644390,C035054,D028361,Positive_Correlation,C035054,0.4094990194,AISKGConstrainedTransfer,sentence_local
36644390,D000111,D028361,Positive_Correlation,D000111,0.3891640869,AISKGConstrainedTransfer,sentence_local
36644390,D000860,D006861,Positive_Correlation,D000860,0.5304287571,AISKGConstrainedTransfer,sentence_local
36644390,D000860,D017382,Positive_Correlation,D000860,0.5729022793,AISKGConstrainedTransfer,sentence_local
36644390,D002908,D017382,Positive_Correlation,D002908,0.5729022793,AISKGConstrainedTransfer,sentence_local
36644390,D009569,D014652,Negative_Correlation,D009569,0.3828912325,AISKGConstrainedTransfer,sentence_local
36644390,D014652,D017382,Positive_Correlation,D014652,0.5927412756,AISKGConstrainedTransfer,sentence_local
36650399,10057,D001749,Association,10057,0.8707422127,AISKGConstrainedTransfer,sentence_local
36650399,10351,D001749,Association,10351,0.8707422127,AISKGConstrainedTransfer,sentence_local
36650399,10864,D001749,Association,10864,0.9047327735,AISKGConstrainedTransfer,sentence_local
36650399,10864,D002945,Positive_Correlation,D002945,0.3653937228,AISKGConstrainedTransfer,sentence_local
36650399,10864,D064420,Association,10864,0.7584447308,AISKGConstrainedTransfer,sentence_local
36650399,1244,D001749,Association,1244,0.9026465958,AISKGConstrainedTransfer,sentence_local
36650399,1244,D064420,Association,1244,0.7246340365,AISKGConstrainedTransfer,sentence_local
36650399,1317,D002945,Negative_Correlation,D002945,0.3214798286,AISKGConstrainedTransfer,sentence_local
36650399,1317,D006311,Association,1317,0.8646963118,AISKGConstrainedTransfer,sentence_local
36650399,1317,D007674,Association,1317,0.8653556581,AISKGConstrainedTransfer,sentence_local
36650399,1468,D001749,Association,1468,0.8738889925,AISKGConstrainedTransfer,sentence_local
36650399,146802,D002945,Negative_Correlation,D002945,0.423795626,AISKGConstrainedTransfer,sentence_local
36650399,146802,D006311,Association,146802,0.8646963118,AISKGConstrainedTransfer,sentence_local
36650399,146802,D007674,Association,146802,0.8653556581,AISKGConstrainedTransfer,sentence_local
36650399,23456,D001749,Association,23456,0.8738889925,AISKGConstrainedTransfer,sentence_local
36650399,5243,D001749,Association,5243,0.9026465958,AISKGConstrainedTransfer,sentence_local
36650399,5243,D064420,Association,5243,0.7246340365,AISKGConstrainedTransfer,sentence_local
36650399,538,D001749,Association,538,0.9026465958,AISKGConstrainedTransfer,sentence_local
36650399,538,D064420,Association,538,0.7246340365,AISKGConstrainedTransfer,sentence_local
36650399,540,D001749,Association,540,0.8738889925,AISKGConstrainedTransfer,sentence_local
36650399,55244,D002945,Negative_Correlation,D002945,0.423795626,AISKGConstrainedTransfer,sentence_local
36650399,55244,D006311,Association,55244,0.8646963118,AISKGConstrainedTransfer,sentence_local
36650399,55244,D007674,Association,55244,0.8653556581,AISKGConstrainedTransfer,sentence_local
36650399,6582,D001749,Association,6582,0.9026465958,AISKGConstrainedTransfer,sentence_local
36650399,6582,D002945,Association,D002945,0.3524318958,AISKGConstrainedTransfer,sentence_local
36650399,6582,D064420,Association,6582,0.7246340365,AISKGConstrainedTransfer,sentence_local
36650399,89845,D001749,Association,89845,0.8738889925,AISKGConstrainedTransfer,sentence_local
36650399,89874,D001749,Association,89874,0.9026465958,AISKGConstrainedTransfer,sentence_local
36650399,89874,D064420,Association,89874,0.7246340365,AISKGConstrainedTransfer,sentence_local
36650399,9356,D001749,Association,9356,0.9047327735,AISKGConstrainedTransfer,sentence_local
36650399,9356,D002945,Association,D002945,0.3524318958,AISKGConstrainedTransfer,sentence_local
36650399,9356,D064420,Association,9356,0.7584447308,AISKGConstrainedTransfer,sentence_local
36650399,9429,D001749,Association,9429,0.8823761978,AISKGConstrainedTransfer,sentence_local
36650399,9619,D001749,Association,9619,0.8738889925,AISKGConstrainedTransfer,sentence_local
36650399,D001749,D002945,Positive_Correlation,D001749,0.6964905177,AISKGConstrainedTransfer,sentence_local
36650399,D001749,D010984,Positive_Correlation,D001749,0.5020039235,AISKGConstrainedTransfer,sentence_local
36650399,D002945,D006311,Positive_Correlation,D002945,0.4879981299,AISKGConstrainedTransfer,sentence_local
36650399,D002945,D007674,Positive_Correlation,D002945,0.4901125427,AISKGConstrainedTransfer,sentence_local
36650399,D002945,D010984,Cotreatment,,0.4495312344,AISKGConstrainedTransfer,sentence_local
36650399,D002945,D064420,Positive_Correlation,D002945,0.5864521029,AISKGConstrainedTransfer,sentence_local
36650399,D010984,D064420,Positive_Correlation,D010984,0.5933191009,AISKGConstrainedTransfer,sentence_local
36660193,D000077204,D002945,Negative_Correlation,D002945,0.5255795919,AISKGConstrainedTransfer,sentence_local
36660193,D000077204,D005047,Negative_Correlation,D005047,0.3699230772,AISKGConstrainedTransfer,sentence_local
36660193,D000077204,D005472,Negative_Correlation,D005472,0.5249270723,AISKGConstrainedTransfer,sentence_local
36660193,D000077204,D005909,Negative_Correlation,D000077204,0.4871733168,AISKGConstrainedTransfer,sentence_local
36660193,D000077204,D017239,Negative_Correlation,D017239,0.5499216633,AISKGConstrainedTransfer,sentence_local
36660193,D002945,D005047,Negative_Correlation,D005047,0.4838568407,AISKGConstrainedTransfer,sentence_local
36660193,D002945,D005472,Cotreatment,,0.3800200293,AISKGConstrainedTransfer,sentence_local
36660193,D002945,D009369,Negative_Correlation,D002945,0.489591456,AISKGConstrainedTransfer,sentence_local
36660193,D005047,D005472,Negative_Correlation,D005472,0.5249270723,AISKGConstrainedTransfer,sentence_local
36660193,D005047,D005909,Positive_Correlation,D005047,0.4740251056,AISKGConstrainedTransfer,sentence_local
36660193,D005047,D017239,Negative_Correlation,D017239,0.5499216633,AISKGConstrainedTransfer,sentence_local
36660193,D005472,D009369,Negative_Correlation,D005472,0.6517107741,AISKGConstrainedTransfer,sentence_local
36660193,D005472,D017239,Negative_Correlation,D017239,0.460468999,AISKGConstrainedTransfer,sentence_local
36660193,D009369,D017239,Negative_Correlation,D009369,0.5549050883,AISKGConstrainedTransfer,sentence_local
36661504,79923,D002945,Positive_Correlation,D002945,0.3603688969,AISKGConstrainedTransfer,sentence_local
36661504,79923,D009369,Association,79923,0.9115898918,AISKGConstrainedTransfer,sentence_local
36661504,79923,D013274,Association,79923,0.928681469,AISKGConstrainedTransfer,sentence_local
36661504,79923,D053221,Association,D053221,0.4275774329,AISKGConstrainedTransfer,sentence_local
36661504,8795,D002945,Positive_Correlation,D002945,0.6249934744,AISKGConstrainedTransfer,sentence_local
36661504,8795,D053221,Positive_Correlation,D053221,0.3378511465,AISKGConstrainedTransfer,sentence_local
36661504,8797,D002945,Positive_Correlation,D002945,0.6249934744,AISKGConstrainedTransfer,sentence_local
36661504,8797,D053221,Positive_Correlation,D053221,0.4842762966,AISKGConstrainedTransfer,sentence_local
36661504,9314,D002945,Association,D002945,0.4699794279,AISKGConstrainedTransfer,sentence_local
36661504,9314,D013274,Association,9314,0.9192743648,AISKGConstrainedTransfer,sentence_local
36661504,9314,D053221,Positive_Correlation,D053221,0.3872566347,AISKGConstrainedTransfer,sentence_local
36661504,D002945,D013274,Association,D002945,0.4138833937,AISKGConstrainedTransfer,sentence_local
36661504,D013274,D053221,Negative_Correlation,D013274,0.4816005192,AISKGConstrainedTransfer,sentence_local
36661544,2353,C566121,Association,2353,0.8651173532,AISKGConstrainedTransfer,sentence_local
36661544,2353,D002971,Association,2353,0.8532759877,AISKGConstrainedTransfer,sentence_local
36661544,2353,D019465,Association,2353,0.8912114899,AISKGConstrainedTransfer,sentence_local
36661544,4313,C566121,Association,4313,0.7703303542,AISKGConstrainedTransfer,sentence_local
36661544,4313,D002971,Association,4313,0.8636846713,AISKGConstrainedTransfer,sentence_local
36661544,4313,D019465,Association,4313,0.8742659666,AISKGConstrainedTransfer,sentence_local
36661544,83716,C566121,Association,83716,0.8532759877,AISKGConstrainedTransfer,sentence_local
36661544,83716,D002971,Association,83716,0.8532759877,AISKGConstrainedTransfer,sentence_local
36661544,83716,D019465,Association,83716,0.9050105019,AISKGConstrainedTransfer,sentence_local
36661544,841,C566121,Association,841,0.8722819088,AISKGConstrainedTransfer,sentence_local
36661544,841,D002971,Association,841,0.8824574112,AISKGConstrainedTransfer,sentence_local
36661544,841,D019465,Association,841,0.8916329424,AISKGConstrainedTransfer,sentence_local
36661544,C566121,rs1046117,Positive_Correlation,rs1046117,0.7233282531,AISKGConstrainedTransfer,sentence_local
36661544,C566121,rs243836,Positive_Correlation,rs243836,0.6249031058,AISKGConstrainedTransfer,sentence_local
36661544,C566121,rs3769825,Positive_Correlation,rs3769825,0.7233282531,AISKGConstrainedTransfer,sentence_local
36661544,C566121,rs8061351,Positive_Correlation,rs8061351,0.7460564828,AISKGConstrainedTransfer,sentence_local
36661544,D002971,rs1046117,Positive_Correlation,rs1046117,0.7460564828,AISKGConstrainedTransfer,sentence_local
36661544,D002971,rs243836,Positive_Correlation,rs243836,0.6568209963,AISKGConstrainedTransfer,sentence_local
36661544,D002971,rs3769825,Positive_Correlation,rs3769825,0.6798326154,AISKGConstrainedTransfer,sentence_local
36661544,D002971,rs8061351,Positive_Correlation,rs8061351,0.7460564828,AISKGConstrainedTransfer,sentence_local
36661544,D019465,rs1046117,Positive_Correlation,rs1046117,0.494420897,AISKGConstrainedTransfer,sentence_local
36672327,10018,C528561,Negative_Correlation,C528561,0.466598126,AISKGConstrainedTransfer,sentence_local
36672327,10018,C560077,Negative_Correlation,C560077,0.466598126,AISKGConstrainedTransfer,sentence_local
36672327,10018,D000069439,Negative_Correlation,D000069439,0.466598126,AISKGConstrainedTransfer,sentence_local
36672327,10018,D013964,Association,10018,0.5745583741,AISKGConstrainedTransfer,sentence_local
36672327,207,C560077,Positive_Correlation,C560077,0.4380698783,AISKGConstrainedTransfer,sentence_local
36672327,3845,C560077,Negative_Correlation,C560077,0.6099530407,AISKGConstrainedTransfer,sentence_local
36672327,3845,D000069439,Negative_Correlation,D000069439,0.5272654982,AISKGConstrainedTransfer,sentence_local
36672327,3845,D013964,Association,3845,0.8927784987,AISKGConstrainedTransfer,sentence_local
36672327,5594,C560077,Negative_Correlation,C560077,0.4986545993,AISKGConstrainedTransfer,sentence_local
36672327,5594,D000069439,Negative_Correlation,D000069439,0.4986545993,AISKGConstrainedTransfer,sentence_local
36672327,5594,D013964,Association,5594,0.8839579229,AISKGConstrainedTransfer,sentence_local
36672327,5604,D013964,Association,5604,0.9564672663,AISKGConstrainedTransfer,sentence_local
36672327,5605,D013964,Association,5605,0.9564672663,AISKGConstrainedTransfer,sentence_local
36672327,5609,C560077,Positive_Correlation,C560077,0.4660153938,AISKGConstrainedTransfer,sentence_local
36672327,5609,D000069439,Positive_Correlation,D000069439,0.4660153938,AISKGConstrainedTransfer,sentence_local
36672327,5747,C560077,Positive_Correlation,C560077,0.4660153938,AISKGConstrainedTransfer,sentence_local
36672327,5747,D000069439,Positive_Correlation,D000069439,0.4660153938,AISKGConstrainedTransfer,sentence_local
36672327,5979,D013964,Association,5979,0.8044095359,AISKGConstrainedTransfer,sentence_local
36672327,598,C528561,Negative_Correlation,C528561,0.4571257223,AISKGConstrainedTransfer,sentence_local
36672327,598,C560077,Negative_Correlation,C560077,0.4993727194,AISKGConstrainedTransfer,sentence_local
36672327,598,D000069439,Negative_Correlation,D000069439,0.4993727194,AISKGConstrainedTransfer,sentence_local
36672327,6714,C560077,Positive_Correlation,C560077,0.4660153938,AISKGConstrainedTransfer,sentence_local
36672327,6714,D000069439,Negative_Correlation,D000069439,0.5019359736,AISKGConstrainedTransfer,sentence_local
36672327,6714,D013964,Association,6714,0.940248654,AISKGConstrainedTransfer,sentence_local
36672327,673,C560077,Negative_Correlation,C560077,0.5926210213,AISKGConstrainedTransfer,sentence_local
36672327,673,D000069439,Negative_Correlation,D000069439,0.5089832935,AISKGConstrainedTransfer,sentence_local
36672327,673,D013964,Association,673,0.8910885145,AISKGConstrainedTransfer,sentence_local
36672327,C560077,D000069439,Conversion,D000069439,0.722558898,AISKGConstrainedTransfer,sentence_local
36672327,C560077,D013964,Negative_Correlation,C560077,0.6637423693,AISKGConstrainedTransfer,sentence_local
36672327,D000069439,D013964,Negative_Correlation,D000069439,0.5860521753,AISKGConstrainedTransfer,sentence_local
36672750,1312,D001943,Association,1312,0.8949501067,AISKGConstrainedTransfer,sentence_local
36672750,1312,D010146,Association,1312,0.930418669,AISKGConstrainedTransfer,sentence_local
36672750,1312,D020069,Association,1312,0.877681189,AISKGConstrainedTransfer,sentence_local
36672750,1312,D059350,Association,1312,0.92165313,AISKGConstrainedTransfer,sentence_local
36672750,4988,D001943,Association,4988,0.8754737242,AISKGConstrainedTransfer,sentence_local
36672750,4988,D010146,Association,4988,0.9362812957,AISKGConstrainedTransfer,sentence_local
36672750,4988,D020069,Association,4988,0.8421461542,AISKGConstrainedTransfer,sentence_local
36672750,4988,D059350,Association,4988,0.9264876809,AISKGConstrainedTransfer,sentence_local
36672750,D010146,rs1799971,Positive_Correlation,rs1799971,0.4567495704,AISKGConstrainedTransfer,sentence_local
36672750,D010146,rs4680,Positive_Correlation,rs4680,0.5448056187,AISKGConstrainedTransfer,sentence_local
36672750,D010146,rs540825,Positive_Correlation,rs540825,0.5788757403,AISKGConstrainedTransfer,sentence_local
36672750,D010146,rs6269,Positive_Correlation,rs6269,0.4987874046,AISKGConstrainedTransfer,sentence_local
36673448,C005273,D002392,Cotreatment,,0.6418434948,AISKGConstrainedTransfer,sentence_local
36673448,C005273,D009369,Positive_Correlation,C005273,0.5552633188,AISKGConstrainedTransfer,sentence_local
36673448,C005273,D009385,Negative_Correlation,C005273,0.5872912072,AISKGConstrainedTransfer,sentence_local
36673448,C005273,D015127,Negative_Correlation,D015127,0.6489558618,AISKGConstrainedTransfer,sentence_local
36673448,C005273,D063646,Negative_Correlation,C005273,0.4568568954,AISKGConstrainedTransfer,sentence_local
36673448,C024829,D001943,Negative_Correlation,C024829,0.3783392756,AISKGConstrainedTransfer,sentence_local
36673448,C025946,D001943,Negative_Correlation,C025946,0.3136345547,AISKGConstrainedTransfer,sentence_local
36673448,D001943,D005419,Positive_Correlation,D001943,0.382089757,AISKGConstrainedTransfer,sentence_local
36673448,D001943,D009705,Positive_Correlation,D001943,0.4001668602,AISKGConstrainedTransfer,sentence_local
36673448,D001943,D015032,Negative_Correlation,D001943,0.5418917296,AISKGConstrainedTransfer,sentence_local
36673448,D001943,D015127,Negative_Correlation,D001943,0.5044799597,AISKGConstrainedTransfer,sentence_local
36673448,D001943,D059808,Negative_Correlation,D001943,0.6006985943,AISKGConstrainedTransfer,sentence_local
36673448,D002392,D005419,Cotreatment,,0.600790988,AISKGConstrainedTransfer,sentence_local
36673448,D002392,D009385,Negative_Correlation,D002392,0.4139090613,AISKGConstrainedTransfer,sentence_local
36673448,D002392,D063646,Negative_Correlation,D002392,0.4568568954,AISKGConstrainedTransfer,sentence_local
36673448,D005419,D009369,Positive_Correlation,D005419,0.5230100261,AISKGConstrainedTransfer,sentence_local
36673448,D005419,D015032,Cotreatment,,0.5791435215,AISKGConstrainedTransfer,sentence_local
36673448,D005419,D047310,Cotreatment,,0.600790988,AISKGConstrainedTransfer,sentence_local
36673448,D005419,D063646,Negative_Correlation,D005419,0.4568568954,AISKGConstrainedTransfer,sentence_local
36673448,D009369,D009705,Positive_Correlation,D009369,0.5385351239,AISKGConstrainedTransfer,sentence_local
36673448,D009369,D015032,Positive_Correlation,D009369,0.5385351239,AISKGConstrainedTransfer,sentence_local
36673448,D009369,D059808,Positive_Correlation,D009369,0.5258518536,AISKGConstrainedTransfer,sentence_local
36673448,D009385,D015032,Negative_Correlation,D009385,0.4627904612,AISKGConstrainedTransfer,sentence_local
36673448,D009385,D015127,Positive_Correlation,D009385,0.5267255106,AISKGConstrainedTransfer,sentence_local
36673448,D009385,D047310,Positive_Correlation,D009385,0.4169053814,AISKGConstrainedTransfer,sentence_local
36673448,D009385,D059808,Positive_Correlation,D009385,0.4169053814,AISKGConstrainedTransfer,sentence_local
36673448,D015032,D047310,Cotreatment,,0.623895822,AISKGConstrainedTransfer,sentence_local
36673448,D015032,D063646,Positive_Correlation,D015032,0.5467008695,AISKGConstrainedTransfer,sentence_local
36673448,D047310,D063646,Negative_Correlation,D047310,0.4568568954,AISKGConstrainedTransfer,sentence_local
36680390,445,OMIM:215700,Association,445,0.8454897747,AISKGConstrainedTransfer,sentence_local
36682035,3556,D002294,Association,3556,0.93252911,AISKGConstrainedTransfer,sentence_local
36682035,3556,D003643,Association,3556,0.6196954803,AISKGConstrainedTransfer,sentence_local
36682035,3556,D007822,Association,3556,0.93252911,AISKGConstrainedTransfer,sentence_local
36682035,3556,D009369,Association,3556,0.7764769476,AISKGConstrainedTransfer,sentence_local
36682035,3569,D002294,Association,3569,0.9220482497,AISKGConstrainedTransfer,sentence_local
36682035,3569,D007822,Association,3569,0.9220482497,AISKGConstrainedTransfer,sentence_local
36682035,640,D002294,Association,640,0.9307893975,AISKGConstrainedTransfer,sentence_local
36682035,640,D007822,Association,640,0.9307893975,AISKGConstrainedTransfer,sentence_local
36682035,7078,D002294,Association,7078,0.9188439988,AISKGConstrainedTransfer,sentence_local
36682035,7078,D007822,Association,7078,0.9188439988,AISKGConstrainedTransfer,sentence_local
36682035,9173,D002294,Association,9173,0.9307893975,AISKGConstrainedTransfer,sentence_local
36682035,9173,D007822,Association,9173,0.9307893975,AISKGConstrainedTransfer,sentence_local
36682035,D002294,rs1041973,Association,rs1041973,0.6254673298,AISKGConstrainedTransfer,sentence_local
36682035,D002294,rs13277113,Association,rs13277113,0.6254673298,AISKGConstrainedTransfer,sentence_local
36682035,D002294,rs1800795,Association,rs1800795,0.6254673298,AISKGConstrainedTransfer,sentence_local
36682035,D002294,rs4624606,Positive_Correlation,rs4624606,0.541883609,AISKGConstrainedTransfer,sentence_local
36682035,D002294,rs9621532,Association,rs9621532,0.6168659786,AISKGConstrainedTransfer,sentence_local
36682035,D003643,rs4624606,Positive_Correlation,rs4624606,0.4444970228,AISKGConstrainedTransfer,sentence_local
36682035,D007822,rs1041973,Association,rs1041973,0.6254673298,AISKGConstrainedTransfer,sentence_local
36682035,D007822,rs13277113,Association,rs13277113,0.6254673298,AISKGConstrainedTransfer,sentence_local
36682035,D007822,rs1800795,Association,rs1800795,0.6254673298,AISKGConstrainedTransfer,sentence_local
36682035,D007822,rs4624606,Positive_Correlation,rs4624606,0.541883609,AISKGConstrainedTransfer,sentence_local
36682035,D007822,rs9621532,Association,rs9621532,0.6168659786,AISKGConstrainedTransfer,sentence_local
36682035,D009369,rs4624606,Association,rs4624606,0.407989561,AISKGConstrainedTransfer,sentence_local
36685169,2161,D056828,Association,2161,0.9763127116,AISKGConstrainedTransfer,sentence_local
36685169,26509,D056828,Association,26509,0.9794755255,AISKGConstrainedTransfer,sentence_local
36685169,284,D056828,Association,284,0.9794755255,AISKGConstrainedTransfer,sentence_local
36685169,3818,D056828,Association,3818,0.9763127116,AISKGConstrainedTransfer,sentence_local
36685169,3827,D056828,Association,3827,0.9736652088,AISKGConstrainedTransfer,sentence_local
36685169,5340,D056828,Association,5340,0.9763127116,AISKGConstrainedTransfer,sentence_local
36685169,64711,D056828,Association,64711,0.9770618948,AISKGConstrainedTransfer,sentence_local
36685169,710,D056828,Association,710,0.8193332921,AISKGConstrainedTransfer,sentence_local
36685169,710,D056829,Association,710,0.8279833533,AISKGConstrainedTransfer,sentence_local
36687078,D000077192,D002867,Positive_Correlation,D000077192,0.5821448829,AISKGConstrainedTransfer,sentence_local
36687078,D000077192,D010087,Positive_Correlation,D000077192,0.5821448829,AISKGConstrainedTransfer,sentence_local
36687078,D002867,D015473,Positive_Correlation,D002867,0.5022447945,AISKGConstrainedTransfer,sentence_local
36687078,D002867,D064420,Positive_Correlation,D002867,0.4838208231,AISKGConstrainedTransfer,sentence_local
36687078,D010087,D015473,Positive_Correlation,D010087,0.5022447945,AISKGConstrainedTransfer,sentence_local
36687078,D010087,D064420,Positive_Correlation,D010087,0.4838208231,AISKGConstrainedTransfer,sentence_local
36690661,10728,D009400,Association,10728,0.6123592158,AISKGConstrainedTransfer,sentence_local
36690661,5742,D009400,Association,5742,0.9342065478,AISKGConstrainedTransfer,sentence_local
36690661,5742,D050197,Association,5742,0.7453796879,AISKGConstrainedTransfer,sentence_local
36690661,5743,D009400,Association,5743,0.6674373239,AISKGConstrainedTransfer,sentence_local
36690661,80142,D009400,Association,80142,0.6674373239,AISKGConstrainedTransfer,sentence_local
36690661,9536,D009400,Association,9536,0.6674373239,AISKGConstrainedTransfer,sentence_local
36690661,D009400,D015232,Negative_Correlation,D009400,0.5840458104,AISKGConstrainedTransfer,sentence_local
36690661,D009400,rs11300958,Positive_Correlation,rs11300958,0.8077998899,AISKGConstrainedTransfer,sentence_local
36690661,D009400,rs2958155,Positive_Correlation,rs2958155,0.8030490031,AISKGConstrainedTransfer,sentence_local
36690661,D009400,rs4648268,Positive_Correlation,rs4648268,0.8030490031,AISKGConstrainedTransfer,sentence_local
36690661,D050197,rs10306194,Positive_Correlation,rs10306194,0.8192258245,AISKGConstrainedTransfer,sentence_local
36698099,1557,D001714,Association,1557,0.842278699,AISKGConstrainedTransfer,sentence_local
36698099,1557,D003865,Association,1557,0.7646758588,AISKGConstrainedTransfer,sentence_local
36698099,5243,D001714,Association,5243,0.8594150149,AISKGConstrainedTransfer,sentence_local
36698099,5243,D003865,Association,5243,0.8687628147,AISKGConstrainedTransfer,sentence_local
36698099,6326,D003865,Association,6326,0.9738037058,AISKGConstrainedTransfer,sentence_local
36698099,D001714,rs1045642,Positive_Correlation,rs1045642,0.5149351774,AISKGConstrainedTransfer,sentence_local
36698099,D001714,rs4244285,Positive_Correlation,rs4244285,0.8687130468,AISKGConstrainedTransfer,sentence_local
36698099,D001714,rs4986893,Positive_Correlation,rs4986893,0.5796150029,AISKGConstrainedTransfer,sentence_local
36698099,D003865,rs1045642,Positive_Correlation,rs1045642,0.570068725,AISKGConstrainedTransfer,sentence_local
36698099,D003865,rs17183814,Positive_Correlation,rs17183814,0.6061290187,AISKGConstrainedTransfer,sentence_local
36698099,D003865,rs4244285,Positive_Correlation,rs4244285,0.8522949674,AISKGConstrainedTransfer,sentence_local
36698099,D003865,rs4986893,Positive_Correlation,rs4986893,0.6712297926,AISKGConstrainedTransfer,sentence_local
36700212,22220430,D000357,Association,22220430,0.8455921762,AISKGConstrainedTransfer,sentence_local
36711025,19126,D009173,Negative_Correlation,D009173,0.543769526,AISKGConstrainedTransfer,sentence_local
36711025,19126,D009369,Association,19126,0.6008191516,AISKGConstrainedTransfer,sentence_local
36711025,20674,D009173,Negative_Correlation,D009173,0.532705795,AISKGConstrainedTransfer,sentence_local
36711025,20674,D009369,Association,20674,0.5573837119,AISKGConstrainedTransfer,sentence_local
36711025,3569,D007249,Association,3569,0.7906879247,AISKGConstrainedTransfer,sentence_local
36711025,3576,D007249,Association,3576,0.7839446117,AISKGConstrainedTransfer,sentence_local
36711025,3614,D007249,Association,3614,0.8418442473,AISKGConstrainedTransfer,sentence_local
36711025,3614,D009173,Negative_Correlation,D009173,0.6711211629,AISKGConstrainedTransfer,sentence_local
36711025,3614,D009369,Association,3614,0.6392965381,AISKGConstrainedTransfer,sentence_local
36711025,3614,D011687,Association,D011687,0.5694216274,AISKGConstrainedTransfer,sentence_local
36711025,3614,D018281,Association,3614,0.9543967475,AISKGConstrainedTransfer,sentence_local
36711025,3615,D006151,Negative_Correlation,D006151,0.44861715,AISKGConstrainedTransfer,sentence_local
36711025,3615,D009369,Association,3615,0.8470777616,AISKGConstrainedTransfer,sentence_local
36711025,3615,D011687,Negative_Correlation,D011687,0.5043318373,AISKGConstrainedTransfer,sentence_local
36711025,3615,D018281,Association,3615,0.8912624897,AISKGConstrainedTransfer,sentence_local
36711025,471,D018281,Association,471,0.7178125155,AISKGConstrainedTransfer,sentence_local
36711025,5198,D018281,Association,5198,0.7178125155,AISKGConstrainedTransfer,sentence_local
36711025,5471,D006151,Negative_Correlation,D006151,0.44861715,AISKGConstrainedTransfer,sentence_local
36711025,5471,D009369,Association,5471,0.8572037935,AISKGConstrainedTransfer,sentence_local
36711025,5471,D011687,Association,D011687,0.5694216274,AISKGConstrainedTransfer,sentence_local
36711025,5471,D018281,Association,5471,0.9543967475,AISKGConstrainedTransfer,sentence_local
36711025,6696,D007249,Association,6696,0.8418442473,AISKGConstrainedTransfer,sentence_local
36711025,7412,D007249,Association,7412,0.8418442473,AISKGConstrainedTransfer,sentence_local
36711025,7422,D007249,Association,7422,0.8123879888,AISKGConstrainedTransfer,sentence_local
36711025,D006151,D007249,Positive_Correlation,D006151,0.4824892716,AISKGConstrainedTransfer,sentence_local
36711025,D006151,D009369,Negative_Correlation,D006151,0.554771682,AISKGConstrainedTransfer,sentence_local
36711025,D006151,D018281,Positive_Correlation,D006151,0.4511486738,AISKGConstrainedTransfer,sentence_local
36711025,D009173,D009369,Negative_Correlation,D009173,0.6976482262,AISKGConstrainedTransfer,sentence_local
36711025,D009369,D011687,Positive_Correlation,D009369,0.4474768695,AISKGConstrainedTransfer,sentence_local
36711025,D011687,D018281,Positive_Correlation,D011687,0.5172621837,AISKGConstrainedTransfer,sentence_local
36711701,29110,C108475,Negative_Correlation,C108475,0.7293974524,AISKGConstrainedTransfer,sentence_local
36711701,29110,D007249,Association,29110,0.8494896281,AISKGConstrainedTransfer,sentence_local
36711701,29110,D009369,Association,29110,0.9054516538,AISKGConstrainedTransfer,sentence_local
36711701,3661,D007249,Association,3661,0.8494896281,AISKGConstrainedTransfer,sentence_local
36711701,3661,D009369,Association,3661,0.9054516538,AISKGConstrainedTransfer,sentence_local
36711701,3661,D010190,Association,3661,0.8803318691,AISKGConstrainedTransfer,sentence_local
36711701,3661,D050500,Association,3661,0.8877853889,AISKGConstrainedTransfer,sentence_local
36711701,90865,C108475,Negative_Correlation,C108475,0.7347589914,AISKGConstrainedTransfer,sentence_local
36711701,90865,D007249,Association,90865,0.7208902991,AISKGConstrainedTransfer,sentence_local
36711701,90865,D009369,Association,90865,0.8945924938,AISKGConstrainedTransfer,sentence_local
36711701,90865,D010190,Association,90865,0.8803318691,AISKGConstrainedTransfer,sentence_local
36711701,90865,D050500,Association,90865,0.8877853889,AISKGConstrainedTransfer,sentence_local
36711701,C108475,D007249,Positive_Correlation,C108475,0.5193154596,AISKGConstrainedTransfer,sentence_local
36711701,C108475,D009369,Positive_Correlation,C108475,0.4870292151,AISKGConstrainedTransfer,sentence_local
36711701,C108475,D010190,Negative_Correlation,C108475,0.5058097783,AISKGConstrainedTransfer,sentence_local
36711701,C108475,D050500,Positive_Correlation,C108475,0.5699136411,AISKGConstrainedTransfer,sentence_local
36727005,1644,C537437,Association,1644,0.8885109668,AISKGConstrainedTransfer,sentence_local
36737753,101928337,D013964,Association,101928337,0.9250035677,AISKGConstrainedTransfer,sentence_local
36737753,57715,D013964,Association,57715,0.9592001849,AISKGConstrainedTransfer,sentence_local
36737753,7173,D013964,Association,7173,0.8930442181,AISKGConstrainedTransfer,sentence_local
36737753,D013964,rs2048722,Positive_Correlation,rs2048722,0.6671616083,AISKGConstrainedTransfer,sentence_local
36737753,D013964,rs4919510,Positive_Correlation,rs4919510,0.8849797639,AISKGConstrainedTransfer,sentence_local
36737753,D013964,rs925489,Positive_Correlation,rs925489,0.7906133693,AISKGConstrainedTransfer,sentence_local
36741386,13733,C017875,Negative_Correlation,C017875,0.5631843754,AISKGConstrainedTransfer,sentence_local
36741386,207,C017875,Negative_Correlation,C017875,0.406223408,AISKGConstrainedTransfer,sentence_local
36741386,207,D000077271,Negative_Correlation,D000077271,0.3108083211,AISKGConstrainedTransfer,sentence_local
36741386,207,D003872,Association,207,0.796836141,AISKGConstrainedTransfer,sentence_local
36741386,207,D011565,Association,207,0.7822844054,AISKGConstrainedTransfer,sentence_local
36741386,207,D012871,Association,207,0.7746221398,AISKGConstrainedTransfer,sentence_local
36741386,2475,C017875,Association,C017875,0.5558837464,AISKGConstrainedTransfer,sentence_local
36741386,2475,D000077271,Negative_Correlation,D000077271,0.4109189051,AISKGConstrainedTransfer,sentence_local
36741386,2475,D003872,Association,2475,0.7976411193,AISKGConstrainedTransfer,sentence_local
36741386,2475,D011565,Association,2475,0.9230916618,AISKGConstrainedTransfer,sentence_local
36741386,2475,D012871,Association,2475,0.7757409651,AISKGConstrainedTransfer,sentence_local
36741386,2475,D020123,Negative_Correlation,D020123,0.6081923052,AISKGConstrainedTransfer,sentence_local
36741386,2475,D059808,Negative_Correlation,D059808,0.4273396709,AISKGConstrainedTransfer,sentence_local
36741386,3605,C017875,Bind,C017875,0.4520237616,AISKGConstrainedTransfer,sentence_local
36741386,3605,D011565,Association,3605,0.9629900152,AISKGConstrainedTransfer,sentence_local
36741386,5291,D011565,Association,5291,0.9237663645,AISKGConstrainedTransfer,sentence_local
36741386,6198,C017875,Negative_Correlation,C017875,0.4231435382,AISKGConstrainedTransfer,sentence_local
36741386,6198,D011565,Association,6198,0.9165962438,AISKGConstrainedTransfer,sentence_local
36741386,6198,D059808,Negative_Correlation,D059808,0.4273396709,AISKGConstrainedTransfer,sentence_local
36741386,81631,C017875,Negative_Correlation,C017875,0.4064379451,AISKGConstrainedTransfer,sentence_local
36741386,84557,C017875,Negative_Correlation,C017875,0.4064379451,AISKGConstrainedTransfer,sentence_local
36741386,915,C017875,Negative_Correlation,C017875,0.6835793595,AISKGConstrainedTransfer,sentence_local
36741386,915,D020123,Negative_Correlation,D020123,0.6812201012,AISKGConstrainedTransfer,sentence_local
36741386,916,C017875,Negative_Correlation,C017875,0.6835793595,AISKGConstrainedTransfer,sentence_local
36741386,916,D020123,Negative_Correlation,D020123,0.6812201012,AISKGConstrainedTransfer,sentence_local
36741386,917,C017875,Negative_Correlation,C017875,0.6835793595,AISKGConstrainedTransfer,sentence_local
36741386,917,D020123,Negative_Correlation,D020123,0.6812201012,AISKGConstrainedTransfer,sentence_local
36741386,919,C017875,Negative_Correlation,C017875,0.6835793595,AISKGConstrainedTransfer,sentence_local
36741386,919,D020123,Negative_Correlation,D020123,0.6812201012,AISKGConstrainedTransfer,sentence_local
36741386,920,C017875,Negative_Correlation,C017875,0.6990107615,AISKGConstrainedTransfer,sentence_local
36741386,920,D020123,Negative_Correlation,D020123,0.7265531006,AISKGConstrainedTransfer,sentence_local
36741386,940,C017875,Negative_Correlation,C017875,0.6835793595,AISKGConstrainedTransfer,sentence_local
36741386,940,D020123,Negative_Correlation,D020123,0.6812201012,AISKGConstrainedTransfer,sentence_local
36741386,9474,C017875,Negative_Correlation,C017875,0.4064379451,AISKGConstrainedTransfer,sentence_local
36741386,C017875,D003872,Negative_Correlation,C017875,0.6985124136,AISKGConstrainedTransfer,sentence_local
36741386,C017875,D011565,Positive_Correlation,C017875,0.5235144474,AISKGConstrainedTransfer,sentence_local
36741386,C017875,D012871,Positive_Correlation,C017875,0.7317538982,AISKGConstrainedTransfer,sentence_local
36741386,D000077271,D003872,Positive_Correlation,D000077271,0.6430566869,AISKGConstrainedTransfer,sentence_local
36741386,D000077271,D011565,Positive_Correlation,D000077271,0.602587798,AISKGConstrainedTransfer,sentence_local
36741386,D000077271,D012871,Positive_Correlation,D000077271,0.7317538982,AISKGConstrainedTransfer,sentence_local
36741386,D003872,D020123,Positive_Correlation,D003872,0.5588710052,AISKGConstrainedTransfer,sentence_local
36741386,D011565,D020123,Positive_Correlation,D011565,0.6939767532,AISKGConstrainedTransfer,sentence_local
36741386,D012871,D020123,Positive_Correlation,D012871,0.7160469786,AISKGConstrainedTransfer,sentence_local
36744531,1588,C035144,Negative_Correlation,C035144,0.4575161425,AISKGConstrainedTransfer,sentence_local
36744531,1588,D004997,Positive_Correlation,D004997,0.4601793363,AISKGConstrainedTransfer,sentence_local
36744531,5741,D000450,Association,D000450,0.4875179225,AISKGConstrainedTransfer,sentence_local
36744531,5741,D061205,Association,5741,0.9416956252,AISKGConstrainedTransfer,sentence_local
36744531,5972,C035144,Negative_Correlation,C035144,0.6350826836,AISKGConstrainedTransfer,sentence_local
36744531,5972,D000450,Negative_Correlation,D000450,0.589892977,AISKGConstrainedTransfer,sentence_local
36744531,5972,D000809,Negative_Correlation,D000809,0.589892977,AISKGConstrainedTransfer,sentence_local
36744531,5972,D004997,Negative_Correlation,D004997,0.6350826836,AISKGConstrainedTransfer,sentence_local
36744531,C035144,D000450,Negative_Correlation,D000450,0.5154786691,AISKGConstrainedTransfer,sentence_local
36744531,C035144,D000809,Negative_Correlation,D000809,0.5154786691,AISKGConstrainedTransfer,sentence_local
36744531,C035144,D004967,Negative_Correlation,D004967,0.6560010465,AISKGConstrainedTransfer,sentence_local
36744531,C035144,D004997,Negative_Correlation,D004997,0.5043864686,AISKGConstrainedTransfer,sentence_local
36744531,C035144,D011372,Negative_Correlation,D011372,0.4714268405,AISKGConstrainedTransfer,sentence_local
36744531,C035144,D013148,Cotreatment,,0.4313094812,AISKGConstrainedTransfer,sentence_local
36744531,D000450,D000809,Negative_Correlation,D000809,0.415373163,AISKGConstrainedTransfer,sentence_local
36744531,D000450,D004997,Negative_Correlation,D004997,0.5154786691,AISKGConstrainedTransfer,sentence_local
36744531,D000450,D061205,Positive_Correlation,D000450,0.5727796805,AISKGConstrainedTransfer,sentence_local
36744531,D000809,D004997,Negative_Correlation,D004997,0.5154786691,AISKGConstrainedTransfer,sentence_local
36744531,D004953,D013148,Negative_Correlation,D013148,0.4391570534,AISKGConstrainedTransfer,sentence_local
36744531,D004967,D011372,Negative_Correlation,D011372,0.6388625639,AISKGConstrainedTransfer,sentence_local
36744531,D004997,D013148,Negative_Correlation,D013148,0.4391570534,AISKGConstrainedTransfer,sentence_local
36744531,D004997,D019851,Positive_Correlation,D004997,0.5398883867,AISKGConstrainedTransfer,sentence_local
36759515,D010300,rs11557080,Positive_Correlation,rs11557080,0.5622024824,AISKGConstrainedTransfer,sentence_local
36759515,D010300,rs2251086,Positive_Correlation,rs2251086,0.5622024824,AISKGConstrainedTransfer,sentence_local
36759515,D010300,rs33949390,Positive_Correlation,rs33949390,0.5238598903,AISKGConstrainedTransfer,sentence_local
36759515,D010300,rs34594498,Positive_Correlation,rs34594498,0.5238598903,AISKGConstrainedTransfer,sentence_local
36759515,D010300,rs34778348,Positive_Correlation,rs34778348,0.5238598903,AISKGConstrainedTransfer,sentence_local
36759515,D010300,rs356182,Positive_Correlation,rs356182,0.5622024824,AISKGConstrainedTransfer,sentence_local
36759515,D010300,rs61204179,Positive_Correlation,rs61204179,0.6781796043,AISKGConstrainedTransfer,sentence_local
36759515,D010300,rs997368,Positive_Correlation,rs997368,0.5622024824,AISKGConstrainedTransfer,sentence_local
36760581,10891,D050177,Association,10891,0.8239506487,AISKGConstrainedTransfer,sentence_local
36760581,10891,D063766,Association,10891,0.9189922096,AISKGConstrainedTransfer,sentence_local
36760581,252995,D050177,Association,252995,0.8239506487,AISKGConstrainedTransfer,sentence_local
36760581,252995,D063766,Association,252995,0.9189922096,AISKGConstrainedTransfer,sentence_local
36760581,D050177,rs16835198,Positive_Correlation,rs16835198,0.6046998377,AISKGConstrainedTransfer,sentence_local
36760581,D050177,rs3755863,Association,rs3755863,0.5958900102,AISKGConstrainedTransfer,sentence_local
36760581,D050177,rs8192678,Positive_Correlation,rs8192678,0.6874001453,AISKGConstrainedTransfer,sentence_local
36760581,D063766,rs16835198,Positive_Correlation,rs16835198,0.5923218685,AISKGConstrainedTransfer,sentence_local
36760581,D063766,rs3755863,Association,rs3755863,0.6052645248,AISKGConstrainedTransfer,sentence_local
36760581,D063766,rs8192678,Positive_Correlation,rs8192678,0.6649942187,AISKGConstrainedTransfer,sentence_local
36760778,2155,D005168,Association,2155,0.8277257913,AISKGConstrainedTransfer,sentence_local
36760778,2155,D020300,Association,2155,0.93370543,AISKGConstrainedTransfer,sentence_local
36760778,D020300,c|DEL|790|C,Positive_Correlation,c|DEL|790|C,0.7501085923,AISKGConstrainedTransfer,sentence_local
36761951,80169,C566283,Association,80169,0.9649953011,AISKGConstrainedTransfer,sentence_local
36761951,80169,D004211,Association,80169,0.9187691501,AISKGConstrainedTransfer,sentence_local
36761951,80169,D005221,Association,80169,0.9303450282,AISKGConstrainedTransfer,sentence_local
36761951,80169,D012817,Association,80169,0.9303450282,AISKGConstrainedTransfer,sentence_local
36761951,80169,D013921,Association,80169,0.9076298651,AISKGConstrainedTransfer,sentence_local
36761951,80169,D014652,Association,80169,0.9643733495,AISKGConstrainedTransfer,sentence_local
36761951,80169,D059885,Association,80169,0.758954075,AISKGConstrainedTransfer,sentence_local
36761951,C566283,c|SUB|A|435+9|C,Positive_Correlation,c|SUB|A|435+9|C,0.5580572114,AISKGConstrainedTransfer,sentence_local
36761951,C566283,rs183966301,Positive_Correlation,rs183966301,0.6431172403,AISKGConstrainedTransfer,sentence_local
36761951,D011241,D059885,Negative_Correlation,D011241,0.5877517105,AISKGConstrainedTransfer,sentence_local
36761951,D013792,D059885,Negative_Correlation,D013792,0.5877517105,AISKGConstrainedTransfer,sentence_local
36761951,D020123,D059885,Negative_Correlation,D020123,0.6605239975,AISKGConstrainedTransfer,sentence_local
36761951,D059885,c|SUB|A|435+9|C,Positive_Correlation,c|SUB|A|435+9|C,0.6104289069,AISKGConstrainedTransfer,sentence_local
36761951,D059885,rs183966301,Positive_Correlation,rs183966301,0.6477154235,AISKGConstrainedTransfer,sentence_local
36789003,65250,C536293,Association,65250,0.9249956005,AISKGConstrainedTransfer,sentence_local
36789003,65250,D000072661,Association,65250,0.9359693427,AISKGConstrainedTransfer,sentence_local
36789003,C536293,c|DUP|8948|T|,Positive_Correlation,c|DUP|8948|T|,0.5251509312,AISKGConstrainedTransfer,sentence_local
36789003,C536293,c|SUB|G|247|T,Positive_Correlation,c|SUB|G|247|T,0.6178133724,AISKGConstrainedTransfer,sentence_local
36789003,C536293,p|FS|P|2984|T|7,Positive_Correlation,p|FS|P|2984|T|7,0.7081852114,AISKGConstrainedTransfer,sentence_local
36789003,C536293,p|SUB|G|83|X,Positive_Correlation,p|SUB|G|83|X,0.7210850274,AISKGConstrainedTransfer,sentence_local
36798132,13609,C060506,Bind,C060506,0.5807889599,AISKGConstrainedTransfer,sentence_local
36798132,13610,52150,Positive_Correlation,52150,0.4418255268,AISKGConstrainedTransfer,sentence_local
36798132,13610,C060506,Bind,C060506,0.5807889599,AISKGConstrainedTransfer,sentence_local
36798132,13610,C548679,Negative_Correlation,C548679,0.4563617056,AISKGConstrainedTransfer,sentence_local
36798132,13610,D000077271,Association,D000077271,0.5093344592,AISKGConstrainedTransfer,sentence_local
36798132,13610,D000255,Negative_Correlation,D000255,0.3663894073,AISKGConstrainedTransfer,sentence_local
36798132,13610,D008070,Association,D008070,0.3231317235,AISKGConstrainedTransfer,sentence_local
36798132,13610,D009550,Association,D009550,0.3601256778,AISKGConstrainedTransfer,sentence_local
36798132,13610,D011188,Negative_Correlation,D011188,0.4693731349,AISKGConstrainedTransfer,sentence_local
36798132,13610,D011654,Association,13610,0.4408638853,AISKGConstrainedTransfer,sentence_local
36798132,13611,C060506,Bind,C060506,0.5807889599,AISKGConstrainedTransfer,sentence_local
36798132,14739,C060506,Bind,C060506,0.5807889599,AISKGConstrainedTransfer,sentence_local
36798132,16176,52150,Association,,0.513012319,AISKGConstrainedTransfer,sentence_local
36798132,16176,D000255,Association,D000255,0.558567678,AISKGConstrainedTransfer,sentence_local
36798132,16176,D008070,Negative_Correlation,D008070,0.4529449062,AISKGConstrainedTransfer,sentence_local
36798132,16176,D011188,Association,D011188,0.6258725307,AISKGConstrainedTransfer,sentence_local
36798132,20698,C060506,Negative_Correlation,C060506,0.4504623102,AISKGConstrainedTransfer,sentence_local
36798132,216799,C060506,Negative_Correlation,C060506,0.5063976639,AISKGConstrainedTransfer,sentence_local
36798132,216799,D000077271,Positive_Correlation,D000077271,0.379064787,AISKGConstrainedTransfer,sentence_local
36798132,216799,D000255,Negative_Correlation,D000255,0.4387409979,AISKGConstrainedTransfer,sentence_local
36798132,216799,D008070,Negative_Correlation,D008070,0.5003832134,AISKGConstrainedTransfer,sentence_local
36798132,216799,D009550,Positive_Correlation,D009550,0.379064787,AISKGConstrainedTransfer,sentence_local
36798132,216799,D011188,Association,D011188,0.4008277312,AISKGConstrainedTransfer,sentence_local
36798132,52150,D000255,Positive_Correlation,D000255,0.6856843229,AISKGConstrainedTransfer,sentence_local
36798132,52150,D011188,Association,D011188,0.4449044507,AISKGConstrainedTransfer,sentence_local
36798132,94226,C060506,Bind,C060506,0.5807889599,AISKGConstrainedTransfer,sentence_local
36798132,C548679,D011654,Positive_Correlation,C548679,0.4849364782,AISKGConstrainedTransfer,sentence_local
36798132,D000255,D008070,Negative_Correlation,D008070,0.4318573455,AISKGConstrainedTransfer,sentence_local
36798132,D000255,D011188,Negative_Correlation,D011188,0.4541650626,AISKGConstrainedTransfer,sentence_local
36798132,D008070,D011188,Association,D008070,0.5125134935,AISKGConstrainedTransfer,sentence_local
